id,title,slug,is_storefront,is_service_business,is_verified,town,area,category,search_tags,excerpt,overview,seo_title,seo_description,search_keywords,location,phone,website,map_lat,map_lng,audit_status,audit_confidence,audit_sources,audit_notes,audit_suggested_tags
Appliance Repair Experts |  |  | false | true,Appliance Repair Experts,,false,true,false,,,,,,,,,,,,,,,cannot_confirm,low,https://vertexaisearch.cloud.google.com/grounding-api-redirect/AUZIYQGkKbinoilKSl-_YZ5iXdhSbCwUMdm8QfYJzXxIBIFlAexqYg6hd7f8_8awStPQTbpKvUGtIwdRKCvELQ2AJltg8Qumgue12lYQ1wBOIBz0LqVyZwIMZ9RW98I6moFn-A-5ffFzQSZt4AFgNHowIrRkC1frcTmYGg== | https://vertexaisearch.cloud.google.com/grounding-api-redirect/AUZIYQH44_fB8BswTc-Ft0OmyaDfk0cuodnQSylps7YCyRQx-AtB63sQuy-BLDQ8ZbF4WC5uq1bwRF_9NVGGEIglsoZwn8q4x553Nx4LlRZhpKd3IA4IfvZjTJi9JMVUO1PY97W1q5OBZMxTkSLySqz4vq2b4H5Z33VSPSMBHxf4ZjSCcWxAQYWSnag3Gjp9BVU_7YkL39kqa0YMwBUTtqw23nIQen8JHg5m9L2pK5FA6e6Bs13UbSs1LikrabflQ1WxJfzp2l8= | https://vertexaisearch.cloud.google.com/grounding-api-redirect/AUZIYQEM_elwjINyfZuOpEYj8srKYzUWqMHZ9wo-EEB8gE-YvZ8kzDRjPg6TxVRzGwWhxuJAIutOqQrkFpH3aRFg-5tvM0uyDgNX8O5cmgK0_uNOCG8zyXS7hJPaPF80PpXX | https://vertexaisearch.cloud.google.com/grounding-api-redirect/AUZIYQHxOXokthaQhF-J66yEWEE8jmE3qPc_Oh3-Nhd3QL2kSBNSPrJvvjA4zfLMy_pcmFvwJceEFTrKzbWVs7GP5g6ZV9cQUxx0E0WK3uWMAPbzF6TwvdeTi3uJF4hW9ajPdwcx | https://vertexaisearch.cloud.google.com/grounding-api-redirect/AUZIYQHd5c7r-owjo9qBBxEKWZ162G7OiRZ3t8B2zeU2wmx1v0ozEzISjLKoNnpV6nii3SRgG-7bUf5RGRyliJttblV0L4z-AVqRMAsGvWpgHN24VgVlUg3IDmvv,"Unable to confirm a distinct business operating under the name 'Appliance Repair Experts' in the 30A or South Walton, Florida area. Likely a generic placeholder, AI hallucination, or confusion with Santa Rosa, California.",
All Pro Appliance Repair |  |  | false | true,All Pro Appliance Repair,,false,true,false,,,,,,,,,,,,,,,cannot_confirm,low,https://vertexaisearch.cloud.google.com/grounding-api-redirect/AUZIYQFr4TctLxWvVJb7pafBMm94JHTwLd0zSwiKYgzH2I2VI11_hdL4UOsfK_v9MloBIuS43mEZaie4OBTP7vpqWPhL0A7qx109y2jqHypVDDdf-XuH4Q632JuDcYnD7XpS-7KH3aujICHMJOJn9WcVh8sz1IFXNhM3OBdMxAcDQGRj7VDf9g== | https://vertexaisearch.cloud.google.com/grounding-api-redirect/AUZIYQHdfYRFW-RMeJXIDPSIf7f-i80jMS7xH4fNX47JKJ_TTaxx6FJhcFgsiEkHo3PCGy9N9GFGlB9V1a7mJ840TkkCCKdmZstgSLf-kIlXP92ITeVk2_NDew_uufyZTK-O9QHV-N7ESy_kFRVSRVqUo5mOOtQfapR1rnq4F80cmDt1zK4uoMXghX6YCot3lEWP6bxnncHKasI0YxtLdEB40ZvS8ockFUgLPV2cUbb82Ix0W-tpSUNPGuqNril7ji9BLMK04OYxEhBMWHxKM8s4MJxFdV_uakv6gdHEv_tMl4C4Z3aEBcbZTr6SL4hfM4NA_lCsGDQwYBMu6PyzDw3HkJM8ELWMrb8Mrsn7cei11M4mM4MlYh5N-OjI6UxwZxmXKv5R4FWNe93uvK_lDZi1wH0d57FZKcX3R5UhYyjo0IOL8LVcEcByOTw5uas77rGiy-k2pECWx33qrL76C0wj7RsIYK12i_M_aKsR4si4unZM | https://vertexaisearch.cloud.google.com/grounding-api-redirect/AUZIYQEU5NpYhK2mvN1OxL3pRCUQRywuomNIOEA0udG3Ms13Q-5QsR5bBps7PtrodWKwyNXBoLEES6FMBnpQpEuUfOpGqvGS3k3j73kcIHZ2jOpdMaKP75VdMVYcu7xUq2QDPDsI-BhsnuMv_ZWvN8zCw4kmL1LqBXx5NQ== | https://vertexaisearch.cloud.google.com/grounding-api-redirect/AUZIYQHReNpQB_xJXuMUwS6GAt1ggPZqAIWlL8w9oUkw_Dbv9fxTRBml8YkAyFddezQMGMxLPbUHltCQJUASzGg5uQJG-75yGvwwCiC2z4oHe74WlUAGmGgME-yv0L2M1LxSxXktiqSaGGQF8XKwDXJ0jt2Xbb1f0h8Ci5N2znUSKKuAAjnr387hA-fnu9K5kM4dXEhucwwIroFgYwtwGO1zL3rXXVMoC3pG03HBAbr2-AN_3uDHeC6lA3VsS_a_Az3-d46AAYN0tzven7EJ2ZRy_r9qufPVwbQlU_hYfzPPK-pxav0_QWG1I_8cHznSfJrFeWYs4PIDo3OH1_hTnfXlgKXmV_s39Mxf5l9frNlXej_CKdnv01i56zLgXZwc-u8vdTo3tj9o16bMnot_RErqNmELdMg9n67CUr1pw6QMRtM=,No record of an All Pro Appliance Repair located in or serving South Walton / 30A.,
South Walton Appliance Repair |  |  | false | true,South Walton Appliance Repair,,false,true,false,,,,,,,,,,,,,,,cannot_confirm,low,https://vertexaisearch.cloud.google.com/grounding-api-redirect/AUZIYQHKSYQi5Vso1M5dKyqhP6HK20brWTQ_d8yrel1y9rMdIBEUrKXKgr02VSBJH9NQgQiVV6PodQw-JD1u_Fq-F129WXxRcD4wC8fxVM7U2vqIwRivKvk= | https://vertexaisearch.cloud.google.com/grounding-api-redirect/AUZIYQE9w19IHOk8eTpIxcr8pwAjp6lfQ3aPvpeajZYIW_86_m0i5P8G-vyafkcIqTKBxubEejfQEsbnn4_u_p1iRqCWZLnTCqn16UdhmkeSwJ79aVab6DI4TpOfQA== | https://vertexaisearch.cloud.google.com/grounding-api-redirect/AUZIYQGiGmmwQ6TMyMWrBXHC8HZGIfcpYtP98wy-WRkQu3jRgMuvSndlTwuSsPtZtzJnWnGeIDeKcURn969pj6Z4XJvyDKFUrkZD9mnnBzsLbgXUJIAaUDOeg-xo6-gXzWBprgv10hCgRdNO4CUphOcocBgg_sq5_0dCuI90gQzDyiuallmca8Zaqb2Raw5T1zLH5KQCz4RmSi-nR2fEDNjAXWdIhn2xO-xlr5zfXxj4XyGZvmuDjbKH_q3Zt7-51_2TdbKFJmEBu_XptK2nZduEZPmdL_YPILgoSAL6B4mYHdjSslVuczaGCtvcF5yMG0TzvHU_xhnyzzAbuKMhZgZwpdZFg4_9jCEf5jF7S6ECU07l-lpKJ5d6Az5ElAPbqQxpF1E_rJXK6mSXir9R244d6WJifrMPU-YGHmTcMeribG9QvD3GcbvlJ1HKRqDpbZbMZdrSYaEMQCHuybvlML1sX10UbV1y86neE08vUA6z7Qz_95fiayfaMDk= | https://vertexaisearch.cloud.google.com/grounding-api-redirect/AUZIYQHnZE5EuaY4fvnTOuQ0gr4emAhAIY0pg2p8MJqKpclv-aotqnEU7Pc0qz5Zh-h5nMAo8Yb_t1ybkQIyxKDyLV5trLn3NGKsdOTsXkSidoXvC0Ss4BdhbRmCt29MDcE6gr7c7pkPji5dqlioXa0= | https://vertexaisearch.cloud.google.com/grounding-api-redirect/AUZIYQF_tUzrX8S22csAYODsu8vHhRDm6OpTvd9supnZKoYFAjFImd1EOJuerPDQfepztAZEUXabpIeZ5VFmexzo2hZ-BMpVzNK62eYLh_7YN-yM5zhNO1XJxaJg5s1o6GalyLH9Vl7igFHl9hkACig6cUDnmME4ispQMXXAdVvCsgI9O6cS2co=,No matching active business named South Walton Appliance Repair was found in South Walton or along Scenic Highway 30A.,
30A Appliance Repair |  |  | false | true,30A Appliance Repair,,false,true,false,Santa Rosa Beach,Santa Rosa Beach / Greater 30A,Appliance Repair,handyman | apparel | property_management,Professional in-home appliance repair services for homeowners and vacation rentals across 30A and South Walton County.,"30A Appliance Repair provides fast and dependable mobile repair services for major residential appliances across South Walton and the 30A corridor. With decades of industry experience, the technicians service refrigerators, dishwashers, washing machines, dryers, and ranges from top luxury and standard brands, helping keep local households and vacation rentals running smoothly.","30A Appliance Repair | Santa Rosa Beach, FL","Reliable in-home appliance repair services across Santa Rosa Beach and the 30A corridor, covering refrigerators, washers, dryers, and dishwashers.","30A appliance repair, refrigerator repair Santa Rosa Beach, washer dryer repair 30A, South Walton appliance repair",,(850) 307-7458,,,,exists,high,https://search.sunbiz.org/Inquiry/CorporationSearch/SearchResultDetail?inquirytype=EntityName&directionType=Initial&searchNameOrder=30AAPPLIANCEREPAIR%20L230004203090 | https://vertexaisearch.cloud.google.com/grounding-api-redirect/AUZIYQG5efdH8rALOhRW6m-D2G_zBjUygxrxTK3VPmK1AqizVgO3nsIxUvoFEjclEQeBU7P0LI8VpMq52rgjcLg9pcbHcAyZ_OYRU_xCf72sQZP0_omGMXvAF12gWcE5I7-cMyzSAExmUQfVcuLEF10AG-wywSZf10b7TM3ysXpQyVXwn2NXDa3g6v6KkEiyI3qnGhDc_H1Pp5l6e7iSPK8vmuynqCeqTv71VE2598yVxfKkAk6TIfXf1ODbaAqZbi-qEUcDAktd_iWDaRanknsDvoGcQnqMdj_jF9CqrjrUgV0OIaFJfK2Jqnu2Xta-NdpdLQTzvCfXURj98Cy20vXkOGf_amiNI-vOXb25uqUgnMOnuONoWiNDzZB9wLRWqVyfzScB3wwFnF0nGLIO657-YfN6BXWanhkF8Q52w7u-QVY5_66EJgt8TOLlODfd-P65-rPXh72kaGC1lAxqerVB6m34I_MzwqpNyg== | https://vertexaisearch.cloud.google.com/grounding-api-redirect/AUZIYQHLrCUsdgC7X8F3rSk_JC923x3WmswXVDkuWagkHCrIAPFDH0Bbq0y2mF5j-5WFFRSfs9-MowUCPVn9JCI8bEVh7ENppaWBkIDj6S_7fwtdxANX2Oe5WNeiwg== | https://vertexaisearch.cloud.google.com/grounding-api-redirect/AUZIYQEVdwVlKMms8YlgHjqJGGcOFcCk6K4PSj7dn7T52wseRg4N82VCI-KVYizVaoAndxOJ_aPBDihFGWxmRUT0fEb4hR5WS68s0X6o2ot4owDfSoG9xJwhZYbMmg== | https://vertexaisearch.cloud.google.com/grounding-api-redirect/AUZIYQGezDLZbqKgSnxziA9QslS4D3-PIVGki8YvmWIhqx62dtBSRSjVBIK1z7HVY4lgiCTbVOzOfRo5BKdVXASnMdqX5RiKh7DZU58gNVEWGVqz1DvF9_b-bYQs4CPlVUJ0te-ReEmcpeB1CS0ntNkxB4MXBV9Tc16goU9B4x7Yyd9csVkYyhHdf7XJFC3vcrA= | https://vertexaisearch.cloud.google.com/grounding-api-redirect/AUZIYQHzMSFqP1o5K6mzf7L5WaZ4FY30pprKSGPgVvIZ9Nm_iAAMjusMiEUhC3mMESbaIPDUsZjg_qDHvgTtJpXx6eMyteZC4jzNOwqQFIlsu8B-ScsXtG4H4vz55bdurJPXI5coVURs9urvy2SNhrqPnrs1pUhRxW2alGi_ | https://vertexaisearch.cloud.google.com/grounding-api-redirect/AUZIYQEHeWBIeYfg9rfYvVEYkXRYRa_2L4RpCEnRSaWr6nxgQMRWWRmp3hYEyuI7_ZmCYilHMMQen5PkeYnBiPQ3LzZFt-s0khoYYC4BA3jifsSDHqoL_nqmw3O_AYcr9sy8y6tA4zsYCDu8QRq57y0yaESk8EAo0aGSUGsfAO87ZQUFcPuN,Mobile service only; no commercial storefront.,appliance repair | refrigerator repair | washer dryer repair | dishwasher repair | in home repair | home services
Destin Appliance Repair Service |  |  | false | true,Destin Appliance Repair Service,,false,true,false,,,,,,,,,,,,,,,cannot_confirm,low,https://vertexaisearch.cloud.google.com/grounding-api-redirect/AUZIYQFsTtOSwUVN2-phoYjEy5iYWNDCHCH_jDRSS-gyZqwIS08MRKQQyLybF_BKTHgo6P7u8XvIzoki9ZQehFCVeRKNHkyIsfEVRzGN5DUxCdTURsOluh-eRGU6LaA8fL7C3ecRzRaSvpJ-RT5Xogc0Ew== | https://vertexaisearch.cloud.google.com/grounding-api-redirect/AUZIYQHf_gnG5WIq5LGGy3Ht1lqOlaSC4cgffPTbA6PynJlRNEsJgg5WT398Dz1q5xaCNlfFMLJ65fI3FW1s-xrwoFwFS2L21aGwd9NvP73dRCtp1_NV7AOu_peFpN3LKzK_v-p4Ew38f0weEQaKOcoh6v_JTLEfpB8p5iI= | https://vertexaisearch.cloud.google.com/grounding-api-redirect/AUZIYQHoJCM-PCZ2_FmeaLnHWFgifGuvB1v_PCcejjjefYuti09UdnM9FB3wUM9uR9CVKoOU_t26B-QDzaNhoXT88bNl85kRyNJNx8a7beyT7_6JFZrHnTX4RhrLqqXsKC_SshrQD8tAq26cNh2aFlp4Ec0a_7nDXJpf5xY=,Unable to verify an active business with the specific name 'Destin Appliance Repair Service' operating within the 30A / South Walton coverage area.,
Appliance Medic of Northwest Florida |  |  | false | true,Appliance Medic of Northwest Florida,,false,true,false,,,,,,,,,,,,,,,cannot_confirm,high,https://vertexaisearch.cloud.google.com/grounding-api-redirect/AUZIYQFm9vyZGN5VLzfUjamAhCdff2E9zTuJ7zAEFyAo6WydLFuLi9CmNb5N-uM405y2D6KoLDR27Y_uxE1qYn6Rvw6z8jeQIhrPDn-FIQ3fC5h1nZvS1LO0yj3Zy0swfKUZH3-zQc9MCP7jQQyfy5qaH4YHJrCnxjZ-vdwWn1nYKjs= | https://vertexaisearch.cloud.google.com/grounding-api-redirect/AUZIYQGpOszp_RYRRXtiDMT8zmnK5PuWTOS4lsbEhxD76gzBGClvyWxyKP7Y9vv84meNOUpEDkSfynAroVZPCCXj6da5E1aw-uQhHEMMM2T7sO5cH6dG1qkidh47c3dSZ8rnH0V2zXuzgq4FWxXbbNaa-8fQerlQc1m2ZyGFiNh8m3yQSOsij-7IpF47bOTdll9RGCOBzaVwV8wLmfeUHKoBSFcLQSnoAXtMHW3y5SCmjw10sTa0-jYAUVREeGxCB0Voxdf6-jpj7XXIfieT_kw7Y76FgDwm9bgkdunjCJVrU72KhtFXhVUCgubn0YeZWI_Cjia2Y5w1BtQ12Yo9NjFTHlC5c3R6uvzP7DNBH8XU5O0-GL30sdbO5dnv1xLmeYx4L4tdAC4Ih_Ym_OQiq--ZOQ7ddToZ1THRHN4s9j2_Gd_n8lfM793Nvm3lWXqhlQQv5AlU_Zoh5DImNlO-Re6saPRHAnfE9g==,"No matching business entity, physical location, or active operation found in the South Walton / 30A area or on the Florida Division of Corporations registry.",
Beachside Appliance Repair |  |  | false | true,Beachside Appliance Repair,,false,true,false,,,,,,,,,,,,,,,cannot_confirm,low,https://vertexaisearch.cloud.google.com/grounding-api-redirect/AUZIYQGAFLscOEOJWam6oVPhkgECMa2ZqwvcFgzz-RKkB9wTNkgMXuZHde_6ccfm9mhLvuw0Jk0Xt1LpXw9cnMTmMtIKPUfpES0BaMzAuX02nNzdbswB6TrnPhdg-Riq41_M-tpyESCn4sQ7-RwkgnZER6qg7BXS2g== | https://vertexaisearch.cloud.google.com/grounding-api-redirect/AUZIYQFWJfQEqdN-OltOe3RX-z_G_KPL3s7uowQlg5xnAfHQa3QXxIB8RrCmzE0Crp9d9wrWckz50dQQBBa260ERG3rpcGA0Q62VewJAdtkwmaKLwLuqKj62Q5ND4RKppjjp5Q-VyMiwAeFb3yGw83-7iqWGG1PIR4wdhslISUCfEtEmnNYujPQOVV1z6CeEy0-VS6wEaPinleIuR8l8kPYZW98OOVeCesaU0sGFcZ_6K9NiuDtPkCK1jugFf545_l5OLJUBbvzkUg6D-bev9bLmwdwI0u5lacchx9t7cvhZ5h0GYMgC_ghbudTejqZMFd1Cm_TbV22b5ZXIp_ED9QaRSKG6RrRpJ90zsb7JhE-i1ome-2j_3pPlp0LS91YqMZTXhDuR-pAHTeO2K9H_8Yo9tnj1KdaHoos7Vg0qzJZ-JoHZ-NkfUVMTnESOLKBa6pox4e4zIVyrgjyBGFbY | https://vertexaisearch.cloud.google.com/grounding-api-redirect/AUZIYQEibChrdTxLa-OTg20P9pmCc6xbjxLJmEg0RofvU-2tiworZpphnWHXzVZTWIQ06M9Q6Wy0RulFTPTKwnmvx1tWkknTV7bCY9P17inlSP_VWKsUp-lmuyoItzKTJYGzQ1V3G3k_MN0EBETb2Wl8FCfm44cy6zblT9tlTG-xuw72,No matching business found in the 30A / South Walton area.,
Emerald Coast Appliance Repair |  |  | false | true,Emerald Coast Appliance Repair,,false,true,false,,,,,,,,,,,,,,,cannot_confirm,high,https://www.bbb.org/us/fl/pensacola/profile/appliance-repair/emerald-coast-appliance-repair-0683-90054366 | https://vertexaisearch.cloud.google.com/grounding-api-redirect/AUZIYQEfu_ng31AzBf36xjSyckh8K3sTmrruaO66w-GPyyJ9VJRVkZs23KS2TTY6PEsnnCGyf6-zw_1_7xSFAjned6n3ETF8DivCDPkRKYX251lG2Dk3ZaVLqud-lksQTRqqphEIp0op_YDOx1aAPWq4SctceiwSvATC4Nc= | https://vertexaisearch.cloud.google.com/grounding-api-redirect/AUZIYQHnpaN8NEW4d7rynamGWof1BausmoTJOqLmPPYTSI2g23XelN-60Z8uO3I24dgZ6By7js-uD1a1wC2NW2w5ko6kAD_mIxcaqKZy520Cz6rflrPTRVl7P-A7QsbbNj0N46jA8xoBmlZDlJMMuouhGgSyhdapiPOHqo0= | https://vertexaisearch.cloud.google.com/grounding-api-redirect/AUZIYQEXTU0cWRQRwCxGE_QHVGZvCIB-uOv9J1qVQVpnA1tdwRwDysWuhPWXIVjzfL8tIpm51756yR4G8gOGuPrP8vGaV9bOb6t-LdZhsrIO0N6HBPA_CHCWWukj4bp6Edj8 | https://vertexaisearch.cloud.google.com/grounding-api-redirect/AUZIYQFU0ZKHW1F0_FH3McvKr5rKVniyRN5ysZXmS4vsLOM_aDHuyuzwduw8JVwcbtuPB9j1XVXzENlb9LIepinnNJ0za6rZ5jMnulI6KTdNd4cb1fnEDTRXyT3HS047U541vOobsdOOFwjGwXUpxdfpEZXDOqLzmnoWfNLydPceoIsAUnj-DQpY6NMqpsK2YUEmznG-D4FPLwl8yyfJSbnhO8w= | https://vertexaisearch.cloud.google.com/grounding-api-redirect/AUZIYQEzGqzx0QAVsygHWYi-KPaO72WMwRJB6v_RxZqqJC1Y0G_9xRA9wy0oIy2Z4pIesbkVqP-GnbnUhdKbyYwn_dxAtHilzrSzpx0CrNLD_GiqOMm0ywauR9wtU_Ac0fp-9l_rxQq-jGMZVBmQ3yGukjY6NT6P3vmWYsW4SaL3XqiFpA4BKI1WTKf_Fkv38rzeF_a214Mv-5oY-KNawjdgL8o7m8RaKzughQxPJOHIO5g=,Emerald Coast Appliance Repair operates out of Pensacola / Escambia County and does not have a verified matching business location or primary presence in South Walton / 30A.,
Affordable Appliance Repair |  |  | false | true,Affordable Appliance Repair,,false,true,false,,,,,,,,,,,,,,,cannot_confirm,low,https://search.sunbiz.org/Inquiry/CorporationSearch/SearchResultDetail?inquirytype=EntityName&directionType=Initial&searchNameOrder=247AFFORDABLEAPPLIANCEREPAIR%20L250000092790&aggregateId=flal-l25000009279-3d077bf6-6b21-4f10-ae28-769a7ef20cb4 | https://www.angi.com/companylist/us/fl/santa-rosa-beach/appliance-repair.htm | https://www.bbb.org/us/fl/panama-city/profile/small-appliance-services/affordable-appliance-repair-0683-90082697 | https://vertexaisearch.cloud.google.com/grounding-api-redirect/AUZIYQHgj-DQXeGu6ontc7F63m_tWcY0-td4jLqrFYoodLSeJH-nFXWArQsrp3eFAP803dYegVuto_NpvE-AfB2lP01bhF_ijlolspbOzkCkrhICz82GUBgzGiHvGjT18w43M4a5m-qP6ajcqnreoHoIKcd-PnWpfO-pv7xZ | https://vertexaisearch.cloud.google.com/grounding-api-redirect/AUZIYQFStQN6Bj-AeYCt-81z3XeqL-4shkdh5PmyUme_Gv6v8d-_qof1H_22zotlYdOa5vJklfi6C92yH1O9he7Z703eTvjxC-cY9o2iG9T2KjJzbeowR8RSugX9Aj6rKVt9GR6K42YkA5C8LB6Aqid3rIdKuiPrCz1B6AEgrkhEJ_IfLP-Zlk71YFmtEVBWg4PxrS1vu1ceKuJW-z9cugJ2RJET6SPBNi0z-fuRBDtQHSAciT36HKS3PGHY1Bv0Ueav5DoF5RHbeSYxD3nc-EKsUEyNk0FuyLumRLuR12i6PDgTJlH4zGu8IbUvmu5DXXodWVjIkOhQ7weMrS56vWUy1P2TmfhPgj9Zyi4t5FBrv64t3enl9Zm_M5jR34NF0Q6EP9lPzEsiGKN-RvMyFeh7TEzb5-Vf05Rhq2-lGZK24TpfpabMeKs4Xjf75dIeQxg2SukgNLzC__zvFeWgo3YdSuJvfzziMI1xTw== | https://vertexaisearch.cloud.google.com/grounding-api-redirect/AUZIYQHRNakfBlyzSLVAGpM4LoBxXKUF8SuOswJUVUmn0t9Nt0PXfIs-OyGcFDxiriqFQ7dLQid29Vmb736Biak8m_-H00lgnGToKbP7T3RSGT7QuatkRfLXXB7JIct_Ywjd474eOFW7nX5KMd-qjLnRM7uzpngCnBKcBBZbfwovLNvprLOl,"Could not confirm an active business under the name 'Affordable Appliance Repair' physically based in 30A / South Walton. A regional entity named 24/7 Affordable Appliance Repair LLC exists in DeFuniak Springs, FL, and a separate business operates in Panama City, FL.",
Baytowne Appliance Repair |  |  | false | true,Baytowne Appliance Repair,,false,true,false,,,,,,,,,,,,,,,cannot_confirm,low,https://vertexaisearch.cloud.google.com/grounding-api-redirect/AUZIYQHxHEsmxYMkciHuFUo2zmulBjb5AMyQQWFed4bGZolcsy7cGLCy2OapeavGMwdU0YJ7rFJa2-99_fV5YwgyiXcQ9-fuzTg8sciENONjuo6pep0kcmK7HfzcTjygfxky | https://vertexaisearch.cloud.google.com/grounding-api-redirect/AUZIYQF0Z5cs_XrvVMvf3IMb0roQ8nVNz5G01nq2PzZFOp_zw64yFqqAYLtSUvU-LJWLRk27uIXNmSQgIRK0ifUu5Ejen1dVQMeLEU5jZsDSn0k09dIstfP6112Uxk_V34vPscNR52r2TPXdgpDa-Pu2Zw==,"No public business records, Florida Sunbiz filings, or listings exist for Baytowne Appliance Repair in the 30A / South Walton / Sandestin area.",
Coastal Appliance Repair |  |  | false | true,Coastal Appliance Repair,,false,true,false,,,,,,,,,,,,,,,cannot_confirm,low,https://search.sunbiz.org | https://vertexaisearch.cloud.google.com/grounding-api-redirect/AUZIYQHdYPZaFkarh9YUECydr4Uv_b9Nsq3ElT5O6kFPul0gCE1YoP5cdCK88QQELy9oFH9N8T71h_W7b08cgF9WcY0vmR-eb2LinfuOFuXM1bGKPqJzaJFmKQJ_V8slaeCKOrATUy_0w3kOvHb2fjusrmB92MDzypSoYdyPolOU | https://vertexaisearch.cloud.google.com/grounding-api-redirect/AUZIYQFvUe-tP66r9y5UipUOlJr3mi0hkXiAqrtC43pi08rsvv75dpXnAg0GENBD1zN9ZBEp5RaP4ZaMsaDvOzEEXbALyAEx6RWs5owft2ftjpCJd7iDtHTvZWp4Ez-OHkaP7hQL9G8Oq8iLteZlh1SitfESKsfJ4azBH4DS8nAkS2J8Nf4wg6kV92avjvvcYeXABlhCeMBCh_TA74MjIsQkU8w_X8vI | https://vertexaisearch.cloud.google.com/grounding-api-redirect/AUZIYQF57nJ90BF3w8dUQdniiukqHp9PFnulofMiq9I8Hckd1Wkg4M_Ay7LdlVXl4pF88RuA828FOfxCbUnRSHEyHs8VACtRenDs4YxnWozrCjXrxP8uD-ImfWTxVe2eYmBa_nfzFHeDWCB2vpSYAtwmNduFSiBK4WTgiJ6fy5rrIfhxBuAIe3VySFNjbmFTNzpbzoQlbyuCI4KZ | https://vertexaisearch.cloud.google.com/grounding-api-redirect/AUZIYQE50TV1GSJ0sllTQynqZ0FBumAaAOzcE0TwG_u8txy09hTRu7gJWmHORk4RBd7PmmLzbt8-WeA-muHx9bPWOrOPIkmZKG2euq5UW5FgEUe2JqfEeJNTXII18wsWP1vpne8T3YlqUAEspkhEfCKGrNSNuRWpTn6S8pTAq81IkpzADyCqXx72ej39wfQ= | https://vertexaisearch.cloud.google.com/grounding-api-redirect/AUZIYQGmmQvphRtHIolZY4Gfz8waad8LM97lbeODBG-qNlNE8wWIZhNRxxZelkWoVbm06GOKroCH2f7LzhydyX8BFQZaY6m5g0im3FnQEWdCSeqz6y_2rbnoETaLvO1xcCFhr7iwonvnkscESkM= | https://vertexaisearch.cloud.google.com/grounding-api-redirect/AUZIYQHk6TTlOYUwK8ziHp1nfBvzs7BS4eCzqXQO7j2gcuKGxRuOnljPWNmgIg-Bb_jX0WYH_2ycFVMk-b1_OGJgW_OUNfSBLcdPzyUmAQS2xROGElsy1iL6BaJ6t9yk-gW0T8SuRzEIP0u2_2OAPq5Rpk2sNPu9xIyZH5jkXsToILCu_ll6ZHUXqwSC4hjmqTslXk4Ju32eZMpRwQ== | https://vertexaisearch.cloud.google.com/grounding-api-redirect/AUZIYQFKY22Vt0cI3muk5eyYs82JDmme4Uc87v5UvxzTuxekHPP8En9MRxCFg5awsllu6hnrxx7I_6Mam4tS5ztLjHcvwYFjCqniI1V_3erqNlVMenHtL6rEcKYLyw== | https://vertexaisearch.cloud.google.com/grounding-api-redirect/AUZIYQESIjsEoJe1KTRAy8Tba0sjftXdG5-R_f8ZUDNXVGrbUwqFeKHsUgRy-JnE-Iw5DFUQY4rBcrA80FPWCffutfOuRXhBt6ltLGQmTfk5aiaspF9Zxcnn4o-x1SEc6QzdFM5wpavatz2lbkeAjQaRXloy7Xls1k8o,"Unable to confirm an active, standalone business specifically named Coastal Appliance Repair in the South Walton/30A area. Related distinct entities in the region include Coastal Appliance Parts & Service and Coastal Appliance Outlet.",
Gulf Coast Appliance Repair |  |  | false | true,Gulf Coast Appliance,,false,true,false,Santa Rosa Beach,Santa Rosa Beach / Greater 30A,Appliance Repair,handyman | electrical | property_management,"Gulf Coast Appliance provides reliable repair services for refrigerators, washers, dryers, ovens, and dishwashers across 30A and Santa Rosa Beach.","Gulf Coast Appliance is a locally owned and operated repair service serving homeowners, property managers, and vacation rentals throughout Santa Rosa Beach and the 30A corridor. Specializing in major household units such as refrigerators, freezers, dishwashers, washing machines, and electric ranges, they offer prompt diagnostics and repairs to keep coastal households running smoothly.",Gulf Coast Appliance | Repair Services in Santa Rosa Beach,"Trusted appliance repair services across Santa Rosa Beach and 30A. Expert repairs for refrigerators, washers, dryers, dishwashers, and electric ovens.","Gulf Coast Appliance, Santa Rosa Beach appliance repair, 30A refrigerator repair, washer dryer repair 30A, South Walton appliance technician","78 Christian Dr, Santa Rosa Beach, FL 32459",(850) 890-3882,,,,exists,high,https://bizprofile.net/fl/santa-rosa-beach/gulf-coast-appliance-llc | https://vertexaisearch.cloud.google.com/grounding-api-redirect/AUZIYQH6hd7zoPRcLAwar1elzi8BVn8gJJDz6SlaNC5YnNvZa-8Lad-GO1voO6bUck87bZaxGErbQSoyJ4InnvJCrCSqVFi-lOnGB9uiiOmTDrHFU1BgZFvX9A== | https://vertexaisearch.cloud.google.com/grounding-api-redirect/AUZIYQFkw0PldockqhtWNdXVg4_fGNFchX0J5EE0Twht537EHWnEcg5Pz4BUoivaogLK_h8cJm00YR4HagOXANO7QSo68OVn5ZaQENCCE_DA9tF8bVxnMOMNnhg78v3CfIUiIuute6GbaLg=,"Operates as a mobile service business based at a residential address in Santa Rosa Beach, serving the entire 30A corridor.",appliance repair | refrigerator repair | dryer repair | washer repair | dishwasher repair | oven repair | vacation rental maintenance | home services
Reliable Appliance Repair |  |  | false | true,Reliable Appliance Repair,,false,true,false,,,,,,,,,,,,,,,cannot_confirm,low,https://vertexaisearch.cloud.google.com/grounding-api-redirect/AUZIYQEApOBhckt6LPRgbFhZH08hw6so0idWaIJHXl5XbMVnLcpVUi0kJmKmYqLSHLSYJ91w0WURwTCRzWH2w_l4YJB_H6xygfGmGl_OWZ5ej1Em1rEs_M-fBeU= | https://vertexaisearch.cloud.google.com/grounding-api-redirect/AUZIYQE3xob9_dTnI270R9LEW21pxVg_ooaoUZMW90joFkpkBVRI-DIu3HoOwH-O4bLl_i9Bbc9DKIuq1CPPTsthIIgT0aIa9PSjBf8aLxVvaB3MIwMiDohJRg== | https://vertexaisearch.cloud.google.com/grounding-api-redirect/AUZIYQFfZmzpfhv9hpNlZZwc6VgumU7tX0-pLva8fNWx8S96a4B5SrmQ6-I5bDy-Q3IZln-ozasmK1QpzosRk2xcYR0jzyMigBOHMMeqI_DLdn8BYSH9ygTSqgrsug== | https://vertexaisearch.cloud.google.com/grounding-api-redirect/AUZIYQEVXLEwr22u0lRgDVVFkd6LyGnLWTUAtThaJhGYMMqpFJvjKyAQAHhVXXM0ReT1oGvJOje2qkG1zhyuD5dz4bSbH8srPtTc2EK2BjD7Lobh8z5FJI0gtOM87owhIYy-qsCY_soWgn1aRlLuReIH1fukR_J_YMgXQrDp0jxkZg== | https://vertexaisearch.cloud.google.com/grounding-api-redirect/AUZIYQFJ3XJhBRz131TTzlshjrhrYFZEuZa8KQgYTRbDEtcPbI5Ufls3TvrhztKOeiVq_xo_0g864BUgCjQ-1XOT76214sd0ihFak4MFVCrp-efDW4zV0IXyR0Oh9xaY9hcvamQh4yJMCbaXWF5I6W_A0amkNZKJNH-x_zXlYhE-dII= | https://vertexaisearch.cloud.google.com/grounding-api-redirect/AUZIYQEyB6pSLGSNAtNxDcSFcrmUEyUcb8ZIprTyNz058r5CDzpuSPBH9GOyh0OP6H_T7sNAMcifupeDW-gILoUCWonp9Z4yBA7VIU3i1NcZ0pRCfoAIPj7hvmRNZVAMUAzFltErRyXb_emboqrgzrV9QITXfAfAn2_OEzHr20bTjcqjp3EIyjveTO_JSfgCQamxdFjcvor_mPI5qk0dLpZiDaIhdsDy3dVI-odKRo_-U_TIglWx8OuKs5qyFomTFxmvQ7UcQ33zKfgd83biVYAmQdT2DTQMPfwrJKFOT9eCbicz4s0CTudw2OIsERq1eyEUlj2A7A14mH-uyzV728kjNBkD2xHEe0vFtUPPpUmSGFTv-Sfd50KGW3HBTX9mDjHbOtyQu5djIBcEt0S587V2mvyET0F24s0y9ZKvaUNJVW7mDKGowU6unjZXfQSua_8tKg==,No matching licensed business named Reliable Appliance Repair found in the South Walton or 30A service area.,
Appliance Repair Solutions |  |  | false | true,Appliance Repair Solutions,,false,true,false,,,,,,,,,,,,,,,cannot_confirm,low,https://vertexaisearch.cloud.google.com/grounding-api-redirect/AUZIYQFGMGNezlMrtJPbd56u4_yqXp_5QWElHub_r8lwQrSU4FymTN0S7Wzli3xWVL4fiKzQeFUMN6FcXL9vU_QxHgMCXc7hv5eNenMhMnHyiyVSRcttMqpD2krrww1YmAaryRn-8yOuViHuJfqiQWEj1MLI_g8Kj5Gv0QLgxOej5NECMA== | https://vertexaisearch.cloud.google.com/grounding-api-redirect/AUZIYQFUm-ykPcLya0c6vvgquuRkzA6xhzPaZvrkW3ybL3Y4eBPraSxIB7sHG1sP8taxgTsCUIhBTnCYGgamNO9lxcEI50KmhbM4BFN1b6tN8EHmcDrvU0KsycLmWburJQkGveJlKlruJkZQKEYwv_ZqPRZuY3Xkj5fHhTeggxaCZw== | https://vertexaisearch.cloud.google.com/grounding-api-redirect/AUZIYQHPTZbx3dzt-VWfY1aAvxwFojM5HuWwZ5rJaTbZr3m-kiz7NgW-eW2s5-7zPkDcJSY3Im3AhxPJpA6BrjaBmGZPmj_-00LGXyuXSgSVItIgC8wqlaB_mNrv-n2xP5SylTVLpyH4eLQ8m6tW1PfhLZB84kgScSwLtyk1Oj59JXAFgU5yLQmdGNcJV07j5Ugrh4393dhEEUvM-NAYMdqHzUEeMPDCEaTmrGPlz0BnVSTA-C6MGM9-hRw2DYabUuxxD8YDBvMHHNkOngiogLRlWBvK84arGOL7b40tg6v1QsgRWguIuXX49TttLraK4HKv_AqztF1fuUpUUt-XGP1UXkQpBNjfK3PiSnyqdHJSUvQmv6p37Vin2I13UelJLxfgD9gzWOoTAFGpATP7EvFXfjtW3v4deRopHyd8 | https://vertexaisearch.cloud.google.com/grounding-api-redirect/AUZIYQGpXGTr3HGCEM-POcrQZRM_-8mxfFAyILPbcpzMIxRilKTEwfB67poKDD8ad1cOsMWqKYpP3Syto_0EpPcAWNLRGdgbPh8oZ04ihIzQLW1U2pGxSDlZxXUKPDrZW0Lu9VXfkUX8Ht9UjvazD6kQnNO8D6llBdWnOzbv8eCwpgSmr2E2lqJRCcLeWs54lSiv6NvJdK3gTUbzJskyu5mUJe2gLdZKQB12nLYZ4dB8bX38zu09RZlwZTLjPLLMa5jZGSg9sgbNPRl2_kT3aLseOLb_eWxbjwmpmigbNj4Gbq2cc_pZrDMX5kf6VHEw9d8O_mgmB21hgX7wOG7HuobnKvRmU_DzrXkxKHI=,"Unable to verify a distinct, licensed, or active business operating under the name 'Appliance Repair Solutions' in the 30A / South Walton area.",
Sunshine Appliance Repair |  |  | false | true,Sunshine Appliance Repair,,false,true,false,,,,,,,,,,,,,,,cannot_confirm,low,https://vertexaisearch.cloud.google.com/grounding-api-redirect/AUZIYQFhBbtMVZpNsFyvB2h12gQPltlRWtkMV8zz5TFnhLfiy1R6HPbO1y_-aZRj4eeZn5t4T4MeaenASLrQVnHbQ8ceVg7Njk5bWZgx6I2ONEaGA-f2tDy4Ks4cbWOKkNyS9f5hkevd-U_ah4JDukxcvhcLnOGknu_odFCEnmhyXd6P5tL9-R7xeDW2aFCPAwpjDU-MBofhhlPXT_717aWg-9_4P3LTx7drdS0MSEBj-zMd3yELwmPhqivad-0sYoBbFvf5zZtkaRAc7xxPDsGho1k1FghrjwAG59DF6W-j6vJogAc9crIhzZhTqIa54J2tVcgqJP5-N9YptSiiukiXk2gGTH68ZBYslkAiAhngJ07YdpYq23Bq0IAzPPAtbTkNk7oeDdcIjli3Pp4MvD2YRA5y7_VxfQWlwsL_SIOP7Yn8GieBcM3Qx4zu8_5umM3FkG5em51yJmFQ5g== | https://vertexaisearch.cloud.google.com/grounding-api-redirect/AUZIYQGprYGVsgPNzfkLslJQy0qszDbwqO7duwgsDsuY4gzPMHnN2hABbWTWzOoSmkolHRpUmwPLL_BNATqXtGZcUtB6erIyVO2qgHYXEYeQwRsJ5px6Vm-l1-dVNPZxl7HdHYmU2u5QAA1thcNlTCgZ8aN69WOaz3oZGW6DQ2FBBkgEwvB1Olgq4JyrRF58E8CDSGlU7BOVB48GfpkYaGFEDW076gZZtoHccsBy3O9Hy5pHf-MLVYl4Dj4F12Vau3Dr6UwC5HpoZOwJbez4feJTKdQ9bI_l9chVrOZafHSTGouOjQLM00mxmWBY8n3_gW2Wlu-vKxHstBUMHqqCV-y3SpOCKO684_2A-2PerQ6dL_VMXUZvjVHmNXugtTUpWjmGtw==,Could not confirm a real business by this name operating in the 30A / South Walton area.,
The Cultural Arts Alliance of Walton County | Santa Rosa Beach |  | true | false,The Cultural Arts Alliance of Walton County,,true,false,false,Santa Rosa Beach,Santa Rosa Beach / Greater 30A,Arts & Culture,locals_favorite | family_friendly | jewelry | art | painting,"Walton County's official local arts agency offering art classes, community events, and public arts programming at the Bayou Arts Center in Santa Rosa Beach.","The Cultural Arts Alliance of Walton County (CAA) is the creative hub of South Walton, dedicated to fostering the arts through workshops, exhibitions, and signature events. Headquartered at the tranquil Bayou Arts Center on Hogtown Bayou, the organization hosts over 200 annual classes in pottery, painting, and visual arts, while organizing major local events like the 30A Songwriters Festival, ArtsQuest Fine Arts Festival, and the Underwater Museum of Art.",Cultural Arts Alliance of Walton County | Santa Rosa Beach,"Discover art classes, exhibits, and community festivals at the Cultural Arts Alliance of Walton County, based at the Bayou Arts Center in Santa Rosa Beach, FL.","Cultural Arts Alliance Walton County, CAA South Walton, Bayou Arts Center Santa Rosa Beach, 30A Songwriters Festival, ArtsQuest 30A, art classes Santa Rosa Beach","105 Hogtown Bayou Ln, Santa Rosa Beach, FL 32459",(850) 622-5970,https://www.culturalartsalliance.com/,,,exists,high,https://www.culturalartsalliance.com | https://www.culturalartsalliance.com/find-us | https://www.visitflorida.com/listing/cultural-arts-alliance-of-walton-county-inc/29887/ | https://sowal.com/business/cultural-arts-alliance-of-walton-county | https://www.waltoncountyfl.gov/861/Cultural-Arts-Alliance | https://vertexaisearch.cloud.google.com/grounding-api-redirect/AUZIYQFgTwaGRRI8tSM_5TZ-c2rE7UkX39WExIuAjsUSP86fuu-6hHZihqE_annGoj8B7ALeRXoHHkyKRUu-btJa371hDvcfW6KyzaULarStoTTCVbxgWmMyKqUPy5wZWU8nE7cAS-UChLgG4odSI5w= | https://vertexaisearch.cloud.google.com/grounding-api-redirect/AUZIYQFfcZBxjEWSO0SawuaNb_z6imDpFQwU1PLB2GbaCQYw9wTnRElFayv_xab0wcniSeTEnDlVcAqbZghaqx0xVlgJxZMz6_VkF6Z_RBGx0TBVNYpKISJ1YKYWWVufTKVq8kwIoqSf1cKkDNMe | https://vertexaisearch.cloud.google.com/grounding-api-redirect/AUZIYQHN0Y3bhO8forjE36iNDDz3Vh6Fzo8oI6GS0lzicsdWARNpnMlKO1Mi_fYkSLggAArsmqF5B-OM3oAnOwxlyeTGQH--piNIiyb-PV8SkC-oIfKS3ofREoNxVh5rAG4jDHXQuA== | https://vertexaisearch.cloud.google.com/grounding-api-redirect/AUZIYQEuIpUbOTJrqk2UA4udS8Jj2XIqQzhtO5HSfYfNPfmtvRP08fdjOCSE_BYDuYunfpaMvLzo6r_TmWwSVkQvmg49bSqvN-bwkpIzswqzIVL3z1O6LeSLE5QnQT6RZMtgM1fLJUIK0aFSUx-28TJwe8Q5GCuI2T1nT_0poO7nYBOMAG3F90M= | https://vertexaisearch.cloud.google.com/grounding-api-redirect/AUZIYQGaw5k9MeIvJYnF3Z5z1yJkgGvPK1fLMfXUDZs9DhTRpuAki-FOfSc2lYkPEUTAABKJ_wzok-h9y_n4h-1D7BmUY_Ufg1cTnUWQz3e2ZejrIdwdJwWkYk4RGxdaCkBBNiWmSg== | https://vertexaisearch.cloud.google.com/grounding-api-redirect/AUZIYQH26ysoyjRfhStQOJHagyUk_fZEq5zC8nRCcXANlViygEbU0gdSmjwXHwTf1gkkw_0RonJYsFuTBhbVLQci_eRRDAIa613AOnOqW6d6kabO67vj2GEmBbrZiUdqqgI-G7D1QNWSiko3MWl0PT1RrhCK3R_At8JbVvE= | https://vertexaisearch.cloud.google.com/grounding-api-redirect/AUZIYQFG8svc0oiNp0rUf7LpABlQWJfB1GiCaMeJNUB7LLT9cBrC95d4EFiaz4JgP9C_6-4YX9YIp_SxTMPBvhzqvb21Xyu8PQghtRll9REB2-ULWSeiqwfKe7Czy785 | https://vertexaisearch.cloud.google.com/grounding-api-redirect/AUZIYQELJMWZ5shxnHsHV_bSSiMal_2cN5vdYdbVoWAhHslV89Soc7pRNitDXxcMoYk19DmWyAKw9kCxt-we8ytRRFKar55xfEMR019p-FHgXFjMO_3IOVxCQ5gZ4kYoEze2ZDjBSjo6ZBMz3-P3YHuiJb-QQtgsvJAeTy-bnAQsoCjaVdYMujhwxZKLTrd1JvA=,"Bayou Arts Center is the primary physical facility for CAA offices, exhibits, and workshops off Highway 393 North on Hogtown Bayou.",arts and culture | art classes | pottery classes | art festivals | workshops | community events | nonprofit | family friendly
Grayton Beach Artist Co-Op | Grayton Beach |  | true | false,Grayton Beach Artist Co-Op,,true,false,false,Grayton Beach,,,,,,,,,,,,,,cannot_confirm,low,https://vertexaisearch.cloud.google.com/grounding-api-redirect/AUZIYQFXijoue2yJTmIRShO56FPMBngMGeiju2Fwhq2yFVVkZ4-amfXItg19D7EXwC4-N6tLtS2RQNeXmHgius6UUyh6cTZPdPIM5TV6SLWPlyzHEUQvAu-sMp-vuUW9Z2qp3YFD09nghc4GrtuFd1m19EZrKX9blGcFzxRj | https://vertexaisearch.cloud.google.com/grounding-api-redirect/AUZIYQEVtCE2ozdzWNDTX7PcN3R_TNgCmGuXJRla-U88-QgDa3f8T4S-txdi9vVDnLbrHK68-z5uwK8hGL_X7L-S9R_KkCXerKiy4-0HF5gybkVHrag9ChYlcxwmhmRuvPAcLeh2HqUMs4qb-hbJM0XV8FIDPmZc-z6_oUp19qa0lrhmL3gip8BhhYLOAX7h,"No public business registration, storefront, or directory record exists for Grayton Beach Artist Co-Op in South Walton or Grayton Beach.",
Seaside Repertory Theatre | Seaside |  | true | false,Seaside Repertory Theatre,,true,false,false,Seaside,,,,,,,,,,,,,,closed,high,https://sowal.com/story/the-rep-theatre-has-final-curtain-call-after-25-years-of-creating-memories | https://seasidefl.com | https://vertexaisearch.cloud.google.com/grounding-api-redirect/AUZIYQEd5m85co5MlgkYi9LkliykpDKIIInyyjYnXuBU2M8RNkGJtySzMez1qWMK16Ztj-kJZSGqymEUS6icEpLWwp2DNz3tXVXZRU_MGUXZJ4-4-Fluc692-o9qyj_4QO5Y3FYJuROglCaN_fVfO94jI_6jx3J0Oj6pxySQOamoLPPDUp0BxycoKj9O2h6GLJrn6XORKqjcITNZ | https://vertexaisearch.cloud.google.com/grounding-api-redirect/AUZIYQGf77nWF6IzlijZVNc4JF7t95VdDyTqN89oxbKql9TIGVGzKx4UJ2xkv6HGeFXLTQ_Q78PvUltGuwZGRxXh6CxGdCITqgbU6TCwwBU6y1CqE4Aq_kOyA5GJ_WWSJ3loumS2Vud_3-ir1HHkGsGv6OdiM-gkEh2jvtlu3keVUoupzQ== | https://vertexaisearch.cloud.google.com/grounding-api-redirect/AUZIYQEvX5C-RrTSbcKcYZVLNt9dn2j0PJrUFtnag9-9OxUM_JbsN652PwAk7Qq_jE_sN-QfAi5kNrbBDXmAiscO3svPWF2KJYLS4budBmI4_BYfEOWmnqKl9PZBBULL0y-xsDcTkjux9fqrHjN99NOt3Rw= | https://vertexaisearch.cloud.google.com/grounding-api-redirect/AUZIYQGVmdG1XW95Uz9bA5hYTqKdgPViDCl2DszXElsMtI6askGg5h137_ZOy3kF4jK8M3GlECdYsyOtZ9arlEZoxUrXzV_9hnwNIKzRfgrlMse4WwXCV_DkcZS9SUaGtUdQC57o0AFsgdAiK_-aNkLMitzWmNyX7FhebDpajW4MCK2vP45MAalXPw== | https://vertexaisearch.cloud.google.com/grounding-api-redirect/AUZIYQGLLM9bTRN-Yhyb0a3-qKzCCpWMzYZ-rOoglB9GnpdEaiUkW3FeSVPCgKuxk_-XHiqEvfCPANmjRhGWW_NkyDXHYBnQTaeUCQC6rtI1hCDkcQY=,Ceased operations in mid-August 2025 after 25 years following the non-renewal of its lease in Seaside and key leadership departures.,
The Hub on 30A | Inlet Beach |  | true | false,The Hub on 30A,,true,false,false,Inlet Beach,,,,,,,,,,,,,,closed,high,https://thebigchill.com | https://sowal.com/forum/threads/the-hub-renamed-to-the-big-chill.116503/ | https://30aescapes.com/let-the-good-times-roll-at-the-big-chill-hub-30a/ | https://vertexaisearch.cloud.google.com/grounding-api-redirect/AUZIYQEroHGeEY-9WimjsjjM1tJKh3qjLAN3JqIoCxKwBiycbtbWdZVVvn5TK7BIHxw49qAtB3YmRST-5Q0_5vKfcsb_J0MIPQHHZ-IwZ-F8z-uudd6tXTRre1itx3zW__gkUgbE_MLh2Z0dKpQcY3acZ7j7PnJ0HwX26sfKKiieGW4= | https://vertexaisearch.cloud.google.com/grounding-api-redirect/AUZIYQHULRkW7ysz_5ERM94gD4p8gc8hCEdDAyUhadojBEJLui88i7O9WbOvASaf-KxDDFO_Gsg9t_RlCgk9pk_C8YnwyxBmu5vanYqBoxS0z0LhDgkdOYQec6VpHSCuKbkC7SszOkpe6xJTjST_nfS2Qxlgn0ubjlSnO2SRnJk-pHRUtmJfacTbWH2P7ylC4A2FmLymbcLg7wi9JPM47keNxIN05pp4HECNTbRelYnAw--XlhlugrpmS2pHG7DgHsBtz4BfoO9lL8Jhwnc= | https://vertexaisearch.cloud.google.com/grounding-api-redirect/AUZIYQHkCYffAYd2hk1u8cFHzb1ZYMwGRAMKM1Z-4gTKc4w3Sxys_d2NnZo9aMd6L1BnJ9EsgPvFgEaKnbDML8Ddygrf9Ab9Cgf5Sw_DrTJ48es= | https://vertexaisearch.cloud.google.com/grounding-api-redirect/AUZIYQGfdjpS0FxTOUYnLoCTAhhSyKnePeGc3zA64vWoC8v30sSDoKa2NvIjuek1EZzSGyZGF-n95JI9a93fkZg7QQ0S6p_TE_MjqI4lr70QoCxrCcN-NHRvLQ8TNHJXwg== | https://vertexaisearch.cloud.google.com/grounding-api-redirect/AUZIYQHaJXmkFg1R2JxFQR3fnMj_5WVGEZHPZN2YSOQSBSbOjkwkb2HoiJSvF6_6j7ZBkVl7beJFxVGhxNvVLrUh2o5AS-Y_pK-CyiqfClmXDD4hBpoq6yGwagCZg8EMqB4BygQ9vERCL7w2Bx2XcYQ-XJWzbaqeRf1lqZOE9qSwtLg= | https://vertexaisearch.cloud.google.com/grounding-api-redirect/AUZIYQGd9D7NA5gHEyjRoAQHM8gjImiGkzgWOti-g_ndG5xBggN5p5XE06nNocg6XKvDp7nGm48QGSt0aHXt3E3-o0ZyNBs3yKxXqC9GBFUiE3-qI9yjbRCHWDV-f-xs8PdI1yNyk2UkWw==,Rebranded to The Big Chill in April 2022. Marked as closed because it was replaced under the new operating name.,
South Walton Beaches Museum & Cultural Center | Santa Rosa Beach |  | true | false,South Walton Beaches Museum & Cultural Center,,true,false,false,Santa Rosa Beach,,,,,,,,,,,,,,cannot_confirm,low,https://vertexaisearch.cloud.google.com/grounding-api-redirect/AUZIYQH6ZRela7FoaXmKzZSjd35LrUcrre2PSri6WdJuVJJwjnijWjC_llaNbkLzRNSaIaDeyKYmQHjTej46rM17QFDliR2SzvRdFRmePCPk | https://vertexaisearch.cloud.google.com/grounding-api-redirect/AUZIYQHZgcsz4_L80hJOxUrCVz3ljgQ_Btw415PQ_zpdyX1HIPHcQF8er5jL1iW4yHE6LWMDmur4MF0UlbtVav0ySrYrh0lRAh6pJ4lAgrvRyQVGGX4FMjUzBcLumRWeEQ1q7YMkGdo8kpwtmySlqCFS | https://vertexaisearch.cloud.google.com/grounding-api-redirect/AUZIYQFpRHLD4H5XVMXLPKBQbZ-ziZsGORBQu65-afYIBh8J7JeldFap2RTJ4rToepkNjWiRWj3THQrf-taNpjMxf8T6s9Woh07f28_WKUkrs42ldYIyuzIchmT5JmR_yJ7OCahhpH_T7cmTkwVsn409KIElrNUmcgybsi6Bp2c= | https://vertexaisearch.cloud.google.com/grounding-api-redirect/AUZIYQFwvhN7fD7DoK1Hk6Z5OIkTmcN2xbgb0kIsCmNckh24R6cwpAxCbqoDvusu4W5mCi7ab0DP17RV1QPwRpffvB5RtlUMjdPbrUYtZEGdsXUfM6BnrLEwznmsiDvT7HujXOZDS8PDWs1ydPAYt-GdhubFCa-M,"No matching business, museum, or cultural center exists under this name in Santa Rosa Beach or Walton County.",
Alys Beach Art Gallery | Alys Beach |  | true | false,Alys Beach Art Gallery,,true,false,false,Alys Beach,,,,,,,,,,,,,,cannot_confirm,high,https://alysbeach.com/art-parks/ | https://alysbeach.com/merchants/ | https://sowal.com/story/alys-beach-outdoor-art-is-diverse-fabulous | https://vertexaisearch.cloud.google.com/grounding-api-redirect/AUZIYQE4jpoaZkgM0KKD2m3nKO3V2z86OaCTSCXFBqf2zuaHaGtmPBvNL6R5LWCbHnE2cSadUHdzPJsXri5U2S-c8VqF3DTIotS56Mrbp0Kmvn3HiIMNC-azBjw2y78= | https://vertexaisearch.cloud.google.com/grounding-api-redirect/AUZIYQFCzCedv_j7oHccDRaD-BpoXVyX_g3nYu0-8JicsQPfzUuisqrz8eF4ovW4CWtF3Wmo7JUyZ4s9DrjyHY3hx_aJIrFieIQoBWZ_ltjbaSwV7C_y8E6h7w== | https://vertexaisearch.cloud.google.com/grounding-api-redirect/AUZIYQEaFLD3w487wQhM4TZ3fD5wsmk8LR3GiaFCuMr2JfAL8SSHOuXAi4a4AcYV4AZUBaszp-a5otOVTgmEA7xONlE5M_DkN_kPUJjNc--EtTtPanFn_5P0AyYsGLUJEmNiz2dp_EyLuQD-OWJ_oGQUfE1PCCsXaZagHqQ=,"No commercial art gallery under the name 'Alys Beach Art Gallery' exists in Alys Beach or the 30A area. Alys Beach maintains an outdoor Art Trail and public art installations managed through The Alys Foundation, but no standalone gallery operates under this business title.",
WaterColor Art Gallery | Watercolor |  | true | false,WaterColor Art Gallery,,true,false,false,Watercolor,,,,,,,,,,,,,,cannot_confirm,low,https://www.watercolorresort.com/experience/town-center | https://sowal.com/story/the-30a-gallery-trail-must-visit-artists-in-south-walton-fl | https://discover30a.com/watercolor/shopping/ | https://vertexaisearch.cloud.google.com/grounding-api-redirect/AUZIYQENwBKP9JeizY8N2kNEQWrIeNZbkgoZlyF4Hb4ULSDgyZ3YNCz1ds84ZQnItzYf7Y3-mye55DzHTn5e9ZdOX7YdTds78xqf7_m3sY_unSBTVsKNDrfbAinSAWzl3o4xbgQ5ZOQtnx-c75mFQuXt | https://vertexaisearch.cloud.google.com/grounding-api-redirect/AUZIYQFnONZZkMg0V5ijtWtgg_oGyLywMrJyQ2-4aAF7h9V6tLi-uXaKjCe7PxYLBJAirVyV4-9oxLV0_zQnke1BFsWrMSiVCIeqSt8KCeKEqbuzpdhRBDrSFWgVnB74XPt5jKv_97b4gmTlnE9inShVx1pUue-bG5mNsv_Z9bsjWGk5XRDXqjULeDzF | https://vertexaisearch.cloud.google.com/grounding-api-redirect/AUZIYQFtA5m26oR6orXx6GBR4exIGqsaRqrNoSBCKqHUJgMr-TK5QU9uEr19BLgJAC3lFgAZU_kHVVzVU_3auQD_tyzTct7JmkQkGdyCMneUUkdRpQCfB1-GJvkVR5hpFfouB8Ip_iMdFzWt_2VYeed2ihOX,"No matching commercial business or registered entity by the name 'WaterColor Art Gallery' exists in WaterColor or Walton County, Florida.",
Blue Mountain Beach Art Gallery | Blue Mountain Beach |  | true | false,Blue Mountain Beach Art Gallery,,true,false,false,Blue Mountain Beach,,,,,,,,,,,,,,cannot_confirm,low,https://vertexaisearch.cloud.google.com/grounding-api-redirect/AUZIYQGraPjC-iX0gOxDttk0hKZqKNJEpXlziDXIR5AzPIph8eBCQ6op91nIesk2J7pI0WEDsbLY0ClPh653TyHjeNDoQ-zN4hSZ475an4JR-H4TJpzhXkBM | https://vertexaisearch.cloud.google.com/grounding-api-redirect/AUZIYQFvNMyjsIovcHpPqQ93o4YuuyyfvZlAsfO2jsM4vcA7DrXXJygvlru7ntY14PhMFNiLRDe7hrwxuVq2oUa284LmHgvPGgFhd_Ds_7FLm1JhxYWIhHtPi2AAXT3pQMTV4QwcjT1uuVC4,No verified business entity or gallery operating under the name Blue Mountain Beach Art Gallery was found in South Walton/30A records.,
Rosemary Beach Gallery | Rosemary Beach |  | true | false,Rosemary Beach Gallery,,true,false,false,Rosemary Beach,,,,,,,,,,,,,,cannot_confirm,high,https://vertexaisearch.cloud.google.com/grounding-api-redirect/AUZIYQEvOdj6CEcMJbId2SG3BLO2IYU-z7CveyNlw-0LJv79oGcOosY5AawCAfguz4h2bEqiy7_UszRHEPld-itB6AWTyWJlO4YHl0xOsSh9UE81HMQygrooIm6uVcGHsPiD | https://vertexaisearch.cloud.google.com/grounding-api-redirect/AUZIYQGeAe7gu5WZs3Cf28FXP885hihYSd1ttIJQepkoA-z2eNy3u9NnvU2Ofra79XR31n2fWfdHCQ7GWTRedzWQNbD1OAe0Zjh2NwDLtB_Q6uLXQAqHF79HlWAlSCvYtMJesHg0FYtx | https://vertexaisearch.cloud.google.com/grounding-api-redirect/AUZIYQFtBBzwnMlBbzCUVTE4mFK3ZnthhOF3N36kDZLWrUmXoQr_PXklkjjngr4hBCi4ir0GqlBhItOOA5a-wN4i-1V_4wtMgddGQZtI9hNyGvRxH_k2WUklQDRyPoWo5jy9kFP9RrF5_m-oXg== | https://vertexaisearch.cloud.google.com/grounding-api-redirect/AUZIYQGyEzf_mSxqftFHyPXJmR82Nb1S4oHOYGqQzhvdxBn_HID1Sr_-5iZRpDLevML7BqecyYCd4PD6BwTh-8j0saOzgGEPo-JQOxh-6ALS,No real commercial gallery by the name 'Rosemary Beach Gallery' exists in Rosemary Beach or Walton County. Active galleries in the community include Curate 30A.,
The Art Studio of South Walton |  |  | false | true,The Art Studio of South Walton,,false,true,false,,,,,,,,,,,,,,,cannot_confirm,low,https://vertexaisearch.cloud.google.com/grounding-api-redirect/AUZIYQFgkBqgi--ZG-06w4hH_bfdS45awcfyWzIRSbDi2jwUoA_tyu-vvkmIBYMoFlg0X_BkAVD7s3fn_pFgAaieCJM98QDHz_--iJRvAVOqwAfVAZYMNn2oXLLFYJmX-dEBCP_KfS1Ni2xocnUIKv8cdU3EpssfzcafHSXrUyjfOlvfcTsimHtRbxvKEw== | https://vertexaisearch.cloud.google.com/grounding-api-redirect/AUZIYQGHoO_o9u60bpx5jZscNq9foubwnq_cLK-Xf1d60l979f1whdQhuivS4AuCcFYPjRyvlrTFpuJxazo8GYsAeGIg2I-FdkqM6nJl1aQqlSpCHjdHoTjcHfBdkT0FujVhi3uzpgn__ticdlrC0DRdDBBRjbQuSwSLx9c40XAgplYVNmANtG88fQ== | https://vertexaisearch.cloud.google.com/grounding-api-redirect/AUZIYQGz4OOdfrDWqJMxLUlWgtYv7Cvlrp2_zigsq3bFFbNvtw-4LIXh7qu22M6-HxuRNPlcW9G05SPqnT4B1lHGURol47yD4-2Yk0eWAmd3rkiSG3MSMfF-RPxaQj8vjBFSK4-6K9TTFfu3NG0lnjcRLTRgjZJMgUSy9Ce_x0ETiDdv1s1a3WpSJ-x_eUlA,"No current public records, state business registrations, or local directory listings confirm an active entity named 'The Art Studio of South Walton' in the 30A / South Walton area.",
30A Songwriters Festival |  |  | false | true,30A Songwriters Festival,,false,true,false,Santa Rosa Beach,Santa Rosa Beach / Greater 30A,Arts & Culture,live_music,The 30A Songwriters Festival brings over 175 songwriters and musical performers to intimate listening rooms and outdoor stages across South Walton every January,"Co-produced by the Cultural Arts Alliance of Walton County and Russell Carter Artist Management, the 30A Songwriters Festival is held each January over Martin Luther King Jr. weekend. The festival transforms coastal venues, listening rooms, and amphitheaters into intimate performance spaces showcasing celebrated songwriters across Americana, blues, country, folk, and rock. Ticket proceeds directly benefit year-round community arts initiatives and education programs throughout South Walton.","30A Songwriters Festival | South Walton, Florida","Discover the 30A Songwriters Festival, an annual winter music festival celebrating world-class songwriters across 30-plus intimate venues in South Walton.","30A Songwriters Festival, 30A music festival, Cultural Arts Alliance, MLK weekend 30A, live music South Walton","105 Hogtown Bayou Ln, Santa Rosa Beach, FL 32549",(850) 622-5970,https://www.30asongwritersfestival.com/,,,exists,high,https://www.30asongwritersfestival.com | https://www.culturalartsalliance.com | https://sowal.com/event/30a-songwriters-festival | https://vertexaisearch.cloud.google.com/grounding-api-redirect/AUZIYQE8GdaXq8N3VajxtBgTa4vaDEiNKIJmhRnBIKB5LzhXQHrEruG7Rlgv6v6Kx46wPyHGdbSld3MDA3nTUODIrDplphpHa-80D28e-upx2IinelMpJ7Jx0B3PzvMHE2C72aTxLCkkBf43PKzKYuKn77Y2w-IS | https://vertexaisearch.cloud.google.com/grounding-api-redirect/AUZIYQEL25CDUa5o5NE-4Vc6LAtKXOHdBBj-QLKZJCfLFf5IQcrn20qt1nHyE_YiORZhooDn1sa2sCvcBVQDL8RdZ3Ec62MRZyb4eHpuDxgx3dA_jB3hLtKQTvyL0TUD4btiaqR6B4Xu2yDel1GMlOuGL_WPv52Y6RC5MS7lZPsmXa8tkg== | https://vertexaisearch.cloud.google.com/grounding-api-redirect/AUZIYQHh1_UimDreJ0Vj_i1z3Zge8M86rDkSteVx1Klph7BP3SPt7PPVFgtTrLJizX4FUF2HJYix4sz-lZYo791y7KfmJZs9S006i2GNzz_rM-Yqn-_zqgVHcxZ3TqqSUN3GxtYBN3jxHwuCQ8tePbN73g== | https://vertexaisearch.cloud.google.com/grounding-api-redirect/AUZIYQGAulB8WxPIgPK5mrkGJeWTGz--56CqZQd7SNgGUhxiF9-VsyAoaTQI0j22eWdtMnvqodikWqP5tAf-0_0_rHq1OmfxZc1Wi5LwNg7l7TAE4jXJixgm-F969hGhZWMn2o5c00Gw | https://vertexaisearch.cloud.google.com/grounding-api-redirect/AUZIYQE6uae6Fk2OEDthe_PXn3uZ3-Ah26lqgQTSwVx_HOdPpZr2RoL5733LDvns42nHGykBEsMG-HSZf40rvzpBCgcNWc8VFF8R4hKlwfbS1JqNrNzPGU5gkszLVNZtLmlr5HdZTVDqvIJKJw==,Performances occur at over 30 venues across South Walton; the physical address listed is the Cultural Arts Alliance of Walton County administrative headquarters.,music festival | live music | songwriters | arts and culture | annual festival | concerts | fundraiser | entertainment | listening rooms
South Walton Arts Council |  |  | false | true,South Walton Arts Council,,false,true,false,,,,,,,,,,,,,,,cannot_confirm,low,https://vertexaisearch.cloud.google.com/grounding-api-redirect/AUZIYQG-N76G9yEHQS69taNMdN3IWRJUJVaB_ThIPrhyjTX_9xt8zBJGeAFvxBf0u8W4OqoMm7NTTT7CzDnYfan-wqs9FewhtUNd2G4hmekj3QulLpxQ1vR1ZgA7c8Q1Bbe2uVcQ_5kM1-7Jg7hvuw0= | https://vertexaisearch.cloud.google.com/grounding-api-redirect/AUZIYQFm2ujWxn_eSPxUULgRa60oX8xPpp9nFNMP18oAkYjebj6yXMJW7zE5GEfSAzNgeVpQ2eqONvMo0CM7P-IbEAP9qmN5Y6VJ3rIHJY6K7cu9myP-oP-KUp2rTT4ZclzYSPXPeeGzMZpHkrHh4JsQ5MM9lrf8o_AenQOIjiRVou69i8kgBAEBhvW_ykAEXdc=,"No organization or business named South Walton Arts Council exists in South Walton or Walton County, Florida. The region's official local arts agency is the Cultural Arts Alliance of Walton County.",
Mattie Kelly Arts Foundation |  |  | false | true,Mattie Kelly Arts Foundation,,false,true,false,,,,,,,,,,,,,,,cannot_confirm,high,https://mkaf.org | https://sowal.com/business/mattiekelly-arts-foundation | https://vertexaisearch.cloud.google.com/grounding-api-redirect/AUZIYQF4VGT0Ai-OWzpkfmS9DzCzBCu26Gf_cX2tKl0I-gcBCHq9HJon1KyIn6s_-7hgZuB6nhsvcpD37K4pQk_Xd3vWKE-Hnz2oWA3rDL8LvVQO | https://vertexaisearch.cloud.google.com/grounding-api-redirect/AUZIYQEK6rkGr679LGIAqMGZr7yWoAc91FgpJ56sKXL1UrGQWXECSAGA62g3RwPFVJ6BWIX2NdGtFOeyT-UGSB8vOvzaQXsOcfgUipkKBo75BCPRjgUrucA= | https://vertexaisearch.cloud.google.com/grounding-api-redirect/AUZIYQH4S3cJV7glWBr9fenvwQpSSNWEdwYCHp5nmZciWrYO8Y6RKFhWPqOrhiXNtY2jmdEwsuz4iWT5nEv-Nh89cMFRmxXdBJfHj-OZi_Jk0TWk8gdEOIMfxUiWb1d7RMcPqRYoULeTHE7ay3QsLKfV | https://vertexaisearch.cloud.google.com/grounding-api-redirect/AUZIYQH8TtDXQFBr33LhQhiuWiGEKNy036Qb_Vi-DxvdHC8ntipEEy59MbA3_XXTf1ugGmhR8D7d4EpMBEuYwUt_UqeP9SLd-4gTzX6318ybkORVc7NrWG2O9_s36ZBeIckPKiINmeD5sFqTC9CQ2fwqUUyGcr9HrHSJQNtIRDExchR2-LyLOwiMKA==,"Mattie Kelly Arts Foundation is a legitimate non-profit arts organization, but its physical venue and administrative offices are located in Destin (Okaloosa County), outside the South Walton / 30A geographic boundary.",
The Village of Baytowne Wharf Arts & Crafts |  |  | false | true,The Village of Baytowne Wharf Arts & Crafts,,false,true,false,,,,,,,,,,,,,,,cannot_confirm,low,https://www.baytownewharf.com/ | https://sowal.com/ | https://vertexaisearch.cloud.google.com/grounding-api-redirect/AUZIYQHtCxEFNARV_yk5YXviHbJvE1OG3QSis1YHyY2NBbNSAAuhJSsnhvg4t_2L9MpnZWvmOgBjk7yroA5Qs8jXdirmGTyQiKU2TeIiSg8SqkYhN-tIeCiPx6CtLpUW7r2fxaiMhiqZTiLVnrPf--2-yvw1PCt3q4RpPLYIvQA= | https://vertexaisearch.cloud.google.com/grounding-api-redirect/AUZIYQFEpza5obD6R3F8eP5vH0IMmdh9oNp82QOa5i-xKsr6PIN3aGSiIyGACSOr4ri67rOVXEbpKzmTLrNKWWiiPHg1mFiVeVnouhx0EcTtala-VFK4CA== | https://vertexaisearch.cloud.google.com/grounding-api-redirect/AUZIYQH9In6iyrMm9MmXm2ZHon-vkBxagsNtTbM3EmI3FIBTCtlc-0eZ0XaNtJs9UI2cVeZkzByQqSQq1UEVwmPcNUlvfBzVNTEuL37EQFKmDQm8ub4jow62w0zPzLHyhG7jT3s13JPkg_8aWIX4tmCrxxUvbr-a | https://vertexaisearch.cloud.google.com/grounding-api-redirect/AUZIYQHIRNYqk6r0BtxaiUgwApFAtJLxx4hNGNRA_pJOYN3_9y123BSnIw0l244r0a_AGn32chFjZ20IZoidM3oInlbZ7bJ6W5vVcbuAQPNYNkufKnQX8jnkx9JHGoNC0gMUFfVTpzwkffgVCj-l5kA6_Wyz2Q==,No standalone business or vendor named 'The Village of Baytowne Wharf Arts & Crafts' exists. The Village of Baytowne Wharf is an entertainment complex in Sandestin that hosts occasional arts and crafts events.,
The Art of 30A | Seaside |  | true | false,The Art of 30A,,true,false,false,Seaside,,,,,,,,,,,,,,cannot_confirm,low,https://vertexaisearch.cloud.google.com/grounding-api-redirect/AUZIYQHl9KvdQmOjfZM66doSIBCmMseAJFSPjvmYsNMPdh-8kuDFSGwbUc6WHWXK94Pt7Zy8yuSjLod054tPan7WSF--m32JNdY0pYc63kSh5Fz9 | https://vertexaisearch.cloud.google.com/grounding-api-redirect/AUZIYQEDwYGxGYYmGMfWQVUCECJVXFAWzv-ZjFRNKyXYM438GcyQdhkRMWbD3Wr4WwUh1ihzUZhk1SQsiw50ig-Jtq-u5a2Q2aQR6PrED3VOLZSRgx_OtJ8h | https://vertexaisearch.cloud.google.com/grounding-api-redirect/AUZIYQH--iQ4bN-rO9qZlNF6do5omvi2xRHGRTbiprsURfFBvbBeD6Q4jyKlZKZiaFu9dxEd4buYkBqpQYMl6jB8OkAU76hgG6z1H_QPcauqbMUdMxER8Ss3InmylioErh2GTkm9apdYHD1JMySX6UreBd0vEIxb7F3yQIvWXuKUXP46l3iwG2y9mvyyukLZB0HbHB6DOBQfHktT4B31IlytNiZqhkdErpeUbio0S-9fsQnTxCKp3CLYl5iNV5zoRw==,"No active commercial business, storefront gallery, or official website could be verified for 'The Art of 30A' in Seaside or South Walton.",
Blue Mountain Gallery | Blue Mountain Beach |  | true | false,Blue Mountain Gallery,,true,false,false,Blue Mountain Beach,,,,,,,,,,,,,,cannot_confirm,high,https://vertexaisearch.cloud.google.com/grounding-api-redirect/AUZIYQFw_i-Yk6uTKLppUDffSGU3LXs-mr9zW4U93bfYhgNiL7OIRHTMhQiMBTH_CZg-3nurWFYeiAlbe0sKqbiFtxq73bvMhdQngqrLe2dmt6fPj-Q4mmb-saP-QXIsUxMSsgIyVSY4I2NU0hazji9cq73VuczygwsZ6s4fegchN1BueK26pRKUueMN2Xk_DsBK2pNv8dgkWrNBrev7nI80v39-olJ7QSXU9ZMGW7EmcDHELxiYQFSeoMeO8flJmjGOYKRYZVe2g4SNw_2QUhKBlRJnMWnMDqxPpQ== | https://vertexaisearch.cloud.google.com/grounding-api-redirect/AUZIYQG6WN6G4_ijyueRaap6KAyBPeXmOK2qR4GvpQlRSdCmhyxvZvQE4ihzEbIZTvTuNtxP2YV-JKuHOTNSgwCWFBtNT_rT1iLapt7RLxtXmMqX4qBoN12Y | https://vertexaisearch.cloud.google.com/grounding-api-redirect/AUZIYQG-nHR8PedhaoqJgPZ7cyT7jWn4gEKIM-vbDRkJrkFlQDvgU3i_0svmZz3z0Zz7YRgh4mZb10X-OCoSPAfAsjcsLZj_bpS-xjmZAKclYzDDCg1iazdjIIeBhiAsl_Qs0b-MaFS6vA4KHZHnHfEw-rvLBN1YPoAo4yMAdOtGqYw-jxn2NxTg0W57d2WetcDpZf4U7jd4VWzWJOebqc1H0QlKlSTH6yq42oBRHL6T4a5mQyxl7Tz8tVD159s8pDfYq67A6E4GQQW14Q== | https://vertexaisearch.cloud.google.com/grounding-api-redirect/AUZIYQFb33rQjeCX23hwUR6EILh-tXSImyecT5-HAAnQejypAq97MVl90hs9U4Eo33I-SmFyIh5-DxLrhT_n_du2NXZd06dSUE57c8xmVUVoVvtgbwYFmn6m7B-JRuX_xwASAzc= | https://vertexaisearch.cloud.google.com/grounding-api-redirect/AUZIYQHrIkuHuQxKol84L6pvWUaYzWe9TDu-XeJWUbqizapXxrgG4utNoh41j0DMNHQsIjAKgylEFJ1DBrh1tI_1n8BVMZwzK5yb041l2tcikoWc8TTzBvYQZAEgLAqh | https://vertexaisearch.cloud.google.com/grounding-api-redirect/AUZIYQEkey9ittRxLWvHRwKQKRFOrQYFsdC3vIGEc7dSir2UTEcne5CMYxNMkP9tqsM_1rFRSKuFzJ21PQr6_6kiplUPYtFdHNB3sh8gILJxSZhzOEUj2C67rR3atxaDGU04BikEJfBzdb9ABwb96-DRug== | https://vertexaisearch.cloud.google.com/grounding-api-redirect/AUZIYQF058ZW2W_hgT3YxkauBVuKzz5sqbqXgK4kSVBhbtei1eABVZ-IAfK0QoX-B6DLXxTt-e4RZZHOmdbYmRzW0xhdSnyWX_eC0gdVuurvsVEL5BqJYohm5vfB010cWjMxkJKBpbrAwukhYTeb5WmMD6kmzcepOK8tdkuYQK3_mornnrxGTPsCiGyArg==,No matching commercial business or gallery under the name 'Blue Mountain Gallery' exists in South Walton County / 30A. Appears to be an AI hallucination conflating the town of Blue Mountain Beach with the New York City gallery.,
The Red Bar Gallery | Grayton Beach |  | true | false,The Red Bar Gallery,,true,false,false,Grayton Beach,,,,,,,,,,,,,,cannot_confirm,low,https://vertexaisearch.cloud.google.com/grounding-api-redirect/AUZIYQEjcxDKH1UfeNpU4xQIoEeo2dCc2tsH4kvR1kZBUfj00G17YGwjZfpthaTui7nFriMwDwfRB-h-bPHMJE5PwBjUuuRhDuAhbQXPyLylraFhVNmU6YRmQ4_02LQi | https://vertexaisearch.cloud.google.com/grounding-api-redirect/AUZIYQEA8H3EBf39UepdtTqhijDRFSE-Y0qhjdsrm8OdpkFIcs3r71Cn1POZYm1LQualkXkcj9tFGPiI7y0aJMOyZ2wUM-UqEjdtDvDp9n8A6smht8YixUAq2_swGTV2kOkg8XxVV-RuE-kV7oGoI8tIqFQatrlMXX7A | https://vertexaisearch.cloud.google.com/grounding-api-redirect/AUZIYQFBsrNEF_Cx_ViQoJzTmRhdCxmtnz0NfNU2JY2m8YWQcu4ROK0-UkLb_VJeR9tWwuXaLIKB7-fZbcS9U4x5YzfErrpvrQOvtIn3boSkv_kfnAOrcOfe6BWNU_AM0yn0UkDv2gDITtyZpA== | https://vertexaisearch.cloud.google.com/grounding-api-redirect/AUZIYQGz02JUR6Q13Vo7jpsTus9ECcX5o1QPRWM3oPjC70zH7K-sskH6T6z8AqfH6RhsXK93pDHlWsH8FXmU-vR4MYBNTnn5bHA6ZLCAteihCDX7NKl1hJQU5K2ewIf1JqglzS4= | https://vertexaisearch.cloud.google.com/grounding-api-redirect/AUZIYQFDkrrQzANjZ5onIdujeeIfZvoCa0ecyecu7c-1Ga1D540CaHYWOT_He4ECbVO5TWlTr_nRHm-ls6b_USs9MLOZSYLrEzX2ZaBE9Pd75Vb3,No standalone art gallery or separate business named 'The Red Bar Gallery' exists. The name is likely an artifact from online directory photo gallery listings for The Red Bar restaurant.,
Seaside Artist Gallery | Seaside |  | true | false,Seaside Artist Gallery,,true,false,false,Seaside,,,,,,,,,,,,,,cannot_confirm,low,https://vertexaisearch.cloud.google.com/grounding-api-redirect/AUZIYQFGyBWKUL0nXZMXA1qeMrP31a3I8v-bOmIyNfQo6Rx2Bjt6qnqPDnxy8EVOd_wkJZqApLvbNQMorzNw8fFUdb9Jvs8e8nNtzbWuR63xLK0xs04aZEufLdLNuaQ7VwAIa7i-WPblOfYdYio= | https://vertexaisearch.cloud.google.com/grounding-api-redirect/AUZIYQFo3ejrGX-95Klsc4gbi6BdNBbovjRj8qrSb0r2BzcB7JvmQ2Pf486I5kEKb4VVnFyCgSOrGZJ00VmlXeSbzDl5ozDc9qPTzlNytXEEtbofJHYhhQ9BAZAVJWhYgMJyyNol7Q7IBSCBwrHJdjoq-X8o3-ahd1brZ9w= | https://vertexaisearch.cloud.google.com/grounding-api-redirect/AUZIYQHATazqTsufPk_ju0E71umo2OlvpPs3hPqkeEfEI3bWpP12fIV3A_YbeZAkzZyp4sFOOOBuglXH3Lpg1fivg30n4hvMujhy9H_Cy0rdGDUKw6UJqo_ffhQb9o8Br_0= | https://vertexaisearch.cloud.google.com/grounding-api-redirect/AUZIYQH1N8U9OFz0G5MD8BUaYmBWv7W8LCig_qhfTvPu-K5yRFsU5LiO45YJfb2UJvsdUvtQi257iX37VCgzjEghw6mo96aHG9UqoSLnIlJWuYLk-E2gbc6GNrCrDyg3sc3Z8vVh7sKPS5Gr1ZsCybmuUZ1gwLAP9tNQxC5x4N0knI4= | https://vertexaisearch.cloud.google.com/grounding-api-redirect/AUZIYQGk3yZPapkaHUCVgttBSEXZQIjplTnigU2w7LlvjM86v3QrsWjxPmcAbc3DeDbmEbL9zvDolGkeKhKBiWkIYv16nLwtu1h2CONq4ibwlMS-pCzSluM3eBZqleYwmp9aIFISy-0s0uI2L3abcdKEF5MxN5p1MXkFiC5mHw==,"Unable to verify any business named Seaside Artist Gallery in Seaside or South Walton County, Florida. Likely a fictitious name or generic confusion with the Ruskin Place artist community in Seaside.",
Art & Soul Gallery | Santa Rosa Beach |  | true | false,Art & Soul Gallery,,true,false,false,Santa Rosa Beach,,,,,,,,,,,,,,closed,high,https://artistsof30a.com/gallery/art-and-soul-30a/ | https://artistsof30a.com/blog/ | https://www.visitsouthwalton.com/listing/art-soul-30a/ | https://www.royaldestinations.com/blog/guide-to-local-galleries-on-30a/ | https://vertexaisearch.cloud.google.com/grounding-api-redirect/AUZIYQHB88OfuOKGItbLq5XO_6FdeB2sGbcPzI06JstDxR3izQE5dx0TpY1YJ3qRNCJt0jvhaUP0IY3AThpP2UG896jOkHCguvGDPq_RaxBrCewSWWKjJlXJWYi3Byyg | https://vertexaisearch.cloud.google.com/grounding-api-redirect/AUZIYQHJj-yLowb0yucUwFKXaDSE4l5TUoDfMcDIDsqKnXlu3qNXN9nUkelxjxTngwv7r_I_hrXnD6kI0eckh4rfzdlysW-_02oQkdUUsBjUEQPrQw0XIGiLCBz81ShD3kc= | https://vertexaisearch.cloud.google.com/grounding-api-redirect/AUZIYQFG52VG6XQrPskbZVATUJ-4-FxW3kcIxLSNvN-mZOWUcoWLgBFZBbafo1oIyRsy_YKfJavhyNRHUsZKraNwMzbyK98zbwCIyxHXfBM9IrM2cJwaxPoblgWsbWGO27hK5Gpg69J9Ufpz3BSFv84= | https://vertexaisearch.cloud.google.com/grounding-api-redirect/AUZIYQE_XKazXDmVKnu5SYsNlhimVdXoLKio05hq_f7cK_FdqU6FzacJg9FQA_Vqa4Ooy-RcRHGihe3xPJypB4MkW9qO8IHdeB_vapIuy14oIncAhCSxIa0xV0CjGFn7 | https://vertexaisearch.cloud.google.com/grounding-api-redirect/AUZIYQFMSsqMKw9P1LVEG2rSuurS6zQfbneVV1eXVFjGov6zUY6JyIdK2xTwVn4LdZB3-x_AZvi45Wr9p78J06fshcO4JiXEWHAWDPz7FuNtp6oi9X7abnx2ci7PAVK70g== | https://vertexaisearch.cloud.google.com/grounding-api-redirect/AUZIYQF55OMd1xS19soRrNPYoKi3Lo1JFjNz9LO0ze7YKx01ihLOWSnTQK56jOWFTVRSsIkB7dGK6kdmwWV-NqVq3Pj5KbFJ4Fo7eGvgPa9A0nw67GJxF2yCtzfFEWuJFeElAejJFa-xUwC1IptwGgLyFPCdDeJU387wn1DvO8eZqFQqbjxJ8tw7 | https://vertexaisearch.cloud.google.com/grounding-api-redirect/AUZIYQEi4C6CQgBdg0Lqnt0Z3-XeH8zS0odvju69kj45KKUKxnxLBqeNKzE82dUhK61iSi5uwvJVnUcQAKtMK9xjhQymBm6K4mNR5-L2kTbsAFijN5PgzK5zbQ==,The physical storefront at Lakewood Center in Seagrove Beach permanently closed in February 2024.,
Gallery 30A | Seagrove Beach |  | true | false,Gallery 30A,,true,false,false,Seagrove Beach,,,,,,,,,,,,,,cannot_confirm,low,https://vertexaisearch.cloud.google.com/grounding-api-redirect/AUZIYQFYQPfMsUtVKq5O4ZhiotQY4AbGaW9jAsYk9627aTqnphSPJBVTU6Yz-NABREGiGAhj2o-nH_TkEzYWWaRFyXOoq_b7AgKWXfS0L3FZvg2oKUFSWwUX0H2H-rbsDK1cqoskYyREWhnqf4pQeoy8iqA= | https://vertexaisearch.cloud.google.com/grounding-api-redirect/AUZIYQFy3PDvvdAhYyrZCWBTSFsNEwuaUwdBVuHTUjQAv7VachdSGNLgN73H28LA4WJI_eYFMgy87QBDvpiwvakKLOqhftC3i2GcYx1NnyV09KOrZbviRRDemDFIJG9darzDml6It2D5aVSBKXrnMH0= | https://vertexaisearch.cloud.google.com/grounding-api-redirect/AUZIYQEAWS7X-bqUUDo3D3KVy8pFtjDMzyAFGji6jR6DAtxHXnNYNym0ILd0Yd5nqtpf4jNWeaPSNAzUJOLFMQPxsH0Nbp7IzTy94cHrlm5CjE20JjsM0hAOxg== | https://vertexaisearch.cloud.google.com/grounding-api-redirect/AUZIYQGwl-8U0bYI5g9J_HWEJvIt16SKmA1YrqfB1f3yWRRgq-lzW0v3pL3Sa9lKKkhdhtNh_nzmMKIW3O3zQ-jXU0xTzpxYkffDQn866o8bElRoVGH-EOQzEIkSQcYZo3IyEg5pbQ== | https://vertexaisearch.cloud.google.com/grounding-api-redirect/AUZIYQEY_uPcpbyI1zIyw5pNiTg33ztR0KrdsV-BZ4J3Hc6L17e4DsDYhob9otuLHDdft0HG1N8nkX2Mm8LnAJrJDjKOVQku13wsba0O6-bauQShzeZPcax4,"Unable to verify the existence of a business named Gallery 30A in Seagrove Beach. Distinct businesses such as The Studio Gallery 30A exist in Grayton Beach, but no evidence supports this listing.",
The Gallery at Grayton Beach | Grayton Beach |  | true | false,The Gallery at Grayton Beach,,true,false,false,Grayton Beach,,,,,,,,,,,,,,closed,high,https://viemagazine.com/article/artsquest/ | https://www.clary-glenn.com/obituaries/susan-foster | https://vertexaisearch.cloud.google.com/grounding-api-redirect/AUZIYQG4B6YO0sCryjgMdDw6playbZH4DXWQBwy_1XDy24CK1XKViSlh3mOpSH4hOHdElOb-Wh8JIrp0zxA9aN_m3cOvau_MlPoKJg3SVXfeD9FTDbXpTCcjGFBD_XRI-wXhDg== | https://vertexaisearch.cloud.google.com/grounding-api-redirect/AUZIYQFVNDR7juKLzepQ7KRb6bbY4u36VUniXSgyKHyPPbrTHVdXxUvmsm3ZZJ98EWVhSv-owtzk7GpUJtsDn-suvuq44Kx2CeApr9CtFYcpJAx_LWEIkzOEFjEpFMJADe00NyaVLOqG-13oSA== | https://vertexaisearch.cloud.google.com/grounding-api-redirect/AUZIYQES8Z1Zr6kA6_Aoav1VFmk6qdrMghyPkiPCtQHU7v1OCggz8mkzBc572NGI1Nh_mCbuhFt3ft4xdMRW5PvwrFgNqzPOTjdadcYvW8IYi6GL-fUHc8EoGR8e28f9YLn9fOM6r_D4NaJ79m2zyX5WKMC7SKxCrTy7aASS7p_MTxX6uHZQOY8t6ClYhvA8CfBhl7anKKt42fcTw0uA_C8S1zPFoXdn3V0J3cw5o16BaXdKeJv8l1BLJyZPkKLZnfgAuw==,Historical business. The gallery was originally located in the building that later became part of The Red Bar and closed in the 1990s following Hurricane Opal.,
The Studio at Gulf Place | Gulf Place |  | true | false,The Studio at Gulf Place,,true,false,false,Gulf Place,,,,,,,,,,,,,,cannot_confirm,high,https://vertexaisearch.cloud.google.com/grounding-api-redirect/AUZIYQFi4pIoblKp79eew0ncSxk9dS88wbnPhO1Kfrd1tLhv0YSdhW-WXQW9TjW1Vfxp6l2l-VaXCMAPSdePn0mdok7e4j4lqPq7bJDXC5u1HZVmqtKXvnfHISnnzxDR4kZ6LsPDSe4g | https://vertexaisearch.cloud.google.com/grounding-api-redirect/AUZIYQEQs7JnXffqdsa2ljeJmBjKW0eiXSS4Vl38FLnSqrIAALLQmYx5tqbpBAkq35blkEIQnFQ7aLyE4WCYDzwJJKRSzi6vqFfBWN5nD1FLDEANazX5xXqUYQSMCcx7IRI6_WBIUA== | https://vertexaisearch.cloud.google.com/grounding-api-redirect/AUZIYQGIH2wVgP9TdmzODfDTg6TL4oMoUvvafCChTrSMp1LEmstaHDKUeQ65UVAiFTWktfB7h9ERWWIo3DDSXWvZFBrH6znR-HDavwE07WXu3LhJmBvn_dbXwQGXNfJjVpjU9vVuwhHeoA==,"Cannot confirm any registered commercial business or gallery operating under the name 'The Studio at Gulf Place'. It is likely a conflation of Artists at Gulf Place, The Studio Gallery in Grayton Beach, or a vacation rental condo unit.",
Seacrest Beach Gallery | Seacrest Beach |  | true | false,Seacrest Beach Gallery,,true,false,false,Seacrest Beach,,,,,,,,,,,,,,cannot_confirm,low,https://vertexaisearch.cloud.google.com/grounding-api-redirect/AUZIYQEZ08Y84iXHIvJydFmqu__Bh8hZyjq-38ibqP7_HWFtpS0Kf3fHhYDPkprGiLp2KpOhM16z6JfmRZKFj-A_0MHx4ggtMNXc_UDUSmgNw47itTDbk1YSUxB0Q2t2srXwtw== | https://vertexaisearch.cloud.google.com/grounding-api-redirect/AUZIYQFUPQCVGde1OqZL2v3c8gY_dd2nimH5kruiwEvu_qHZHb2OekXsDB-HsaZ0ea4Bxb0yUQeO2Tbkd96sKV39NO3c2OhgBfLxhcPLTP8uhoNgGwl6zU-t-wL65tFIckvHLdEqbTRrRQw81Zi8 | https://vertexaisearch.cloud.google.com/grounding-api-redirect/AUZIYQGqShmvOSIQ-qTM5UdoQzPKFJ--kvtyhP5JfrNV-j-_UVzDMG-EFs2wefuDNpSMl5kML6TrxSmbp5AA6ckko977NtZgHsw007ZdqBeuMchLkGmufvy4aPVAyQztmOAX_5IuvHL55wB00px-HmZUFBsnekAlDl37yYSRvm35L3hf-eiDIg== | https://vertexaisearch.cloud.google.com/grounding-api-redirect/AUZIYQE_4k4lYtYI7ANukg98_b3hU4GzRrmWLKwNp6gd95GnEL1DT5REE7COLXBKR3sPIUR3ng6RPNX_KQIivw7g47yiYZFAeilYMuXOOXyzmmWeG0vtYTe_GHIe2a5wqP3EBCRTuAU= | https://vertexaisearch.cloud.google.com/grounding-api-redirect/AUZIYQEHnZBeD3RSAWowiXuSUbn5S-63CVVThxrNBtUbr60M_akZwmsMzaLhZsqxfhCt-hNFqcO00Oj_4D0UsXJqiItceEDyj9MoyyuF2XnSJzxwuR6aNax9VrmeyFyiPBMnzkAZqX2j | https://vertexaisearch.cloud.google.com/grounding-api-redirect/AUZIYQFlAV4aHqUgNCS8x9E1u1MW8_rvRPus2041mYAyFLKtGWOP8lzbkp09Nb8QSU1gwWC9E9Grlr5S2maRTrb29EcjFzAZaoEHe0mY1pG2Maq4JxjGivqAvVeB-2hSPaudFJe6jiwaE6hWHPp0WoHJEIfHZQ== | https://vertexaisearch.cloud.google.com/grounding-api-redirect/AUZIYQGKrkH5KM31uYmyyKtq2HpbEW2eQY_93znF9hKt6IRrlEcNbjwWahRAWcSHuZiYne8ZzPyndi2UN5ga78e-OQX4TTmOUL4LPfsM2u8luWsi2vl6O0aHAVs=,"No matching commercial business, active website, address, or corporate registration could be confirmed for Seacrest Beach Gallery.",
South Walton Art Center | Santa Rosa Beach |  | true | false,South Walton Art Center,,true,false,false,Santa Rosa Beach,,,,,,,,,,,,,,cannot_confirm,low,https://www.culturalartsalliance.com/ | https://www.visitsouthwalton.com/listing/bayou-arts-center/ | https://sowal.com/place/bayou-arts-center | https://vertexaisearch.cloud.google.com/grounding-api-redirect/AUZIYQGHrmt9OF-hWXDf8XlpuaInWPd11xQqfyjhAnCzx0M1OQFgUSdYvIDJaGqx1F3M1Cb1DgGM2PQE6SlbT7CoTZlDIey9jNH8WMMrb2Sp7Wghb7xajyTiP6uzE9BGO_0zeNzq3YzC6mNeGo1NL_Ov9DhTFQyv5hs= | https://vertexaisearch.cloud.google.com/grounding-api-redirect/AUZIYQGZMrmROewkaCn5IOIPouYA_Eulv0jaK0Zvoz5CGoce81rWJL2AWOXKE49bjln2p2aHWk51wFY3deqhf0loj_KPuJSPcxISb9PIbEF1KqtmqVupqUCFCdw-N89R2GQwC3hIHQOLvU9PFyvpgd4QdvpByw== | https://vertexaisearch.cloud.google.com/grounding-api-redirect/AUZIYQG3IVKXRyMun7gYvHyU9qe8vDAv4L_BVwc63mQKiUL5oVDjlIAdAv-4q0Pjow6U9SkgVPT4F-J4C3TAA2aHIpDVpWOyQ48zHuJBsmrpVs7u7cZPQrTPciJb3dyLLsJOWPTSlA==,No business or organization operating under the name 'South Walton Art Center' could be verified. The primary local arts facility in Santa Rosa Beach is the Bayou Arts Center operated by the Cultural Arts Alliance of Walton County.,
30A Art House | Seaside |  | true | false,30A Art House,,true,false,false,Seaside,,,,,,,,,,,,,,cannot_confirm,low,https://search.sunbiz.org | https://vertexaisearch.cloud.google.com/grounding-api-redirect/AUZIYQE6IC0-29bGZV0GAzDHPlV4Lo6WvDD6-qnmLJU7CrLE0wX2rwTDnLtyG9ABotpYjvaGLuWlGsRfH_IyHzyxsEEGPMyFZ2WCCJv5EHR5c4ij2daXrrM4iBpZ1zyavRHCnyLn559xU1SuMHfSlcf1GRuVscOjFI9PHJHvwPRbHIpgQcSGqVx9hS2kpbqfvMWfDkEqP19CQesGXMpmSC0jvp1ftl8bs2H5XbB2LFrSylWPrEyLMXHN5DG5q6pjDTyroy4Ookv1vOTa7mp5XNk3OZdn5rI7GL-uCshLX2GZHtPF4p4pz5_fO3RNUmaMmYbk5U8IUiz-i5vylcVDrjOSSw4jKH5lBm8d0wuslZu6_bEuPHDqSFL2Akw6cwpYrc9lDXiq6hgyrHbQtFGJunWpp4AbBALLKdTknElBjpGEGLifjGbuTUMhHyX99qyLqprlQuHOBbbHaYFQlg-LgcN3ICfqriRkRVBuJmmGtTuW7qKXA-6HmTiTgirz | https://vertexaisearch.cloud.google.com/grounding-api-redirect/AUZIYQEB0V7W0syvQKD9DQfLJsPzs3DZlkvMWaa9HQ7onIi0nwgrSomWPF_qdq_O3sLD_FBJ6OdqPMPj4WmcE9PYEdlslX2sV0Sk2a4cnIoilYOcgNPykzvnoUqMa0b-7_xR3tPwfmg2esziGHiFWIHzPzJngK70Ca8adhSn8Z5SZFRihgsLU0XkLOM5XnC0vpAbjVAlHeLoWYZ_DWsY2lb2ciSY78Vkt8O5gZiJJQuh2gYIc3vyuM0XMFQd0EWGhN4IkJ6dyoyE4_o3ogoPzN67MorQKk7XlVNmN4QjhOUCDrFw-KhyZlikQedRRbQB4_AGKWaer_Yr3nVpDJGp3l1_QBqICc0iPPw63Vg1gOI7ec2n1EjLKH8c5PmgIhX68qPigYdtN6pIVhbQA1qXZikavY64Tlv_uCm8f_izAw== | https://vertexaisearch.cloud.google.com/grounding-api-redirect/AUZIYQHAag_pp7jnX9nXU-9UyUpLGaDFZdmVCpZvXjnHv91knA-7WBJeJMcij5yaKm1zgIkHUg7eMv66JjAki5uigO39eLTdvQyWuvZYgExVHus2n4puEpe_BbesYWIBTO__gRPFdF4hrzXxYU8hChurt75ylVETzkgKE18LBzSpmiAYOM0f9eLZ6wBFYx5KGQwHokiACthIV7hs,Unable to confirm an active business or physical storefront for 30A Art House in Seaside or South Walton. State records show an inactive LLC (30A ART HOUSE LLC) registered in 2016.,
Destin Art Center |  |  | false | true,Destin Art Center,,false,true,false,,,,,,,,,,,,,,,cannot_confirm,low,https://vertexaisearch.cloud.google.com/grounding-api-redirect/AUZIYQEnzU8AbbxMncCTVaX2_OhU0qYW5Eh5XE1TKY3C5gwKKWs2GlCudS4ztrDUmAYcYaJZvEiQNpRrEbHfOPdBq_7bXtRHCeHUx9-CX1QazCnGvcSF8Wg450KjUTc0DlCw5phxx1fJj41cdhTlDza39pcciddE0CWJmDDV | https://vertexaisearch.cloud.google.com/grounding-api-redirect/AUZIYQFgCczirooI_GsnqXzGmizM3fZvJuXpSPyC6o5otLh8dRYdDM4gM2aO1KeRMcxJdYZdcEWRGkq5vYzLQBig-0ZRs80nh91trA7QZ5U8RmR5BB94pVRzWZi5cO2IEIiT5IXdIkKrahoYm2wADNY3GPWeDw==,"No matching business, organization, or facility found under the name 'Destin Art Center' in the South Walton or Destin areas.",
Miramar Beach Art Gallery |  |  | false | true,Miramar Beach Art Gallery,,false,true,false,,,,,,,,,,,,,,,cannot_confirm,high,https://vertexaisearch.cloud.google.com/grounding-api-redirect/AUZIYQFHZg8EV6IDG_TWnEay-rpbbI0X5g8ug84MkamsMjxw4pe2p9yt2zMWWgsERA11loL0NtlZi7KAfipbGpWWSanBFUvcK2fJ-YJ71FF3lutCk1Xo0-CKqCXu3c84E3gKg2LuXlglrJ7I1Q== | https://vertexaisearch.cloud.google.com/grounding-api-redirect/AUZIYQHvq68PAPQWOY7Zqv0OruRwgd_i6gg1FolFosm60pjoxyJokyCZzRpCdHwSL3zEriJeS19-A2WqLWJsRj_coQxg3dN0fRii-h1PPYvwhGhCm4Qqlojn3jk9Soxu8sqi9nO-TrLDphJOMin7jRD-vj3vURbV8TjyNBAuPe6t_aOXwnwe6GYa | https://vertexaisearch.cloud.google.com/grounding-api-redirect/AUZIYQFpLSlhOvIcwiVm-eUtwqYUs_mFRF3stgpe1VWKh53faUbjpLjBe3rYBW8fouJF2TYx8q7ePn6uYu-9k8S2_NPFHKsiI8E9bm0V2bO04uo4ndlnnp7vCIp_eK9oO-PXOaUXTjqDAB7gcElNvv0odyRoK-CKD-nNECSiYVoR | https://vertexaisearch.cloud.google.com/grounding-api-redirect/AUZIYQG65C6Ry8MMn2r8A_3BOrRE2zPLOTgXYxNkq3d3gfysv59D8POxiyODanUcfTsud6D3IMNHgYrBwzgLPmVK-1L-L9qJHvmMuoi2McDKqtEOOYSjWTRWt4cSJgdqn_X5qubnG_Mlq42F1is35fVQ0bgJwZI=,Unable to verify the existence of a business named Miramar Beach Art Gallery in South Walton or along 30A. Likely an invented placeholder.,
Custom Canvas & Art Services |  |  | false | true,Custom Canvas & Art Services,,false,true,false,,,,,,,,,,,,,,,cannot_confirm,low,https://vertexaisearch.cloud.google.com/grounding-api-redirect/AUZIYQGztw7iNwA1wdfA-zMt8KuwE8epO6uquURE1yn0YLvqC1JKgwsCSsNGfrty6hOWBj7XIx7TNMkUPB9iv08otqFIxv5dJ-P44NSeepF_nX-RKNga90JBI1nvXIJVm-WSi-GzBNFbqvBEHwgkfuBQ9Q== | https://vertexaisearch.cloud.google.com/grounding-api-redirect/AUZIYQG0UxohbRoyClmXMCY-s0hbSs7JFCUKdJtSApYlDeiXaLYCkpX261mGIHT92B-c_7PkbhmR8HvRlFf8bVQdyXs_AWGZiDYOaiE_sSNrAjlwHu3PyctE_6D1QwQ74gMXhsns5IridvcXAn-iycXNS1_I-UjHBWH3gDQIU-3Ehclx9Vh9rtY= | https://vertexaisearch.cloud.google.com/grounding-api-redirect/AUZIYQH1eJkV6zukkWe52YeHhJ-UpLTUE5rTtWv49ulALMXsvh2X2yBAlhfFsAcZu0PiWseHHVCznhPj74s3q3OohO9P7FDJ7Dsb7ra2CLmVEkEpS35yGIcUlCD947tmKErWT2QQFVbowsvaipk=,No matching business entity or commercial listing found in the Florida Division of Corporations or South Walton / 30A business registries.,
The Hub | Seaside |  | true | false,The Hub,,true,false,false,Seaside,,,,,,,,,,,,,,closed,high,https://sowal.com/forum/threads/the-hub-renamed-to-the-big-chill.113204/ | https://30a.com/the-big-chill/ | https://www.visitsouthwalton.com/listing/shops-at-the-hub-30a/ | https://vertexaisearch.cloud.google.com/grounding-api-redirect/AUZIYQGDvw89PVB1R5KdmxH3PeVUZKeMAe4jvgPAk71lvnzae-u8Zpb29W3QG0sfBQPcyXPvKc7NfLxF2Xz68a2n_HBtCcZSeG78gExOUmhZRzN5A2uo7R42RYfn8PJYtA== | https://vertexaisearch.cloud.google.com/grounding-api-redirect/AUZIYQEY-0uoUuvghXGYc_WFf6eBvpbG-0boI59kiAb00wAsK6VMMc82T1Skrt8MLjXtj4VVEvpfDOlpHKLSlIdI67SO_eLzthCKDyfqpAZLVHOu62izrJ6iblQT6UbGz84UEPTtW5nGPEfO-jbayNkRJPQfun_BlCc407QlP67cKJFzSuLc7oeN | https://vertexaisearch.cloud.google.com/grounding-api-redirect/AUZIYQFSw9lW73yCsObfSmDRviCtldzKVKFrkXEM3kGt79OHxHBSmr6gpqvc1_t3doVFVVHV5uHy1HscsT182bXjijs3cRxDyO0wPwHqYxYNllm4GANHi9q_mortgZ55Ho7Gv3wWwKGOZ7eeKCAIItSM | https://vertexaisearch.cloud.google.com/grounding-api-redirect/AUZIYQFRoMmdf8mSUsef0kqHn11RxwJjRKxlRNtkk_Xo9bkOQK2UkTU18FHsr-JhfdJ07vacDCb8mpcWJyhdwrAn0ZeBBiIUS40XLIr1ScVV-pNXFxrkK2I= | https://vertexaisearch.cloud.google.com/grounding-api-redirect/AUZIYQEJXlp8eq0Nq0VwpG3B7PzAQ8SMXkW9DVk39LEIdUHSLkYaRzgaZ0IKgizRfk2xAJuJooI-zX39zXiYOpskSxz9NYoYZ2sYWMYRLDLohP_t2SZFD9YY0BYmXY0NpVesoPn1sMlx0Oqj4lcttKJk3YPIsF5xOkbf72Vthh1cc8Q= | https://vertexaisearch.cloud.google.com/grounding-api-redirect/AUZIYQGUkDt84jQKLzjt5h9wp2VAB19DcGAEFufC2HOXox6sJlt_2rtgrUfLYDeZ4g2-5BOSaMP2LX7yVoSTDT42Q0CX5CCvpaDqhnakiZ5PcBTHpD8Sjlx6KEcdI3ZZJ3U93frhrr6UekA= | https://vertexaisearch.cloud.google.com/grounding-api-redirect/AUZIYQGAGdC-xAklbSiGT5-HN2IKT2_wgykufqg15yFZXqBuxLUHemFJ8xahq7gmChCqDEerWM8GuWenIRlKQZokwMQZ6zvkyVYhVk9_EkN29tDmt0Eau1uoPa6KLx5BIO_ZeKHntFgqUvPTifs= | https://vertexaisearch.cloud.google.com/grounding-api-redirect/AUZIYQGhzFHbZBepG_AIY0Kpm3TN428gJHjqGIhkieQL_K0CCGhqenZjRF-iyiVkK3hNiGrucKV4cavcODZ0SCBZ_-e3pbzN12kMhKF9Ux-0too= | https://vertexaisearch.cloud.google.com/grounding-api-redirect/AUZIYQE6gHDsAAHSxn_FRmPnsTyswPr0adKe8PGZabnfYySlkxoGx8sSJVboKghrEP51wdGdqtnnl0cIaTgrVwZ8n9LVl7hTFIX3zjQALIeEWN2OeiI9euuUvE4lMrcazNeHwHLJtrEe695N5hts1xRZgPm6iM4ExWLct_vmaYup,The venue was erroneously listed in Seaside; it is located in Watersound / Prominence and rebranded as The Big Chill in 2022.,
Grayton Beach State Park | Grayton Beach |  | true | false,Grayton Beach State Park,,true,false,false,Grayton Beach,,Outdoor Activities,family_friendly | water_sports_rentals | activities,"Grayton Beach State Park offers pristine sugar-white sand beaches, Western Lake paddling, nature trails, full-facility camping, and cozy cabins.","Spanning nearly 2,000 acres along Scenic Highway 30A, Grayton Beach State Park showcases the natural splendor of South Walton. Visitors can lounge on sugar-white shores, paddle along coastal dune Western Lake, or hike scenic nature trails through coastal scrub and pine flatwoods. The park features full-facility RV and tent campsites, modern cabins, a boat ramp, and picnic areas, making it a beloved destination for outdoor recreation.",Grayton Beach State Park | 30A State Parks & Camping,"Explore Grayton Beach State Park along 30A. Discover white sand beaches, Western Lake kayak launches, hiking trails, cabins, and full-facility camping.","Grayton Beach State Park, 30A state parks, Western Lake paddling, Grayton Beach camping, South Walton state park","357 Main Park Rd, Santa Rosa Beach, FL 32459",(850) 267-8300,https://www.floridastateparks.org/graytonbeach,,,exists,high,https://www.floridastateparks.org/graytonbeach | https://www.visitsouthwalton.com/listing/grayton-beach-state-park/ | https://sowal.com/place/grayton-beach-state-park | https://vertexaisearch.cloud.google.com/grounding-api-redirect/AUZIYQFITuCheXkgDys_mBB-94_-2bo0R-5PAmN_6ErrWBHlnHnp5Ro9K1EeX4whZ7eknrzhRapAPMLaJJR6wBRRpUXk5GCHb3EbjabB9YMBj-CInZ9vJyJtGbc3O21jloSWlUZnyZs5xNPrfUjhF6KeSpJ8vB3Q8K6oWw== | https://vertexaisearch.cloud.google.com/grounding-api-redirect/AUZIYQFeO4tSeNkj_OSmemv0aeT5oajNzx7k7ExhpxMR9HIjopuuw_p4D1_MqIdIDXuesWPJXedb6y2ok_Vf5T3pA-nHXBBq5ArfOn-l5atkX9z9CgGy57Urpf852dYAhXuHKTxkoXJ-13WWSglQtQ== | https://vertexaisearch.cloud.google.com/grounding-api-redirect/AUZIYQGxA4po59AKGuOnQuLy0ETLOnm3dHDdIiC1jyIdbOtndWDwSlEsJeqbT9RMzI2Emotrp1qiNzg6v9VYkVB-5EVbFVo2cKIuFm2zQDA76a5vsc6-uRwUFCHDL_vfT7743siFmyj34ihgfw== | https://vertexaisearch.cloud.google.com/grounding-api-redirect/AUZIYQEgp98mFuNXljq8FJJc5qMxBH6RpGFEgWHteLWqy7UhW7FHV2105ZqWJkocoTQOlrr57FmvzdmytMDT6MA4AFfoLBnNWBH3RdMzetCR5Y6mNnFrdGzYG9hXwwtfxssPbnWWzGyxD3L-EqOaARG56bEP86YbIUBJayb1lq129qhbdI3xucym0PY= | https://vertexaisearch.cloud.google.com/grounding-api-redirect/AUZIYQEKG3tB2388BqTdof8M1WJkg6zwe13-UJg5uUq3n0-EyOZ83JnJfeNRRsRaSHjgIduauOf5yU3Vn8UwAKxGRHLsvVIQ4D-tGEFhrpkOmqeSFCcFP0pIgUGPKGAxgBI5hX3z0Aemsw==,,state park | beach access | camping | cabins | kayaking | paddleboarding | hiking trails | fishing | nature | family friendly
Camp Creek Golf Club | Santa Rosa Beach |  | true | false,Camp Creek Golf Club,,true,false,false,Watersound,,Outdoor Activities,activities | golf,"A championship 18-hole Tom Fazio designed golf course in Watersound featuring rolling fairways, coastal dunes, and scenic wetlands.","Camp Creek Golf Club is a premier par-72 championship golf course designed by renowned architect Tom Fazio. Situated in Watersound along the Scenic Highway 30A corridor and operated by Watersound Club, the layout spans over 7,100 yards of undulating fairways, natural wetlands, and native dunes. The facility offers expansive practice greens, a full driving range, a well-stocked pro shop, and on-site dining for Watersound Club members and guests of Camp Creek Inn.",Camp Creek Golf Club | Watersound FL Golf Course,"Discover Camp Creek Golf Club in Watersound, FL, an 18-hole championship Tom Fazio golf course along Scenic Highway 30A.","Camp Creek Golf Club, Camp Creek golf course Watersound, 30A golf courses, Watersound Club golf, Tom Fazio golf course 30A","684 Fazio Dr, Watersound, FL 32461",(850) 231-7600,https://watersoundclub.com/golf/camp-creek-golf-course/,,,exists,high,https://watersoundclub.com/golf/camp-creek-golf-course/ | https://www.visitsouthwalton.com/ | https://www.pga.com/ | https://vertexaisearch.cloud.google.com/grounding-api-redirect/AUZIYQGr_ZhzyzhUmwPI4bVhVBwAdce5o1nIYo7ldd-e5nr9ENJiZXOK1gtwXc1NaTVFe8BkcE49qCBbPK4eu77zMuIa8tjsddFLg-0p0A9-ihriUGHjjR6L5faqw0CVZAtoZK3WCHacKTsE0yaMvUyI | https://vertexaisearch.cloud.google.com/grounding-api-redirect/AUZIYQGLtzAUG05qVxCFthtRsknhPZ6ZtGKc942v1nHwOcimdHeXKEoBTPcmdZcCRx7gOs8tTrdDYSnBnK60Jgp4wiQ_p7FBoxPdmYMlYAs9Xyr4PsQyUFg6tH4lQ0ZFqeeWniOBwrQIJTxH1IdIh0NTP3b6G31_4UY4QN3nrLn5t4vEHJ6TAUS1RRM= | https://vertexaisearch.cloud.google.com/grounding-api-redirect/AUZIYQHfCftMBi-SoLCJ1gbGS12TXNkjySQv7hvsUuT-BYhBAKABaxNRJng4THmoGwu5TJbbaFi2PCuWpmOVK-UY-iZRsemYqttv1XHvKGQUNFTsusjCpnFT0i45tIFB_HR_u7H9bLnl445PKlMYli2KQstuLhXBrA== | https://vertexaisearch.cloud.google.com/grounding-api-redirect/AUZIYQGMWF2P1Qw3N98rdalWmgzhaGxlVp6kbEVjkUlQySvqeiX5Jh5xqii0fplJl5ml1NPEVypUiktVt4Tir8mIl9SZOjasU6SV-koLcRyNmtXZQ45T_pdjYLS6b_iS-1KIvgULdzT-iWEo2pcEJVlHZe0C5LFpWn4_OK247w== | https://vertexaisearch.cloud.google.com/grounding-api-redirect/AUZIYQGC2vKt083Q8KLxsh7S3TPMBgKUNZoonft4gO1uEChevMWpchHzMSn4IxI3VS3hMfgtD7wnXRaHufMw0SDwaZ8AUybNs0NFA8L8yASjuN-vhBM-LTXdsFxylWux_uP2Xmds4sU-bSIt11LW3kMZ,"Access to the golf course is reserved for Watersound Club members, their guests, and registered guests staying at Camp Creek Inn or Watersound Inn.",golf course | championship golf | tom fazio design | watersound club | pro shop | driving range | golf lessons | outdoor activities
The Village of Baytowne Wharf | Sandestin |  | true | false,The Village of Baytowne Wharf,,true,false,false,Sandestin,,Attractions,live_music | family_friendly | travel_services | waterfront | jewelry | kids_apparel,"Vibrant waterfront village in Sandestin featuring boutique shopping, dining, family activities, nightlife, and live events along Choctawhatchee Bay.","The Village of Baytowne Wharf serves as the lively gathering hub of Sandestin Golf and Beach Resort. Nestled along Choctawhatchee Bay, this pedestrian-friendly village features a wide variety of specialty shops, casual and fine dining restaurants, lively nightspots, and kid-friendly attractions like an adventure ropes course, zipline, and carousel. Year-round festivals, weekly concert series, and seasonal fireworks make it a favorite destination for both visitors and locals.",The Village of Baytowne Wharf | Sandestin FL,"Explore The Village of Baytowne Wharf in Sandestin, FL for dining, boutique shopping, live music, family attractions, and events along Choctawhatchee Bay.","Village of Baytowne Wharf, Sandestin shopping, Baytowne Wharf restaurants, Sandestin nightlife, South Walton attractions","9100 Baytowne Blvd, Miramar Beach, FL 32550",(850) 267-8180,https://www.baytownewharf.com/,,,exists,high,https://www.baytownewharf.com | https://www.visitsouthwalton.com | https://www.destinchamber.com | https://vertexaisearch.cloud.google.com/grounding-api-redirect/AUZIYQFIPu0-ZS2cppvvp0ioAJ2jBi9IMvRgmahxWc7K2KLE20O1mc4ckwYjakSwyubm9AlfJ_1TOriA8X8o58DNyJ74M6rZdHq4eiaNvUbDrPx1KRbrUw== | https://vertexaisearch.cloud.google.com/grounding-api-redirect/AUZIYQFmfz477a3dD7sqHKHOVJqOdZcAdur4eI1bpVgN17mlr2hpP1im5_u3f8GCQoGxCg7kdper-6h3l35XQF3UYG0-c2gG0LsxWWxb9ViGZIsN_89n5wDsfzSP3lDx3GbTDgkTDOZ0i25v2zuv9SpaSfN8WPlbL2I= | https://vertexaisearch.cloud.google.com/grounding-api-redirect/AUZIYQFsvGARZXeobBcBS6r84k5NYm3qE6beED7bX5PPA5a4spS6WeaGoWG25RrhSfJb0qsNlKnl7RZzvgyUoWIiV7vrF-_R6oatmfZy8dzECO1cynuu6YFMmSRhuQR_2yFP82WI | https://vertexaisearch.cloud.google.com/grounding-api-redirect/AUZIYQGxJxFIOgbn1zoupgJUyPNh9flcnqRzM5UISntOnA4_csqigAcyHvd-fx24BxT_NOYEyNYfS_LIPd6tQU5KGSKOwE22dzfDwmcmm8yvv2D0KxMSixTUr4j7TtnJWkOICcZ0YNFA4VjFUZjqWGuT5wggDKTY0UHefqBGJKSyP5DzzMoM1YMHSA==,,shopping center | restaurants | nightlife | live music | family friendly | events | ropes course | carousel | waterfront
Gulf World Marine Park |  |  | false | true,Gulf World Marine Park,,false,true,false,,,,,,,,,,,,,,,closed,high,https://en.wikipedia.org/wiki/Gulf_World_Marine_Park | https://www.wjhg.com/ | https://vertexaisearch.cloud.google.com/grounding-api-redirect/AUZIYQGfJ4HwYhDP6SM5-GL6vyR9ORvp0LmFuAwSxoMqeLheEmArpR1zsv_2zihYbCCqID3rV8lnkttK3u3OluloVV5joy9rgzJOeE-XIIJDE0A76ukIYzEB4Z431snTmQhVtH65 | https://vertexaisearch.cloud.google.com/grounding-api-redirect/AUZIYQF60sEKBohLgOvhUKt-h3PZ81HCWArTP6JljOsaAAYRMUP_GoyN-0eEO1gcxXXploBuApv49lXKTuawnIuem-iQe0KVfUuz6JuwDiK36IVcwP4IRGlUlmQmywHhh38RvXp-vVzfh4ik7Tga | https://vertexaisearch.cloud.google.com/grounding-api-redirect/AUZIYQF-H4EstckVu6UByGdHgaA74xClAt7IvEXQJdZyDGTSfIQP3GncgGv6rfe4HZ6Twum2h7S4UfbQuW-qxMrVvJeechhadkwN2Zs15j9SwJQzKoDXopXoEBs0s1bwVfn06i936WZg0Y-I0wbLulKp5dRKW-QCGcd5Jk5JfRf8aGa9tGD_ | https://vertexaisearch.cloud.google.com/grounding-api-redirect/AUZIYQFTPvamUpxHzUqvxbBm51nnOCoXIuy_vCbE7IZmpgqjycx7G5Kwh8uMhTCA0rmHUh-gzqHxJU0ONpnmYAwHrHENQXnxkn-6yuM89TMErIv3tY0konWuv8aXvTudx48-PBR_dr-SVt5AKBTLRa0cHBXXsNnubECAQ7WfAjIbiEgfFfushQHTQLsRFht0ye3UDFEU0_nxumLb,Located in Panama City Beach (Bay County) outside South Walton/30A. The facility permanently closed in May 2025.,
Emerald Coast Science Center |  |  | false | true,Emerald Coast Science Center,,false,true,false,,,,,,,,,,,,,,,cannot_confirm,high,https://www.ecscience.org/ | https://www.visitflorida.com/listing/emerald-coast-science-center/2884/ | https://www.destinfwb.com/listing/emerald-coast-science-center/428/ | https://vertexaisearch.cloud.google.com/grounding-api-redirect/AUZIYQEX2N2GHcq7b6XCrrQv0JoukMYTHRDQbnf45oQMns_DWUbnkiMy6R7nvV-8NxmaASYRLhGGp0fkN6267IMHQxJbE6mJUxmRutc9h80otGxICwndpXPx6PiZ58-zHK9zUFfdkMY7uy-tJpeP3xMdrgdA0tN4e_Ih4Pc= | https://vertexaisearch.cloud.google.com/grounding-api-redirect/AUZIYQH1A8a7-_pF6FpnUvW4t0a_xCtkFa8fGlBAtpND6MnHD5wiZ8GEhaXRkXAbd0A2Q5eTXzKj0iBdRBtN-T7pblUl7vaB4QsYhPQgPX-Sw3sfottAjaHfuD24n9Yz7jrr-zRmWxOa | https://vertexaisearch.cloud.google.com/grounding-api-redirect/AUZIYQFwBCGGSpzPdQfaAhvtdm7clUJoQ8qRa4Qxr0obweqi4hvohtKwzu4sGC9bN-6gCdRR0koZU9t02gR6iXlHJkNpQrb9_H88SL3BIc7_0wPMy64BP8PMOXAyWcmVq2VNt81Njgru_3FaRbGWntP8n3OW | https://vertexaisearch.cloud.google.com/grounding-api-redirect/AUZIYQHHiCi0MHWFyJjD7E9I02Ifb1ee2MXNWFOtjTnwTwzWmvCinCo3exjfASpdMkdqDLJsNIu8cG0KnGnkafun3sdoHOLAGIcy4W7JD-2ylOqcHmrjv_Y4wj9w1aM7Wa26mzTS-KNXNSf9wDEEkV8kc1zKLmclz2GXKutxDjR4eK8riNdLW2mnSSsZStrOVLm6Sg== | https://vertexaisearch.cloud.google.com/grounding-api-redirect/AUZIYQFcoZZCvwfKmnJtaBw7LRljjuKB0NC3VRqYKqA-IPW0Oc7Bzt_oD5gbXTKUHakN3noOGqtuQIw-TjxwfJk-R9KN7lKs9zP1Hm-adly_O9-zJg== | https://vertexaisearch.cloud.google.com/grounding-api-redirect/AUZIYQGTjEM2nYWJe4SAR2QL3GPW4kNhsmaRke8RRPgLFFyDYcYFmGlCdt5-CqMTjMHuVEhAeQZvVVDGSp7ydsQkcwtTLUfS8P2yIVwIzU5iY8NT9l6816viW65N0QnSmmdR4Qp_dwaWzsnS1MdQVfu6qp-p_Z1Prp4bHf-Ht7ZcW8Y=,"Emerald Coast Science Center is a real operating hands-on museum, but it is located in Fort Walton Beach (Okaloosa County) at 31 SW Memorial Pkwy, FL 32548, outside the South Walton / 30A coverage boundary.",
The Track Family Fun Park |  |  | false | true,The Track Family Fun Park,,false,true,false,,,,,,,,,,,,,,,cannot_confirm,high,https://funatthetrack.com/pages/destin-location | https://www.destinchamber.com/list/member/the-track-family-fun-park-318 | https://vertexaisearch.cloud.google.com/grounding-api-redirect/AUZIYQEO_qRiNzD2oAbQEs6MhD7mvmb90xv_8Ae2dIeJPntiz7-n2KFoyDKz501qSeuQXXQSj_ihOlCwp3WrXwYu6zeJnNP-8mQwt9PElXOBf0t7 | https://vertexaisearch.cloud.google.com/grounding-api-redirect/AUZIYQE6YHIYRnSzmYMr7SMx3LIE6MLHqBTjzpVnvPjQcyk-hziSawEJHQ0pqfNudhHvunEjUlJ6m1m4S2JdgJ7QA7djryNE6jBo2ZdhAE1GSZFEFdFPCekwQhDf9oTdY47dR6X6mOzPODz4QEK-CWgZi8uXkcjyQBiBjcUqfnOv0CWVoKaSgv7H0EYjSt5I | https://vertexaisearch.cloud.google.com/grounding-api-redirect/AUZIYQFOzSsnaB9X3fo6GslICqSkx8X0qfCn85ORJTzwn22E286Y5EUKw_mlmpe8E79D-ggUJYqqXsIMF1-i1QZtX3zVansRp_Nvm-2Lc_IWP1QEPrn8yc3tuxy1AJALzWvotr4gv5WdClbX_w== | https://vertexaisearch.cloud.google.com/grounding-api-redirect/AUZIYQGzyiAnXDLJ9b8EW2_oljUuOeO7igLh6ipV2UOvt_nTlPZTd6zmKqZ_kn0UIlwED2H81mej0S9tmei7M9vt30tE2mUAx_PgqCKE33kK-aU0TMXI3VZSH3E5EFdZ6GlA8CZ5yLVeXNrCuDJQIY4uTd5KB33oF56CkB8wwaoS2Jbz_qV3,"The Track Family Fun Park operates in Destin (Okaloosa County) at 1125 US-98, Destin, FL 32541, outside the Walton County / 30A boundary.",
Big Kahuna's Water & Adventure Park |  |  | false | true,Big Kahuna's Water & Adventure Park,,false,true,false,,,,,,,,,,,,,,,cannot_confirm,high,https://www.destinchamber.com/list/member/big-kahuna-s-water-adventure-park-destin-321 | https://en.wikipedia.org/wiki/Big_Kahuna%27s | https://www.visitflorida.com/listing/big-kahunas-water-and-adventure-park/2607/ | https://vertexaisearch.cloud.google.com/grounding-api-redirect/AUZIYQES1xDu4MIhEMQ1Woc9GZQBiTGU3VBLM0IZGan-YdiBjrMNOcWyNvvEMIz3wKAumyWCZ_TaZz5BrivJJGZQWTgEHyxJaeA27NMzaTxzznhucOeNi9xZ23L9CKOPYO3t9G44VHf2nkF5e80AxvjmMzxlw5Y0ne5BhlT3eM__YbtBcN20eQ9WCAMK53w= | https://vertexaisearch.cloud.google.com/grounding-api-redirect/AUZIYQFHIGJ_v81EqTY8i_6McAu8BCWA0u-wi_dG_xSUkYwW5e7kkdoYX2nCPRJJ3TgLvap9t-6lytSugrPmQXuDzibfqraMgd7AJoSlWtHwXiHXJNaxNQXHD4x6Rh9-lADT6SCe | https://vertexaisearch.cloud.google.com/grounding-api-redirect/AUZIYQGLcpMRbZM97hoN7Ns_5m9-J75UZGddeOW-eQdJzqHHD1n11tSdzKBqbTAKVQ08loymeYAy0jefOQHJkDAlyFB6V8kwUiTgHa78zJX_zqGMU_QDXsnEh3Gd2H7vcC__lig216w= | https://vertexaisearch.cloud.google.com/grounding-api-redirect/AUZIYQF3RbmF4R3AkVRRn5r1lLyyuzwYyGcMCOuDNHyL4ISu9Y6xThhOtHt_UBQHxW5nzQJhZkHK7vdD2O6ivQ0pCscz8DzhwYbdXTzYuDCuh_Y6veo0GfdbtlKhrepHKn1YvEL_qvaohg== | https://vertexaisearch.cloud.google.com/grounding-api-redirect/AUZIYQGQn4fHK0N98lKW-LKC9BG-XwWpKfXuyq7fo3dO7Q7OG5hwITSeQHIeMFxbr4z-hF0-SuMS3vFNBKqatVy1OWUmo_B5DDqH8rE63On0Zp_KBSDseWgfnp20-WX92-Ma-BWcA1J4vgWypt1ZlwMhnBB965lfQL8RKIb9yZK281mBfyUupMO-,"Big Kahuna's Water & Adventure Park is located in Destin (Okaloosa County) at 1007 US Hwy 98 E, outside the 30A / South Walton directory boundary.",
30A Bike Rentals | Seaside |  | true | true,30A Bike Rentals,,true,true,false,Seagrove Beach,,Bike Rentals,bike_rentals | family_friendly | souvenirs | water_sports_rentals | salon_services | electrical | travel_services,"30A Bike Rentals offers beach cruisers, e-bikes, trikes, and beach gear with convenient delivery across Highway 30A.","Serving the Scenic 30A corridor since 2005, 30A Bike Rentals provides beach cruisers, electric bikes, kids' bikes, trikes, and attachments, as well as paddleboards, beach wheelchairs, and vacation gear. Based in Seagrove Beach, the shop offers free delivery and pickup service to beach houses, condos, and resorts from Dune Allen to Inlet Beach, making it easy for guests to explore the Timpoochee Trail and local coastal communities.",30A Bike Rentals | Seagrove Beach & 30A Delivery,"Rent beach cruisers, e-bikes, and beach gear with delivery across 30A from 30A Bike Rentals in Seagrove Beach, Florida.","30a bike rentals, bike delivery 30a, seagrove beach bike rentals, ebike rental santa rosa beach, timpoochee trail bike hire","5399 E County Hwy 30A #9, Santa Rosa Beach, FL 32459",(850) 231-0959,https://30abikerentals.net/,,,exists,high,https://www.visitsouthwalton.com/listing/30a-bike-rentals/ | https://30abikerentals.net/ | https://casago.com/destinations/santa-rosa-beach-fl/things-to-do/30a-bike-rentals/ | https://vertexaisearch.cloud.google.com/grounding-api-redirect/AUZIYQF6MdtAVyNdFvMi6EpBp2bLjEkiyiXrgvdiqKnPnMdmI7k7zLAeKEKCs9dgI8ZQMYkb3e1L8HzppzHQd8-qFH58zRQ_NkZO7-n5Sr5wHsozh9v04yjcAeVMCbZcjMxZdOualFwQglGnebIp6WkFjKS4OOTJTl3q-asm6-hJV0KkxbN-IxqeN4s= | https://vertexaisearch.cloud.google.com/grounding-api-redirect/AUZIYQHGkCIwogp7U3gNVYFLitIgqBMqsjSxFJmm_I7p_S6MX43ye-_mAkK-Y6oEj2jtAcyqrtH6G5X5L0_cpR9Bueff5km1Yy5R-5OcPcSNKauhSb2h3MYg51u-lSaxe-K89FvAKrEyhcDbr7eswnJ2XhFjBtDQSaBeS136iB_oXjQjzzcbMSDIuou1fo7ESbjjoxE= | https://vertexaisearch.cloud.google.com/grounding-api-redirect/AUZIYQGWW2SpOG9icwsuZ0TqBQKk9cCn-A6h-3VFKSx40IDQLr5WnZkdtc-IAEdR1PsGwmWqr4WfYZYPxIpQJbOKyXchOWEsvLYuJlOqJGoPYTcopQljgQQdJAU40U71Ey1AI98mjN242eaJjdvlXBAyX7oy | https://vertexaisearch.cloud.google.com/grounding-api-redirect/AUZIYQF3U_WhmAGI2lXA9S9x8nZ5YhWkU29Skv5xuz8ssttAIVXbOQg1ey_ajcQ608XdxfKsHfBE5c4l02dcvbN5noPee8548JnS8Q0QKc5aF5h15MLAWmVyHrgSqRWaTrvSvMT_Uy7pw2DuCHcNTDxuQOA= | https://vertexaisearch.cloud.google.com/grounding-api-redirect/AUZIYQFpfSB8EW19yDEzM2qOfqQ4af1BxgBjf5VhvtJDVhyEHGwtRwYVg3Ez3OkCMcrTYEpiJajE3ePOUBvzebfOclpLJt8BdI8EHzdZaMPTlmmOUFhGr3vmS_7LRKf9JKK562ZzjLidOGBNBQZsOazDTBR7kEdttEiR-6GnaRP4Gi_dvo6_WSJGwpryBswZF--KdGw-Og== | https://vertexaisearch.cloud.google.com/grounding-api-redirect/AUZIYQEzen8gvJZruDGbiGQuqaIiHfSLA0IbnDdIiqhGm5NwRwV49aoLKyeur4woyvXZtPzC3IXplL2--oU0UVqh39blClxSQdJfkudHp9RPKCDa2zkeqGCqSJIrzaKBgXahm9aWEDRyJNg= | https://vertexaisearch.cloud.google.com/grounding-api-redirect/AUZIYQHYFsB4th0M7z8thFr1Xln_AM62n_xBdHeGDs10OUKzxWXSqPoUhCL6G7VqwBpmXfON1b20xTJLo5xSvkehN1lGmK4QJ684ZpZMwHrS63SiDiIFRDWxjpJVvmBOrbTvV_VXXt_XVA2eK7C086Kfnbpw | https://vertexaisearch.cloud.google.com/grounding-api-redirect/AUZIYQGopBVvpQBg32lTjsq3Gy2YhZbHbbx7KATymrVoohYcDTxoBKuJTPIeUQiRwBd3Cf4S4DslWrCEbbp3w8GY72RGetOdILMSYgka50wB4UAU37I= | https://vertexaisearch.cloud.google.com/grounding-api-redirect/AUZIYQHJn1NZ9JC7otR82A4JhNLlISy4hhxrMbrScBHg4gOL-52qbLnjxO1hh1thPcDh-pR_VwiSmmuhCvAPudkuDPElxb_vGKZc_NUSLmI_pdbmcwM= | https://vertexaisearch.cloud.google.com/grounding-api-redirect/AUZIYQF2C6IuvTqGqnpWNq6pxMSE_Hyriehzh2-TbQHw-c5O-iCC0oSPAlgWP2pnbw8sJdVfSJS7hz_In8ESc34BY3h3PANJQ134vmawFH134My8Awbamn0DV4s6lnnKkBi-2BxFvAlyRW3MhuXm6QcsmV1FVujaIZdU8Is=,The original listing placed the business in Seaside; its physical storefront and headquarters are located in Seagrove Beach (Santa Rosa Beach postal address) with delivery spanning the entire 30A corridor.,bike rentals | electric bikes | beach cruisers | gear delivery | family friendly | outdoor activities | beach gear | paddleboards
Norriego Point Kayak Rentals | Seagrove Beach |  | true | true,Norriego Point Kayak Rentals,,true,true,false,Seagrove Beach,,,,,,,,,,,,,,cannot_confirm,high,https://vertexaisearch.cloud.google.com/grounding-api-redirect/AUZIYQG8Lr2XyH0zfEnb_ttBDMhLZkeo96IROiHdxjBYCXAPQoHj4ea7naRDYlyXWHlqIrtfCtV_fESnmLfC1sBb9A4-zIWaLcZTRsQQydpTHTjsx0Oi1cuRI4Y_V_exZQlNms3E3qrk8Tm-MA==,Unable to confirm. No business by the name 'Norriego Point Kayak Rentals' exists in Seagrove Beach or Walton County. Norriego Point is a geographic peninsula and park located in Destin (Okaloosa County).,
South Walton Adventure Company |  |  | false | true,South Walton Adventure Company,,false,true,false,,,,,,,,,,,,,,,cannot_confirm,low,https://vertexaisearch.cloud.google.com/grounding-api-redirect/AUZIYQFCrS4etAl4jcLQNCnMRZcXWDJzcMKZr8JJ80x0vwpJ9wmuyciVGoxDL3xTF6dwq8fwh01ezwI3vU7SEVKVuDQZERW9XrZK_Ww4iJVcdceaMQDx_Oy22jEGyc8YUhwm-h93dZh0GBs6-x36ciRWwdds5H1m3naPFU1vQyQf5Q== | https://vertexaisearch.cloud.google.com/grounding-api-redirect/AUZIYQG0WfyXFCctfXe6v8QItGF273-SLeTrXTYf7DY-ctAQKXrHpZReaMDSetShXLWdmKi5uV_7HioPA3QdaKdjt1qbZLoTjHmLKsPPlfjzDS0GP5Rqkh0IgpfYswgde68-6QRZpapupo3wH7DrVI1jOr_JymomGfYwdtdnbb5J0AHKmJy-WUBa6t2olDhzfwTB5NBdeF-hiMgjVVBrSg== | https://vertexaisearch.cloud.google.com/grounding-api-redirect/AUZIYQFxNl6Dl16yrQn7p-kkkYgECEcBOreUicbm4Ae1RDfDTv72cDNiOIFMiXiWGGsRRdGsvsyUlF80AaL1fM2SZhjxlxyQnLxz5szoJuFAZrOLdY_nR_4jYOr2hrE= | https://vertexaisearch.cloud.google.com/grounding-api-redirect/AUZIYQHDycBFTVyazxhXhjMA98dIKO2bkBe2DcxgQyrJ3ZT15xAJlmoAhlnfNnaxWfRsRXcwGOpbPLz86zL3plx3G94HTKbNw_HOhVGFXMrBoT1Rt3VuVcBqlO8fxHIaNh2ppQOKwZsO4Krarg1L,No matching commercial business or corporate entity named South Walton Adventure Company was found in South Walton or the 30A area.,
Destin Snorkel & Dive Center |  |  | false | true,Destin Snorkel & Dive Center,,false,true,false,,,,,,,,,,,,,,,cannot_confirm,high,https://www.destinsnorkel.com | https://vertexaisearch.cloud.google.com/grounding-api-redirect/AUZIYQHomaPO1uB9Gw5gVrz3KLt4L-w2qsueBKcpIopStMxjv3aFFz49-C3XdVkUDyMOf445RHW0V6B1cG2HwfqGd1HRFxamMAUMVTpOmFg3HpizwzuqaKJeKAylezFexjLmKIu-SA0_m61npPdmkBYTPwzsZjPyrMbnShpLpWi8KGdObVxrygGbxirQFhb075B3UlyY7DOJcWQECuObfCJAHHmO551vFqZ8f4OldwYRXoC7n9kF03HphIFQkv-fXm8wwaSbfwFXu1Ps | https://vertexaisearch.cloud.google.com/grounding-api-redirect/AUZIYQEPerU3rt39hrp6zH7yLakFMcnIw3t_Xdim6t8ZHaFNoR5GTvcYoM45TgUWw3PbFRg-FUzCyXAGdv-U4XwPW8HK1nERAS1JpH4Vow== | https://vertexaisearch.cloud.google.com/grounding-api-redirect/AUZIYQEMkqjO50ZZ6cu-tn4yXaMSxGtuZUbw798arE5WFDE4mvdSrFQOp6zwmhhZ_21Y-wWeTpZ4ypNE3JFQuVWKhxgJtBzIGFujq-_axUEL9L4yG5RVVEb22uJK3srLnajqYCSrjpD2_XOmQ80uAx0EyJertbrQ2g== | https://vertexaisearch.cloud.google.com/grounding-api-redirect/AUZIYQH_mcMNDgh-Bxg6kI2ly8hYK6H_tPPjXRT7S_fnlCnrki-1OS6L05crbO_D11x3cSHgbMYcB1Eg59od1uUZsWzNaoDDNzpyeGJ240hDsQD7y7G09T1Tl-_FRCqleR6shrRnxI_E_DpVt9zz43IuUCC7PP_nwvd1OsiMmxvMzMgNlaRQq7is7q_okGrNnQ== | https://vertexaisearch.cloud.google.com/grounding-api-redirect/AUZIYQFEzYvmtq6ke2zyEwKxz2Xqz24h27Nvzf-eVJfc7zNs_vlaGadXJEFrNQVLQ98ahOSE1F4GeTqkm1F0yr7f_zNufMc0JYS0rJCvy0o5Y94Mdtj_l7EFlSwqHOtn4FzQxE3ZUJc= | https://vertexaisearch.cloud.google.com/grounding-api-redirect/AUZIYQGdxLp6Ks2w5QOkiox_6-VFu3Yn0XJ7u0XnPwiG-qEtgrw_yoJAC7c5Qa_xnPEZVpSuf2vsZcNOcxu1k7z4IEPfjE0yayAHofp4oa6BYRu1Y-GTqXY= | https://vertexaisearch.cloud.google.com/grounding-api-redirect/AUZIYQGYS8NsHzCcMQiFqidfrMLLxC_wPYfgnitiuoMFopvBwQaqsmw6S5aA3KjVPJ5K3vypfZ46RJftxmyF2msXTF_i3tH0HJJkFkQTt6n8FXrIyx6G7ILxmPKeN4LsVsyGFwqJJG8vHo6_1LGx,"No business by the name 'Destin Snorkel & Dive Center' exists in South Walton/30A. Destin Snorkel operates out of HarborWalk Village in Destin (Okaloosa County), outside the 30A service area.",
Grayton Beach Paddleboards | Grayton Beach |  | true | true,Grayton Beach Paddleboards,,true,true,false,Grayton Beach,,,,,,,,,,,,,,cannot_confirm,high,https://vertexaisearch.cloud.google.com/grounding-api-redirect/AUZIYQG8qNiIlERuSRCNYxAedYYc1cPdNwyQjRqQ5CZC8kJ8e24PD7y1CG8ZPw5sm90iv58Ze6mv9o_z3qjh9ScyIYcT8SPnw6IM7r5YlZqAvS5cUVsAiwLNijVp1CawpST6BDly-0SEncRVdzVjfh7vuDjdv8yejS6CofFyGWzZZFC1Agu8IjSFdDqYLes7At6uyp13An6o6WLF | https://vertexaisearch.cloud.google.com/grounding-api-redirect/AUZIYQFa4u3l_cWyLyK_U7w7XRX5JAw5fiFgmbVQvDlSvwti0SxeDynGf2Kk9IxaBbQU-4srWSeBdD0hu3meuZ7oJJ9y5epIxRGbwdQ5aNlSlTPUvxk-Ccmhs0MTE1Rq83lsNtlKUrangS1oV3LZNxt2 | https://vertexaisearch.cloud.google.com/grounding-api-redirect/AUZIYQHLvX3OMeYpwMYwESGJrQOLSUp_pMW1LyX39FnTuwTEsuviLVSTl6oLCzA29J3QbNIAPOLbrOlAxoM2WQnBpU0w7NQC8Xpbs7-G9nphA36bz0XqgOzD7URVRbCYuwav2BtH2mO_toY= | https://vertexaisearch.cloud.google.com/grounding-api-redirect/AUZIYQHNfbKT7-RRNDd0CxaJ62yKwhHUzWFl8wsGCOuPMBW_FUd9nHYG1Z_BeyZ8QPZhTEH7ZlH4OHEhD5_g2ygd-d1n8hjGJdbPThYcB0NRRCKusqet7HPtJ2EqGoWrBcgj | https://vertexaisearch.cloud.google.com/grounding-api-redirect/AUZIYQH-w0iCCd_mbHDmXTyyev16GVCLPzqnw4Yw3i5iQl7yijuldIgJtXZFMBdKmFJ0BSPOw95zNUBSrSULoJREjMeqkXB8WJC_wfQ8jRZpf9iaIDZCf72WU6n9v5aihALj_9N2tv6m0yKubiSYDqDObHknYS0nzxcJy3kxua7ywREK3x-j,No standalone business operating under the name Grayton Beach Paddleboards could be verified in Grayton Beach or South Walton. The term appears to be generic SEO keywords for paddleboarding in the area.,
The Emerald Coast Wildlife Refuge |  |  | false | true,The Emerald Coast Wildlife Refuge,,false,true,false,,,,,,,,,,,,,,,cannot_confirm,high,https://www.emeraldcoastwildliferefuge.org | https://www.visitflorida.com/listing/emerald-coast-wildlife-refuge/1841/ | https://vertexaisearch.cloud.google.com/grounding-api-redirect/AUZIYQGEtFTPJ24_BSYqsOPF0eAJKjvWjwcxIMXYb4k4s2naWt4LRjC933Me90_sq_KqYOb3n3CtDyEdqVcWyY5s7H5KayafvQSAw3Z-NXRnFdhXGjlT4EHXgc511Od-FM3_uJkF16ZED4TiWbg0i3WeaQd0WrI42US0VvIghYmkNp-IY--ZffhDdcl-4YefN_h1eIcc | https://vertexaisearch.cloud.google.com/grounding-api-redirect/AUZIYQHVM26qyfLo0_NFlmaeJ2gqEIwlE8LWMNg8UOf-cQPGKsLzwNaQC4_oEuN0VDaT47r_LXHHGAtvxFaKpAnp_rGzi-A-CIjTbmVCV4d3z6h32H_jDIAgRBoqyve1H_1YjTSpHj4zooWYEMFnxJ7-Qvd_4LvgE973DqwJChtRDdbi | https://vertexaisearch.cloud.google.com/grounding-api-redirect/AUZIYQFyA9j3roYHSDHtwgIz7I9BNBqScvvl5WaPuYb0UHaPLXjTpthTQYa1BGREYK81f7QKD0PwP8xHFI6Wf95tsR3bGU0XgEvFo_SQo1qgQTNC8GCEUU7qAU16SWO55rh0j9I=,"Emerald Coast Wildlife Refuge is a legitimate non-profit wildlife center located in Navarre, FL (Santa Rosa County) at 3051 Cloptons Circle, which is outside the South Walton / 30A footprint.",
30A Auto Repair | Santa Rosa Beach |  | true | true,30A Auto Repair,,true,true,false,Santa Rosa Beach,,,,,,,,,,,,,,cannot_confirm,low,https://vertexaisearch.cloud.google.com/grounding-api-redirect/AUZIYQG-LZ8UcHsyxrzp3LRKPtVrThNpY1yp7veG6i4NyJUId3WiaH-dXlqLn7MuLG27dZeM-ZFosQIss_aL3XkMvbJ-t_WYKA3DCG7l9pyefgM9dDOjF43Cr3T4brywIxsUE5H1EsZQBOVjymm4lwmlc3zz8Io8 | https://vertexaisearch.cloud.google.com/grounding-api-redirect/AUZIYQExuzq4B0T_imSuVXOsYW93bORBH5g1XARlqqoh_87R-Fd91D00r2J3Ws-oZVXqE-a2FmAFmyOxY48ndHkLV6WXqEv_IwPfm-5driHgiIBiu0db_sw54zhOXbtVWU-4hOyw3H896X5RyS5AWIoW5Fjl96LYHygVop8AXEeNiHR2 | https://vertexaisearch.cloud.google.com/grounding-api-redirect/AUZIYQG4qq9TgdddYtWH5xWs8W5cNF63sx7oW8AqIyuL-xAMMO3v-xqwsKUzrDZ-PNUSn-6YopIjw3eBXTlyv-E783KS2HWviwTvTg6kySi2kkpndxtEsu984isvhzcbZiCsbxsr6xnMIJgSqBHDkWMJGUUutVFpG9_Mzi6JmlNS3k5WczoLejiRNGLY6w4uHTwv9KRiMyXyF7NaA4UdTE0LKYlDK4nU0wh3WWDYBXZRBbcQKYfOMViMuodcUaT1XzhZ_BX1JA2npXiYW91jr62OSpTk4bFUc9WhjGjXsRdQCVzgSUow5GBA-teALToCcv_oi2_B9eEIq7xItYMMXPAn3ZXxoPGmc0f_cIWSo9smPgzbr7i7OKItnhzCs_1kNZaQY521eyYX8ngXlYVVoYLpxbJO2lRFabJg8BGqig== | https://vertexaisearch.cloud.google.com/grounding-api-redirect/AUZIYQFA2tjkcBdUHIJDcPwmc7u1XDqylQeNmmXIz2p69pmCskIafWwZ6_wRs_9Un7ofo2ovZiJ-OqPRf2QfHXOByc3C49lqFf-h5w93oCo-tfAqEo7iV-y9sLdRzCSftu8zXDZL | https://vertexaisearch.cloud.google.com/grounding-api-redirect/AUZIYQGOq3goHrl-kqEEixyFf4wmTTPFanGfW_ndYpfBFTDULkEpz2e-KGJVgEpAdiso2_qLRE9-796APCbIkQP_wyIKVZYdmR30MRK2PNhsoz7yZYCrfrb_KsVBj81rRzlS9w== | https://vertexaisearch.cloud.google.com/grounding-api-redirect/AUZIYQF4OTN-Hic7yQo1q1JooARIzzP-oOzR321YV9hnhGrtXPalV6ylo8JG40JuhVRvf-G1MDdDMas9hivlDeONv1FSD_xQuXWuERPo_wU1iaoIY_xAPow5-XKdSt4pSsh2nq5R02cb,"No business by the name 30A Auto Repair could be confirmed in Santa Rosa Beach, Walton County, or the Florida 30A area.",
Destin Auto Repair |  |  | false | true,Destin Auto Repair,,false,true,false,,,,,,,,,,,,,,,cannot_confirm,low,https://repairpal.com/shops/destin-auto-center-destin-florida | https://vertexaisearch.cloud.google.com/grounding-api-redirect/AUZIYQE6VY6NxwHMMPQls-oFs1LHtXc7aZ77Uc-wPFBPEKQ1Osy2ItXX9hlkP_SECn4dFGoh30UEvY4HI0YzU9ai5V8Y8DdGv0diatDwLgR7TvFZKeJWUCzoXUNw | https://vertexaisearch.cloud.google.com/grounding-api-redirect/AUZIYQEtGqhiaxmSWxcDP371_bK7OvQjQPj9ylps2MTaGQ-oydo6Emh8gY2wzu8TwEibQSTVY27Vl2RHHPdDtEcYRxUXgBBc3cFwOozXPDnFGm7tAltvMJ9xjOFv89E8VXpLuXAe6hQS5zhjEPenDd6NUWuJWb-mTSF9JjWBkJGtYYoT-8Hld6BWnHTeku_lkZyH_SbRuoP2whUltIKYIZ8DQt3osS4lmg9ODvUroQ6SWIesAxzfmq88umo0efvcnsoyRdMXxmDowRPXoUK-IhpKxNaD2xcnuUZUGWSMFQdiX5woeF_qtwtuc-3PHYHUOOpQoLRf3N4RSXCUHA9yP9HY70bpwq4BJ82nf8fe8swIyG-N6gkJKkVD1k2fCX6V5h8Bcl0DQTjHcp5CvG_Iw2E1NslOikTb_xi_7a8-TkZ0SYdRcyRYCcMVWxMQi4TIIEPq5csFlKlNpb1hGOQ4_LFWC1Io9oomVoBlxEJGfYeusu2z94QBcww= | https://vertexaisearch.cloud.google.com/grounding-api-redirect/AUZIYQFh1Lr5JT3h5jdagAPi3Ype4pZGjVhJzgYT0afEVbuNVD_zguxtKS197BA2q6hMUQyLdIxYeHBONKyHKp6erQo8FUuvyAhfx5IdJ3sw4kQun7dcx5qW-L57sUh6A5kTFA9n2prs1EU= | https://vertexaisearch.cloud.google.com/grounding-api-redirect/AUZIYQEcAWk-Od3CdoOKHAJJDeFh_keWs7Y1eZEu52lS7XNvfRlf9OWDsmKTKAjNcnNJ82g271wDNhrPUdjPKzggqqTmn0KLXqEueALQX30qtB-E1UKMN75aSitAxd4E50kyJ3U-UhwiMoXlWJQca8GJzPaZzaNiGR3HkwDIJEI7JezTP5bz43lxMm3wYiHLZQ4kTUo= | https://vertexaisearch.cloud.google.com/grounding-api-redirect/AUZIYQH4ID2NJxoPrjMMREnIM-B_Ap47MxYanpuo6br9vxMTTRxlOtsdz8PLnZN5fBzHXBFH1dOFpDo2_fSdweS3FnzKZhwvFlpMwAKc6UK-n7k5C-Oh5wJ6atNmiG0=,Could not confirm an active business named Destin Auto Repair operating within the South Walton / 30A coverage territory. Similar establishments like Destin Auto Center are located in Destin (Okaloosa County).,
Miramar Beach Auto Repair |  |  | false | true,Miramar Beach Auto Repair,,false,true,false,,,,,,,,,,,,,,,cannot_confirm,low,https://vertexaisearch.cloud.google.com/grounding-api-redirect/AUZIYQFYKH3pEzp9_RVR_2P350aUxoSvafkYkGu7RzOfUi3URpcjRgTCq3Nc7kz0R08wzlB6Swxe5fAMdFqyWTTlLfKVsO_5cPGUGvayiK6iCDXeMhbj_ogBM0qgkRLFMPTCderd1qefwNeqWBZVa9onSROXfrHdjQ3eCV7LvtR4_cGVSHZoM96Luag= | https://vertexaisearch.cloud.google.com/grounding-api-redirect/AUZIYQF557HWRMK4CyA_DFpab2dO3_gz-Ks_yfzoSLwCi0GtXwZL39KqPs0a3dl1ucmiNjFWk7TFkBiI1n8LU8WkAtzZG3aqYwbbQThK91JD5fNfvyChMF5x9jODFqPWaiI98UsVpGK10BKBh3hl8wa5r0d3mImavwXRNBg= | https://vertexaisearch.cloud.google.com/grounding-api-redirect/AUZIYQEyZ6D75ruyu-ymAssrAOyiRJEdA-jYcL9mwq_p32HZ9tKkYGxm-ORO4XAwZ0BXlw_T7LqpygpQ6a3CE3Lq0SF1q1jqhvp9r_0nt_wXxvQSlZz_wWNde2hRYQRqdnptwM8xA7gqeqDsbiN89-CMk6srgjq_tJwaDg0OhQaTyYgNtfW5Oi5zwyE=,No matching business named Miramar Beach Auto Repair could be confirmed in Miramar Beach or South Walton.,
Emerald Coast Auto Repair | Santa Rosa Beach |  | true | true,Emerald Coast Auto Repair,,true,true,false,Santa Rosa Beach,,,,,,,,,,,,,,cannot_confirm,low,https://emeraldcoastautorepairpc.com | https://www.bbb.org/us/fl/panama-city/profile/auto-repair/emerald-coast-auto-repair-0683-90089851 | https://vertexaisearch.cloud.google.com/grounding-api-redirect/AUZIYQFSEMUu49hRUXZABVb7Jdeh1ypKUr8CmLOZ3mzKDR3dVavjjvl5ZD477FRMa-EYOc4IbaPf9UTnFASTUglKk1VMTFcVwFXFfH1F1iDjPy72m24Bywg4K3NY76aBLokHnj7tX1OHsoeCDQc4KWcu4yr12Vod1f__Pts= | https://vertexaisearch.cloud.google.com/grounding-api-redirect/AUZIYQHvnbW7sTPqyP6e7TtrvqYHSWjDxyw4U8DFqnXI-AmfeG9GFUQgtnlC7jC1DZTYs7pJ9EwpywWRsSHqOGCDt_pkaT9VQXROxgFbVat8Fu-JzBiVTKogF_l1Vs2d | https://vertexaisearch.cloud.google.com/grounding-api-redirect/AUZIYQGSlTmAFUENoye4psGhuh76MO_khVsNBVrZd5GbI2wqbdS7RBeXnzDMNC1L69TopjvuDroCGq-wGqZYg5-sQnC25g6edEcktaSXfspPN-iJdTwkAzJePC-miOMeIMZ3nqPCz-X6ZHwhTVZeUmTRjH-BBXjQ | https://vertexaisearch.cloud.google.com/grounding-api-redirect/AUZIYQE0JsUbSONcA46jHkhgPZvFWzAkYnCedJMn4Q9ydyj8cjlorQO6iXgpW1v4Vu2s4rpMlkgSe0ro88etcU2uWXqwxg6Gd5rVaetqnpyDHlMirVJc66CWop27t9lqchGJ | https://vertexaisearch.cloud.google.com/grounding-api-redirect/AUZIYQHfUVae9i8FXOncNI9HjUC9kyz5ExncuP1cHECek7T_CPABVjRAYZFA4cC5lLGK3lvtNCaMpzM5hrm2wn-wrJ7PZ_mPUb6vjJtked8zMvIsuYrXj54uk6tQc-HeUiPjNUGK_qwHmkj4u33YZty-npyMGlzvZLefrv_2l_PhTPpkiIYp-CYI24jJhJn_sBT3kHWfUJUffeEOtNDPU77WL1W8qHFCEIlKD6lFmAXOOXOZ | https://vertexaisearch.cloud.google.com/grounding-api-redirect/AUZIYQF_HA_Az_IMyAIoldFFkjwq87Fk9Q8NyfzT5E02nb8yK-xvCVoMKyzvcsLNvJWGJRdrmnFG_mhiemUnvx4R1VB0IEvYLlUShMliDeYYO3dZ4OqxNPayTWs-0ABf19ZNTjHgLJlYnsJOADLQgQb0l27OsrfAO-zik13OUDTst-GWDSD0FdcaI1C-Ou94U1YMijcY8JJPQHjT | https://vertexaisearch.cloud.google.com/grounding-api-redirect/AUZIYQEuUhFvF4WSEBeWnabJqoudSDMBXrOBQV6qO2AM2ErVTEUVsTdJc8XbqlfJ4YRZ1JubywslW6BNG9shnKrlfLmGO0SENByd16aaE8cdDV0T7NF6V9OC6LpmE1iTiY5IKP0RyTGj-HkmuNKdUA==,"Emerald Coast Auto Repair is located at 1115 W 15th St, Panama City, FL 32401 in Bay County, outside the 30A / South Walton coverage area. No physical location or dedicated operation was confirmed in Santa Rosa Beach.",
Beachside Auto Repair |  |  | false | true,Beachside Auto Repair,,false,true,false,,,,,,,,,,,,,,,cannot_confirm,low,https://vertexaisearch.cloud.google.com/grounding-api-redirect/AUZIYQE7oU-RAhnHrQbc-5YhhcNsLINM-iN5_SqZNxwGTFuA1geoUn3WK-uOZcHBIYMFzYSUNEhAXbdti1ePhOtq0NsDHLz_vRUWU8haYMqoWIlwiCglwtEqlO6FohxPLxZg_AEeQ_leVHyDlrCrJ1p2UrJqlcq4aXN13bB-ccl4wbMilO5HfwCNGjMa8zdJUgx0gEsD5EOLtKy4MPRUmUlVjKpew4dhkxK7dP9ib0VUiDHRTUfSWY6rLwl3s-qu5EnxdPvkr01BlEg= | https://vertexaisearch.cloud.google.com/grounding-api-redirect/AUZIYQF-Q1xwvZbDWQ0PWhxQkdhquXRO2rAGc0RXGo2Of_IrDxqtyEYSvthFCY_vJPvenW_aEDIVcTAC8LA_cPWLeq3TKuXVoA0e4j-scUtQcq-pm-oAHIFfwGiT7FaxqBjWVKImRLrpGOnhv-BlA5KUuE4DmEEkJGNM2rqoWiUF9Spr4EpvsrcvkF1-Az2-WZhgYTpZ3X7GZGrJKyhknRoF_q6uSSxvPmfu8TdNT_wAlPnJEUsAg_cxvEz4ZcYgXaWOE8mAMoZbIwscIjODH7tVAEHa1MEQ6uScCX1uRXVbLMq8fyZW5zkIZQhKEgxUUOg_pxLJ7sRCUGZM42iWoTjIVD-DgR5DSWtUpTho_NtuG6FcWyvEGe828ra31MXbmypxgJc6sbsosKVtTbpX2RpYF-APP03LqmmP3cR7lyRKD1Cmh6fKPAaG_m2toFo8-w== | https://vertexaisearch.cloud.google.com/grounding-api-redirect/AUZIYQEZASXFPj7DA9XABvxtH6pnvrXy_aXEzJ8KWt7vyfX0B4MtDKe4ut_ZK3zjraSqYWUDYdLjtcmN-QEGWxrLQYVqJG_LGF-5ZKXNy6ObYp9s7Wt7pmWq8d92mnRYulN75fo1bt-YSuhs857tnYks9gUNQF8KB4pHeagq4D2fWAO_kK59KHk= | https://vertexaisearch.cloud.google.com/grounding-api-redirect/AUZIYQFWhz5tnQ2rlDcHE2Wsh4Tuggz1HGDTF2nK78G_uDsK5mfbN9eV3wjy6n5s4Y9gLteL_OcIAMTEpdM8PImOEtyTi_EdEImze9Uu5zXNpeI6lgKjzHYcoR2SGBkR6XrO8XCPTIPDa2tAQ4mbV6dtpcUIwylowq9TsP-hvHMIAQ==,Could not confirm the existence of a business named 'Beachside Auto Repair' in the 30A or South Walton area.,
Seaside Auto Repair | Seaside |  | true | true,Seaside Auto Repair,,true,true,false,Seaside,,,,,,,,,,,,,,cannot_confirm,high,https://vertexaisearch.cloud.google.com/grounding-api-redirect/AUZIYQGlY_0tDF1DTT4WDYkBO4hMfbrjg1xlad8fX7u70z8d3DTaY3nfMtIYtWT7JHQr-T30EqLDXLUzRaZeHW4PTwQQxA18xE9fzzIxtthdTIIwQFORa_d0221yCtQi9qEwH1Xiv0bA-PS34KVKzCQGV_oUCXZYYKewHYpCss_yvGsf2E9Hz0D4YI3FdKXLZjlLyXjAeILHz71THRZLXXxeXdDGC_7cDW2tGXdESc6JTYU9ky1gqdO0BcQz6E1BNhlG5FP0_De9tXw4Qlnapm3ixs6bCEYamVEBtsOOv0d1xw1Zdv2XC68qp3rSTkt-PbqxS7CE9h3pshfXM3XdGuXWvyzVvxKkwLCnnYb7CpfgKQT7Tvtxy4g42aOzMdD3Y5xnTH7qI6G-DicR4keqLoSFzElhqZK1bNukV-VDC8zJv33yzo75551IuNpylK9rZUJzZ0tkKloxaPM_IV9Cz5Sl | https://vertexaisearch.cloud.google.com/grounding-api-redirect/AUZIYQGFXNTkkg0OQJ4EP8O1tXrrPelIVITnC0YvYQU7i_j8AEJuGDbo0gSyAlkS8Wv6CKCefP8KveAED6KhmUhwzNrV0ppNJ4-sa48hvna6xnvBP6Mlueg= | https://vertexaisearch.cloud.google.com/grounding-api-redirect/AUZIYQE2l_KdwdR7kbhl5tLM1qPjtG4FB5VdVZFNwIe27VtaHIznBecaTNpEQta4KoTOLEBFq4f0xSCHYuMmkOL2qwcXkuk9eXQmLKle-cS8JGsJemOP5RKUeVJOwSp0D2W4AmpxZ8HYn1DG1Agf_7o5_1X11Tgfhksx0PWp | https://vertexaisearch.cloud.google.com/grounding-api-redirect/AUZIYQHy20-74zuhd3PVaU0jiPLpzXdLuZpcoHx-jiAQVl18aFLvqxjg3DLghQrx83vm9xDT-zVXiJraAAwJCpsErmw0K_ToGjGhR82rn93i_kzoCIhL8zkdNPa853ETBrIWpF-JHs-Ua4fU2720HY7W3sASX1YwTxXvhRQBaacSnP5hHywtPGE= | https://vertexaisearch.cloud.google.com/grounding-api-redirect/AUZIYQF0j-DG84dIfluchGoGkA0DDEfBw4fXmeKI-XjZYQ9ivQOiyNPv8JbEmMQmTdgjTyFyeeCPJZ50ZJUR3L-rbwvaiTWwQW0gUOrb-VfTfPYRrV5KJk43HlIIwnThIplcYnnm1DNJLFGWGjPVmZjFlHSrSkxRBuMSiZ_mnI7k9Y9FiziXaon9z2SPVZADHWBB4eChdSibH-DYhtZyVzhX_K-HJ7H93tkM4z8SSgmhq9WTcNSKwWxpDfwnAsgyIguJiuF298wW7Sb0qEI= | https://vertexaisearch.cloud.google.com/grounding-api-redirect/AUZIYQFcVrf30JfUxAkTx58yEFVNNJFkOWGOSl3cqZKEvDBD4zSqXcehlJwbCLJKVofnCJYAyOfIP6v00UvC9wHEca-HJOxkFLNRodF58UoluCC2CzZ2t6dlKDStrj_KqrU= | https://vertexaisearch.cloud.google.com/grounding-api-redirect/AUZIYQFMZUdhN4vQk-nsTOcobOKICACvE4215Ygjt-k9pFRNyEKeqXfDg_dEomUcBlI1BIbzOkq9ahGp2SwjUESu6SRyX-MeuncKGR1LJdy-nnpsGf_8AaZs9-gYRTbcTwMTDGuQGq0HUZO6ni9XjrqtWBfCz4T-8OFQu541bFCnR59HtY3LUHGXMecXUbFZ4VklnvovH1TofUy21tortkms1Mk=,No record of a verified business named Seaside Auto Repair operating in Seaside or the 30A/Walton County area. Seaside is a pedestrian-oriented resort community with no auto repair facilities.,
Grayton Beach Auto Repair | Grayton Beach |  | true | true,Grayton Beach Auto Repair,,true,true,false,Grayton Beach,,,,,,,,,,,,,,error,,,Gemini did not run Google Search,
South Walton Tire & Auto | Santa Rosa Beach |  | true | true,South Walton Tire & Auto,,true,true,false,Santa Rosa Beach,,,,,,,,,,,,,,error,,,Gemini did not run Google Search,
Dune Allen Auto Repair | Dune Allen Beach |  | true | true,Dune Allen Auto Repair,,true,true,false,Dune Allen Beach,,,,,,,,,,,,,,cannot_confirm,low,https://vertexaisearch.cloud.google.com/grounding-api-redirect/AUZIYQF1mRk2t-xDLypu-R684mjDW1fcCptnhAPj1tgLTLcYmR3jsCc7PIFYiLJhHGP7lwitiIU2tsSZIWhQiz3cYNc3o7CI3R0hiEr3WGHytaTY9XHfK1IQobw=,No business by the name Dune Allen Auto Repair exists in Dune Allen Beach or the surrounding 30A / South Walton area.,
Alys Beach Auto Service | Alys Beach |  | true | true,Alys Beach Auto Service,,true,true,false,Alys Beach,,,,,,,,,,,,,,cannot_confirm,high,https://vertexaisearch.cloud.google.com/grounding-api-redirect/AUZIYQGlUAygY6PVIL7DFjkKMUuySR7FP25PAdkXt0NpZVe3w4l49TjsIY4hNjDWzBfION68TzdZUMpwhSENWZpox9_CaS-i7gTE0OfyrFY_uhjQHqz-duOdNcLQHyknfS8HkdCgwZBrJhwREYS4K2qe8B_-3yv_W4X19jpas9t4qCkRgPW4MmzaAduD,"No record of 'Alys Beach Auto Service' exists. Alys Beach is a walkable, design-regulated residential community without auto repair zoning.",
Coastal Auto Repair & Service |  |  | false | true,Coastal Auto Repair & Service,,false,true,false,,,,,,,,,,,,,,,cannot_confirm,low,https://search.sunbiz.org/ | https://business.cybo.com/US-biz/coastal-auto-repair_1O | https://vertexaisearch.cloud.google.com/grounding-api-redirect/AUZIYQHq86ae31Acx_rfCxz2PFNo6bpLep1Gh8GxXh_3LfBGbx7QEZ2ycfWSZAcKGLl7a0fYSF0Dyw-vtduHdG8rY5bfVQphPJ0MADo_x7cexQF0qEhU_L7HiW0HLlBREm112XfpHuKJi6YaRN91PoO9Y7OrkoaO9onz | https://vertexaisearch.cloud.google.com/grounding-api-redirect/AUZIYQEZlzKdiLVxWKoJtfyHl2APSJe-rXjwe9euvrKj6Desn5RQzbfsIH5qBJi0RfdRDVBzvhnhAcDSetaS_hxFjEJeoP9VLn1mJvwCyJ_9NaGt8jVOA9Xs3tmP7ToMpq-5EVSU7nchbJkIXnTUkFLJIy-AI5yq_a_qreJ6Quhb-0f7jGymWqd_-iAPpBMg5apgyRKjym693sjra7naK-kVjbyZwKxDibnPhCFvZQWTi1PdExEvHVZYNi7zgeyd62ymvvKmo3EFh_8N6KQtPTW-AbwxJyOZNc-Y20y_J3Nezekc4tuo_Zv2qrZN9dkYJWkxPEw4SuywtyPP3XGFB8UKZ3vS6MrbqdfXvSjFa13xvgg-oFzLu6Cr76CJEgbLF-0jLBMkBajQ21CMvLY52c5B_IS0FkkL8VBWrrWV62QPE6WuAk9-f7Q5R5mPApdACIqOhvj6o2eiFtae2emN0sCJ6nIZwyT8HeLgoqIBVhNc-1jWXK7BnJmhPkJYAK0AhTV8Izd4k5J4Rg== | https://vertexaisearch.cloud.google.com/grounding-api-redirect/AUZIYQH-sbQ1qE48y6UKK-mlxvZaXGHbb5xK_t7lgq5L7XYYkuyaHY-Yyoh_MFkZq8M5X9fjW4bwgTxjGq70dG90iFTbwFBm-E-pxXul5JdVhlsTEO3CijC7ZV2Y-mEdMGFOztC8rq5qlHkd4ADA4v54CrNikau4y2ltvi0D9MH5FwszCSIzJ_UjUesDNOiKZJrCarP3kFlfRud2j63KZGJ9eSUGAg8_xzrINMDgcynI9n0Bz0RD_cRJu7gFpPMhGsYirPoTkAp6 | https://vertexaisearch.cloud.google.com/grounding-api-redirect/AUZIYQELN37Ke-ugareFyOda5KKH0va0VAJSAZdHOsa_kPGrg1wrFjBi9a7ARnsCOdTG9dPTUaBjcC82HVfDF8-CI8JREmGbEXEDlhqF7qGLqCBGK4ItLJbEAEXww6wYe5yqeQ== | https://vertexaisearch.cloud.google.com/grounding-api-redirect/AUZIYQGeN375IDtzjxFttyTRz5jhaOZ004AfjEM-AvHk45nxVKZnNsj6AYwvfBXTsqablu057d-f2oW36quQysEsppQUVKU6XSyB1ZZ7YOFXNDkvqpxauSnwwIzQ33HoH7HCLVqZCUMSpX8SJHMW1hnqVRco1AwuoQ==,"No active business named Coastal Auto Repair & Service could be verified in the 30A / South Walton area. Historical listings at 280 Moll Dr in Santa Rosa Beach are defunct, and official state corporate filings under this exact name pertain to Jacksonville Beach.",
Sandestin Auto Repair | Sandestin |  | true | true,Sandestin Auto Repair,,true,true,false,Sandestin,,,,,,,,,,,,,,cannot_confirm,low,https://vertexaisearch.cloud.google.com/grounding-api-redirect/AUZIYQFvpzGAWhkZ0_Hb8x2H84Jj1VSpC67Te81Mb61BL6MBLRmAfaMLa2_ZSE1WlVJbU3Eq5MFXvvS2arMHhL5gxEvE92yZmt5P-pYHakxJ-YiutZkzgJZ6gA== | https://vertexaisearch.cloud.google.com/grounding-api-redirect/AUZIYQH6ZzRHOB5sh8N0XM4-N8l4GdhNxJOdnxdGp_Wp8vSV8ahlaueaLAZ4W8n7uxVENbFJP4KL_YQ3IMv2GLQ8-HBmyLeOp530PrPu99VSTa_TSicH0iv_y2o=,Could not confirm the existence of Sandestin Auto Repair in Sandestin or the surrounding South Walton / 30A area.,
Watersound Auto Repair | Watersound |  | true | true,Watersound Auto Repair,,true,true,false,Watersound,,,,,,,,,,,,,,error,,,Gemini did not run Google Search,
Seagrove Auto Repair | Seagrove Beach |  | true | true,Seagrove Auto Repair,,true,true,false,Seagrove Beach,,,,,,,,,,,,,,cannot_confirm,high,https://vertexaisearch.cloud.google.com/grounding-api-redirect/AUZIYQFkee402sZRmYu-rhnaTRBCmziPVfkU3uDGzMTyZwf2XtsDvM69QYst88ty-utKpTnDCBErsOo6ZqHwZOTpjAy5el6SoBnLG4dMylmwV226ROzWQ8yN8eJ4u_lJimfFHtD9F4auZQ== | https://vertexaisearch.cloud.google.com/grounding-api-redirect/AUZIYQFuZsvZfZ0VlFwrMjGRC-7Ah9w9fpUgoa7lQBZiuAGQQN97z6iGEr-WS6Lu8cfIemGphlvWLrdV8bBJxgHq_kq7AKuWf7ScwLxavQFWnf9WyjQzI8BQgaq1sT3Bnm_46hLjP7Q= | https://vertexaisearch.cloud.google.com/grounding-api-redirect/AUZIYQE7lHYS9DNKTIY0XqscHVskqxb-owWtL-KrIyDJgUDpCip3iF88spWGKdesrCq-hcA7EjeHXDo9eNHR-vL4K4DeO0OtitA48vllB3Rx2LxtmuswGD77,"No real business named Seagrove Auto Repair exists in Seagrove Beach, Santa Rosa Beach, or Walton County, Florida.",
Mobile Auto Repair 30A |  |  | false | true,Mobile Auto Repair 30A,,false,true,false,,,,,,,,,,,,,,,cannot_confirm,low,https://vertexaisearch.cloud.google.com/grounding-api-redirect/AUZIYQE-EBEgaZgYKlVbUGaihVBpS5pfzKGQh8Tvu0B2XoFTiIWQsczStoLa3hJppE0cbgxFlechnlf-fue9ho87blBjD1NiwcBrPC7vMnVlOtr2esy1TkUVHiXpbqxIALzK6UyRR9Y67RhnDdpBSOfqq0HB_gwQVo98Xy5GKh0dKA== | https://vertexaisearch.cloud.google.com/grounding-api-redirect/AUZIYQEfqX-BIVha0F1SdjBUzCpJiGggOrUWDSvoYoAcNxSK5mEoB6Bm26WT-w_S0pOFyuE9o8F80KcYo9dsBkAOdwdmCrwkIBCvH0kOaxYqTQ-QyxFuk8ruCDbRzxH6aFRCIbeGkHQ0p7mQ7mekbjlR5Bn_npzXs6aVn3ssq-5-5I_4sA==,"Could not confirm a distinct registered business, website, phone number, or physical address for 'Mobile Auto Repair 30A' in the 30A / South Walton area.",
30A Baby Gear Rentals | Santa Rosa Beach |  | true | true,30A Baby Gear Rentals,,true,true,false,Santa Rosa Beach,,,,,,,,,,,,,,cannot_confirm,low,https://www.babyquip.com | https://dos.myflorida.com/sunbiz/ | https://vertexaisearch.cloud.google.com/grounding-api-redirect/AUZIYQE3dWfpJmX1SE6iGdyMPgylsw4pT3Q2ywzMDTPom5y-1Ji_fLLJCz3mPxUELDswOzPJwvPILv_UUSaSSCXTd0K-l3vvPw5PVmrTTGqn8saodqdubo7iIZlzY713 | https://vertexaisearch.cloud.google.com/grounding-api-redirect/AUZIYQEjtpWIFlNw8h2tAbBCh3xSKQCKmOxyKalnn9x2UySaHH5yyViMywXA89rAowRnrmiFaRtx2rAqEHFCHTjWEpROiYCi1IPdUEK7GF6INdxXGiG_cmuAIGnAj7vXqaG0oXezohkFyBUgAmJ4,Unable to verify a distinct business named 30A Baby Gear Rentals in South Walton; the term is used generically across blogs and rental aggregators.,
Coastal Baby Rentals |  |  | false | true,Coastal Baby Rentals,,false,true,false,,,,,,,,,,,,,,,cannot_confirm,high,https://www.coastalbabyrentals.com/ | https://vertexaisearch.cloud.google.com/grounding-api-redirect/AUZIYQFkdLR4vmpNcQufcKMiezp--zqFYSrXjiWwGIRLoCeg1mxL79cGAAfpfCn6eJwF_81YsJr77Y-1abyR3mlkz5wjbDilJj-pnexrCqM9r4nzI9r1TWxB473cUqFgynfpsuY-ljgzlxWcCi3D-yuEtA== | https://vertexaisearch.cloud.google.com/grounding-api-redirect/AUZIYQHFkY0RJ63GAUZT37xVwE8etEYcgLY_Wx648dBpv5voZWya8izN6Bl7uqPNgUBCIq_aSkxUtEvX5lqGQBYFPXaU6qoRCEkR9j2OXpa4IdpYfHo8zufeaWFAeQcJrNZOGSEky-I= | https://vertexaisearch.cloud.google.com/grounding-api-redirect/AUZIYQG6REANDneTGx8U3Fc5JplQYEing75IyOInmRg2yLvi8msJDA03KOv4r2dNx8mZnaGWU_ftfgzJXNt8ZVc5FWiMcO8ehbBYPWlov9p9IC5UmzjpSzq7IMWA2gKUAfqcP8P2 | https://vertexaisearch.cloud.google.com/grounding-api-redirect/AUZIYQHxBkjXAPPseReIjyx60mkg4Cw4zExH4Tlpzi4jzTjTTgTH0cqCs-i3SvXOtLZv2nK5KGpn5uDCv8ELFIJR5YxIyUgcEOotrqbVgZv22myy4duJZta-VYyXljyaf41TccAYih3zscSyDYapJPrSp9QNXHH2ORPhRjrfWA== | https://vertexaisearch.cloud.google.com/grounding-api-redirect/AUZIYQFe8HLN9_9UrjbWwE20VJoI2zESa6fOygCq9MtTdZOM44jtYHawoQ79Qrol0lrn02GErz_zXHXYxhiAUR3KN5r3RcQkMua3q7a04hAiyX2aIotwHdgIZTGPJ4y-eFnDHkHxkzdO7jnVm5Sxbgdydc0FLjM-s0xck9PPLBGj18YbuAv9ZJ1SsD5mJEW8AF_sa45LAW4dRDBA0N96bCPnXQ== | https://vertexaisearch.cloud.google.com/grounding-api-redirect/AUZIYQFEx_5BEaw6qtUqUDUzt6xrPJfmegxIIZsGM14x7BTTlLHo36hI4K7Gjpz13UC37Y0EM8xmmWISZ6B6GXtHq-sk3Lad4o4Ky1IFtwgbKi0v3oYYeOVoh13pGDgKBDkmekcuncojBEc08ZY6V29iY0sluAnuJpbIVqw=,Could not confirm a business named Coastal Baby Rentals operating in the 30A / South Walton area. Coastal Baby Rentals is a Jersey Shore (New Jersey) baby equipment rental company.,
Little Beach Rentals |  |  | false | true,Little Beach Rentals,,false,true,false,,,,,,,,,,,,,,,cannot_confirm,low,https://vertexaisearch.cloud.google.com/grounding-api-redirect/AUZIYQHHt45nyk7IFht_1LCNjjTa6TAhW8GIFztB6G-pIh-oYhZbA7MGbARnl9tEGssJKkpmc1nug7R0X_ari6qGuZ33OewSodKVHU-ANbjEPDbYdk6qAkj0vrTO0QBrFq2gf0OXQFGQS36l4vyCx_kPmKqrlAyCz-16FoACW8YQuCmw4PAV-YTD20BfkWse9XmUSR1F3DG7MZRPDF_GUZLhsJS1s4shK6rU9q9NMeOhfUyBXYIUmPKFZFYrmaFSTVI= | https://vertexaisearch.cloud.google.com/grounding-api-redirect/AUZIYQG1gYekKIkgb7DQI2X1B6275rFWvZrr9bz08dm1LV2JIrnerGWl1pfcuFmTSwKGHYyQhI54H6UmvvTrTL7dhLRheA8dnD3-jFx-WPKCbzQc9v2n-aNpO36NmHAiIu8k2-9RjKhNHDwi2GXA1ZTYaId-4YLas2g9NsKSlLQk5wHS75t09VWvNi19L6iULuAoIfCZYrTThk6OqXPgIHnZZs4VtR6X6BR0VtKmvxhSIEju0h_XIJ-xUi9KAJV8tE9kf6U1zI-Dzg4_TSV6XJ1hdpcRb_Qcss0goGcLvQxFDi_ZOX4BhuJ3ShUajDXhVKL_xMDBy1Km2oJ68zAjlsJMwMZQcEM0Slg7wJjpo7tF4bbXTwsQgvYSOSxDJLLlb7bn3x9mteBTEh73osBVlPswtns_C0iCFJ9Gve0=,"Unable to verify an active commercial business, storefront, or official website operating under this name in the 30A / South Walton area.",
Seaside Baby Rentals | Seaside |  | true | true,Seaside Baby Rentals,,true,true,false,Seaside,,,,,,,,,,,,,,cannot_confirm,low,https://vertexaisearch.cloud.google.com/grounding-api-redirect/AUZIYQFIJJ2vp2uTHT1UXrVxGaOp85NM-hn-HBcs_XGzdM747oajPw30CrutDRkvkbcSnWPh9_6aiifGao6qFWgnWgTPxof6WPox4WXRnnuUYKf6BWxI | https://vertexaisearch.cloud.google.com/grounding-api-redirect/AUZIYQFBI4z75ZuSmbESUFmQw3cV9KOC6FOBso94_8cwO4H8HeQM0ujPbD-M_n6D0qnMqtvQOGNSbSes_8gVkplfbuG0aK6bYIkA8lCNt-NAYbZPwA== | https://vertexaisearch.cloud.google.com/grounding-api-redirect/AUZIYQEeGjdVoRqPaMTk2QP9DpWcCvM4CVXRUmO_r-SmizmMGVKF-TlV6fVZ0JMcNK5NNgxhcjvbPy3uNMzfLAKw_3mWJIdzQsQrqxg9YvyL-v16hIwS2tfsOujP2b60SqLiZDtvz2zR1qHWi242Noga,"No matching business entity or operational directory record for Seaside Baby Rentals was found in Seaside or Walton County, Florida.",
Baby's Away Rentals |  |  | false | true,Baby's Away,,false,true,false,Santa Rosa Beach,Santa Rosa Beach / Greater 30A,Baby Equipment Rentals,family_friendly | jewelry | kids_apparel | salon_services | property_management | travel_services,Baby's Away provides baby and toddler equipment rentals and direct delivery across 30A and South Walton vacation rentals.,"Baby's Away is a baby gear rental service serving families visiting 30A and South Walton. Offering delivered cribs, pack-n-plays, high chairs, strollers, wagons, car seats, and beach accessories, they deliver and set up gear directly at local vacation rentals, resorts, and condos to make traveling with young children simple and stress-free.",Baby's Away | Baby Equipment Rentals on 30A,"Rent full-size cribs, strollers, high chairs, and baby gear delivered directly to your 30A and South Walton vacation rental with Baby's Away.","baby gear rental 30a, crib rental santa rosa beach, stroller rental south walton, babys away 30a, baby equipment delivery",,(850) 238-0506,https://babysaway.com/,,,exists,high,https://babysaway.com | https://fun4emeraldcoastkids.com | https://vertexaisearch.cloud.google.com/grounding-api-redirect/AUZIYQHI5KLtZdkHImzUpFFX-I-9afE8uMfXqc_Pp8iIDqMt0MCw73soByAFI1VO44MmpUZG5THEvo-zvK5eu8Si_-rFSXNwNKkevbTViKFBbPX9OeCFNRO5btTnPC-EOw== | https://vertexaisearch.cloud.google.com/grounding-api-redirect/AUZIYQGxRHuMgT6cs9oUy3889ZxhPkMc00ac-WnrrRRifWq4mIB37gVo_pxdtvvXWPy1aOrDMh_KBEyyqHysRwFJ3W_LHTR8LubEcQls9vqWJ0_RQFWvDjvaKwNnDsqW9Sf_2oEX | https://vertexaisearch.cloud.google.com/grounding-api-redirect/AUZIYQE5gEi6vGkZ5crfe97G6S1L7vp2Nwa_xW6HD-bDnYwpFo-YJggXkruw4h4tYyEJIMKeOW5dPUurMWACT_-UjG2ngaW3IomHHgYo-TP16r2ckBGhvqW7xAzYwmppM5ImlpRMggvb51OC7eL2TBOlTFetuyFS9GaxVIr0cil7WhTIeyYMlSfGTO6g3_PHBZS0xmkhDOqhAtILKZlMjE7F4HHErhtnmiH_Kq2CEgQgyg== | https://vertexaisearch.cloud.google.com/grounding-api-redirect/AUZIYQFTvQc9x24_m9EWyRRYu87wKW1rWe5AxS8oX58Ly7atrfp37zhyPJ2k2OzM44c2eY5Abm1OF52KrRtd65zQEZpCdXlufOi6YpWW1MlyxEJeW9axWuuT | https://vertexaisearch.cloud.google.com/grounding-api-redirect/AUZIYQGCmGIANYUAHfHFc2cokdyO5PVzbKVyAtbxO4SuxxtKY6eEBFlImE3jVHjWCQtTbWJ_GkfDV9qWhunCzoU4XMz3mIbArkEhMeZmm0J9,Mobile baby equipment delivery service serving all 30A communities and South Walton County; no physical storefront.,baby equipment rentals | crib rentals | stroller rentals | family friendly | delivery service | vacation essentials
Sandcastle Baby Rentals |  |  | false | true,Sandcastle Baby Rentals,,false,true,false,,,,,,,,,,,,,,,cannot_confirm,low,https://vertexaisearch.cloud.google.com/grounding-api-redirect/AUZIYQHWy5Dy9zamdA-PbeNt_HJ-UwynU6ZbbWXpcHtrqrBAeMoW3ANyTqgO6nCT4e6j_RmKaO-EoPisshTdqGEc59KYEb854FrYkreZ89KYTFL5l59V28zCARwBLKLo_fQoscD7JTA7qA== | https://vertexaisearch.cloud.google.com/grounding-api-redirect/AUZIYQFnfk-Cn5clVMpCGV_qaYVCIb5OtQ00QOkyHcw6jOYYOyzZpfZ3MfMcI4gobFwK-tcQuPuIXbtD1EmQKtHyArznn7HZ1cm2m7JXR_Mx7qan5VR2SyBvZ9x46axs2whwEF16rIrrEGu3H_6vECyk8Q==,No record of a business named Sandcastle Baby Rentals was found operating in the 30A / South Walton area.,
Beach Bum Baby Rentals |  |  | false | true,Beach Bum Baby Rentals,,false,true,false,,,,,,,,,,,,,,,cannot_confirm,low,https://vertexaisearch.cloud.google.com/grounding-api-redirect/AUZIYQEyPT0Gls7aiqbj6cyZjAq7QoQjsNMVYKjIIQ7SGlPPiR0KLQvuUXy68-tj4ssuC53874OIinT1bbAegWFLru0dMLDU2sfGpLM3mdmeyx-9_Ubm5P6HUQ-75PY8s43ZyViveuiDdjHFVriKA7h2_X91FY5SqjKUz3-kts-qtK99YAQhD6c2JFI_LO4Bedite1SUGlp-1fyDTVsZ5uRR3xnPW5OG-sb6Oe4UimaW9ZbBedjeWmlZmKJkxtthyBVnuly3LMP-EDCxtJsub6RfAQmyZCI= | https://vertexaisearch.cloud.google.com/grounding-api-redirect/AUZIYQEDmZ_4HYWvCM2j8zcJ2_0zDNL1oBNrezAghqIWDI3qc1zD4fYEPPOtdZ0V93JnJ3gilJ4Gcxrqvz80jBri0vNajYN89gxsi4DUNy--ifByPjRv0BqX98XryzXUAL88RKxzZOf4UWmOU9p3cfYt-zojmAcgYdoiGSoKY0Ouqghkey_ykVYDTjUhiCO-NdmXX4kDSZbwzZZncEFtSYgwG_JaxBc-aweNHQJ5wJ3QHItePdeICtIbfOtvquaqJJeU_dorarf9S7WkgybjE9PvQIa7RYs= | https://vertexaisearch.cloud.google.com/grounding-api-redirect/AUZIYQE9lCz188G-LmxS6J0a_A3460lR7qYEPD5YdwEbYjU4CdgAaLFjw4lkQPc2UQKow-XTGsJvF6qWQVa53bq3Ns1393QREZnUcwV69Gb-DuLhlnlcb-a_sxC5AYOwjg== | https://vertexaisearch.cloud.google.com/grounding-api-redirect/AUZIYQGcUk9flynAymhD8sSatlfVojHCAPML-P2BzDI3eBivNfInvE0BIY0Dwni1XsoPKMUXx8scEtmIPfqm3CQiw-PXhmsWSXnMguMi0VOi8df68U2V60Rh1r3GdWyeE0LyJBeR2vSd2ydH6LgX23tmeFBaJf0OpoNDzBlBR9Oqu2tbBzBE-et1yPGp8grxrT_hNjuZkAsdNftA3lAtmP1EVynIT7bPU2QWWIVCjtvfum-q,No matching baby equipment rental company named Beach Bum Baby Rentals could be verified in South Walton or the 30A corridor.,
Tiny Tots Rentals |  |  | false | true,Tiny Tots Rentals,,false,true,false,,,,,,,,,,,,,,,cannot_confirm,low,https://tinytotsrentals.com | https://vertexaisearch.cloud.google.com/grounding-api-redirect/AUZIYQFJASsp4r7wCm3XRSlelvkYs5SnGoqOEHi0OxL-0Caspp-s8JWBxZKW1BJU9LnnuR4mxspFcnCFPzC2T4EzAT-7BHhm0IxPpCepbaartL0pf_0= | https://vertexaisearch.cloud.google.com/grounding-api-redirect/AUZIYQEYnbNkhtUynVaJdItqSuRpmZy09wary1fSMPJVxg-M4nPh8Ejp_iXEgH5zPtwpC_HwKHJx8BmElNCTfwep9PRJDsu_ZZMbYiSHSlMdzHgv1bu4aJaCt0HcaawmHUQqlKIsDkBZzCqG4vpHM7QdzeyEbUAYiLKwvBx4b2_AF-wH5wy6N5-zoUbWg3TZjGXswR6HYyADdLGsuOkad9l9aZi9CLsSOsgG6_SC-iDzXDT2ih_FwQcBKCC6RCJyzB2wanMajzG9pRLfpDM= | https://vertexaisearch.cloud.google.com/grounding-api-redirect/AUZIYQEthUPUYsJHcmmhEEV4f26vwK3iU7WBCq_pVz-C4PdoYdWZIZwQAdW6Nya1dxNRlatabrxvWmBntbiHtt_p-kl6N4aUQpkzqYwUVQyhPXZt-ls77bUziHiRoByTEvCD,No matching business found operating in the 30A / South Walton area. The name corresponds to a baby equipment rental service in Southwest Florida (Sarasota / Siesta Key area).,
Sunshine Baby Rentals |  |  | false | true,Sunshine Baby Rentals,,false,true,false,,,,,,,,,,,,,,,cannot_confirm,high,https://vertexaisearch.cloud.google.com/grounding-api-redirect/AUZIYQE7T-EefTLn7vx23M-AZtDmWRtHxxD5cvveDfuMhvN1e27twt1TUkRa7r0otVxxhNf5KBlSZRw8XMYYVcJtTpdUpZ1p_B_SCCLduueHW_UyHe8UsFSVgi_oesb6tJbSa1vix2s7tgCOYZMsrl96biVPceax5A== | https://vertexaisearch.cloud.google.com/grounding-api-redirect/AUZIYQFszJ9aLJlmmOE1nXN0Fw0yfje3UsPIfkHRdLn7wdQp_f01i5pIppdJY6gM2kcjlLWQZmQ0op0xGz5NFsSaGtGZo2x9Am-_ABNrGoV9zSxBZlCL24DsFcVHtg== | https://vertexaisearch.cloud.google.com/grounding-api-redirect/AUZIYQGSrFjK0UlsPgVyiEfhYTb9QIEVeI-QcqAbcomG3B_qmVazOSHProkfiyfObKULpDsnEyFf1asU3HqaZ5Iyv4yYLYfv5eGLTXhYkL4iol9CsRVct1J3UHJiLxQsfiJn-oFCFRAW_gmHkNb_yj3-3UxS_u1XeJ2i7-taT5FafbZ2bEKvgKOJ0RyIIeMbnBAQR9L_rX0ToDKpbfGfZB9hndu3C1s-CLqOhvGAMbvaqSfXkekf16bMkj9dieThjL3-1VWq_eaRI3ggOPyedbuRsiwZ5jg-InuVrrOmJaHIj42O2Gh9v1sdzSpq2tU= | https://vertexaisearch.cloud.google.com/grounding-api-redirect/AUZIYQHXSnOZLD91xII0m1z-qc9-nGhILgsSyPA9cH_CxAkCc3_ZidO48NbVOOP4g0_-d6qea2qOuucJgdC-FZzzy6hB8m9K36xSwkOoKNk14eGCdL87BiWYhPFQ488LwSJx5cqXOq-sbVaNnB3-cPlcye2J5lbpyDY8uWbo,"No matching business found in the Florida 30A / South Walton area. Sunshine Baby Rentals is a baby gear rental company operating in Sussex County, Delaware.",
Seagrove Baby Rentals | Seagrove Beach |  | true | true,Seagrove Baby Rentals,,true,true,false,Seagrove Beach,,,,,,,,,,,,,,cannot_confirm,low,https://vertexaisearch.cloud.google.com/grounding-api-redirect/AUZIYQEaK1laofnaC0v4F6M__wYLcAmb3bhbsiifwdW3vWJg0M1oFxoJzni--JR1M_HUT8XS0JkXPKxxxS3HbkjK1__PYqc5W77cCq7WSEyYPJAtG7rHPCv5CnAd | https://vertexaisearch.cloud.google.com/grounding-api-redirect/AUZIYQHGc-4P4Oq221tToCrvCiMdStN83SQ4ZdkIoky9iiZ7ieyA_pgk5Q2JpLhMU9AnTdTTfR5-9euWaoOCYjzhw4wIZmsEonoitncX_snR2qZy2Y1vjg== | https://vertexaisearch.cloud.google.com/grounding-api-redirect/AUZIYQG1z7ELr164Lz_MYtBP-L8_Pj48Hig3AlRT8ABvxmRjJS-1OmeRyWlCWOCJvNexLNp2ByrgotYa3UmU0Y_e_FYdh1jqqzyAR8JcfnucSUdCHKhpivqwDBjonogL2P2XXHrF649iRnfesWq7_UMeNjG-_R3PvdEGIHen | https://vertexaisearch.cloud.google.com/grounding-api-redirect/AUZIYQHSLPNa4YJvlDdPjYFRnlNFXpSA81AqfYNGYw7qCp5kPZz7incE7VAaMHQLd7uRtmemzsTmWt-P9i-m39tP1oFYv_q5FOIlb6Mp3zkzMXQVmCo= | https://vertexaisearch.cloud.google.com/grounding-api-redirect/AUZIYQF0IA0EDoLMZ-6biXh9t__Ajej0mmNf5OiZCb8T9E9rf88MUZu-E4kpPZ7S8NdHA4EexYALYrnWtyAiausaRT07bNfCHudua2YP5JJEQJpzI2aaBVNs_pqAxWU= | https://vertexaisearch.cloud.google.com/grounding-api-redirect/AUZIYQGH5nbVxBj_ztB9LT8i_StjVo9U8Tl0BSaRVhNwGVmOVUpYxTfEos8REPPF0gcNNWOiehpLx_nkGuvIDLCYnhBWY-HmXSFmLx6MjLo2J97qJ5NPjdc1Q41PVQBncRpVWTY-vKD83Yg= | https://vertexaisearch.cloud.google.com/grounding-api-redirect/AUZIYQEXbV9wdV9VtK-en7Kltk7OAMrrR-Fd1hS5t9-0n9r5wA__70_io2BxERFMJ32Fq1wvCnELP4kW9AUyrvpAfFcZT3G3lyGClePYlpDiTasTikqOyreuYeK-16xBK6FbetLZZEtQgA==,No record of a business named Seagrove Baby Rentals in Seagrove Beach or the 30A area. Likely an invented placeholder.,
Beach Bikes 30A | Santa Rosa Beach |  | true | false,Beach Bikes 30A,,true,false,false,Santa Rosa Beach,,,,,,,,,,,,,,cannot_confirm,low,https://vertexaisearch.cloud.google.com/grounding-api-redirect/AUZIYQGKfgbbZI4RD4YJxFJzWSZm-sanow8-iKQOpDqLRumh_74bMeyJmPrNsQVeymK5OYyHtCgsELhsNVmYfgyowQSDENvqF16Ac4a6XkFqfAtJx4GGiRXYALZV5Ije | https://vertexaisearch.cloud.google.com/grounding-api-redirect/AUZIYQFzqn9Vp4ZoUE65-w5n6_gLA1J39VtNol6rSwVTidrRR8Jx-95opAYoJCpTRZZ9vBaCLE2Q0_wMNpUQVYCIurQZkICjSNnloSJUXWvMEwl7GPbQiPxePHPO0SzGwKTNPDiRnCF4MR8jd9SnchwCWxkJKVOaHxj8UZj9bt8sa9t_ | https://vertexaisearch.cloud.google.com/grounding-api-redirect/AUZIYQFiYgSevXJ7bkxOGPpr-o2LtSnVeHRUyxCDMXKoc4lm7qFjK0ZR4-CWMsUKewUtLQbqKUHkOMS5-zH9STRpLLNIh8cuj0MH5A-brlNW9qAuB24zavcgS8nwT9bZHbPAsYAhDxqF8dxJ9DPu7pA= | https://vertexaisearch.cloud.google.com/grounding-api-redirect/AUZIYQHu4g9G13jqh5lDYirCMUO5YjiYjHQZQhhk5xRJEPjYFxXkchYSptHNfpN0JD6eKsENPs1y6JMYwF7L7oWvXf3G0CSGBumvD7f7aPDNjmdGJ_cvcHcXIVDXKXQ= | https://vertexaisearch.cloud.google.com/grounding-api-redirect/AUZIYQE0gCo77K8-pUk-HCFKvul2RqCkBOxnBCAYaYFFqoCb_8cyD3GhUwlKmUpmA-C2r-2DdZk9q95hCWM48n3GJZ00gRDLMgXSdDc1sy-9oPDrGdmcglOiaU9udF0UZDbC-nI6,"Could not confirm a real, distinct business operating under the name Beach Bikes 30A in Santa Rosa Beach or South Walton.",
Seaside Bike Rentals | Seaside |  | true | false,Seaside Transit Authority Bike Rentals,,true,false,false,Seaside,Seaside Town Square,Bike Rentals,bike_rentals | family_friendly | jewelry | electrical,"Seaside Transit Authority Bike Rentals provides custom beach cruisers, e-bikes, and cycling gear for exploring Seaside and Scenic Highway 30A.","Seaside Transit Authority Bike Rentals is the official bike rental provider for Seaside, Florida. Located directly in Seaside Town Square, the shop offers custom beach cruisers, electric bikes, children's bicycles, tag-alongs, trikes, and beach trailers. Daily, multi-day, and weekly rentals make it easy to cruise the town's charming streets and the paved Timpoochee Trail.","Seaside Transit Authority Bike Rentals | Seaside, FL","Rent custom beach cruisers, e-bikes, and bike trailers from Seaside Transit Authority Bike Rentals in Seaside Town Square on Scenic Highway 30A.","Seaside Bike Rentals, Seaside Transit Authority, 30A bike rental, Seaside FL cruiser rental, beach bikes Seaside","2236 E County Hwy 30A, Santa Rosa Beach, FL 32459",(850) 231-0035,https://seasidetransitauthority.com/,,,exists,high,https://seasidetransitauthority.com/ | https://seasidefl.com/ | https://vertexaisearch.cloud.google.com/grounding-api-redirect/AUZIYQHgBiVKlnF2gVoGvMgzqxuL-C6WOpwkffuiyfKvX9VsvKcJtH6VjgbaWPvo6Cs2nq9ujKbuYG68kZ_MZREz_L81IRgD-9vojZzoCY0kmAgi3DqbpfapSXEnjpVLDn8= | https://vertexaisearch.cloud.google.com/grounding-api-redirect/AUZIYQFdp_-sogUalrMUbsWQExCkaXr4p80vtLady6sXcRPqN1wndFW0yziIUe4sE9QJQkJbWWOAIqgOY8RoIb6ebAwThU9kQ5q6IXdc-bhrI4DT-LMTdh4NOdL0n6FiJXTmZS2pjWXF5pwSZwgRmtBuj1V0BTHTE5m7GP3_nA== | https://vertexaisearch.cloud.google.com/grounding-api-redirect/AUZIYQH_Ad07NCu81uwVxJ2HKpee7z5drANRXd_sHkj8oVpz7MX_wJQbgT_JaA27hCdWbkCvJpcq1RFcbxlTKN4lO7oPxE_eBdjboiGaLX9UI9CjBPQiy_LDVvkXUhV39fSBoztutrw4LVHW-dAYyhscMH7sPYqpK7N2ewglxL02FSDx_UeV9Ue-7vBOdROMtnT0JbNnPn1n98o-w7GL41AUs7B3V_w9o7wSp1w= | https://vertexaisearch.cloud.google.com/grounding-api-redirect/AUZIYQFPwzFQScSQZUF7u2Id0ua8_0DCQKUutBUFFnUX5ylQLKU5jt5BBDGaxOy-eWR5o0rQOcLZpYa4xYmb1vKBSImAAcpoeheBVpcBMItksPRdrDlkM9jETFX9wUVWHOmQ6gSttfO4j6m8NHpAEx_ETCMsfpyW | https://vertexaisearch.cloud.google.com/grounding-api-redirect/AUZIYQH9FF6wUQqyKYywSfuL7i7EuEt6rM1mXwLdjoK7BRgIaadfBXh83rxQnb2ynTfTZ-y6pi61huhETcq2I2bhUDkZ8mDcXwS5QmsHMZbYLOg40EgxeM1a7sPAiMalXp2EEKLgUuZx9gBy61SqxLgGaniYP0B7OUJJkFofDatR0PRgU3ym5-KB | https://vertexaisearch.cloud.google.com/grounding-api-redirect/AUZIYQFP5tmbCF73u-oumPUm_mEIq89R6XreS9J2YcAuh4tesH716oiyWd8tcodlh0oJ9rvs18iNod_UJYYRYmM7Q_OsvXt2vEXi2JE6pXHLFFEyyGQ8ZkXKfEbwyZRpUKlUjuVmWGv04W5yZ_V3VHFdaXJpLnWg8a8e9QzPwJYv,Commonly referred to as Seaside Bike Rentals or Seaside Transit Authority; it is the primary bike rental outfitter based in Seaside Town Square.,bike rentals | beach cruisers | electric bikes | family friendly | outdoor activities | timpoochee trail | bike delivery | seaside
Cycle Bar 30A | Watercolor |  | true | false,Cycle Bar 30A,,true,false,false,Watercolor,,,,,,,,,,,,,,cannot_confirm,low,https://www.cyclebar.com | https://www.purebarre.com/location/santa-rosa-beach-fl | https://vertexaisearch.cloud.google.com/grounding-api-redirect/AUZIYQF3FDpEeU-_VRPa2fxamPQ1g5apwrsomR4WRBmzU_En7L4AreqsDmVrFYNeQsOp_l1uIqx0gHLMPPJj4G7-Dgw9i9EWfkvQQWtN8HCcLYSIpTUxgyzKAiugaeWKgd4= | https://vertexaisearch.cloud.google.com/grounding-api-redirect/AUZIYQFEdgqIiC1Y7zkrXSLDD9P2u9MyUxPqlOgl0OVisszh2M42ab38rzY409lgiv0_woFAEHcfOXxyIkNsyr199J-xbwdHtVDbegUXeMKIQuohp9QeLaBcj5ROOqfMfrQHUaulkyF5tRZ1a1Z3gi1cW2rtUaOSoo0vE4DC-Oo72w== | https://vertexaisearch.cloud.google.com/grounding-api-redirect/AUZIYQEnWoeZ55UYx6oBcPnI2Kvqn2_YsXuo0gPWLpXg8O35snLn4dUYL4OwzH-TL4pxE-v0ZelcJqlREmmNNx0Uz7ubSaKnIvv5LeAHuB3sbqzXeEAKUC3r9Xg0Vt_JYkYhxitPhA1VtSnxbDF6ETKiNwg= | https://vertexaisearch.cloud.google.com/grounding-api-redirect/AUZIYQFqTQ1oAGED9Qg0p40eQW2NyGJytWoJlWBQreCmB9urFwZFnumu7P1lOjxd_rpnEFIpgsMaeYilPkZzeGe2yLi93E8va1JXwTOkVNw03aN0gvuFO0YGVvALkKRFXZ_8FdGrTB0V1BM5TZY88c4=,No record of a CycleBar or Cycle Bar 30A franchise operating in WaterColor or along the 30A corridor.,
Sunset Bike Rentals | Grayton Beach |  | true | false,Sunset Bike Rentals,,true,false,false,Grayton Beach,,,,,,,,,,,,,,cannot_confirm,low,https://vertexaisearch.cloud.google.com/grounding-api-redirect/AUZIYQEls9DJ-sHCnGM2xQlcv_gHHFHTizSux29b_jq8yo1H7ej-V4l6-ylqrSwMjvbmrx9K9kcWxwuukV6CD7BDv7lRXSOTuNx2BSppDstGxzS2aYzt1nhWxKqHmv-oXK6y9Lhc | https://vertexaisearch.cloud.google.com/grounding-api-redirect/AUZIYQGDL4UujZ2I5DgwviA__fBtnE61q7HJ4rDOZRu8vPisrTNJFpgIQRP7B3cOpO_lyBm99AiEhKrzQhRT_3CxHc6T1_UNdILNXT3WFS3ZJMY1iqo=,Unable to confirm the existence of Sunset Bike Rentals in Grayton Beach or the surrounding 30A / South Walton area.,
30A Pedal & Paddle | Santa Rosa Beach |  | true | false,30A Pedal & Paddle,,true,false,false,Santa Rosa Beach,,,,,,,,,,,,,,cannot_confirm,high,https://vertexaisearch.cloud.google.com/grounding-api-redirect/AUZIYQFLiJ2JP75uY_dkhPCUUJb6IhHdZdODAMUZ2_u5BLSwpINSuuSLcqdG86Q2dKXRG6bV8taU4ATtOZYyt2OvjamTjAWsN1-HLON1ObijidR-j8l5LB_7au1r_4Wg69wxUwoXH4yeCK90jkAII137eBPdSE4loQI= | https://vertexaisearch.cloud.google.com/grounding-api-redirect/AUZIYQFfnw66FedJFJIPnh9eoxWvmNjuxMcmjK-zG29RNXjmjW2CszuOQ_fGxzNxaLtVulLBLZ4rA-3KkIUA7ZmBr0d3Gz96pJd-iVhN35d7qMy_UNQkVyM7xE86IOkr8ZtwEUEmtOPEt7G7pFwsK2Ua2LJloiLdnd9B_2EOGPNmB5nmuVE6SJi3hdL7L9VwH5e_5GJwod30BIgAbH0b_cJ6Fa3L0DjpCs-Rk3_ULEG3Q-tOgQdvXbc=,No record of a business named 30A Pedal & Paddle in Santa Rosa Beach or South Walton.,
The Bike Shop of South Walton | Santa Rosa Beach |  | true | false,The Bike Shop of South Walton,,true,false,false,Santa Rosa Beach,,,,,,,,,,,,,,cannot_confirm,low,https://vertexaisearch.cloud.google.com/grounding-api-redirect/AUZIYQGBd0ZPId4eATfFrFDdZ3tglHVUAQI_LbMmSDbK-344ZNj3dnmh-Mm189Xs4_lDKdSUYva5PI5tK8bZEjkPR4oqwnUINlKwrVNgRmLowqoYkWmJblwMFS2P0B298QAEsdK78oOPgjjzShyVl-8KAg== | https://vertexaisearch.cloud.google.com/grounding-api-redirect/AUZIYQGt54UHDNnJBQ9SwX2SzvyudeNquDd980f9GaaP3aV-GGaMAFQbAH4Oc7pUUiWEPvW12TY5ORGyeBVxOwfcV3KCtS3dprtpkhvuXQ_5F2_B5GXomi9gHCBFI77EllSMXx0fJc4P3Y7IzUl_MqRXGUKn1PDIGMM= | https://vertexaisearch.cloud.google.com/grounding-api-redirect/AUZIYQHE7jg8y88ay_NDzR0eqJrgIWwXypPI3tDIPgZpdtD-gLr9spVimGZNs2vR8P7DW-80PhRZ4JvbmMVKKA-bd6HQDIiNw7MiVDzVpfPhTJMWyS7VGDx8OW5vpmMI1HOR,No matching business or legal entity named 'The Bike Shop of South Walton' could be confirmed in the South Walton / 30A area.,
Pedego Electric Bikes 30A | Santa Rosa Beach |  | true | false,Pedego Electric Bikes 30A,,true,false,false,Santa Rosa Beach,,,,,,,,,,,,,,closed,high,https://sowal.com/forum/threads/pedego-30a-electric-bike-shop-now-open-at-watercolor-crossings.89311/ | https://www.bicycleretailer.com/north-america/2016/10/27/new-pedego-store-florida-brands-89th-location | https://www.eventureflorida.com/about | https://vertexaisearch.cloud.google.com/grounding-api-redirect/AUZIYQGxWbCSOsKnNe4pansXkp3kvbWP0mAUef3rxA6A8hQ4h9mt8OR7lZR3QzBCxZdd0FlnOHeY4M0je2xC4R6VHBJ3L3_4hPMBaaW_U_Akwh2_7o5fbQEUETNyGgy8SyZy7Yt6m9HNydJa2Krjuj0gLa7YYwueGV8Vhe1Rgj31au2JllcjHCH8mOCX_GcxGNbpILNreswj5Xw4FY-g | https://vertexaisearch.cloud.google.com/grounding-api-redirect/AUZIYQH7a-jHsly8qdncaFqO7V5KuWTEkT3KeNdbbnNGXbgputwlA1QJr-RPSRJN0VJ2hC6ULhRDI1wHLNEf2pRHwnG8TGPBq4tE6qClU22xIBzMDiv7LJoIsgt0JCTiVZ2SF0s= | https://vertexaisearch.cloud.google.com/grounding-api-redirect/AUZIYQF3cVGfpeiWSNZbPrnxeUk9KhW-e0BTx4NLtkRh2dZULkC9Danlpkj8I-MTQzCJu56jbhLfbr7ECpTh76g3mdiFKcaFa1Ms7URu023s5wiQwHWdAzmDjA== | https://vertexaisearch.cloud.google.com/grounding-api-redirect/AUZIYQHMdr4rR82ntjz6ZH9C6drl1HRkdbbrHQFUBgXijsL2PepsvVtaCIjV-asdOfVJglZSuVuhJmenhHdOG-tJQvYPeyZRvrBGTTTMUuUgvPnl-2X8qMloCWmdC4Q= | https://vertexaisearch.cloud.google.com/grounding-api-redirect/AUZIYQHMXWhWIYkluiygNnUpje30sJfBTf9MktSVOb_yDJnsjob3psslipW6KSnxbl-WLInuBLUL4FCwvJaZuMoinusV8rblOW3o1W0-5qL4hYDmWkdF8uyPkxVVjKu-xGKv8J4tObjiM-piCdDz4u8_RfutRPaKT6li5EMcKbW3FVEp3GL2qp-PlSInL-pU3L-y2GXzupG-5a8Sw0Y= | https://vertexaisearch.cloud.google.com/grounding-api-redirect/AUZIYQEFKN0cVTFp0T0f-KJcDX5VM9rc9lrDJEck5ahL19lwnEoh0Bu6Q19kIKWFgXTzKjJXXKY-86zmNQ-ppq0gKn7HYzzvtArO1Tc3qEN8IacBMbDaP50tw9buz7HbTFDdLVdleWZaYyZCKXaGsIG1VmxDiyBG57itVHJWHd59Zd7QBL0= | https://vertexaisearch.cloud.google.com/grounding-api-redirect/AUZIYQEVNr4WZVFBLa6RpYjEpca2LIeGEwbVrp3nB3eEQXZVYsHVzxBGupwNG_-0C26UQMsQd_Z9Z-rGGu1913B9sfJS5bxHKNAx37sKGVl2jVyOsdJ5AGzygNEIuynmU3qDIEtphhrxEb3O27C_cYvkaANSLA== | https://vertexaisearch.cloud.google.com/grounding-api-redirect/AUZIYQGjjoT1svD5bgGvNMGfN8R-h0Pi_0hS0Riq6zwuFRh_qlmNtlsRW2ktKq0aeZJ3kugGmtejly37LziHuDsP9Qyq9fKyvmKnA-kC6lLhWz_jCbaVkXYMKNq6LB3iNf-NU7dmz5VnzU8t-hZ-zN5qsxag8RuusB3Mnmo1NzjpfEPqY7QrJQ== | https://vertexaisearch.cloud.google.com/grounding-api-redirect/AUZIYQFbLGYsX9FQgJzS_T0AXGlOPNFexV2wmNH_uPfaXYks_uIPXa_r-9JVjO853tulcAWHwkYlp5p9glzyOvFfrLVChhibLfBA2dmlPGDisDf3IlgJec_FMaCptB74ExM4bnEo4Krnh5y2m-yiSJoq4MlZVFsynA-QFTg3hQqjmm8N5DcB_KGaRh0evCq2jGa1MNhWgj3Bb1YQOYeCUDo= | https://vertexaisearch.cloud.google.com/grounding-api-redirect/AUZIYQHfc_TJIvh-D0oT1yb1RksKaVP5hUsi_MC5IcDqS9C8i1WCh08dKv_gX2aifYJXbP1D153q5sunDJmog_yaEBmUCSMObPEq3RJiW7QE1w-RQg94ekt7Wf7z5Ztt8c7mj0eCsLhiQHWDzN7mkkmGDIYe | https://vertexaisearch.cloud.google.com/grounding-api-redirect/AUZIYQETlNJsbwp3C9I71sgEn3H0xPGYtW7TaaHEL3mrxK1NENzhKCXBCCAxl0tItGFzBw_kbhyoRwcqlsWbF-YIFirLjOmDYjA-EjgWpk2SOWwInNSYnev9eM26Yb4=,Rebranded/replaced by Eventure Florida at the same WaterColor Crossings location.,
Alys Beach Bike Rentals | Alys Beach |  | true | false,Alys Beach Bike Rentals,,true,false,false,Alys Beach,Alys Beach Town Center,Bike Rentals,bike_rentals | family_friendly,"Rent cruisers and beach gear directly through Alys Beach to explore coastal trails, scenic paths, and pedestrian-friendly streets.","The official bike and recreation amenity for Alys Beach provides coastal cruisers, youth bikes, and accessories for guests and homeowners. Enjoy easy, breezy cycling through the town's iconic white-architecture streets, the 20-acre nature preserve trail, or the scenic paved paths of Scenic Highway 30A.",Alys Beach Bike Rentals | 30A Bicycles & Cruisers,Explore 30A on two wheels with Alys Beach Bike Rentals. Discover beach cruisers and bicycle rentals for exploring Alys Beach and South Walton trails.,"Alys Beach bike rentals, 30A bike rental, Alys Beach bike shop, bicycle cruisers Alys Beach","58 Castle Harbour Dr, Alys Beach, FL 32461",(850) 213-5599,https://alysbeach.com/,,,exists,high,https://alysbeach.com/directory/ | https://alysbeach.com/experiences/ | https://fun4emeraldcoastkids.com/Play-Sports/Bike-Rentals/Alys-Beach-Bike-Shop/View-details.html | https://vertexaisearch.cloud.google.com/grounding-api-redirect/AUZIYQEPYvWM-LAUYZUZOaPyA0WFZ3pKIFFVnqI5QYfkgkeh2ZrUe3vuNvjsbX5RvSjtdXvqmaFI8yS5f0PDmEGuCHCF9tCSRbTZyPFmNigVXSAWG2NHPkLrng== | https://vertexaisearch.cloud.google.com/grounding-api-redirect/AUZIYQGUU-nY8WC9kWg_Wc7jjTpWP22A_kpWshiEbtFH0zLtxqMi39Byc750oHI3Az2vV9VVx1xvQPtB9jxIr0rK5lzbhlNucGm5XSGAEGJt5bPYNnZPrXFaFBdLE_iDOJhVsxBW9RbUYOJpvtiflye-9uhqSbG4323YPlJMqADELf37EfYA3UtUk0GGNa7wunb3nh5feDMW9I8S1flenXGps0TnNus64g== | https://vertexaisearch.cloud.google.com/grounding-api-redirect/AUZIYQHIKWzlKdRW4lRnC7kdIIhAj8o-0tZ2_Wng2ID8ePIi8Afvq3_hJl3ejUorev1v27L6bPhM--JROGzz-pMwFxgFp-frbj7w3Wsnx9Mm4x99QlpYMEZyXA== | https://vertexaisearch.cloud.google.com/grounding-api-redirect/AUZIYQFuRAA_GQhRK5QoufinYgONVAXsbz-1tvgq07UMggWVcWRCfA3bkvIn4KTLvbldAXYxsR2mx1qudP98kzeSPRoHrnh0EcKrYIdhOgdroRZ_rhDWxFxrvX3f,Operated through the Alys Beach Recreation Department / Bike Shop located at Castle Harbour Drive.,bike rentals | bicycles | beach cruisers | outdoor activities | family friendly | nature trail
Miramar Beach Bike Rentals |  |  | false | true,Miramar Beach Bike Rentals,,false,true,false,,,,,,,,,,,,,,,cannot_confirm,high,https://vertexaisearch.cloud.google.com/grounding-api-redirect/AUZIYQGj7uTDe3dDDj5dXqsbU-NpBKtfe1IscutHl7Gzz3IvS4sfbISCazWrWGlRfjCQIoTO6-4hB7MtcnQN1_dB91JGawNx1NwoLdjbDskpQfNK | https://vertexaisearch.cloud.google.com/grounding-api-redirect/AUZIYQHVOilu7BImOTnSspASL5cd9sOkor62_XyuCS-lONBZJNIh7CcXcv7KrHCDHUgpjZgeY_As7y3wBtvB3bNYKG5_3Va1RUT1OenVCZPRNATVScpz7ZR2Xq6OJrOQlhfg4jxRBB7foTd_O-Wd2W4Si5TG-0_ZIxAW5N32OFgQgTPCcct-3zZIOgO_svb- | https://vertexaisearch.cloud.google.com/grounding-api-redirect/AUZIYQEbbbSM8cjShqxjshJG6TT4gIez7cDoMgQFGUOGWTrg2xhsME_XgSrxsRopsg9dR80F8X_aHO8QWp2qQ-k1m46orpRbsLONm_Glt-KEdPaGhIeyesc= | https://vertexaisearch.cloud.google.com/grounding-api-redirect/AUZIYQHukxd35BaYRpV1cS4G47R6rYV7xyMIQnSpLXXBvILycfz6hgWDB_QGQaM18_KxjkZIN_gVj6uTerYT1Tfe5zHCB0xN-yWeorttaG9gAOXtgmXZaYb0H7HV | https://vertexaisearch.cloud.google.com/grounding-api-redirect/AUZIYQGAETImim6oJVcXfeDgVOQNSED6qTQ517TXnw9FbU5mZ3nLoJcYR94EN5Vx6l9lySbAWXjgr_K6FCMOS68_3kFP_xxf8UZudTVydDdoVaNmzAnEMhH_OQXG47qsr1Z0QVc_gq547GlZNdudle6jj2vQy6RDtLJwPzltrf37VZCMLYtWgdC3o7oU5bPJ8F3TyBcQVsYZ,Miramar Beach Bike Rentals is a generic search phrase / SEO landing term utilized by activity brokers and local rental companies rather than an independent licensed business entity.,
Destin Bike Rentals |  |  | false | true,Destin Bike Rentals,,false,true,false,,,,,,,,,,,,,,,cannot_confirm,low,https://search.sunbiz.org/Inquiry/CorporationSearch/ByName | https://www.oceanreefresorts.com/blog/best-bike-rentals-destin-30a | https://vacayzen.com/30a-destin-bike-rentals/ | https://vertexaisearch.cloud.google.com/grounding-api-redirect/AUZIYQFXxHV36CzzZPylBDfOOtKRVdcMevE663JjZqUi7kvx1i7MuArjX4aelYiX1_MPnEg-T_syv9WG35c73fQxs5qSCs-iGCyiv8PwMqbn5Fa0bIs= | https://vertexaisearch.cloud.google.com/grounding-api-redirect/AUZIYQG3s3f6yIzTG4blENQz2utaU694OdCC-0VZkqTv8rLgFoIkEokDL_zVpfX3H8mwdksjxTGJYTrv451T4RpftKAW9fJ0VVjDZ081pI5dW1NtJW40iiN3LmTdGfgdE8JNLg0T_uodEBFY2Bbb3Y0vgBY= | https://vertexaisearch.cloud.google.com/grounding-api-redirect/AUZIYQE1GKHVMXn5vDW4ZJthPjMJbwHTdpsbs1ULA6lbFoa_77GdA87_YJQEbuvA8Wb0y_Lonfdz0q-Hl44BofA4itVlqQ07ELjoZUCR1W0gpZSaD2iDcE1zPRIXPyFfa5hCEmAEyODMnI1QuW4ipynnua41XKq3iCHLTXwm1fk1E-D-CX9IG5vyhJ2DrjEe1eCwZFblEzVhwXc7r4AWluHCDvolvNouZzPtPJW8olZEqao2fgsVIC0Szp5DdXRz2wWjpLShQf4SfSvBRERWm1MRCE1LzIBtRZ0WhGOv3I1wLL_ubs4AJsLuufVSTieiB8JKQoUEDVNdYDev9IdJgVpwcOsyACuUor6kWvBC0jXVIIDj9B13CYYFs8gmTOJ1bGrwFy2_91VMQmAVNmkii_f9ss_1tL3Pub4afAomPt1tKg== | https://vertexaisearch.cloud.google.com/grounding-api-redirect/AUZIYQGoYLAh2a9Db3iY-KZUVl-fuKOGUWnkhr_2GR5ve0BeUqoPYN-iiPxh88bOnGU7gP3k9-0fBbD5byALCQLZX-5XwY8q02entaPYVamme3CgUGblJlpgyzkX9ns8YKZyrtvT7Jp1gzuQEcvEb9Uk5lX4QPFSYeI2K9Kc3ux-Nx_yrNnMSIM5CGJNoUIB5shIZDfUragG96KKDTHkE_bq0WxPCA== | https://vertexaisearch.cloud.google.com/grounding-api-redirect/AUZIYQGvGASExIyvBTLUStjbVQx1mxBvdKHjppktz3G5PuDBYHaVrcb1vbOwTUqWoYdziwwXJCXjfP6iKUUkgSplmFoOJy7PZeqUNrRDmHWoQSYW0lX-E-ENX8QViP8cZ-cuxoQh6zUBkirJeuTvcfSBPtqK13g= | https://vertexaisearch.cloud.google.com/grounding-api-redirect/AUZIYQEAj9ejrdPN5F-iejA1faD6gafxP9694g2wbs4vOmUzkLO-7lXzbJ6UNN4uSB-JwmRWAXBouoVYdaHnlPvKt0_cEUlnVRZs0oOMmkLwNd25_ZQDchQsR4ia4omKGS1ATTUfHg93mb3yAw8XEhpmbv4fHBB1T2FiycLet1c=,Generic SEO search phrase and inactive Florida corporate filing; no standalone business by this exact name operates within the 30A / South Walton directory footprint.,
Sandestin Bike Rentals | Sandestin |  | true | false,Sandestin Bike Rentals,,true,false,false,Sandestin,,Bike Rentals,bike_rentals | family_friendly | jewelry | electrical | travel_services,Rent cruiser and electric bikes at Baytowne Marina to explore the miles of paved trails and scenic grounds throughout Sandestin Golf and Beach Resort.,"Located at the Baytowne Marina, Sandestin Bike Rentals provides cruisers, children's bikes, attachments, and electric bikes for exploring the 2,400-acre resort grounds. Guests booking directly through the resort receive complimentary four-hour daily bike rentals, and rentals are also open to non-resort visitors. Maps, locks, and helmets are provided for cruising scenic paved pathways connecting the beach side to the bay side.","Sandestin Bike Rentals | Sandestin, FL",Rent cruisers and e-bikes at Sandestin Golf and Beach Resort. Explore scenic resort paths from Baytowne Marina all the way to the Gulf beach.,"Sandestin bike rental, Baytowne Marina bike shop, Sandestin e-bike rental, beach cruiser Sandestin, Miramar Beach bicycle rental","9300 Emerald Coast Pkwy, Miramar Beach, FL 32550",(850) 267-6363,https://www.sandestin.com/things-to-do/bike-rentals,,,exists,high,https://www.sandestin.com/things-to-do/bike-rentals | https://www.sandestin.com/things-to-do/recreation | https://vertexaisearch.cloud.google.com/grounding-api-redirect/AUZIYQGO0bwLC47CxgOGFuR82E36SxVh_7gU0DvB7IQJlJrIbTHRXUGDPaT2cCYTO_HVIRMNkVOXY1foBPT4FKhhboGVC_WI5gnFqobTscjzj05iLynooL9-pi1CElB-7XkpPey9ppaBUkz-huQ8lmF_zLdvzONF | https://vertexaisearch.cloud.google.com/grounding-api-redirect/AUZIYQH47RhhZAqeB8P56f8fP0cJRh19tQejaYFp09yMjA_zTOE1gkIlHT1rScDXRiIqjfo7rabYO4MIJvLbRc6W-ZApIi6S28vefyk0J2-F1jNZGtRnG4adUeQ49GEZqZXhYCl38whsiq8= | https://vertexaisearch.cloud.google.com/grounding-api-redirect/AUZIYQGd1SNuxDj6BSd1fJwn3zY5mkjFkL810kuEUw8SYfIJWuTDS3puPUOXFeINVoDlmE2l3cBildKjXsA62t09iR4LhzueJSVDRxBNhCp3zrdL19nedlk1_NVjfLo7n2ovpQNStTWI6KJTkwW0X5kRITQAGelBxQ08RzuFU4b0LusUw9IOxv0i18g39CJ1TpYySthwsAHYm-45iULPwi1m2Cz52mxDAM9ShN-e_i7W32a39WyyJyIA-nILmReOLg==,Operates out of the Bike Shop at Baytowne Marina inside the Sandestin Golf and Beach Resort gates.,bike rentals | ebikes | beach cruisers | baytowne marina | outdoor activities | family friendly | trail riding
Coastal Cruisers Bike Rentals | Seagrove Beach |  | true | false,Coastal Cruisers Bike Rentals,,true,false,false,Seagrove Beach,,,,,,,,,,,,,,cannot_confirm,low,https://coastalcruisersdestin.com/ | https://www.visitsouthwalton.com/listing/coastal-cruisers/ | https://vertexaisearch.cloud.google.com/grounding-api-redirect/AUZIYQE7xwMA5Sh8cykI5fX0UA3ph9GjRSOPHdOe3qMzleTXE4Dg9ooGLfVpib6jepcFhkqUPX3YYt2Akv7FeldEgvqhIme2Lkn4rylp5VzNonKJ06Xe4AfWLhDDVCMdkQ-u0vGRKykthhfkCUXSe_rivDTUuHU= | https://vertexaisearch.cloud.google.com/grounding-api-redirect/AUZIYQFil128eIaxvm37HLpyrJfUP26KBwKPRKtBB0JGV_c26McEW1kFqhCuIEWx7f2s2CNEnwfljhcANvs_Sy0JM_UgE167eFtrYj28izfTYiIvO1xcq0DCsJwYrnQAFjb-dJzLb2rpcRicOmXfjQBjY9s= | https://vertexaisearch.cloud.google.com/grounding-api-redirect/AUZIYQHJCqNCyJ3TJ-zzNzh6ByQXAEymCKW1txi-S1h3MxMOPCmQnksb0YhHiecD2iP8Zb2rzBULiAAVIJgkLzCtovb8jKDJyVNPgUEZheuGdMJhQlVHmGJlEag3EbnXBhsyahi0-Q-JL7GUD4seXZRZIHYfvqE_yEJjHpGe83pTe_BMPhygUtp9JfcAkQo9XQ== | https://vertexaisearch.cloud.google.com/grounding-api-redirect/AUZIYQHgv9E91H7kwLOXhXFJzDWmCFa1zAxs4PU3VHphUhkresPpW-g4IBAI5SIw8Hz15sdRufb20OdIvszKyXPaKsJisDN_AsMPSevLZLkrBRXgXwwUCgQPS3vkFFGtLI0CweUVegIlSlsijUYpnYnUsGpcU5UFXecu6rk-7_2OnTfR | https://vertexaisearch.cloud.google.com/grounding-api-redirect/AUZIYQGE9_ftMq6yyFqGtWzmjxXmYBaW0MCWvLB8Mph-xZLLCYyDTDKMxFH5xLRG3mWidgL2Uc065hGkjP1jP9jHeGZfVKzfmzhBPwOsf0SV-FSf7cfEPF06hrSALxE7oWar4kA= | https://vertexaisearch.cloud.google.com/grounding-api-redirect/AUZIYQHmRk6Xq_ku9yn4yZlwPQWQhrqgOspdq2ISnpoVlHYQsZg_WVj_nOzco4aSJQky_-PpTdu3OqB62GBYNcf0B56DmP5Q_AQoxesVZzBg1FtcnHUQQoPL3hhtME7j2Z1ncKjTN_nOG_LREpSau0wTRUErETQ2IzSfE8jO2Qw=,"Coastal Cruisers operates out of a physical storefront in Miramar Beach at 12605 Emerald Coast Pkwy, FL 32550 (Phone: 850-543-6146, Website: https://coastalcruisersdestin.com/). While they offer delivery to the 30A area, there is no storefront or physical location in Seagrove Beach.",
South Walton Bike Rentals |  |  | false | true,South Walton Bike Rentals,,false,true,false,,,,,,,,,,,,,,,cannot_confirm,low,https://vertexaisearch.cloud.google.com/grounding-api-redirect/AUZIYQFkCR3_ko5YAX3g6fo2VgB53ky3weuD7FOLB5tDgQLNf-rxUzxDB1ifk8OX3bY95bS5_84aCb50_v3KPz8MfTMKYeMnFebgA3JIvxN3g3kZcf9CB2ID | https://vertexaisearch.cloud.google.com/grounding-api-redirect/AUZIYQFn_jwVaoDnhSKvWcSkcbngKBQuuT7rlmQdgEbD3Dl_4Z-RkYNcGUnSXKgHiM4aqElaAPpjJBBwW7jdmEeQPwCpW0JAKKxgusAz26q2X1g= | https://vertexaisearch.cloud.google.com/grounding-api-redirect/AUZIYQFOWfnf3QbEToJKvkloe5kVe9d3M9u9AIqVYUQqBA55yrNpI1a4Ia_hkuAA07fx4z47APsmYvjkYE5tzfDf17QWSUDWAP7wvm5XsO1boktKOyw=,Could not confirm a distinct business operating under the exact name South Walton Bike Rentals in the South Walton / 30A area.,
30A Mobile Bike Rentals |  |  | false | true,30A Mobile Bike Rentals,,false,true,false,,,,,,,,,,,,,,,cannot_confirm,low,https://vertexaisearch.cloud.google.com/grounding-api-redirect/AUZIYQGavl-sniNDnzyjV39nuw6Jv6SyJtmzVHJpJy_Rf3tZLASAPwootDBx8zzHCPRB-kRxWxdGYOf5orIva3r-eCdbG3ou3Qg-WRAL_p7_r_yX98k= | https://vertexaisearch.cloud.google.com/grounding-api-redirect/AUZIYQG0S943LL7F70q_XdGXDEsnkoPul5SabyKa-ffAIUjVol_0mGVAHgfKl7inAWcZtxLLTJsDvkDTpL6N8xXXgZs5p30pK47co2gCiIF6lTKinQQBvTOerIhZplm4y5RTDecTf894jE7htpybWK-TbL3Gujg= | https://vertexaisearch.cloud.google.com/grounding-api-redirect/AUZIYQH1YvboQqfxXnzZWu6Z_o0GuEL86rvOa3OnbH3as25Twx89akKwKZtaFFZtXEuuHSRVqMAxYB45DDlATps5cu8JgjZRbHJm1DTLcHLpnVfScfoBpao5,No matching business entity or commercial listing found for 30A Mobile Bike Rentals in the South Walton or 30A area.,
30A Boat Rentals | Santa Rosa Beach |  | true | false,30A Boat Rentals,,true,false,false,Santa Rosa Beach,,,,,,,,,,,,,,cannot_confirm,low,https://vertexaisearch.cloud.google.com/grounding-api-redirect/AUZIYQEWAwR6dLgWOZluKM-NxOQsw-7o5atTyBaRbzjGX_l2vYhT5hBatpZcntceUbM-G5MT7XWajlNZFwnN2UmKeUCYjnORmExoWtsx4iN6hV-aH7ND3mBUILnqjHoQ8vMR0YTMu-UkTUc= | https://vertexaisearch.cloud.google.com/grounding-api-redirect/AUZIYQG4_SneotSsB13wOFYSTUgQfVIiGEj0piICjp1SyYb6q3GPXRGg5bP1uDWSOjsIjUOMpOqjMQPQ18Fs_EGFEmSIaeVP6OpDM0BRyvwCXX9burCAQ25qMclskZxdvL8nwDWgC4-CmkU2NrEMRNBKRdqdATI9UZFK5eIwqYZfhrkQZiSPA6mpNMlsTFB8LDy-4m5TJts= | https://vertexaisearch.cloud.google.com/grounding-api-redirect/AUZIYQF1VKzGWZe0qv6BL-XyZX0gR1gwXlB_HcgVXyL--bPgsjZNfnBjqd7x-w3XnUTxSuB8JBxusJ-8TP6K78Z-quws_fMVByhoosPkAgnXwy0mMEuFPyvu-Yqn4rZ8GhxoWC2cux5WTBo= | https://vertexaisearch.cloud.google.com/grounding-api-redirect/AUZIYQEyID05pNqGjFurM21656gVGEwK_nxSDCgMRzZdnPAie5mOGm10D-gt-z2TKF9P6rFjZqak1P0YQOP6GCfzRFyOFsbOvb2k3v44BL9_Y490knI3aQ8IZ8GZrOOa5jR_XSaDMbKJrA5FWHfj44vU33ZpSyGHUkH-O0GbO45Zl8QQIbcJrFvpNu5X7JLXqPqM,No standalone business operating under the exact name '30A Boat Rentals' could be confirmed in Santa Rosa Beach or Walton County; the term primarily appears as a general search phrase and blog keyword across regional rental directories.,
Destin Boat Rentals |  |  | false | true,Destin Boat Rentals,,false,true,false,,,,,,,,,,,,,,,cannot_confirm,low,https://search.sunbiz.org/Inquiry/CorporationSearch/SearchResultDetail?inquirytype=EntityName&directionType=Initial&searchNameOrder=DESTINBOATRENTALS%20L210000979110&aggregateId=flal-l21000097911-c96768e1-d24a-436f-87a4-37597ebf2ee1&searchTerm=DESTIN%20BOAT%20RENTALS&listNameOrder=DESTINBOATRENTALS%203796240 | https://www.destinvacationboatrentals.com/ | https://vertexaisearch.cloud.google.com/grounding-api-redirect/AUZIYQHnAt9Cyp9t4-k2PrTNOyIbwYP6rHCSHZgB_VjMtY6iSzwlcS0oDgainW6DY8XSf5CXd1seBoayPWGfBN0XCPpp5o_Is9fhwsCWqatkyoOXgXXF7F_I4l8IXgiZcf4TXD2W8QQ= | https://vertexaisearch.cloud.google.com/grounding-api-redirect/AUZIYQFtJFDGChi91XTnW9hdtC8YWrviQ2Km3ErT7lYHwZX6LJz0Z1iXU_VapalNUXqmVQkbYK8RU-BsoMIUl9--DBRYLw5TxvpNmrmjh2VtPapX_KB2nONOrd6vZ870Xz1VVcZ2olBfMkyoDe6osJWfG_Hw_TnFFLuXve0JhkzG5czerWdLmACGNhzxVfNafHj2YQ5WD-Zpi3_tvx6I3gppyuf77diTCAauyqHJCN1OKDDD-jv5r3NG6Iet8FOGLYjioABsj4JRFCTauFTKK8-z0bbYM7N6YwzlVeggjzmSLxIg3ONtWRtp6pCqI8nKsHnVSnUgiIIXFWWNnFT6UW-LyndhYvrRYNohZ8w2x1U-JlBYnZvGulGz_MzU7OqOIFB5ZFHZyDGMPs1ksPzw4VZPALM2N2GlGskt6Ika9RuqHIemalt7CkNDK9a7fmEvPnjtarT4xf19JP-L6oav1iCpuYX7uqNL7djIdMxoFfXqrDC5Dau1 | https://vertexaisearch.cloud.google.com/grounding-api-redirect/AUZIYQEmGDmid4ZxHq9IQFWemOTaRUsZhQ1coSuS0zsZlaZBLJ2p3VyusiEaKpOrEgyuBmMMYA4UIDHM9J_GJ3Seu96m_D3jH22PPeGAbrkGPY0ZrkTXZyYVqsnxRYmC5UAhrB8w | https://vertexaisearch.cloud.google.com/grounding-api-redirect/AUZIYQEWao6oMFFfBLHf1Qsmmptv1aHHzPVUjt_O9m6P92ZA4eJtskNxQtqfPyZBwx12xDxvmtvvNtAGDY3uQwYfGQXRDAaN8eydCrJoqhvgG1WuOgjyNmlWWM7SI9-QkQ== | https://vertexaisearch.cloud.google.com/grounding-api-redirect/AUZIYQFeFg6h91tqZ0l-N5KkMZxggSpzbj2kVCNN3foSRurKWoNaw_qJcfvCwIEyaPFY2CWPrikPtMgpxcRVMxdTqoJuszCqLq2bPRQCc-mQGwba8UDZjHRDLBQ4UNopEvBXC7z3TwYDc8sY7zg2aPE2kX4JHKY=,Could not confirm a matching business operating in the South Walton / 30A coverage area. Entities by this name are based in Destin / Okaloosa County.,
Miramar Beach Boat Rentals |  |  | false | true,Miramar Beach Boat Rentals,,false,true,false,,,,,,,,,,,,,,,cannot_confirm,high,https://www.getmyboat.com/trips/miramar-beach--fl--united-states/ | https://crabislandluxuryadventures.com/ | https://www.30apontoonandshuttle.com/pontoon-rentals-miramar-beach | https://vertexaisearch.cloud.google.com/grounding-api-redirect/AUZIYQGfr_Y62tlPx2ihooOhCCqCykkklX2PiU5xJ4vEgcYbpLEFitkZd4UuOK6KGFq1K7EpOmmg_Y8lbNPoc8sG1WnxvNox1zYf-SMcriqHYkl_eFJU4dspot15A8tKDsDLURpzVCO_4zKjCNWjDC_NLs66oT_e679Czj729igGxA== | https://vertexaisearch.cloud.google.com/grounding-api-redirect/AUZIYQHFIKsubEk5Htjd3PFTZ0URZ-bchUFh5wDZofiSig4S5HFIRQE-M4ZYCf4-CLeWWSvCii4Sw4EOadUgHuhVvH9eKwsv4-knJii-jmNtdDdIcqpPyPB4-7Xsf8d60s7cp9qgr_-GEt76BSUHTYSul7If7v6Pxg== | https://vertexaisearch.cloud.google.com/grounding-api-redirect/AUZIYQHRsI6WzZpzjUqcWilYszTmVQjq3wMD_9rX5Wvosj1hj9BXaV3h99CqVpgdYgdBkfJ_vka3KQLKM4kOu7_2vvC6ZGqG23SkNPoYE_1_T7kHlSESCUuwqWzi9SNhZDvuCJ4TdGxdjE_BCfdfPux413FakEqFiGzVJJ0yfLZqlFBNhv3HPysWtxom | https://vertexaisearch.cloud.google.com/grounding-api-redirect/AUZIYQFXFXj6AhC2nJOVgDrEMl-DBWwaTeJUbBj4POSOH4ISyjsri5PpKlZL6i0vE9QENu7vImQZS3jSs8yXYiKKE_aYYvN082877TUNv_n_kwey8PuQgWYHN7Bc01ok4t350qQ0cR4xd_LSZP75OeaVIFk6IUinTUOZcDLsn2MbQDTl12H58cmuuErnEw== | https://vertexaisearch.cloud.google.com/grounding-api-redirect/AUZIYQGhaW_mqf8gSpjOxvmGYF4fG6l2yezIjZ_NwOAiMrm6l4siRFKK85twF_ybenkbSLZ2tXJclMYbZQoU0oFIlfF3FJhVvoqnQZd7CqpOahR_7QNLiU5gao5Pfwwu2vA=,Could not confirm a distinct operating business under the name 'Miramar Beach Boat Rentals'. The name exists solely as a generic SEO search phrase and keyword aggregator topic across third-party boat rental services.,
Sunset Bay Boat Rentals |  |  | false | true,Sunset Bay Boat Rentals,,false,true,false,,,,,,,,,,,,,,,cannot_confirm,low,https://vertexaisearch.cloud.google.com/grounding-api-redirect/AUZIYQGpfqjk8bNOBeZupFJUwag3z2FnCWwnDo1mRa_1Tgg75UJql9mCYnxmyawrswLvb8nZHZ8ZR7Pr-UtDpsVesc1Z4hamuDI-k8f-ec8kiRn1DxCWWwg= | https://vertexaisearch.cloud.google.com/grounding-api-redirect/AUZIYQE4NpK1D1dHZIbq6WW-WaUfB27yYtRVMHqv3DsM1gJ32bHqIH80UwypNraU1p9KFKq6KQ0oBACrBfq6CsvfqtGryJioOf78xO5DeNKJGZi_-VPPQ2xy1n90UiON,No verified business listing or public presence found for Sunset Bay Boat Rentals in the South Walton or 30A area.,
Aqua Fun Rentals | Seaside |  | true | false,Aqua Fun Rentals,,true,false,false,Seaside,,,,,,,,,,,,,,cannot_confirm,low,https://vertexaisearch.cloud.google.com/grounding-api-redirect/AUZIYQFEBXiMlN1lhJ95SAwSy0fjVbG60oYvHI4wRFj8rXF3dpw3EAneunbUiGZ0XvxkHhVbWjm2AQbVlOn-0tgwcCZ8PemmJ3yCg2bGJfdf1LlAbBrk7YoucyBTUqkKr3VZ_ejZk3fp_XCw69R1NfzJ8voZU41Emhh7MVKsNuLvfKKqNf_MwUcM7qiZPtSeSp4H7Lc-yJQSw65qvSvHc74= | https://vertexaisearch.cloud.google.com/grounding-api-redirect/AUZIYQEpdx4rqlZ3nXVUM1pCTYTd--Rm8m8HenzK3_HsdsifQMPbwkgX4Rx2bBEMxvPOX9mId-PfYv5pxxF6dO29jeFvS8rVSgKIMMFDgsRQWRWyc15lIxq6bpb2T69IiN7zsONLGgSQk8ChjicptOqLLcg2YvqhgmlvxwDtCUjRwhG4JIagyUFl8t-__m58Z4meJMfYauMuNhKpbaHQyHo71m9viTn3ug4LBD-JgPcLW9U-YMalbTA=,"No matching business found in Seaside, Santa Rosa Beach, or the greater 30A / South Walton area.",
Beach Boat Rentals | Grayton Beach |  | true | false,Beach Boat Rentals,,true,false,false,Grayton Beach,,,,,,,,,,,,,,cannot_confirm,low,https://search.sunbiz.org | https://vertexaisearch.cloud.google.com/grounding-api-redirect/AUZIYQG6IWCpIDtBWVNr9CdY-Yz6Va19QkBbo-fTpLNMFvCKaUqnLn6P4AB0aIieD_EcN7i3FGLcVoZf97GtVVjpUnEHXwHD3lJjPTtbGyJk9aRr-mHf82i77j6Bmn1rhPQgufF3loYWyl14qA== | https://vertexaisearch.cloud.google.com/grounding-api-redirect/AUZIYQH8q1w9i46IJqkcGngawrdTLknp6gViYWtd33rjR-3FcaMnr0h4ZGUOvTMOOoRSqHglxxOhBtUIZ9u-Y7f2H7zECW-btERu3L9hlLE275pyRw== | https://vertexaisearch.cloud.google.com/grounding-api-redirect/AUZIYQHveToHgwNbvdUpVLOrjcW_bbbIP80d257HC2sb7_nqscDqQp_4sHN7wfTByV47g6P6G6Mwk5vcLo6e_Y-eEhustghWV1Hb0CDSDAucWhx64zlpCtMF2FrB63E0G98S9HG57HBVG8GxRbwm-Ax58qVD52UOYq6B_G58CDdM | https://vertexaisearch.cloud.google.com/grounding-api-redirect/AUZIYQFBAjZd_ponUVB6HP6j_wsByJLHFdI6cjkldzmXr6c0b2lxZMWX40pOe_CSjuDV2bNRLI-LIj1Kk7MlFsbKHy6AOaghUBkgNLv7k58YtamnbMRJF7RqCcYVOzHcBCPaQzBHXe5nkGAjqGKyxqpdLQ2Wv6sIMpMa7dx21gMwNWeYr5Fyc-9qsPrZ0qXQfPz4AwMadVx1wIGuPY3OQ1F_io0CjitYqcwLGuekkmBOXXdc1yr5VY3PQKttLeTlhNe-ZZrEe6VYtU3-OGcE3AsOwly2o24yb2hA_ML42yuxlxcljWOS0_Ud8nfonFSFT1F2ZGGwCEL1WkWbBbS2JUdeXqiN9nQ2Cj3HTXEpufn4thtWA6xtzS5J2Qh3MVMLPjT3OtcDx8b5GWg= | https://vertexaisearch.cloud.google.com/grounding-api-redirect/AUZIYQGvXckOzLXdybNQlDD4YMviuAcWynp6aBE0JNJlGIzDD_zEy9OyM-EdZAOusCWqv5PWjoSnYm52c6vQwN4DNg9LZKA4p9PnpmFeLerymE2jEVbp95AeZyukK4ZIR_CScIhNszEtjDW4ufamazopeGWSlYgYgBeqW4nYv0Td3ijffavGGsFhSNuA0ZRHW55_cYFlLrC4JTAegJKgpoXMlV66EdC8ZKRyF-LjvzuIpblKqA2kyDk0ylLESIyddQ5UY0a9r1hNkhZ4a5dMwW9S2g5Te0FDL0-U7iCQHwa70Grk9nCjIFEdaCuAc1CpLKgkAzJiuVPFXA8l6_cvlcBuclAJcCpsMLdfLY5_DR36pujEXotKBqx1ME372BaRx-k63wRcto4g-DR7OcQZAa5oQcouSPU7w3B8j2UjGZLOk7oEcLWgCN3r_davwuxDnYjFxnyCvmvSS5kPL3yn6CWcFTRx,Unable to verify any active business named Beach Boat Rentals in Grayton Beach or the 30A / South Walton area.,
Coastal Boat Rentals | Seagrove Beach |  | true | false,Coastal Boat Rentals,,true,false,false,Seagrove Beach,,,,,,,,,,,,,,cannot_confirm,low,https://vertexaisearch.cloud.google.com/grounding-api-redirect/AUZIYQEeVR2cvvrJb6tfsaubDh_T6Z3iAxmlqWSOMMqWHqDrQHL8ctjzKTKLQIKkPad_s-Z5Do7RcdFRMiNNEsvQBdHzR6KHxmYyLLUn789QpxJgJ71Ag6aKp1pTqZzyflh5pxBIKyMBw7AIAqj0rHZ-tPqPV4OZGp8wDCBm32xXPog= | https://vertexaisearch.cloud.google.com/grounding-api-redirect/AUZIYQFS2JBeHZkNhF0LwtOurqJ_6o9eLnSsYRggF0zJP_UML_yjXeXhIQ46clwkeFZpbCDE-KBPKa0llVGAbCUbJo1s4BXdgki5zpJeMJeryBkKUjxdL6jMIoaejp_CLrTLEv5e7Xg_j8-MgffcX-2nORwrKSB1m-FNwkudZIsz0-3J5z76,Could not confirm any business operating under the name Coastal Boat Rentals in Seagrove Beach or the greater South Walton / 30A area.,
South Walton Boat Rentals |  |  | false | true,South Walton Boat Rentals,,false,true,false,,,,,,,,,,,,,,,cannot_confirm,low,https://vertexaisearch.cloud.google.com/grounding-api-redirect/AUZIYQEI79oad9qMwHVW2q6LtLL0wo3WuO7ECkKVAi4ZtJl-RAQOYKtLe_mYYEwIjzvEIp9VVkz9M3NZvuVaXhWbjRm0DfWFimRZiUq58WhOrfBVYylBQ5Ru8FuBL5F1uh53VfC8l4EyJNcgaRXEblTzMbVcnxxdidUf | https://vertexaisearch.cloud.google.com/grounding-api-redirect/AUZIYQGvIYFY8q8yjWa-qtjVr6n6v43JMKX2AQhgGsOyjf_hA9T7cFvzNBX7uMXoNJP1c4kW5ktm5nl5fGWw3BPBh8l9yRCx0gYC9mMNXUOcjyEJ7Uv2jPZUjdT9ob-QwyoRdlojNljt4vWgkOXeIko0YtTkjA==,"No business records, official website, or directory listings were found for South Walton Boat Rentals in Walton County or along the 30A corridor.",
Emerald Coast Boat Rentals |  |  | false | true,Emerald Coast Boat Rentals,,false,true,false,,,,,,,,,,,,,,,cannot_confirm,low,https://vertexaisearch.cloud.google.com/grounding-api-redirect/AUZIYQHJO5uJ2GuPBL-r0gTMS4Fr_LUhgiMbYR63aWEuM5oC1G6AjlI43JDVyHqwvbDZ7T5PhvTXYEWOnVLfm-drGB80r7yVKIhCcs_aMVR-IwQOTJI= | https://vertexaisearch.cloud.google.com/grounding-api-redirect/AUZIYQGYI0Q2kDG7dJS9QtKZKxiDBkJwIycTJvtKlyiZA4q3wmaCJvhBQzniRUa-wqSleWgWuwC3jhdifZlan4eog2Ks4bbH4dgThYYOC79IfBqrpCY5pMXiorqL5qSekTGOgwN0Rg== | https://vertexaisearch.cloud.google.com/grounding-api-redirect/AUZIYQGdrZ0JqwT0hqdgeLLXwHYJqaf4ungG8HcmmLpjwg8Ul5-4C1xuWGM1unA0zdESpb9W_4JgrzTftGQEr4i5NIF1g_XyI2yS6zeDlCBwWTNP0do-iwZxwnc= | https://vertexaisearch.cloud.google.com/grounding-api-redirect/AUZIYQHknVywkyvUf2y14gtVpUrUdc_bdatMFZEQ4wCKNtXRtm0DhdRm96hy2QcUgrxwfDLNmLlh13po0vcifKN6VGQECFfjrQefzuIutbhWaqt_VQYXCDGjD6CkS5p98Pm3rbr51wTinsFQK8_Wyz2OHMvimouTuiECUZkEHk4bJFZ46GnCfAcSQWRg13u-BxSPQyzgEL_RBj-UIhPqDrk= | https://vertexaisearch.cloud.google.com/grounding-api-redirect/AUZIYQEX-BueIhkF8F1feXXPmIJgVasqlEbk2vNnYbomEo8DvIpCJj_fk0QYNMitiLo4O1uYY-1B4rE5AZVC8AAH45P0kXVFwVOX93fGxEKxvwPlXg88pCNze4rc7Y-RTf8ftbOd9aB68N1FHWPMFA== | https://vertexaisearch.cloud.google.com/grounding-api-redirect/AUZIYQHFAucxodgLyPq5dPEcrAjprI0Vp29tbC5U6aVYPZz3-BuNd22MvbDYcPmxT9GiQJq61oGdSTJHLzyNErMrvuoj3oo4Tr1Ocg04O06XK3DDXwLlHIv74xkTFD3sxF2x1322pMIjE4CjxverWTR4nfL1A-A636iovpk_WqqPQBw= | https://vertexaisearch.cloud.google.com/grounding-api-redirect/AUZIYQGITsRDYjXgvH4Z_yZbFy7pH2KCR2rvbnV2iGj3v1yQIqf-o0_tsMvTFblbqO_Rbz_HW_RIH0zUvAietYt4nBGUvDSXPLBQpqks76mQAu8SNieWp2olwCF2UumSIu0PxAsESUA6lVhLuqDqdg==,"Could not confirm a distinct, actively operating business by this name in the 30A / South Walton area. The phrase appears to be a generic descriptive search term rather than an identifiable local business listing.",
Gulf Coast Boat Rentals |  |  | false | true,Gulf Coast Boat Rentals,,false,true,false,,,,,,,,,,,,,,,cannot_confirm,low,https://vertexaisearch.cloud.google.com/grounding-api-redirect/AUZIYQHlQwJLtByjJ8Uz6cQU7hQK97nsPpTvBkkAoay8BHz25yhowscbWPIj1InGvvGTVtx4rnBDtCB9tO6quX1zEvsLurhBsF1Aa_DqOX2tAENCvV7h44JI52iLkGorRuYzZGsm47QNGxsdh2iT9b8ELVhDT-cIqc_XxjGAxzXTgdc= | https://vertexaisearch.cloud.google.com/grounding-api-redirect/AUZIYQGaJFPWk9MmTapRbBAAvXy7wKuhMhZRZlt8Wi87yzAoL0R6blFGyIDgS10QjZKGXIFrJjyUx6Rb0vnezB0ZThXuNVLuSoWgThaDj2-ByoFYFK9WOYvvLYMFOIoeal56c_2fxPNyPPEa4rDM3xJd7-D67r8xLogkdA== | https://vertexaisearch.cloud.google.com/grounding-api-redirect/AUZIYQFXPkjrpscNspAwLS8FdtPojpeuY2fx7x1WuuOEr-DgJoLTj5m8dPP5R49slZzxDKR_w2boxJqzKpwmqlsfIptbt3T0jyOjjLSWJMznP_w4vp_9mtSdiw5Mw59a | https://vertexaisearch.cloud.google.com/grounding-api-redirect/AUZIYQH_Y_Wuf99pTSW5KKzXN1hO6B-7S2QS45CBR_Lz-2juO-hIKYbeyIUz-bl5JVL4zQs69MtVnjbYjFxAo8Mrg0uKRADMvPdcwsntQggyCJq7EhIS8duK-57xL7P--CnB5tmcwp_SYUvWxPua2HfiOqx6giN8r8kKOUA= | https://vertexaisearch.cloud.google.com/grounding-api-redirect/AUZIYQGi3LAeAYeadVM9_NQsoq3JjR9_RNdWMI5p9NppZHp14I1-8Gzejg7t0k9eNZQJRKXqVz2PUgrurcj-mE2UmRzvX6MU-VeXlhAytvTabWS_AkLYMGny25mYbYZ4BChCS3gHuBPUoG-5V28B78pWVou2eL8t6pE= | https://vertexaisearch.cloud.google.com/grounding-api-redirect/AUZIYQENvpVZTi55bEZ_uOWnZIrsexCOlMNGQXSw8GMpH7tF37LTdgYzHeBL8fKBaZZ9xGYCdYgbQcLLzN1XzdAz44yP_uKLWDeXMy5zi-q4n6dXVJ3ggatlbJHcJZOxBGUGkjewZNDs0btrVRrDAoa_QuzZDZaTxybKs0FBLgAzHdeCH0INiVk5gLptdb1JxWdZBKpomWvWxpQRBqzykygjv2PoQ1qFuMwp6i-Te_GdgWGXhcomYUQqHiDRpnlt4cRIYeEfpAb4PBFZF5rBDk2Zft6oU6SaPZL-a_Ma6NwOiHRa9pPj3WYScYr4CpaU7LJXupPF7GYKR5HoGxtpSuVaaqMZbZdGn-Y0ERZI2hAkieqEDNNnRp4KSsarhRu9yogTT6iUlfxJYRNeb-bxEfMdqTJwkwM6PEtN2EsSeMQBtNOz1VXuzZ2oZc3SWmA9e4cwbcPJvCZcy-qGzUM=,"Could not confirm a distinct business operating under the name 'Gulf Coast Boat Rentals' in the 30A / South Walton area. Businesses using this name operate primarily in Gulf Shores/Orange Beach, AL or other parts of Florida.",
Bay Breeze Boat Rentals |  |  | false | true,Bay Breeze Boat Rentals,,false,true,false,,,,,,,,,,,,,,,cannot_confirm,low,https://vertexaisearch.cloud.google.com/grounding-api-redirect/AUZIYQE7I4_4uhU6CN746OFbJJKmffTpDRmV42j7QfuBUl4nNoMDalCsWrjh-eSFqvwBM2KxZoffqgQKseq_HY-DugN-thFg8PIxUDCyI_HiD_oZqupANwE3MnXRJ_sPtiuosBVMlGWqmjtF0Q9Ffjcoh3oKELw9pXRM6yyD70uHMIB0qe0QD9AwiLzFP1mUNM2yTmbsPC9sloTNc9in2w== | https://vertexaisearch.cloud.google.com/grounding-api-redirect/AUZIYQFlH7-3p1ysi_0jO5CbOK6kzsQjfUI021PKNsnP7FqXjQqtc0sHB0O6gojrmkUk3v1b-uNtNxvY_VAivjl9L9844sHMf7b_du2_NYqouRVw15Wp1XOC7ERv421tSxhTATxB69Ec99FYY9JvcZk0coergVU6 | https://vertexaisearch.cloud.google.com/grounding-api-redirect/AUZIYQHl1bbxB82AcIbcSrJjMOstGFaspBPthhLChUuN8twhfOmgcaUbYxBJ4sp_z9mue6_xzgnx9m28O1LaD9B1OJeI1Zum-9vnYf6F6LmIOccMOg1hkqabnoLblcNHV5El5RTJ-ux3U7eidsOBSudEeRmXGQyQMp6bHfSPoTYiV5KNdJmBzf1CfA1E2XH7M-Tcc_64-LsQTfS1d1SX7ioGBX1csta5yDK_iiJgXgEQz4Nzi_7HPInqydOURGyZdI5yyN0ckFU4aX1Iar8jnRC0dFyqDZizVc-eAnW-ZilgYipdRFxYB56B83DW3X8ca1IH2wUaGxrKiZxkolBenyr5ec9rpIdR4EHEc9knahLdoFRjSnIBH2GZmwjpttdg7F8eOW8fJa6zYpn2u5JSV7anjCyyPcSOq4dAIkTKMetO5P5qV62jt_QVeviCOQhMIX0o0ckuaV9Mks1xEDu8_lfdJOEFB83fwkjpbJ7-67n6rkZE | https://vertexaisearch.cloud.google.com/grounding-api-redirect/AUZIYQGb8H1Iii450rOn7zh-YuUzCanYOi8HgcwRdwsN7VzPluVvZFt5zoG-kOKrKBpvAspmIX8QBPphHl-mR1OnDmjxLqVHUT2z26Jcg0mD1hyjvIou5e33DyU8egb6JjU6k3PyQ47j1Quk2pBMAbtrvE-14dk=,No business named Bay Breeze Boat Rentals exists in the 30A or South Walton area. Businesses with this name operate in Southwest Florida (Fort Myers Beach and Englewood).,
Seaside Boat Rentals | Seaside |  | true | false,Seaside Boat Rentals,,true,false,false,Seaside,,,,,,,,,,,,,,cannot_confirm,high,https://www.getmyboat.com/trips/KylZ2P4Y/ | https://www.boatsetter.com/boat-rentals/seaside--fl--united-states | https://vertexaisearch.cloud.google.com/grounding-api-redirect/AUZIYQFWpT2EQT4NaA5YpGFTJYEYcz0hqhamwV7JqVHBdrjb2dT9QsopndeYnrHMqZ4qymUyQyph9x9QQTQGO-dARs7BUPkph8BCEIhEdHKtkVXGoUsEBv9vQhNWorfIvBbSt9SZoBmAXz_F3BdhzrOdUmE_GFDYxe8L3rERQg9L6A== | https://vertexaisearch.cloud.google.com/grounding-api-redirect/AUZIYQHye5m63IIX5GlZKCDs9f3NjlMULN4K-pEWt6PYOvpf1qOH9pLzxDClXof9wy-yOUDGwNjPdBGsXv2JbGilUMUXU2_aD5er9sJ7OpKFC2I_n5B2D-SCF5bINTTsShNJsvAXpP7zvy_ZmpBN_544DONecJjvzNeqiRy0jNlB7K0= | https://vertexaisearch.cloud.google.com/grounding-api-redirect/AUZIYQEP_kUk3cwe2BWd-4FuWa_1XP9yagys4zPrxW1_g-mNJzDGW_bFnOr5PjCrNI8kAuBe7HE679GdlUc0MOCYAg_clo9MEsemUdpKxdptgF1C2A9WCba4qnqzQmP_PA== | https://vertexaisearch.cloud.google.com/grounding-api-redirect/AUZIYQEhvHE2KMIpUH-wqRUU6kIfginx8HryU0bTThyV-tZvC3zbCalYoM4UXF0Ql3mN0TkNqPmvlq9AS05YKifDoILX-rdh0beUGe4c4ySq9bGH6mzAt7yYCLRjWeZ70tOkW0o-nx7pmR_ukPPaKgk= | https://vertexaisearch.cloud.google.com/grounding-api-redirect/AUZIYQFeV8iiEvD8sLbXQ6d692jMPhswPus1KtIHZgmex_DN5RA1jc-zTowdJ3L3sstnPoT9JxA0zUpCYWU85S9POm-lHkuboXEvxby61BQ7wbf87iHn9jIbInTIsF_uDLdgzwrBjtTtdrrqykjePqj_ncRE6W49REWH0g== | https://vertexaisearch.cloud.google.com/grounding-api-redirect/AUZIYQEAp0agVKOICGA3ivsdCf87SPo7_UiCiKlFy64lSEO2fFsPY3VK-eGD6GDH-AinrJH4iONeOYRwEprPSi3K-FoTpkqJqV-njfwgUMtCFE9HhHa8UD2gGibF-By6uyktraIJPcWn9yI-OPOr,Unable to confirm any distinct business named Seaside Boat Rentals in Seaside or the greater 30A area. Matches are aggregator search queries and SEO landing pages.,
Watercolor Boat Rentals | Watercolor |  | true | false,Watercolor Boat Rentals,,true,false,false,Watercolor,,,,,,,,,,,,,,cannot_confirm,high,https://www.boathousepaddleclub.com | https://www.watercolorresort.com/things-to-do/recreation | https://vertexaisearch.cloud.google.com/grounding-api-redirect/AUZIYQFU1BOZuvgKr6pWeVMPCMnx44odg5e9O-021xjAFzQhjPwpDcqDsAc91J80RtMPdg7xsVKBrd8CT7olbA6XpsF5NN1kBdprLHEKRZBpokmK0AoS1UGQcEghHR0PABU= | https://vertexaisearch.cloud.google.com/grounding-api-redirect/AUZIYQFXQBtHMZXxXZvL1jT7e9qadNNmsETca0MRO6dTbZw5gBa95BYsWu6sywaXXJ3aWME9tuqfjnq9naaqzYFgow8uJsakxcb78brEY_HQidr84rEyEhlNo2qSo7G7KA-PWRS8CHGWWzHwZ_EL2Bw=,No licensed or registered business named Watercolor Boat Rentals exists in WaterColor or Walton County. Watercraft rentals in WaterColor on Western Lake are provided through The BoatHouse Paddle Club and WaterColor BoatHouse.,
30A Kayak & Boat Rentals | Santa Rosa Beach |  | true | false,30A Kayak & Boat Rentals,,true,false,false,Santa Rosa Beach,,,,,,,,,,,,,,cannot_confirm,low,https://vertexaisearch.cloud.google.com/grounding-api-redirect/AUZIYQGyTze1pvd7inBGW0BpkheSa3o4XABMA6ZDfPQYgge1ScujKCQVqYlDEHBKd_zMmloai3HCG-KRw5n7XkqtRLeX3oxh51l2XLrA_Jh5bE9TTVij_LgZSxZSeASzuBWXhFBF5upycyumfFN9Gufn8w== | https://vertexaisearch.cloud.google.com/grounding-api-redirect/AUZIYQEJZjsRQnozTPpKCVJAn4nz6Bk-8S0gxKgulyv1Nq7RAn6DPnTvwdMYIvqBsqAh_mfjY672WU8tC8kts22mOnr2_ZXziVmsV8u83kSLzr1Al4f498n-,"No licensed entity, physical storefront, or official website could be confirmed for a standalone business named 30A Kayak & Boat Rentals. The phrase is likely an invented or generic descriptor.",
Destin Charter Boat Rentals |  |  | false | true,Destin Charter Boat Rentals,,false,true,false,,,,,,,,,,,,,,,cannot_confirm,low,https://vertexaisearch.cloud.google.com/grounding-api-redirect/AUZIYQG3C51w54jOs2bj4eo4EsAF2WLYT44Kg4RtbrHFehnxvdwrkj7cooUf1kqBjt2Io07NT5DM8B39JCiue__pBOBugTkf0Mix65gQImuctTCcMKR30Ly37KW0tVYt60jY9PGs9e9osSu1poNKuSEup-aL0ySK9uh_xTzCL2kUWbGWEW0ixiUmbr8WLk0xjcD0QjoT3Ct2Ze2I | https://vertexaisearch.cloud.google.com/grounding-api-redirect/AUZIYQEW2FGBdXSfJ6x24Iz_bjFrEhhjEE4DZ24uCtqI0h57NvIM1kny5lk9yxpKpu91MCq-8i4dl5M5i5KcVbej_7MSacLHnzVN6k8TCpbJ7g9K6UndawskpsQxPln0tPXnsY2EojL8OkrybSEAS8SVzOqSJQ==,Unable to confirm a distinct registered business operating under the name 'Destin Charter Boat Rentals' in the 30A / South Walton area.,
Destin Marine Service |  |  | false | true,Destin Marine Service,,false,true,false,,,,,,,,,,,,,,,cannot_confirm,low,https://dos.fl.gov/sunbiz/ | https://vertexaisearch.cloud.google.com/grounding-api-redirect/AUZIYQGD3GX4l7Nx9JjUpYnm6vema7BHOUi4RDR8sgAiU-0CLAY8SblAyASHHkZl-x-Id2aqos8KYmHtaqMgODv-wKL0X8CzthuzzY36Ur2dvyM7YFzD5yOkSPzBcpCdLfXJWYLU6gJg-0S0_r2EoxpoIJf3WmcEMH2xMXI9ZwgsKHRREbzF-tt0kE1f2aAzUw0yXnpajZp1-B3S5U_3QdY9_b1p8owZ5lEizLlJFZrjaYC4sFJunpSNk3dlY-yjJ7pR6dEv9Pejsnuk69YGAJADoAF6EglkRzU7TR9OxPTo9-21cC9CcLZ5K2sSUf-CZpGxhKneHCh0zLyvDVSNfgt9Px9-kh0rPtCsjGoceam3SdM8UBtQSh-53OOrMquzXhJpBaVCHMk4w3oKxLAnhhlilFcRkWQDCcrhU5VRi07jO76E3u36HCS-5-Wj2o4CcQ== | https://vertexaisearch.cloud.google.com/grounding-api-redirect/AUZIYQEYtl-EY4Mi60rbD2MiX09V8EneSHxR2buYQ9g9J5vVu4VrUmemd0jH10JBTyIfEpqonAb06-GuHNvy4Q2cwlWEBS7faSIRI4XXciSb5iSGQqwvCEFXYZLqE0pVGsVYlZTLAkluovfr2a1gT5volIVARzgG1xFDAjKqPuisnCQsDjhnfsvPYlPwKWeMe2HrhbJGzIYyq908aHy9B1r40jq-bsFFzzc-NOR2QL4O8QoUaKxDLWZMtZ8wrRUiLAsBi2iOVKQqDfekUQpwhCCaxoIQ4xL2AVjnwKYZ5otpUGWoen-341k2qAOtlc1KgZS4V6ZsEg23Gum2wdok1z7gHui-gZmbnUA5bHgD89GUwijoMJqHtac6SrC2QSdwZIAmT_CGTiFj6s7VBHsiysu-aX-gNKofjTf4JE7cEFeUL2lDtuRm66opKfqLPJNg7H2QyNExTYaSBXKlWi1PvdCeprWW6q7hRP8h8YvzZC6vn2Nzm59Sg2GOJTFPlM-UR41FJRXRBSi0csVekg== | https://vertexaisearch.cloud.google.com/grounding-api-redirect/AUZIYQGn3UasQNGo7YsUIUkU0JAp1gnk0kXDAU0vtzloS_LNZFEoJHvbjdPTTPHMHxn-FO6vIXyd6SmZwJFLOTHIexyUvXyToH3ZGvEbK0v0aLauA0rC7DVasS6D5U2JyW8KenugBDRprR9oy8mSnWdIuxO07lCzuDBVxoJ9 | https://vertexaisearch.cloud.google.com/grounding-api-redirect/AUZIYQHyd1NnJtKY-uTa-s2OS0GveSWONMgYJRod76x5Qv39VjRY_BWt_JsMoHiMQL0oQJoITEfbyhp9mw-Yz2YR5cpXJyvRtkAxf4kNBoTQIOXyxQgbBVXN_CJVOu2HK3McXYucv4zV-n9MzXNtO7kV04id_wc5qZwwCm56yHFBA8xpi4bBJHkJ5y_TtpfmrwEagjOTK8idzIl7M1CpGPSqxue_QZLfD7-OsEdzbChEqerl8iqEJIhkyVea87WfZOuoDXi661tORm3hk9yCiU7NXAsiyAUUI48ci36Vly7Kzk1p6PvJIpYXXaY3rmjGkvdcl1Lv21-1Qyncpzh2ik8KtzCALKr1xMmZJeH8h6x2MckQ6o7qszmSaUsiF8967d4o78wYAIjNsIGytQlYkHY2PbONdkMDPTy3_dOrUI1jC-oSss3UBZcLfdOvnFm23ZJAJqi_BXFtNTTEUXKzEy8btc4LddcNOM_Xe1Xs2F3P471Y-iCZU3gechqLdssiyJVg-Z41gNpW38Sm | https://vertexaisearch.cloud.google.com/grounding-api-redirect/AUZIYQEDQgakptj_VkVaoObuj5MJovKI9Kv3l-5JKAUJ9vAA_Ck_cTt7khr62NGNXGG2H9aodfJLonxF7Vyw-WBj9XWc_6D1ym5pHSrgdW3uXFjvC3nRZsx0a0Vi6P8gYlPwv_GVeXIFXNZcXDGzFhrtTTptolG_z04oJcDgo2RSDTgKh4owfiW-h6LI3cry2d0rjmNClWfQTDs8_KIsDQuZBn4=,"Could not confirm an active, public-facing marine service or boat repair business operating under the name Destin Marine Service in the 30A or South Walton area.",
Miramar Beach Marine |  |  | false | true,Miramar Beach Marine,,false,true,false,,,,,,,,,,,,,,,cannot_confirm,low,https://vertexaisearch.cloud.google.com/grounding-api-redirect/AUZIYQFFB679uh20s9bt8KpQKr5UGMibXbD1WAZVGFinnWsXWAcgt2AeLr-OlE-1GYQGgK7YKwIjSXPDPiR228BAfas3SeqD2XzKA_-UiV_U6UZKpOCq1OTkI1a8DBgVbLw_eE_AM1JsLWhFPlX_u2qJKTPPYKzTGgsnE46cP5vZg42_bnWCqlcLDSBnEdwW | https://vertexaisearch.cloud.google.com/grounding-api-redirect/AUZIYQF0M-I3jcZP6GzynctssfHRa-A9ZByy_yD7sPb0Aslfi6WuiJYNIn-Td2GwOn93W3W64Xx73goN1YqbtJ3pGJaSiejCE22d8-nvc_2cRkLNo_zH4wpd8asclF-lXmG9OyOMmPwnRy7Gg-NkM66UbthvcarLPGj-6ZmutAJgZhLnO7EiKJD7GYC37mk= | https://vertexaisearch.cloud.google.com/grounding-api-redirect/AUZIYQGxcveLKLOv2C_uoD357QmAws9Mz79whBJVgr_0sscAFV_rW-kTEL3fM9Sv9XwDS10iK-y7_iO76hsjjiJMnw9IXE-tMWEYDhnxxTsC4hI_iV3TTg3bSW6h8iFHFRN2AfbJY32dEtRghIv9b8CN4jDw70EhsUNtUqmYW8HkgNy8TFBcvL3ITyvjxHaZag==,No record of a business operating under the name Miramar Beach Marine in the South Walton or 30A area.,
South Walton Marine Services |  |  | false | true,South Walton Marine Services,,false,true,false,,,,,,,,,,,,,,,cannot_confirm,high,https://search.sunbiz.org | https://vertexaisearch.cloud.google.com/grounding-api-redirect/AUZIYQHuCq_0o1kF2hBuzsu1QgtU91J1-1uINHR5Mg11Yhymqb_LXjl_XrcWxmq01CUOod2kPBLC35CE_DLnPdPNCo1uWzIhG4nlKgE5wCE1y19cEAq6uf_Lj1jeQyDaP4LcFRS8iJug1yOods5fuXpJAMIqvGxQF8vqbCoD | https://vertexaisearch.cloud.google.com/grounding-api-redirect/AUZIYQEaHTpAtaANUbZaxYZVuda0J9-0N9uEc1KCbSsmeskD7Hxk4FhEHD8DPQc_qwg6BlGq6A1hsgmyb7rbqlh_O7Iyl7FbWsAdFLJbt3EAduszUsb303Uvr6-jDyDaXyETVBRCIJHugoVYoUiBK3nFS6Q2wCJweHc5ICkC1dkhvEBotUSvbpfxeqJ8v87pe2fzVok_5DmmiijFPqIg6NkRyDAaabUdgLBmw8vCRCF7ldcYgA7_2PUkdqswWxZ--DC1t8RjUxz0lInuX0vqfDBUMqQ3wLvMHzRlvIDzSGorCDHVbt_QSSSmJKID4yJ9fA7npGFx6l2_8dJkVckWa1rRCz4zrA2yB0bQAIF1mGisBrmNlFLMDg061yFyKPoh13jLiZ-c9isqwjS4tpMCW-ACktuFfOor05EpBtnt4SJ6Oqpcbmfoglhe | https://vertexaisearch.cloud.google.com/grounding-api-redirect/AUZIYQHKfcb-fqXlGWmsfqq3Gbvwy-hIPloaRkqrrWHBLkilKKybbnOlqZY0OfYinh_A69TXD3-tOmZ7mkJ0Yw0povZYuYiKkvHrS-GDHayFismEN298-xgkrZ73dPR7r51Smkfm7wCj6UCmHUdVDydu4ZdJERYZHOtCaedo | https://vertexaisearch.cloud.google.com/grounding-api-redirect/AUZIYQE7Pa3G3zk9PzZed1G2T-UcHWE8ZE0aujZbPluQNS9qKEoQsJv2TqX1rDrA4t6Pnw1cr7Vzdy51NBaOuSLYzNOvGk6gBqRyhPdJs6cYBs2IBwYaSRdUAPltJxqUlnDFL_3d4pxAkSSpUr2jPgbA7NH0hV-Iw_hOf95LMEepBZCRfto09wrfBjtIEfv6qUWfOSaeIVe0zSj6oyeozCRQKpo2vJ0vLK8zJ8N75CVoJeCQyI6JevLN3BhWC4EZvyOKAkmlUPiB4Qdaldg=,Unable to confirm an active business by this name in South Walton / 30A. Historical records and old forum postings indicate the entity is inactive or operating under a different company name outside the corridor.,
30A Boat Repair | Seacrest Beach |  | true | true,30A Boat Repair,,true,true,false,Seacrest Beach,,,,,,,,,,,,,,error,,,Gemini did not run Google Search,
Destin Boat Repair |  |  | false | true,Destin Boat Repair,,false,true,false,,,,,,,,,,,,,,,cannot_confirm,low,https://vertexaisearch.cloud.google.com/grounding-api-redirect/AUZIYQH1KGGhnRIEFPZYPX-_z_HwMK_RgBxds-c2cJvFfPJe9mjl08b1XOzPVYuFWjZdM2mzKy4emwK3NmRK9ZSEOg855cuXxiWL7_iCvT7j1GeT-Y5UCRj2Em_mzAz_BNF09frsekGB0k0= | https://vertexaisearch.cloud.google.com/grounding-api-redirect/AUZIYQEXOUm1IUfm9c01oDbfqexxfUIYBKBiSLeor5WB7SM7BdjYL1Qpqrh812gQIj3sp0k3gPjpbcIPwa2jUEhLXYaSjSPumvJeTEkLxdasUYx-l23UTWfSKnYNJ_qoglPghNBHE3Gekj_1q0X6hm4s-uWUXBUYF_Hq0ZSY1QWT6b4= | https://vertexaisearch.cloud.google.com/grounding-api-redirect/AUZIYQGoGzNjW36KSUqFGunTRLIbmmTf0_F2Zd2igwfkhvUvuiziFXziDd5NTMnmYMlKIjMCuaZrQXALZwCrtWG1GBJ5zyv6JaXX8nkSlowCz7p8Sw_DyUVFEPX5-0ATP6KWQrr2wyc=,No matching registered entity or active business named Destin Boat Repair found in the South Walton or Destin areas.,
Miramar Marine Repair |  |  | false | true,Miramar Marine Repair,,false,true,false,,,,,,,,,,,,,,,cannot_confirm,low,https://vertexaisearch.cloud.google.com/grounding-api-redirect/AUZIYQHfyvHI1chQ_GnlSiZTr_p5iP1h0bllWpC45yHAsPKrHXv0r0wVblUixkpqHRoxT7yKPUMnAtT9srOrvWtJOk18DMzajuuhPR_Q37YEldr35iOIJw5BtEa4SDUPhGx0aknVvScTWHajs2Eu8srH-UF9Gd7VI_tRcY0qejpuBobkwvceD8l-FhdqF1AwS8QkFl6WGrt00bymC-fs-dUMijJNv9Z-bEnJ3aUJvM9Gv7w=,No matching business found in the 30A or South Walton area or in Florida corporate registry records.,
Gulf Coast Marine Repair |  |  | false | true,Gulf Coast Marine Repair,,false,true,false,,,,,,,,,,,,,,,cannot_confirm,low,https://search.sunbiz.org/ | https://vertexaisearch.cloud.google.com/grounding-api-redirect/AUZIYQHQt3quoFenYiIVjogIKsdRYdPWiGcg-lqpKwaCIMepJOrOKFXyQv5IHn0v_MfXivas1r7Xyk-RESNNvaVkwP3wZoTJVnSxdo0hxejqkR6jwbFXqAah38NywjexuGDYd8I2Krt7RWjgDJwl1HxnOOZSZp6DeLwzVRjnLZFqbbJzO1gnIHo= | https://vertexaisearch.cloud.google.com/grounding-api-redirect/AUZIYQFcm8kWO-OSKoQwjLf5HulsmGb58s5_UnzKKAJrHQgzvUMH-6QUUKQdCsT47TAiAwQFo2UocJUhKUt4O_ANULcmmyWUbotuaXGjs58gz7fB9ciTZXTBPhmg24RcUl0ZZt5KBD7LT85rc1JMXvdz57tLJPqdfbsOp80X8anIGY0fRNVGjC5KEJhS | https://vertexaisearch.cloud.google.com/grounding-api-redirect/AUZIYQFjqdKQb2EcUw30HXuZqzRAV9B3GUhUXjJNZvynxDpFVierjUnbPyNePCFy10hVozicqgTLnYQ8QpwQQUHHMTK4E4p6ZX0ap78MRqVHFH2zCkJYI4QlMI5ydvxxKeFhM-iP2QOCWh916cZOi96H8nacxuY9ZL1EB6QIWdQGqkk0oH6zxS7uzLn2iyrxHqLOxrIfa-CiyYQf4KgByLJg | https://vertexaisearch.cloud.google.com/grounding-api-redirect/AUZIYQExOVdlt0AdVsyk8y1ylCawfhzVWyELFB8PMndt5M1vy5gjr0P9w5kwzN5qybqFSWi2uDrylUEIpLURO3TSRvanVz3zYhTE26-4caDB-IFWMJsqNViGy2AyIT0_C99XincA-d_z6k2y6M1MlbPiPwY33VhVo3bkAF18 | https://vertexaisearch.cloud.google.com/grounding-api-redirect/AUZIYQF7r6fVPei41UQ3NtDgaZsipj7G9FYbM5Rvawn0BlgO_k53Vta4y9DyOVsjrK9szNYfddJ8Y-uBmq9wsvhX2O5G7SKpoJ6Bx90NoxqJwqYA0xD_IgLo1XN5dPDHQPuUJx538ilfL3X1elmQC28oD5imE6owel9dSZsM-24eoy1TtKgMjUp9t80i1-GYiVsgpUGMG4tdVDRsg-ksClZD2cCUF-OMuHSYgGSMlAHOlNG58NwoSpw7uoJKUq_ZJ5jRU5CYa5BNkn4vxe6MwNcC_vA2GqB2dtHXiijeU-wkI37ZGAA-89e8lVgn8URW6MisiqapmOz2YlInR5kPxuehSl0H7N60JSCKJ5pJtAL791RCXF4-hhUeT3RWh1KctnEPYe5Fbw_B5cZdVtaoT57CprTH1YDsVqD1QgVjxPzFsnwtV9k8xpgeGglSd34zeO-CWVlNcDk3OYBhBYJGB6DcqI1qRocD19NzbWzfA-Q= | https://vertexaisearch.cloud.google.com/grounding-api-redirect/AUZIYQFfFWkYkOWFSOleRr1MlId5V20XwEGUnJnS2VmBxiHX9Vldm39ayWFoUWXApn32dxmCrdXtcUNDOs-SJ9X-qY26DMfdT9yZHrWlFsn9q9KQ8PfaUY0dqp1AuA==,"Unable to confirm any business named Gulf Coast Marine Repair in the 30A / South Walton area. Active Florida entities with this name operate elsewhere in the state (e.g., Naples, FL).",
Santa Rosa Marine Service | Santa Rosa Beach |  | true | true,Santa Rosa Marine Service,,true,true,false,Santa Rosa Beach,,,,,,,,,,,,,,cannot_confirm,low,https://vertexaisearch.cloud.google.com/grounding-api-redirect/AUZIYQHy2TGt1Ps6Be4fDi2nPz1v6ysH_dF6cbbD8dRBkV1_1dccvJEGLkPMd6w_EGheznJ_jxOcF7SzCdtNtVA7cAWZvcOVqUm18YxCHmO_2LSeMxqto0BJ | https://vertexaisearch.cloud.google.com/grounding-api-redirect/AUZIYQHyBCkerVGCbbGvg4DNYbskUjdErmdu97odB2_X2Zu8X0V2cBX8Eg3CjykRSZTiZ_030k5LDQFwOlXFRULNZFeCcsCtSAWhHxBu2PveWZc0xEnV5OMls_n9iUERz6ZTCnkNbpC5DNPBjSRz5A== | https://vertexaisearch.cloud.google.com/grounding-api-redirect/AUZIYQE4fi4w-ZQf3MNE8QH99x9GNVjbSsxFnrakIVONjSijoNfv4yxQygNKkUBHjQj0zo1TSrP8hKzJLihosdEcaUhkvypp3FcPEqgp44exHqbNoFInGtUdzbyV5mvmVJzSS3ov2QrrB3p6MRF0VrcmYfUgQlIUmNe- | https://vertexaisearch.cloud.google.com/grounding-api-redirect/AUZIYQFr-H2b7Aekaj3eeXBH9H4Nvs18kkQi_PlLPxQ71eYSqn6cAA-fsQiqLPnbIpoAoKrWBEU3IGdPp2oO4VThjRzCykJP7ppO8IUYVB9qYtj1yVc0OkLnSDFv9WghvlcyDbgdMIgLw2-zVIMneA==,"No record of an operating business by this name in Santa Rosa Beach, South Walton, or the state of Florida corporate registry.",
Seaside Boat Repair | Seaside |  | true | true,Seaside Boat Repair,,true,true,false,Seaside,,,,,,,,,,,,,,cannot_confirm,high,https://vertexaisearch.cloud.google.com/grounding-api-redirect/AUZIYQFbg0Rj0YEsQmCYJZs1U9yO93yNktYPfeKyRFICQGNXnxfry1kqgkHU6gP8LbfUqM5SVCTHpVlcqwsaHjhvjToDnfQb03ZhZ0W3-7ZpXFThZSmuCvl1hZX9Mk1sH78TLOQm1g== | https://vertexaisearch.cloud.google.com/grounding-api-redirect/AUZIYQFSP_IqlAI-aqdjDp8DsNGpH1KEV9Vx8RwNj7GuVOe5O8g3jwiHMJp-l52LHPIc9qN4MZkuzjqovaMycklOa7dZ2Hc_xIWe9odLf1DFV2L0kf3795ezvsuSuiMhAllmrG8EVRBNDB3nMIZytFFseyE79Kc= | https://vertexaisearch.cloud.google.com/grounding-api-redirect/AUZIYQHS82jXdFN6HPRlpgQihnyk6uB6FAJCSA0liEvPzokDvwpjURIBkvEJpIB9uWT818R64KiGncOT3dl81Sn-VfcLrQZnVnUmYYUYUfQEIxJfbZo2h0bYJC-DlFZx7EEQeQ==,"No business named Seaside Boat Repair exists in Seaside or Walton County, Florida. A business by this name exists in Fort Pierce, FL on the east coast.",
Bluewater Marine Repair |  |  | false | true,Bluewater Marine Repair,,false,true,false,,,,,,,,,,,,,,,cannot_confirm,low,https://vertexaisearch.cloud.google.com/grounding-api-redirect/AUZIYQFOY0eKosaCJeWG-zgtf6Gc9zGSNh2YPPcjX_4LKhXM9lnu_8IBmzS7DbkuFf8QgMFrmsrBbWRPET295mKVrp2CYc3XO7PZV181aixUQ7PuSbaCYbRwsNvi6EzFgjaEAUf7Tmb_dnOANRAzXJ6R4RI= | https://vertexaisearch.cloud.google.com/grounding-api-redirect/AUZIYQHC3xpG7-dWsmmCrbtJL4rE064xqKX1SJgBPAWfnSh8BI1NFXWRBdQ1D-FWSCvPA63bXJzikbo-Rr9jQU0TPxAnbqgUh1Gd2wqiwrO4zqZ4d3o3hr0kTCIvsRTYwdYLhS8fESY= | https://vertexaisearch.cloud.google.com/grounding-api-redirect/AUZIYQGjsDpa14byphudHEv8MYqMgkXXb4tReH_E0Ur0YZvZMHhEMfYo5n0wGcmy4-cw-8YAVnk36wkKsnB6DfhPk3MIL95v_cnRogul7bPQ-VdQzX2pJQPWqaVkqo70 | https://vertexaisearch.cloud.google.com/grounding-api-redirect/AUZIYQFeSmigP3m3NsD7WTPODa1W3yOxgrboRIwEwWI5eX7IY94zDotER8lqF89liee72CXsq-xeTDtvIgPPCYF4Eymz5AovNnbwAroO5MvArxx97WYqpw_mXMW0BBQcU__TbR-m1qWmXX64aeAJWor8vA==,No verified business under the name Bluewater Marine Repair exists in the 30A / South Walton area.,
Destin Yacht Services |  |  | false | true,Destin Yacht Services,,false,true,false,,,,,,,,,,,,,,,closed,high,https://search.sunbiz.org/Inquiry/CorporationSearch/SearchResultDetail?inquirytype=EntityName&directionType=Initial&searchNameOrder=DESTINYACHTSERVICES%20L120000566960&aggregateId=flal-l12000056696-6e545803-db7d-4113-9118-ff3dbfb42b6d&searchTerm=Destin%20Yacht%20Services&listNameOrder=DESTINYACHTSERVICES%20L120000566960 | https://vertexaisearch.cloud.google.com/grounding-api-redirect/AUZIYQH6V37c1TX07-bZ9yfhtnfsPvmz3O8n8bACF2mS7earKPgryZ157FJw4tfmzw5Z4PvvBKqsy_-AkCK4pZ8k0B0uENYD7yjHYGwqIr-TgbXWkzWFvJt_LV4= | https://vertexaisearch.cloud.google.com/grounding-api-redirect/AUZIYQHPUfcT0F9eS6JHsueQ6kgOMlJ9ThDMXn_f55OisjAdhF3KFhjkqyEqLR4byF08RzfJWoqfC01__tD5OkW7_L3a6Jbr1q8RUpQoDs86gRitqBrzKEzzLpONqvQ= | https://vertexaisearch.cloud.google.com/grounding-api-redirect/AUZIYQEKSmEkuIcdcx17Hu1k6DLxlVF_NDqYCs6A-6-0n9DeDq4kTkJRMa78plKJe5idV6xWkQszXCFzs1sxiUQMQbl2U7eMtGCrbwZoi55UL9u-6teJQICN04r1OUEETu-WpaDm7eXH95j2XRM8LlPOtcy4mjFjp-PFu16gg1igf34aHQjvXQoeY1m8SdP8LO27-QeNfGkXCDInhmGN7c3tWu1FTc-aEJtHtyOoCbop03zQriLKQ2p-CgQSTsGCJxbGaT7BSKzyTHzzbrjbe8aakYucW2vnVoFeiWgFUV9WuIBhi_aosL9xvsDiyzV5dPgWKPxjogAxPaV5LIUFMFrC7U51orrhEqwLkxs3QypGnb2m6rfQSWaFNxrTPd5BbievGDyKg2bkGuhBUJzpITJGhxOeO75NQGKYN_Vikk_ytpzv72hKa_FM64scIzpYdRhE5foQDovOOPfTwBJ_q_SCNhHSDjYi39a8A6iBdW5apkqMkbvQJ23yf45O_--uWj4pWSaQdSuRXijnsYgHhg==,"Destin Yacht Services, LLC was an entity registered in Destin, Florida that was administratively dissolved in September 2019. No active operations exist in South Walton or 30A.",
Coastal Marine Repair |  |  | false | true,Coastal Marine Repair,,false,true,false,,,,,,,,,,,,,,,cannot_confirm,low,https://search.sunbiz.org/Inquiry/CorporationSearch/SearchResultDetail?inquirytype=EntityName&directionType=Initial&searchNameOrder=COASTALMARINEREPAIR%20L230003588180&aggregateId=flal-l23000358818-a6d17b5f-5ca9-4db8-b4b6-a81d0df990b7 | https://vertexaisearch.cloud.google.com/grounding-api-redirect/AUZIYQFaMe5nGoT7mi47oUejCylakgKogFJKBUY5u_uyTpj1tmNGNp7Fbt-UkoGmQmbD8AVr6Xsc9i4MKrn4Tu_DJMx_z-W5nGmCEyWy7C1LEmLstfkwpI2QjcYHuIAFPzXbw7AONNrTk1_wEl_81du8ZoEYyy8xgY0BzMofuK9QJ9oTZwhlUr2EATi8sVfNd6UqEUzeQSejtOvDHyLYxpt8_3t1wcQA5E2IJC10v5PK8rx4dkaZA2mWqVKMiV02c5gpgzwDQsFyodTMSIQBGXcGWrw-sdX59z9UskwsU0O60DwzpuUbcwR20PeVEDXKINglYK8O68L5zlxRPFU0cjpEzYwo76EoND-5pkU7URMtHcwfRh7mW-OwVU8DY7t0oQW8H_ZR9v_LM27DBRUR5fZO3fIYnBOw9zB_7Uci71G-LFdNIB_EDFviOCE9EHtf9QtJQroFnYg2APvms_uqcINPYU-BVWcepRLxYi2BqGM547I= | https://vertexaisearch.cloud.google.com/grounding-api-redirect/AUZIYQG0QCrpisyXvcfHR9LMYlJp9sLVtv1vMw506XK3HqWQNwdJRUjxdYJi1Tb7MHSfJbj72YqjupkNP07nS1NlHBVnhZQ1uP1bbmmpIsBA6uCOpa9UESDxBISIuDN-EE8i3942ergvkjieIQYLFlrlDRpqy_R4xP8=,Could not confirm a marine repair business by this name operating in the 30A / South Walton area. The only active Florida registration for Coastal Marine Repair LLC is located in Pensacola (Escambia County).,
Baytowne Marina Service |  |  | false | true,Baytowne Marina,,false,true,false,Sandestin,,Marine Services,water_sports_rentals | jewelry | books | sporting_goods | travel_services,"Baytowne Marina is a full-service marina in Sandestin offering slip rentals, boat charters, watercraft rentals, and dockside services on the bay.","Baytowne Marina is located within the Sandestin Golf and Beach Resort along Choctawhatchee Bay. The full-service facility offers transient and long-term slip dockage, fueling stations, kayak and paddleboard storage, and fishing charters. Guests and visitors can rent pontoon boats, WaveRunners, and water sports equipment, or book deep-sea and bay fishing adventures steps away from The Village of Baytowne Wharf.","Baytowne Marina | Full-Service Marina in Sandestin, FL","Explore Baytowne Marina in Sandestin, FL. Full-service boat slips, watercraft rentals, fishing charters, and dock services on Choctawhatchee Bay.","Baytowne Marina, Sandestin marina, boat slips Sandestin, fishing charters Miramar Beach, paddleboard rentals Sandestin, Choctawhatchee Bay marina","9300 Emerald Coast Pkwy W, Sandestin, FL 32550",(850) 267-7773,https://www.sandestin.com/things-to-do/marina,,,exists,high,https://www.sandestin.com/things-to-do/marina | https://www.visitsouthwalton.com/listing/baytowne-marina/ | https://www.visitflorida.com/listing/baytowne-marina-at-sandestin/29424/ | https://30a.com/business-directory/baytowne-marina/ | https://vertexaisearch.cloud.google.com/grounding-api-redirect/AUZIYQGn3_SXZX37kHgpU88cQr4NAmyGHK_AB920PpcI89I7AIr2lWpHJGuGKxCkLClMU2MPfDFhV2aIdIlv9tlRotu2zqSkV4aFICb5ATang5A0UKH4uBmZx7FCQaDeVr5lVyiS4w== | https://vertexaisearch.cloud.google.com/grounding-api-redirect/AUZIYQEf1KQViSgoE6cNB8xWki0fyqzPL-gE1_X7yoCTCtuxm9YXe3HtyEdIEMNYkkPVhR-48EjDXlJXSnPHW4laOw7lWzcUrs4uKRLT3UGiFvlajX4mJVs1wPgwQ8fAkzP-exNxaX4472808bk40x7N1g== | https://vertexaisearch.cloud.google.com/grounding-api-redirect/AUZIYQE6znuRMSrg7_OnjShEcW8iTdLl23n0HwOg29cCj3TYKeI19-ZtLDNDkEgGqlhLnR9ONU9k49uWB6_DV3tmDy2x-cGrwXaoMBAk-UfZ-a301_z2YirHrRmeIsRCDXaTaN7zuep6quKsyLwK8RaE9eg1oWriHu_yt1bBT3veew== | https://vertexaisearch.cloud.google.com/grounding-api-redirect/AUZIYQGnf2JDfJwrxVi420SjnJsisrDDfRwtCEnvk7iwX-A-u3SHeDDB0wJbfcGOSVNp_0bKzuN-Nq9Fvtsq-vaPodn9O3q7WDJz-as5r6hkzu-A45O0-8mxMdr3X-sZUerw_A==,Located inside Sandestin Golf and Beach Resort adjacent to The Village of Baytowne Wharf.,marina | boat rentals | fishing charters | waverunner rentals | paddleboarding | dockage | water sports | Sandestin | Choctawhatchee Bay
Emerald Coast Marine Repair |  |  | false | true,Emerald Coast Marine Repair,,false,true,false,,,,,,,,,,,,,,,cannot_confirm,low,https://emeraldcoastmarinerepair.com | https://www.facebook.com/people/Emerald-Coast-Marine-Repair/100083075218765/ | https://vertexaisearch.cloud.google.com/grounding-api-redirect/AUZIYQGniCsYCIcmGPFNQCTtwcDgJ_uAk6QQr7_m4j1mHifkAhDd6Yozh45eQvU_6Sjj3gJMN95mJ3GOqCqvQQyRK_j_VUjQ5SHcxMMn1MkqA0IFXwxuTutdAoYSuA2jKLM= | https://vertexaisearch.cloud.google.com/grounding-api-redirect/AUZIYQF0-q842IfFmpwvwUsCr1TrmwbIkh7ikNUklwJ2J44TA47H6NfRCNOUIG3Rj3_2ebelYviYaKfOUqpY-UQtR75iD-DV_Axt7xyFeQRduc8eFr0PQuAXiNagy_hm82mk | https://vertexaisearch.cloud.google.com/grounding-api-redirect/AUZIYQFysBpEduJswO0TfFoKTHRdn2WkvzcAPG66a93mK3mSxhLQ9ZUMpK7dE6pBy17MUQfC1Tgyp1AWYfUFyObeNjJnaxrFbyLiriz18ZN99gpq_QvufBSCJysN6htSGUiNJqNLTRpYHCyIkE6MiqkOW9qkZcTPdDlZdsLc | https://vertexaisearch.cloud.google.com/grounding-api-redirect/AUZIYQEMil0Dps1qpsK2SUfNn9_rjPBWRh2DIcVk8F-0jamkIqnV6R3aWwc2LmoWKmrj9uX7wPazZKo0M2f6ji3d1BsahDQ-TDfUfsNaP-7b6LFiclt2mlBXi_kCEyzT7Tsouibkj5Y4CB_R0La1ggTmuIHqiehAXT4b8fKml_5iLQ== | https://vertexaisearch.cloud.google.com/grounding-api-redirect/AUZIYQHX265Tt5HnU5UfJwMnkyODKbSJMn88ocNlL1a900TKwh_GO8wVfA6i90MYLrXZLXBnhJ2XZ0FqRuPjWtvCTHiQwf1Dy2y61AaJctHZibisrsXQvaVwjwanui7AKq-xNrj0uwmjd8QjlOieqYx40jNOp5m5aucb9hAbQBH_V62nz_IIrzqiTbCgpADBv-AyPC8pnF6g_x9dU2WpwUtckoeaUDbnfQcCUd57aUZSQVOGZ3oO6aW1p8FHCnln8J6neRfl_ry6631w6yz8Gjoug6mF_yxUBupWQ1Al2qr-plaeT21n-Rpa_C8aeqC8b99vv_uIIHxwsFVjBbuJl90EA0uiszHtPueLEU2DzFG6dWiTIq1uZBVewOv0MRZnkdUJxJmEj1Bim3WVE3deSS0WPpXSZkbTyLiXHK8k1MS2lIIwMASyhWUwvizduvns,"Could not confirm a business by this name in the 30A / South Walton footprint. A mobile marine repair business by this name is based in Youngstown, FL (Bay County).",
30A Marine Solutions |  |  | false | true,30A Marine Solutions,,false,true,false,,,,,,,,,,,,,,,cannot_confirm,low,https://vertexaisearch.cloud.google.com/grounding-api-redirect/AUZIYQFR0zuCNpN8CaP7b5YQoQZRL8lWAh27P_czilzNDx6TYVQmvThBTQblVdDrC18s4tdNSuZvBkq7Iozdxvr5GpCwC1xtIpJ9t-7HkRyOChDHNnB_8IJu5YRb01cxQZGKZBu8c-3MU2xbCvfshNvMytjdbvD_RpLvKO3V3KDFcVNFPXqyDZMcnbCyFt5LanKpWrWBaaqEakMRmPgFVbcfWM1dLL6CYZytE_od-m6eXRxxFEMzO1BNuSgwBUk8aZuWtry4qNJYky1jL3LMDLbC4xMBHZWaTq69WtOve1Jx-VU0l8SJJQ-4uBw4b1MnFKOKXT8CxlXFlljPV6-tHFqKs0tnnu8fc73pltIyjqPN7NPH-JY5SzJbyquR2kiNfYRsdiFwH6npHy37qKUq0SysIWiRm6dmHPljns8aMwJxNplf1JocPXj9efC5lFROLrhl1Hp5pggCBq9E3ErpTv0WzNEqR-9N7XGzeLYIvHEzrGo_1uEWw3ii9oUZlhrVfjkKP349-Ump,"No matching business, website, or corporate registration found for 30A Marine Solutions in Walton County or Florida.",
Destin Boat Storage |  |  | false | true,Destin Boat Storage,,false,true,false,,,,,,,,,,,,,,,cannot_confirm,low,https://search.sunbiz.org/Inquiry/CorporationSearch/SearchResults/EntityName/DESTIN%20BOAT/Page1 | https://vertexaisearch.cloud.google.com/grounding-api-redirect/AUZIYQFnV43I2x4-HrI1nJ1ZsYkn9s0eDMai-TKeZX6V8mqZ9otekhRy0CEs-feWP-GIFcrL5CNpOfhFc4hH_7fzi4eevGG1q1kDu-JVa-qN_afGpiM88xfuDarIFbE6r0GDeUndd_Pn23myrXjpTObj1m4xRhABgKBwQ69JuG0hEOPrNsj8k1SFeGJmhWHM896GrB6h6AbaLRRHh8FvZnvjF-EKkz4F5VVTOLYska0s___RTLTeg0g= | https://vertexaisearch.cloud.google.com/grounding-api-redirect/AUZIYQE7LiVFoKO4pUdLTQ11BOELsqVKPMJ74HeYoEu_4UMJsqyaMN2c5zJjwRLE8jJR1049sa7zKmrnrZySvYDPIES1Wnl13go6cENtAIiptl5Fb9H-XAIeKSeyt99uc4KB8Vjlpv81SWxWkcvcEGDxaSslkGI5f9Iu6gE8uRc=,Could not confirm an active operating boat storage facility by this name in the South Walton / 30A area; corporate filings under this name are inactive.,
Miramar Beach Boat Storage |  |  | false | true,Miramar Beach Boat Storage,,false,true,false,,,,,,,,,,,,,,,cannot_confirm,high,https://vertexaisearch.cloud.google.com/grounding-api-redirect/AUZIYQH5OrtEa88dQC0xtU-IFGTnvnOLJ00jGjDvsXF_X7uzNSUb8CRGmbt-qNyM9E0AFy01zT12TxfWbBLA1lN-H38OP9HpV1_nWJJryRqCJzPA4Ybksw6g8Upvycd5fsets00ThwhN4ren7tfBX2JvOqZ6YlDD6jnR8djhbwIjZ9m-ceE= | https://vertexaisearch.cloud.google.com/grounding-api-redirect/AUZIYQHHOF611Y_yYxIenzWZgWrFzYNXu6-DFWRPnwrX7dDhdEOMvo-XhQNcIaYURmXHbf8HeIjpt5QsbCHXsAL-5E9fxhHcnk9Y2U6qydRAcyCQ2enuPMLqKTTt | https://vertexaisearch.cloud.google.com/grounding-api-redirect/AUZIYQFZMS6SFNIHs_fLr8iClLT8y89gvs99xvhxU-VkH1tFLld7cP0UkgvtegW4XPidwTD3nVKMwXZ1fbHuRTZolHdXzfdlZLPeCJtkinKTXaiweD4U4mK6WL7Lef5cM5sbbSQPE86od1IZnUu2QN1RAf7IUoeP42bD_St2IGwkvV0=,Generic SEO directory keyword term; no registered business entity or standalone facility by this exact name exists in the South Walton or Miramar Beach area.,
South Walton Boat Storage | Santa Rosa Beach |  | true | false,South Walton Boat Storage,,true,false,false,Santa Rosa Beach,,,,,,,,,,,,,,cannot_confirm,low,https://vertexaisearch.cloud.google.com/grounding-api-redirect/AUZIYQGFkeppVV7xwVLQaR1SI4pHjzM_btXXRzjN_46ttZtKX5wOicLWktGokcZsus8Fw6B33MN8uksPz7-FaqRYG_fYwRFp3ttmWOZb6jTLB4eMPKk5QHmc8sYRs_D7ciuX_UvwH9jRrXm_rzcFSquL4A2dX0ngEKGL | https://vertexaisearch.cloud.google.com/grounding-api-redirect/AUZIYQHtgf6D5o4VwSFEDTF48JD_f4P9NK8NUV-x0aXnAGDWvd61ZzxI1txs8hcXhQGh9Ts-AEt6aUQ_j-2QhYpK-oOZMvc4PH1603hQPZeiYVwI_RsSK1fY | https://vertexaisearch.cloud.google.com/grounding-api-redirect/AUZIYQE3-7VHuPR0n4Ck3KdXmd0Z_kgSE02F74kK089ohjzKhQ7syRlC4IHGG_G-lUjn94eEAztZKxsQ7bb8mQe-t4wWDz-qHjvdfaHFEMYLO9L8IM_WpzOUc8aWzskbA2KKLntkLTmF4OQQT2PvO5J-IUCt8u8-1U2DF5UtDe9-JZk=,Could not confirm an active or registered business by the name South Walton Boat Storage in the 30A/South Walton area.,
Alys Beach Boat Storage | Alys Beach |  | true | false,Alys Beach Boat Storage,,true,false,false,Alys Beach,,,,,,,,,,,,,,error,,,Gemini did not run Google Search,
Seaside Boat Storage | Seaside |  | true | false,Seaside Boat Storage,,true,false,false,Seaside,,,,,,,,,,,,,,cannot_confirm,high,https://vertexaisearch.cloud.google.com/grounding-api-redirect/AUZIYQFrNZOS4iG1_AuGbbuf6k2sbP4vDU-tcBkkNyK1qVz3-XdiP72gWuwmc0t1PlVhWwNWaX1keQIYuzRUZdX-sLWTPPY9QnzPHjHuH4WDZp6nPMvL2mryKQJG1dohPb2E_HcG9_H1U6AlhIomCDdFUQ== | https://vertexaisearch.cloud.google.com/grounding-api-redirect/AUZIYQHDDUVdrf4-LTxNrvpGxw8E-bY_dwaMklEtrK1qXgJyucBVDqciANbKI1xAI2wiFsBVIvVLw_Fi86M6fPkfXVpE95Q74L6qZpC6rG3ERG0Owvcx5vrLhPQWSvd2iGY1Ck_NO3SzPpm-CG-28AJuH3FvVewTnVZGvMkPwqDkjxdJhBL7MJ94Lgf4P-yIMpUEwO4f-AM= | https://vertexaisearch.cloud.google.com/grounding-api-redirect/AUZIYQFbe0k9X0mW4I2PlxdOsodySW_D8VpIyCcAfPF4KjWfE0hJYMPTQlWASIih1vYEygI8zl7tftqwYb4dqCTciCiFW33CalIl9-8Y6jxDxJs2MV6WaVM-8E9xNS4xy5QSElsBPYkvacwpMQ==,"No matching business or corporate entity found in Seaside, Florida or Walton County.",
Grayton Beach Boat Storage | Grayton Beach |  | true | false,Grayton Beach Boat Storage,,true,false,false,Grayton Beach,,,,,,,,,,,,,,cannot_confirm,low,https://vertexaisearch.cloud.google.com/grounding-api-redirect/AUZIYQHH7G2WWN-RimzbWQjGZ5B3IbKHEwCoehV9Sdvf_Kyus_tryYcgMvd48JlGUOddlmfTe9_6IbDHYx7lFu42APzRuAaVlu6hmXG59hIszWGJ-4Z-WsSHr-oeAIxU11cZiHkVVWH_geqXuB8fY8gaSsBmJp5oq86P,Unable to confirm the existence of a business operating under the name Grayton Beach Boat Storage in Grayton Beach or the surrounding 30A area.,
Watercolor Boat Storage | Watercolor |  | true | false,Watercolor Boat Storage,,true,false,false,Watercolor,,,,,,,,,,,,,,cannot_confirm,high,https://mywatercolorcommunity.com | https://vertexaisearch.cloud.google.com/grounding-api-redirect/AUZIYQFrYsZeIcaJVKKKFTpd5bHp--d5ixbVrjQKvbE6darjF35sZs7MkLXEM7sTCbLaJmWIbLcrW81MM2VfB6kfZ0LC43EleBKNqqnaeabS7TtBHPIyAdRoeBIquYScDVPTUpbi_LNjKHesi6-omX0= | https://vertexaisearch.cloud.google.com/grounding-api-redirect/AUZIYQFIwchGl4UtXj7GcKllTvHCIxE2kgV7ift1doWhlS6Chc_Z98j4EaZIL09fSemojOY9FItIrRTM_Ey6iLNcl8wUMyyniDfCHzw7b4r-nPUyej0Q0rdAzXopbujLzvk-Gm0HxyY4W9tMzIDlgllpKMz3kgaLNQp54HlkQtp8Jhf9tVh9LHhKfVSASn-JEhPX,No matching commercial boat storage facility named 'Watercolor Boat Storage' exists. WaterColor HOA rules explicitly prohibit boat and trailer storage within the community.,
Gulf Place Boat Storage | Gulf Place |  | true | false,Gulf Place Boat Storage,,true,false,false,Gulf Place,,,,,,,,,,,,,,cannot_confirm,low,https://vertexaisearch.cloud.google.com/grounding-api-redirect/AUZIYQHB88K0ZkHROKGagX72Bw8pAHotb3aPE0V9LwDVx6TgtLoU_bO630aQh3LPw9GyFUhg1_-XqTrTSCDnWpbVHKeU4sjL1vsYQI8GmclgDt0qx2bWI7ipyuT_QhCbaL5GOEADu8cQQHbV7bXPhkpbDaeRGYCw39U9EEUYbQ8YXlk= | https://vertexaisearch.cloud.google.com/grounding-api-redirect/AUZIYQFKZF4sA-RdYWwhsljJpB_V2Cv34RAwcJteRgtS-xiGAooSkMIEaRoubwn9XjC0Kb0JhWToKJ9DSOuML2wOufIHpynvdXytksbqoL_ca0QkfY0gfqtZQp4C_Dwux807riHabJaUU_BLZn_szAnUIZezCaAyn1_QqucIefGPRG3P_dtCZmW1 | https://vertexaisearch.cloud.google.com/grounding-api-redirect/AUZIYQGSFP3iWXAkLlPA4rcTBGwkvDC0PygjQ2BWAQqOFPePdUSpQYrBZuMNQkMfcwWe81H-BePWZ0DX53uP9LRR1nS0p5a2SHqbBFhRTRKHW_hk0fLksgCwfxzWkFQo7DQo1NDpWQKco1WPgCqzFbSazZCCKkaUGc-s,No record of a business named Gulf Place Boat Storage in Gulf Place or Santa Rosa Beach. Commercial or public boat storage does not operate at the Gulf Place Town Center development.,
Dune Allen Boat Storage | Dune Allen Beach |  | true | false,Dune Allen Boat Storage,,true,false,false,Dune Allen Beach,,,,,,,,,,,,,,cannot_confirm,low,https://vertexaisearch.cloud.google.com/grounding-api-redirect/AUZIYQEgPKV8B4Xgk82-MMjYruFWcq7E6UMDpedQaBZ9IbYaD1zkdyihVghCG7D-wBWaNWMB2hmQtl1Fgpah_aiKQjhjN6FKizL3iFwAISqKn-oo7p2lVF3aOCdSlUR3IVogWcZHeStHsTjEUu7oPzRlLnqHUHq_5K5i | https://vertexaisearch.cloud.google.com/grounding-api-redirect/AUZIYQFHZtVMflgAs8L9MzSFpnGZZpgEQGPDiXwSC0vvSsqZArucx6RbgAVJcqn_5DybEaO6aZagUdQ7XX2sqJ3-7Qm2o2pCascyyTh4Vp-TxBeDmnYCgS32Q9wVkJ1WZr2TI8CtofMiL3b_vcWXpaEPrMZH9UiQjI7kBX1_nY5p0sK7uHF0hdv7egeeFqFdXw== | https://vertexaisearch.cloud.google.com/grounding-api-redirect/AUZIYQGJA7aPyozZSjqJMzqf5oj6QrVgXcj6td3xTfLiNIJNLpPrQR9nQIt4eJ_cW62TjG5Ta1pk3jCe-hEfKDxLudGGAdg5OO5bcMDKBUQU8iGy3t7bH-Zwblo_oANC,No record of a business named Dune Allen Boat Storage found in Dune Allen Beach or Walton County.,
Sandestin Boat Storage | Sandestin |  | true | false,Sandestin Boat Storage,,true,false,false,Sandestin,,,,,,,,,,,,,,cannot_confirm,low,https://www.sandestin.com/marina | https://www.sandestin.com/terms-conditions | https://vertexaisearch.cloud.google.com/grounding-api-redirect/AUZIYQEDvYM_rzZMgntbuPKzNlKXjJCfWpXRfap6kaFqYIGdEdGwtSwuRoNIXa4GcI5tvPw2cf79eJ11dtw_02pKOro4WJdqxYGxV6dGiSYv9kJo2ri6L0wTohIkRU7VTRCIHkdHHnw= | https://vertexaisearch.cloud.google.com/grounding-api-redirect/AUZIYQHN9b-fyhTw0sxuZSFegc3x-tkBk8HhwTmSoYwla1D69uJtRh7M0Zkttaxy7d4Bj-Sdk56qWZZK1rVdbyOs8ZRJucJ6ydc7Ze4qjdAowg_Fzn2s7LJIEk4c4VPkcqDqnm4=,"No standalone commercial business or registered entity named 'Sandestin Boat Storage' exists. Sandestin Golf and Beach Resort maintains Baytowne Marina for dockage and an internal HOA lot for owners, but no public business by this name operates in the area.",
Destin Marina |  |  | false | true,Destin Marina,,false,true,false,,,,,,,,,,,,,,,cannot_confirm,high,https://thedestinmarina.com/ | https://marinas.com/view/marina/479z88_Destin_Marina_Destin_FL_United_States | https://fl.usharbors.com/harbor-guide/destin/destin-marina/ | https://vertexaisearch.cloud.google.com/grounding-api-redirect/AUZIYQHYjyrzVHIHBJTZwHsU9QS4NMyPYzEFnHUbqhtFsIxr8q4qHRWBhq5UVOGJCRNlxbqqxhI06HrPh5QU7WqufFZBJnSkqboc7B6ZkLbZnCz7EJw1pR0PZWi3vIfCzPVJU3yMCN_7hnyVqkUTRIw8CNHLNHu5pIj5ddU= | https://vertexaisearch.cloud.google.com/grounding-api-redirect/AUZIYQFxKSapjex7jyfVGpDYv_u4992MM5RAlEnh6a4aPDi_qRZfL0AONjgJ1G6E6M9x9ffn3lxPZoXjR3f5GmfAQaKgQ69RoFQHX2A94_zkeRsEAQweXL6UrN62fgtWS5UD0bgWgWo030NDQpHLdWlISQA91yfDdhJ6eTo4s90jDXZqcXbJ | https://vertexaisearch.cloud.google.com/grounding-api-redirect/AUZIYQGBRSvOcEdr0A2-nCgvhgoPfOQHY2QFZeiTweSXLO3Dd9NKxXuMX-gbeExu5p6LLbFle3fmVeq-dBX-dSY4OpePpVEGnzBfZOpMJZMYgVH9tGXEs-lf0JMTjNFiOni5G9cZoqvNjLjn | https://vertexaisearch.cloud.google.com/grounding-api-redirect/AUZIYQEz8YA9ZdThlKGoAX5C0V2c8I6P7Md_7Pjhbc-yEJQNyxIsyXTeCY9A162GxS_u6F5OhQmPi1J-TO3jMcw-LovBwd9PUBdhFJ7rEt2EA14BRjpWdoppEjU=,"Destin Marina is a real business located at 7 Calhoun Ave in Destin, Florida (Okaloosa County), outside the South Walton / 30A coverage boundary.",
HarborWalk Marina |  |  | false | true,HarborWalk Marina,,false,true,false,,,,,,,,,,,,,,,cannot_confirm,high,https://www.emeraldgrande.com/harborwalk-marina | https://www.destinchamber.com/list/member/harborwalk-marina-destin-413 | https://www.destinfwb.com/listing/harborwalk-marina/309/ | https://vertexaisearch.cloud.google.com/grounding-api-redirect/AUZIYQGsw-S_-vm2-4PQPlXPDb5hJjPT7HyRDEOeKVKp4pV6tpVtjDmObJKaimlIKVe3-Q8wcH1fISX8CdDz9N5f_cx6qQa9WK0A5GvW3mlsivCYFnVQzM-h3BNRreWgN918laMFN1n39DQzDl2kODCwsu_ezEo= | https://vertexaisearch.cloud.google.com/grounding-api-redirect/AUZIYQH6zuhTWWJ4b8O71puro7HPVs7-IkdiOb3ZQv1T7Vi1kdXBrKk82OOJUIpVtUziOpLFgNCC2Y3vqxIet1Q5NUic8dkcKTYUsaPpZ6UXCf9Bgd0ALUz8qnAz-lhgioStKxzqgRyPmj63BL6Ar0RboQ== | https://vertexaisearch.cloud.google.com/grounding-api-redirect/AUZIYQF2ttCotEVe0lz4BK5gbMg0kQ4Y9eo0UeTEqq7DLpptH0dJoTxQML8lAQUoM4qhEO-f7Pqto2hJj1Gu9z4bcYI5DLD40NhQcEZUgarMxk6YfXkWCpyVywMdCx2s_aa9jHeURDsCb4a7uPAtO3tNiD7MWExCmVDDb2ybymz5MaSglw_E | https://vertexaisearch.cloud.google.com/grounding-api-redirect/AUZIYQHXTVB05MSIlzLXQ1Jio69CWfPRp3MaASwnn9XrkN9eo4kLZkLiCqrYf6CroX-Sqr6p58Em5kD9Kch0NbbL0J-1BMwjCnrBt5ETqLrRJA76SeKEWC9cfhClTZgG4xpvPdbKTuJ3JMiEUzcl4i79jIAcRuHMriJIZ-zWl5Y= | https://vertexaisearch.cloud.google.com/grounding-api-redirect/AUZIYQEnyHhuhSzGR6kkj2Xqs5mF2WiYDyeEtY7PAt09lcQl45uB8iYVi4t0LKYIAH4RUAnkzN81psa0qK3DC6jWdfgbBCJm5M1OXrYfe7QcSKbq-92Hag6XoQ1G4bjDmcZaycqor4txovFtcNDggM8C,"HarborWalk Marina is located at Destin Harbor / HarborWalk Village (66 Harbor Blvd, Destin, FL 32541) in Okaloosa County, outside the 30A / South Walton coverage territory.",
Boat Storage Solutions |  |  | false | true,Boat Storage Solutions,,false,true,false,,,,,,,,,,,,,,,cannot_confirm,low,https://vertexaisearch.cloud.google.com/grounding-api-redirect/AUZIYQEOl76lky3soRl_ir8zd_l3lh5dwwnQ09Z2n3-f7mt7MNZyMwBo32tSCYbp_B6IIqJEQq7MWG02V2G7vEZ0Yc8wJbyVzBjEkUk5ryMn-O83QUZjImwaYcPZXAWGLphjadvqmWnk40bMkWNeuZ4pfe-HkmPWlFuL6n4OtEkmjrc-i1jhNxH4ABMkqT8W3LsperKm9pmNVnHcM0seoNHVMvA9jRW741OvPS3eXSf59miID0El8S5dnwSafXT0X0HI2AcOlX6Lv8l7UBmK | https://vertexaisearch.cloud.google.com/grounding-api-redirect/AUZIYQHQR4I0GhBsY53ch-JEd3UUO2tpY3YhwHSu4uTiUxFw52NFhc230mObqmkttxw_GZfrm38e07p297s5usCWem9w0wmr8aynXn-lU6esPViM5fBt_iSGsOG2FjUjgg-eU8IBn4nIqLPit4Hvf2CUgXdiKnH_chG9rWVr-WXLxOA=,No matching commercial business or corporate entity named Boat Storage Solutions could be verified in the 30A / South Walton area.,
Coastal Boat Storage |  |  | false | true,Coastal Boat Storage,,false,true,false,,,,,,,,,,,,,,,cannot_confirm,low,https://vertexaisearch.cloud.google.com/grounding-api-redirect/AUZIYQFbsBJLq9rTsg_8UCRenjNgi3X9FhLT6NOUAOaqmGdCZ2mezZhtiGBfncjLfpvdL9u8tWjjn2LRT_5yfPxP34DgzaZgug9iix1yNingpS70wRHtXCtloJIjtOh1xF3yqqu8D6egClg3seRVslgPisTJ6v0Bu0x4 | https://vertexaisearch.cloud.google.com/grounding-api-redirect/AUZIYQHtVHDMP1RpuRIj9LmLBi0y95EeB5ht6uF4-RuuLLYURThM16F2crbBxsfk0HpMUdOiLcXKjqMXwkooJ9RZ4IrOtkqh75gceg86dwmzsXQ4DYr1bkNs | https://vertexaisearch.cloud.google.com/grounding-api-redirect/AUZIYQHSrtWMIBL6lJGwgl3aHtTp0MotSlaRguHK8W_9zhoj1Vkk-K23_WlJboFrsFTsq8ytEA-Ku7MECt3rceZW1gEeULm6EldqkAYCXzQXBwdig-zJv1tKaAl6Ce7slA3Dig==,Could not confirm any business named Coastal Boat Storage operating in the 30A / South Walton area.,
Emerald Coast Boat Storage |  |  | false | true,Emerald Coast Boat Storage,,false,true,false,,,,,,,,,,,,,,,cannot_confirm,low,https://vertexaisearch.cloud.google.com/grounding-api-redirect/AUZIYQGfdQCQ5RHtBfQmYv8wL92HLvDeptZ4_Vv_1cCWUgJZ_heS9VyMnv66Mzls1ECGM97F-HHiDt5b4beO1iDZAvkIT-ndeeWP7eU9xVhK1VXR6bqsonsrnSfrQiJLfMPp6fgOUyUQ84rdlwFZrXH7XYNEYR4E86Ns | https://vertexaisearch.cloud.google.com/grounding-api-redirect/AUZIYQFZQO25BZ_2hIQ0aLco41C46e2KGHLAfL0839TElrhIcqp8s-X5u2mmH-8leRhki1Bqclfpp9vfkBhLEKMGrS-Lss3jE4k8NUzzfLoOS9y3_QhDfsMj_3vkIIhAFoIg77xb_TKulu0qgC5lDOr_2bU-ulQ-Z04-iHG6vemb | https://vertexaisearch.cloud.google.com/grounding-api-redirect/AUZIYQGCtQRz_bNYcJJknV9Ty3j_spKoyeNpI8QPKkC5XUVTg72ghwpRJVG09aivUnqI4VQJwACejqmUNOH-k-g3IbZNYG548VDGSqWs1HMA-PpO6L0E-k8vyGXz670sAbg7EclvfxnD8KegWvHENx2JKrkbF8-UAEdkV7AfesXI9LUEnPR6ZS6yNQ==,Unable to verify the existence of a business by this name in the 30A / South Walton area.,
The Design Shop | Seaside |  | true | false,The Design Shop,,true,false,false,Seaside,,,,,,,,,,,,,,cannot_confirm,high,https://vertexaisearch.cloud.google.com/grounding-api-redirect/AUZIYQEu0potKolrjBrnxe88NDkMfOMsUCyMi0UvFUkHkE-8Fub90zQKt-KzTf2NePUcntlv_BRMoBmbNeggPw_2UM5mva_D-xf5j43QB30RNP3jiFMpXe0ihbWXFzK2LHY9yi63Zh_-SDqOTXZkHgEMoh2yUcWH7kogtUjQ1EsFAzO-7z2Pb_EbpnWEGNP0E1_SYbJOAMk4KKJGJPyxGMnnG7AwozwxWnNgQ3IZVoAHkIuJEVD1vhbVWH0Mi-6EvXJzXe6_LebQ1HMYrUDEIUKrFFTyvZrhy1LlWmc= | https://vertexaisearch.cloud.google.com/grounding-api-redirect/AUZIYQF291wDpdUNkhdXmDdD5-7fV96NsO1ZitNmHzmWE__CcRItAzEGxplEk-CW1xXORqNVMxSD3HSItYttoKwAPiwZ6cyhrA-JBW_rX92IMflsEK4xjkKE7jE2mRB81BzfxUsM-ThAW2B_qHBXQgzA3YapANNNIkh5Lxdr2xuYe-DLrFIaEpFRMW7SZcVlf7NqkFYhODn-QhDVSgnrx_77Y6A= | https://vertexaisearch.cloud.google.com/grounding-api-redirect/AUZIYQHGAigKDeWaRZiPOXKZO6xOPgaQ5_wnCbG4C7Ty2YYBZwP_FKsCw3H1S209zgOSgUx--FNarNtEeh1HF3-XeqqqEmY1v-sifihxEw_ouie7negrsOWIGdi0KI7-ETUCMQAC3ZmKAVy2 | https://vertexaisearch.cloud.google.com/grounding-api-redirect/AUZIYQGD-dT_-argdiwkBFfLYXyPxJ3tsAB7voAYjm2tqS9v69jEy0UNvYktLYRjTFxaAQElXVVQ_wfXK1BwiXSyf1jQiU6_lJSM1wMkEq6Fj0z9dpD-GuVWQv8GmVus_wp_Vh5BYusrfW764x8A,"No matching commercial business or corporate entity under the name 'The Design Shop' could be verified in Seaside, Florida or Walton County.",
30A Creative |  |  | false | true,30A Creative,,false,true,false,,,,,,,,,,,,,,,cannot_confirm,low,https://search.sunbiz.org | https://vertexaisearch.cloud.google.com/grounding-api-redirect/AUZIYQH6j9hS5XgI_ewyLjSZ4wVYV0FJx-lesuSWBhHcYukj-46YrnwbpHG6Oz-THQMl9U1ILzCYEozNz9KS1FJPG4JT-6LcweKp947fsUrfkrNvpZwcd-GX73WTko4HmndGo6aceilt990TH81Ve7T7Qdc1qLqKO2wXzPwBw53p5r4eLO9xwxX96t0pslYtJnKW1ZnP2yPEiDK7apLZViFgMxolK_XmwqANwLMX9yTq7ltL59M= | https://vertexaisearch.cloud.google.com/grounding-api-redirect/AUZIYQGwkqtRSAt22AEvtC2SHIFirnjpc1FthkK4QdAMU8z2PdOE2mGVEEVXgBry_-NG001Cltc7Nefd_hGYJIJJvoSO6zLo_BlZqh9614lYzKXzWX_WeREccxZh6imtVHYKpkvVSgjpl3wP0eWkVDYbdh-Uxtum_3_KyA== | https://vertexaisearch.cloud.google.com/grounding-api-redirect/AUZIYQHGUFvYiPnW6n0E0HGZy8bWNBuBj4d-uh2Hwuh3-xIWE1oHjHdeiQ6P2k7T6dirSS44q5u2u1yCIQwQKLCPGQpj0Hk-YN2NblOtIfIndm17ueuvyYi5zr2tFvIDhCEvZW2doztpa1IW4h6Yjq2J91UzMGVWAdAgN_ffXOkUQYf0WmD9dYk9WeADkEOofcuqXPXwnWXRHj7otEapHSTe4t9lI9ZnmHbLOk5Wiz8=,"Florida corporate records indicate that 30A CREATIVE, LLC (Doc #L20000331676) is inactive. No active website, phone, or verified commercial operation was found.",
Saltwater Branding |  |  | false | true,Saltwater Branding,,false,true,false,,,,,,,,,,,,,,,cannot_confirm,low,https://vertexaisearch.cloud.google.com/grounding-api-redirect/AUZIYQGMBBeG-OjJod7UvRishk6UbmsbLVg_QCIkkg1VifBkfZqz6zH6dVvGGEFRtb-mif-8M3m2alN1VtaAdnrLtAP00y81BaIrjkGk254ngsyiEj9-BFyZvY16JYsJq5j3My9Yx7GJaOdC1LgcS2CMZJBTJFAf3gunEYrULOVX3cr154HefCQ8joNKCcjBZ3ODcGipd79enLLyjcsruZcPoGolV2CwKuY=,No record of a business named Saltwater Branding operating in the 30A or South Walton area.,
Coastal Creative Agency |  |  | false | true,Coastal Creative Agency,,false,true,false,,,,,,,,,,,,,,,cannot_confirm,low,https://vertexaisearch.cloud.google.com/grounding-api-redirect/AUZIYQFIivbH6N5U8ydWr66FztYLOUZqtiENxiT8_tUrwVer3MSOAxAlULD4CyWRIQw31DscG1Ah7zUBca4aD4jUK01-WYcrrsLxbnyD5WoSWqmZmnznCjS0NQ4bbSSLQPVUlQwrswnJmP1Ei6GG4Q-T_j8gh4qhuhg0mE3-Ay5z_QE3PiPo8NBA_cpcm9sP58t9IrVZM7Es6ZQAP3E-180rZ4hYfgCotT_ZBmUbas2HXxtdqSXre9A50LPTkb7sUw3WUPQXKtO40Nut9O73_8fB0eTPYVZQCBp0n9tZGl8v1ENUP5v6_2Kp7VcjS65YJLEWBY7710MbECyNWxsJ21PTdG8gZsa_wVbDaJP0Cj-x3Z8a5bUKH2IwXYGPat68PLdGeQum0EX6f1llkJp7R7nC1xe9g2Ldq-r-PIOkF4Z1rcI= | https://vertexaisearch.cloud.google.com/grounding-api-redirect/AUZIYQFel83eQwJCrvNhr6bYkJ1wP7xqBAXt0Uz2lBSMicNs3Is61te_lftLBK_wHa9JKN_JLgGIBdgeOCIaw23fv0dUrbubRTNGoGM3isThLDalIUjUPabQROwS | https://vertexaisearch.cloud.google.com/grounding-api-redirect/AUZIYQG3eHX-AKabQ044WPmlHzmMU8daNlrlbP0vISzTw5TPM55GXBtH1mYQ6UdrKbMYr7zUufOXaj455xP8MaPjNXrPn1IkQYQqeL3mIvRSnkuRsHHi5uhm8Wl1MCDukEd1nQ6_4aY=,Unable to verify an active business under the name 'Coastal Creative Agency' located in the South Walton or 30A corridor.,
Blue Sky Branding |  |  | false | true,Blue Sky Branding,,false,true,false,,,,,,,,,,,,,,,cannot_confirm,low,https://vertexaisearch.cloud.google.com/grounding-api-redirect/AUZIYQHRv8DLER3zvmqx4JxWbjzVmJatA9pnB4Mc9FcvDLcJG4uhzuH-X38xFg8s-EneFeAvyX9OY_PsgRCnA-_PZlUKr553mibLH0FdAect2oZUsALAKnHihj6RKWuo5kW8KVgO2akQ5iBDUmDcFJuf29YGXLeCKmpp_mbu2q04123lobp6NQ== | https://vertexaisearch.cloud.google.com/grounding-api-redirect/AUZIYQFi3CxSMMZkbyL4XAnhxYStxArntfgx-UlJ2z8rMhjMUtKkr6ttrFJlsquCnq4-O2TtKYpMt_hIgv4P3wT3isTcxYR8rXjbze26T563pH97aZ3GEpm5OpADt21vwjNSbJDaOtknVSiwK82WjUMD9yigbxTv-a_jIFdGrvhWT5ZWwJfBn8-xzLSWbF5uLh1JRE7nqAwPX33B2ezbHU8Ahnwd1m107d-8z8RdtovWwGQ-9KNttR2dCJ61XyJb15NBV-SweeiJtCJubGy83Pz6CZ1y8LzGF-PjbOV_EOqouMx_nj9JJH2Rgsa8Y5zsrFXvwggNXGRQc7fwlbeDq83zTGKD-w9_kYLs8fTYBbMoLTHqlCxJ3v8tNuuVffQMXqfhL6Y6sC_r4NLvJiihRkvYu02Cys5SukKY6YHFEleg6go1_U7TWNpZ8UqQj6NLjYgaX0LJwssM | https://vertexaisearch.cloud.google.com/grounding-api-redirect/AUZIYQFjwyD84ftlf_WtETY0pkgh1kiQqfEvmv2uBKmkwcAn37UYsoHSLDJR3wooRJ_ye_LaegyHLF-LxjlGedb61d-L5S5fTei_mT_e7dETgAika5fWrts2AGlgz3Q8_i227F4IZeHUcioaf8ODqJn1PbXU9SVFkGA9116dwDCyJ29of1RSTyeZUOYfVAf3KSU6Dgc0ab5QadlyH2Qv6hgNNomIs1uTp70rkfR-8l7grIih9rD3Zf44soXr2encDIokMf68j8TS620FwMFNdhjZ4H067Ip5vqedRVcPIqaGNX84UO8hZW53jaef0YqZ988AMz6PWU3GSyr59v05YeXlPHdu1t9MbGX8qehI8__K76ye2Hk1vJfQMXR4phWmYzDqClovDCnwvj7Ws_5j_MOJTE527Cg9wDZ4avRlsCBJOeZaIqPVqPbc4NsoxA==,Could not confirm a matching active business under the name Blue Sky Branding in the 30A / South Walton / Walton County area.,
Seacrest Studio | Seacrest Beach |  | true | false,Seacrest Studio,,true,false,false,Seacrest Beach,,,,,,,,,,,,,,cannot_confirm,low,https://vertexaisearch.cloud.google.com/grounding-api-redirect/AUZIYQEqDQc4d7-QeVjGuUYOLWPg7-CPQKoFVlE54BxopkFMw1lrxHQwaAc6_tEeN1wpNLuWwHlwZi7ahAI43bNflnr2pfdFrdx_Lc_kUMxH4Ljrm1bVcpBj8sXjFArB | https://vertexaisearch.cloud.google.com/grounding-api-redirect/AUZIYQHSWaizByf8sUOijtwoJJq99-gCxgnuaxLcSE0LTL8IruHOtqti7CkcFaIttL502WHZ4SFaZtTdm5J08aLDtAdCDtBkB-VbMIOXbE8puA-LiDYFOnUEfyGhz7Q0Ka6GiI8947fdwk7bBRmIqMo-i_Vc7lGKCaj4-0K_qRxd9Yw-oO8Bcckkv-E= | https://vertexaisearch.cloud.google.com/grounding-api-redirect/AUZIYQE3T7jnY1eidkn0gCeHeoEdvkWw783mLhR1B2QxnbtlqRK4uGYU5q-tQ29_JjNTfJFG9m1aOQIGxq1MvPntpP-PozgOi6-aQ8mVMPSXxJZjcC-uUY2wxA2-cWcE21aFCIKeyXfCO0AXnffatoIuUMc1yEpKsRuxG6m5cICjhkajObzwA2f4INmPvHjilNWQ_3M= | https://vertexaisearch.cloud.google.com/grounding-api-redirect/AUZIYQEldjpLN67VVlqfzwln98zhaXmXuP4aJKBxfjqsr1wU678c-hSXaZptnMEhqkq5bB3Z-ic9z6NxNA76dExJ9uOBPoDuuKPonncpK8BZLD80U-milzek9HFucNO4NMC3OPyQtQVDdnN08gGeDPUYgw==,Unable to confirm any commercial entity or verified business named Seacrest Studio in Seacrest Beach or South Walton. Search results only reflect generic descriptions for individual studio condo vacation rentals.,
Alys Beach Branding | Alys Beach |  | true | false,Alys Beach Branding,,true,false,false,Alys Beach,,,,,,,,,,,,,,cannot_confirm,low,https://vertexaisearch.cloud.google.com/grounding-api-redirect/AUZIYQFS2tMES6SvduvtJ7Y8AbxY95MOMpebe81dDLbMtXKkLlLwSTgMSzuu9_TLtW0l9euZYPUKS3wPtfKF7zmSvL-9DEpMPHYED4vl7HL58Pr13hWZtQnCm3I2q_zkBTiOqNc08XKBy7tglcxEtiQT1VmC_pf1Dd5I | https://vertexaisearch.cloud.google.com/grounding-api-redirect/AUZIYQGRXpvLdPMxnAjaro6z4T6dK04CONXMLr7RDsYB-Ywd2z7VAMc6ZEYkTY1XOIKxmu0lHa1HJaTvGbjDsk06iPrccIa5DyCYhEKboq4EQk1rMOm7BLy7 | https://vertexaisearch.cloud.google.com/grounding-api-redirect/AUZIYQHBo04_pFnNsz0qCq5bZ0Sf-GkBoUasUkeQwoktWQMDyzMMoJFFxPHAAWqoERScvBPAMEo2LFs4cCH9eCJJzgfWb3J4pdc1EmVBPeRVN9JCCdPoYEw8jHJI,Unable to confirm any standalone commercial business or agency operating under the name Alys Beach Branding in the South Walton area.,
Grayton Design Co. | Grayton Beach |  | true | false,Grayton Design Co.,,true,false,false,Grayton Beach,,,,,,,,,,,,,,cannot_confirm,low,https://vertexaisearch.cloud.google.com/grounding-api-redirect/AUZIYQEKp9DX2mFl3VWrVbtpWhsaD8QGxfEN_y6blu-lImOAm1i9imhgOAip-TQS9HG175IoB3gnCCiGbVLTPZEbswUnkbaExo7yWEIACgHDNR8tvkROVZ5Jzrpq4JfF5HnmLjGdVAspuKYNOZHABXXHSXfustnXczPebRFyQrySylFP_ngKOWOeRUniVdd3oq6laF3OMi4wGGaEnR_0K9Gtt6vtcgwof8oe5L18EAQF6pXgSGOED5FPrbaGW3L_b5mCqFzKvFD2HEuWJri293x6uDgdXoA-1In1Dom9fRnue1fPAzLswjQRgYhKHo-Ccp_Se0JYcNzbQdAkSaVAXe-rEPmFwEfYTUNuAbCgS5u91CLJnIct5b0-CpqhoDX1_RRifHiytReGOYMOCnlr4vJ2rAB4TQjquAWSLpIgAllLU2AS_-4HiGk-EpZIsmenGIhZNA== | https://vertexaisearch.cloud.google.com/grounding-api-redirect/AUZIYQH3dHMkfT06Vv_EpRr6FGG3ydi9Z7cKtQM_L99zX-LkShHUXmfO_9cGl7ZsmydgU7pMYjiR_9NOd5BnaIPFU5NXfXu8_fmbhYqE97ux-5iJZ2zDO5LTR2u_vdg=,Could not confirm a matching active business or storefront operating under Grayton Design Co. in Grayton Beach or the South Walton / 30A area.,
Watercolor Creative | Watercolor |  | true | false,Watercolor Creative,,true,false,false,Watercolor,,,,,,,,,,,,,,cannot_confirm,low,https://vertexaisearch.cloud.google.com/grounding-api-redirect/AUZIYQHcQW9v-JghmO6hhjWpCbYisQTQwYNwaVG9zyro8R5RShLMp3FgUESb9SfU4WtBYj31Bc9htbRytVNEOQaZVZwrzQJcqTrwUFIvqf2gKN9eewmVwUeeS_JOg8NkOZnEoM3WnZPZ946KFANMqUsxZa6Vbf7x_PbyvAFsuj6Ms5LMYYiB4FN2 | https://vertexaisearch.cloud.google.com/grounding-api-redirect/AUZIYQFXgC7zoewO12rly5nlzq0-b6fiTr32U7c-TIlgVkA8FM_MUspX4KLU4ryuOVzIKbGK6fW01sN1ZKcN5laZY0-tGGnNlZVfbvt-_kQuFwWV2ULlGDKydSqKXMp9xe8hLDdHJVSEM28fJ3bGzmxWnxxFLyLZzezRGy4HOTi98I2FUU3ZmfLF8QYx-GIz1cVEziHdKeYUQTfnI6q__yOUdCw386tYETEuH0YB27mF7pYlLisYAknnU1ntyaR3gtub7NZjtnX9l5UdqMpp9P4ppsUEiQ3-bP8nT0-awA7YYR5FBsabDkLJdaNh4SXqsn84rn7LLCVffzqs8-AHPWFbKY66TIEwlNmmDGXTlUPB6BoJx6Gqj8BOi3RcfMJlJ9FsUGOQha2NpEEb8-kjZul5PIy8z9LA3m3WGmmuX1hYBRUJO5xOUtNN,No matching active business found in Watercolor or the South Walton/30A area.,
Rosemary Beach Branding | Rosemary Beach |  | true | false,Rosemary Beach Branding,,true,false,false,Rosemary Beach,,,,,,,,,,,,,,cannot_confirm,low,https://vertexaisearch.cloud.google.com/grounding-api-redirect/AUZIYQGG8Q-rlmtsOEwYCInkMLszgU1-eBLsuc-vn-c16Jq9Y8MQpMnG9HxDYVWkA6rItP5SVjKKJPa7B2toK16zM2s4isUPeMbkFIeeFaXKZuchfHiJsGat9nOCjdls0ztFNhUeMgzcRC9mSsCePd--WMeASaj36pogcy_LpMHWzvU= | https://vertexaisearch.cloud.google.com/grounding-api-redirect/AUZIYQHyKG-TrqDuitftu02URJImkXGR_k2twul2jQTJlklHrBytOXAvPy5HjDqiYXAImrh4uTtQKzaORAyeE7XASztdZPq-Oar95rdgFKgX2Vicv5aYc9NHiN93xaehO1Vpd_CgX3d2PLwaTBVljl3doovuX1cEnELGruZKdgiZCpmtuv_8GJc1wHriJxpv7k4jN4L8lrRN5QJ_aYDimTzw3rc6PSxvRpV_WneC8f1KLvNld9CnW-HQddWT91qryaq-kKJkObO94K0IJjCZhcNq4r9OqWGjfESNHIXsk-zSQ-IvZNL7y0ZFj-K4K2g7iUxTx3I1y9Dk | https://vertexaisearch.cloud.google.com/grounding-api-redirect/AUZIYQHZPNmjysnuTwTDZJzIvS6xj40OqfNNfse-keni0Jh7UIXngqsyf_MyP-BH8cg1Rzuj6aLCusiJBHhCvEMXfX4WSF-hgZsgQJXB6tWnnhZG,"No matching commercial establishment, agency, or registered entity named Rosemary Beach Branding could be verified in Rosemary Beach or the greater South Walton / 30A area.",
South Walton Marketing Group |  |  | false | true,South Walton Marketing Group,,false,true,false,,,,,,,,,,,,,,,error,,,Gemini did not run Google Search,
Dune Allen Design | Dune Allen Beach |  | true | false,Dune Allen Design,,true,false,false,Dune Allen Beach,,,,,,,,,,,,,,error,,,Gemini did not run Google Search,
Gulf Place Graphics | Gulf Place |  | true | false,Gulf Place Graphics,,true,false,false,Gulf Place,,,,,,,,,,,,,,cannot_confirm,low,https://vertexaisearch.cloud.google.com/grounding-api-redirect/AUZIYQEhO87POndI4iF0sIF_WDeMxZd5W3nhv8ryoQyHdCbekFnpo4HE42a8onXM5vKYFGKNc2UzCUltndmnPMK-Bntx8Upusm3K6KyljlOgtLXAIwTKsdYHxGqJ5-t_pGu5quIZa5qwVQ4twYX1 | https://vertexaisearch.cloud.google.com/grounding-api-redirect/AUZIYQGhK4SIFUUSUbYT3-GeDyOH7QD_Vq_CZUgnJVyhM-rL6yCrg80dpN8od2Z9qTPLqwctJOaNan7Fz6y1PqMvuL8kq-ajTtBOj4t3lnUImevtrnuJDGBWHIW11X5q1arkdsGUq9Uv5g6qxP3RcP1F0fv0wgzd7PJiob3hiq1ELvhJj5gRobxuWXAqycUxSjgl8UC_9So43qZx0tFMBkw=,"No current or historical business registration, directory listing, or digital footprint exists for Gulf Place Graphics in South Walton / 30A.",
Miramar Beach Media |  |  | false | true,Miramar Beach Media,,false,true,false,,,,,,,,,,,,,,,cannot_confirm,low,https://vertexaisearch.cloud.google.com/grounding-api-redirect/AUZIYQHg48KaP_tmqkCiM61bemwQ7hysI6RUeDJxUpjdMjLOi_66wCUaWhlsFK2VMwzi2GyUwIngiyBSSpnFdZQkRMMWScuB6X7_kJZ5iH_UDnyRA3xa_Jcx-vJV9SBKCeS4uJLGqboXjSH- | https://vertexaisearch.cloud.google.com/grounding-api-redirect/AUZIYQG1Qto3K1uDdLNLZRGJLxkkt7euiA-jDxYV7FXUYa2fvhNbatUN8edqCQ7eo6Y26yAjPVTaTKMaDg2LpBHuEvHQGOlMstRz4euSR6fvYbS-uaglpRDU9h_HhxybYtN9lkpYYbZ9bJS45kzg4vMnlXdHmqo= | https://vertexaisearch.cloud.google.com/grounding-api-redirect/AUZIYQHJvl6xMYXf7SXPP-Kj-CzAYz5zcGW9XaE02r3zqC66MM_A6ODLy1EkF7vJz2oiHqdlf-czR1NCzJny_fodmIeWB7FqH5kJ2e15kveBh9y-lehp3qr1YZxxIN3IL4Ol8rEa11GGs-6C | https://vertexaisearch.cloud.google.com/grounding-api-redirect/AUZIYQHjLuoI6vbY_YQON2LRNrsTrRGMiz2Vd60Q0C3d9T4vXHvopS9hRjSNQADQ4RkD0x1cm8MIHgB1Q2_IC3ZahTJH-Hgrzu1R83-UXLulrjePnuiZlCLgwB4IkzxXZ_fHBuYhdqkrfL4r1_x0yp0=,"No matching commercial business, corporate filing, or active online presence found under Miramar Beach Media in the South Walton or 30A area.",
Sandestin Branding | Sandestin |  | true | false,Sandestin Branding,,true,false,false,Sandestin,,,,,,,,,,,,,,cannot_confirm,high,https://vertexaisearch.cloud.google.com/grounding-api-redirect/AUZIYQHykl00EmtyZbJXnAp6CVlfA54HEvnYhDSw4pXHwuAzhDGKPj8duoxwom4xTyGP8exZOu7a0CtxSopfrwXS-tiK3KybeSXUJtM1ucznh_ZuXbmP5z2-NRHFx-ixm27RYuhA-mCAhecqVURlQqLDiEViXk2xJM1o8agat9vITIMpvl0V0PG7 | https://vertexaisearch.cloud.google.com/grounding-api-redirect/AUZIYQFAt683IxVVfWfbdlASuQBnkWxldWdg1sIXGsiRGrCW-AmEaBlG61FbVDTLG-PY4MMLiJy_ftRutOYK-mAxPlNnl4dE3uThDzGP6ggTvsPGNDaM | https://vertexaisearch.cloud.google.com/grounding-api-redirect/AUZIYQFj6tyoKQjCkgxwj5ZV8XowOUopTLqpH17qjeim1ORqqoc1fBYfHj1Ov1XvB_iYxs1U2RmnEOhNM8GmYYYP2RQzAMv1va86nqI3yswY-JMwB9sIlrN_rwpcNeWHnMP7BSvnMHbhkVWFBX1gaCT7DodG-AdNK3fz1EGfPVOeh8qUV76JXWCYycHw2RVTQls1E--kcISIIbwxjnR8b_bKBKqCVIQGoCs=,No matching business or agency named 'Sandestin Branding' exists in Sandestin or the surrounding South Walton area. The listing appears to be an AI-generated entry derived from descriptive text.,
Grayton Beer Company | Santa Rosa Beach |  | true | false,Grayton Beer Company,,true,false,false,Santa Rosa Beach,Santa Rosa Beach / Greater 30A,Breweries & Wine,beer | dog_friendly | family_friendly | wine | pet_accessories,"Grayton Beer Company is a South Walton craft brewery in Santa Rosa Beach, crafting popular Gulf Coast brews, classic seasonal beers, and specialty releases.","Grayton Beer Company is a production brewery and taproom located in Santa Rosa Beach, Florida. Established in 2011, the brewery crafts iconic Gulf Coast brews such as the 30A Beach Blonde Ale alongside rotating seasonal and barrel-aged styles. The spacious open-air taproom features draft pours, bar games, and private event space welcoming locals and visitors alike.",Grayton Beer Company | Brewery in Santa Rosa Beach,"Visit Grayton Beer Company in Santa Rosa Beach, FL for locally crafted Gulf Coast beers, brewery tours, and a spacious taproom on Serenoa Road.","Grayton Beer Company, Santa Rosa Beach brewery, 30A beer, craft beer, 30A Beach Blonde, South Walton taproom","217 Serenoa Rd, Santa Rosa Beach, FL 32459",(850) 231-4786,https://graytonbeer.com/,,,exists,high,https://graytonbeer.com/ | https://www.visitsouthwalton.com/directory/grayton-beer-taproom/ | https://www.brewbound.com/breweries/grayton-beer-company | https://vertexaisearch.cloud.google.com/grounding-api-redirect/AUZIYQGLIsCajdEq1ur7wOMv1CzjJKZrDsBwkh5n1hVm6BIomNibYyceWi-8Q9n_lJ_Kn6En3y97F-xULSChA77jb-I9Nja8ckVXkOpNFvIo2MfdxgdVyZc= | https://vertexaisearch.cloud.google.com/grounding-api-redirect/AUZIYQHYQ5XgyJ63TjsIpVEbQyQpte4-R4OIfZ50g-xHpug_TaUNViqo4T3fJUTKr5s20fmjx38EE-10TgtU5W1lLjaTi7Tfp0BmVIV39z8xu3jWI9budr6Dc38orsogwrZk1Xum0B9N3bpWX1yq0YxEiCFSvM4= | https://vertexaisearch.cloud.google.com/grounding-api-redirect/AUZIYQE4jkU6bK_whOdyD2LVznYa8h-5jjkODSfTaAmHRcGQetJlmv4FmDvpBD8Qz6Tw15WK51GeeTCIKAsnfHq_h_sOnU1i1w933DJ8QjgOqXaDilHF_t6Br01hsvHfJtrbMZ6omrrXxdUt,,craft beer | taproom | brewery | tours | local beer | dog friendly | family friendly | events venue
Idyll Hounds Brewing Company |  |  | false | true,Idyll Hounds Brewing Company,,false,true,false,Santa Rosa Beach,Santa Rosa Beach / Greater 30A,Breweries & Wine,dog_friendly | wings | wine | beer | jewelry | pet_accessories | banking,"Local craft brewery in Santa Rosa Beach pouring flavor-forward beers, IPAs, and lagers alongside casual taproom bites.","Idyll Hounds Brewing Company is a local craft brewery and taproom located off Highway 98 in Santa Rosa Beach. Founded with a flavor-first mindset, the brewery produces a wide range of coastal-inspired craft beers, from hoppy IPAs and crisp pilsners to fruited sours and seasonal releases. Visitors can enjoy pints, tasting flights, growler fills, and casual taproom snacks in an approachable, dog-friendly atmosphere.",Idyll Hounds Brewing Company | Santa Rosa Beach Craft Brewer,"Visit Idyll Hounds Brewing Company in Santa Rosa Beach for handcrafted 30A beers, tasting flights, brewery tours, and taproom snacks.","Idyll Hounds Brewing Company, Santa Rosa Beach brewery, 30A craft beer, South Walton taproom, beer flights 30A","845 Serenoa Rd, Santa Rosa Beach, FL 32459",(850) 231-1138,https://www.idyllhoundsbrewingcompany.com/,,,exists,high,https://www.idyllhoundsbrewingcompany.com/ | https://www.visitsouthwalton.com/directory/idyll-hounds-brewing-company/ | https://30a.com/idyll-hounds-brewery/ | https://vertexaisearch.cloud.google.com/grounding-api-redirect/AUZIYQF7anmzFMawV5vNUovVjP1xkn8rzq-XRqxtubztJupEDVoGkIsrzrukrEIkaw-fMfmA9N_Ch0hI8Ib9ZkgFnBZY4pAI6b4XmSbdm2e1ZigAvrwzJjiUE7k3m5_3UYtthOw_4r-oP4UCCLElb50mYoPsf98xuWytI9ZRwilc | https://vertexaisearch.cloud.google.com/grounding-api-redirect/AUZIYQE1c9wUE9OMgbD_rVkmg-noBvvDVqOg3mArS5dLf-FsNm8YjK7fLGWyST5Qq3bf41GK7wGUPQYFQnDV7EweoMF4B7tGCc0sfRsCQyKRcjiDRiR1E2168ZBZwogHEyNz744PQibMjw==,,craft brewery | taproom | beer flights | dog friendly | IPAs | local beer | tours | snacks
Eastern Shore Brewing |  |  | false | true,Eastern Shore Brewing,,false,true,false,,,,,,,,,,,,,,,cannot_confirm,high,https://easternshorebrewing.com/ | https://www.visitmaryland.org/listing/attraction/eastern-shore-brewing | https://vertexaisearch.cloud.google.com/grounding-api-redirect/AUZIYQHXh7tagYCVddSov7W8pqEZdtulKnrlAFfpSgQL6LsIMVOfTESa287frUATrW11LFHAliweD2Q8hrgg5ytt0cM1GNiWpAmtwD2ByY8j4_p8yut2mnhHsW-v1xUuqpEhPurSyYu0TycFmRVRmjcf_S6KCIFXolo= | https://vertexaisearch.cloud.google.com/grounding-api-redirect/AUZIYQH68fK1jiytYehjXDE9qsBAeoF_6dKViNtXUx7-0WAemf-h6x7fbr2WSo9kI7PDz-wSZKAH3Kd11IhXNolkOJpanZx0JTY9gKgrJjGUsuKrrWE9aBwO | https://vertexaisearch.cloud.google.com/grounding-api-redirect/AUZIYQHbXviyC9kFU44ZH_9l352M9J3rmsvziS6kzXYHTUVC7IRInKvwH-KjEdplj9dKZb4JppoPIElRD5U-ljRt0ppiHA0yRrMfnbQYMQ3lBA9E7RVBwHrhlEUK2uVHfsZxgPRAQ3tlIJnLA94SzEn5g51p48G7DLJB0hgefJA=,"No matching business found in Walton County or along the 30A corridor in Florida. Eastern Shore Brewing is a craft brewery located in Saint Michaels, Maryland.",
Grayton Beer Company Taproom | Santa Rosa Beach |  | true | false,Grayton Beer Company Taproom,,true,false,false,Santa Rosa Beach,,,,,,,,,,,,,,closed,high,https://www.graytonbeer.com/ | https://www.graytonbeer.com/contact | https://30a.com/business-directory/grayton-beer-company/ | https://vertexaisearch.cloud.google.com/grounding-api-redirect/AUZIYQGhOC3Aefd678NPw7EryaWs9JimMse6wyEffquhX1NBBWNhxhav7ypKcbRbTKnBD3-23vNzQCJ3JFVa5xjF4BciDtsXbv2ng0mpkEJ8XM8J2pM3wwvxzD4Wwg== | https://vertexaisearch.cloud.google.com/grounding-api-redirect/AUZIYQF1OHvmzvYwbXTq6MSARz1BvG6ZXBn-HS4AfApuItu8cyNCAlZoaJABngPGgM9aD2S1NNL96Q0WDZji24iqDHlBtWP5abT3C7ozkuzFem3Vo6ld | https://vertexaisearch.cloud.google.com/grounding-api-redirect/AUZIYQEEZ4zqTZBuNPEfTNzgBhnclBQZr43dwhrBNYd-S0XSgPFrLb6RddjO0bEgM5D4RSxS1Sy646H1ZLoH3dTSe76O5DxiwD0uzwXtoIneP9xuiOnVq3x2sA== | https://vertexaisearch.cloud.google.com/grounding-api-redirect/AUZIYQEiMYxCvycuigozsAAC9PjfdWyxAX2nppIfBi3pU9IlrAjExeHc2Zmu5ZgR10xvLrFUuboQwX0Dhyf-kkdSvDz0lxT5cQofKcs84thCtD92N6TqmYYwZlW7PsfAZUMIfd0nlU72gpKUJE_zVa2veURQMlYIeQ== | https://vertexaisearch.cloud.google.com/grounding-api-redirect/AUZIYQGgafQWXfihjg7S5Wy2Dlq16ZVlbudAArwPd15rgOcl-KSN10-4QkiSgZziZXORPReX8vyd_WxUEbtx1miN6lZlXxdomwRJjMiewumWx2VgJ4n2nIfUfsQE5cVMXalB37ub0iB3iQ==,"The Santa Rosa Beach taproom location on Serenoa Road has closed; the company announced a move to Freeport, FL.",
The Wine Bar at Seacrest Beach | Seacrest Beach |  | true | false,The Wine Bar at Seacrest Beach,,true,false,false,Seacrest Beach,,,,,,,,,,,,,,cannot_confirm,high,https://thewinebarfl.com | https://www.visitsouthwalton.com | https://vertexaisearch.cloud.google.com/grounding-api-redirect/AUZIYQFGaR_gL_d9Ra9-DjFJWrDHFHsm3mXl0iVqsPtdK9YIcaTg1oGF3O9c8LhyBs549CDifToyzVnlBWbS27y5IZkFXCBsIFJ_GQXbpouSrYeAJ2Tcq6iBoiBA--GrZKHWj1CYUYXzfuVhuFUiTKp6PSSvVrEtAVDoxSseSisLfvPPv9I0Fg== | https://vertexaisearch.cloud.google.com/grounding-api-redirect/AUZIYQEtf8xfu7f6p8Vsa-K14UX9m_VGN-n4150XPHE15XG-KAg5lliB0qzZKl9iTVR-SM-xHo55LzrRCXldLX7aNPwUEJSYyuFz4GX96DZEHdXp-WAk_J1Xz_VqQpl48jAYc6b6 | https://vertexaisearch.cloud.google.com/grounding-api-redirect/AUZIYQEFdzomgxNUW0v_TZ5AbmJsv-PjSae78IPq1UWZjqMcGKtdia5xMYETWyb_Am6pGuvBR9adOe7lfFV4PjGYcdv5KqiAFIyNciBjyizY2St7gYqK | https://vertexaisearch.cloud.google.com/grounding-api-redirect/AUZIYQH1xEZqNhmspW2SVamLZDaTcRfBNYIo-wB1yZAWGcALUwodTO96INLjj7pBshEPEAoBDfYkoIVn23Q3UEwzJPV8gHF-QPIojJn45AUTo16f0YfvonEPLeSym1xcVFUmgv8u-zYjLw1oyg== | https://vertexaisearch.cloud.google.com/grounding-api-redirect/AUZIYQEaKggdEGLyJRceT_QdQ9iDv9rxRh7ucx5hG2cMo_62tJk3Na4maGY0t5cW0dW03sNUu9SDMBqHRJ42NWtXvVDcBUH-P6VVzCVkNcq5f6_RtOn4jd2Gyo4idTMpwbLCWHY= | https://vertexaisearch.cloud.google.com/grounding-api-redirect/AUZIYQEd11Cd9vEmmgNWsjn8tXB9swEDOlAyYA-VvB99vdk6Cil_xQPD37OH6vkOO6cQfoV_ltljUqUG1BFIgzoUOleL06ZFeF5ki8tpSsywRFd43T7bxfNSx3C1o9YMBhqihMpvkxYxJKwS2gEMaFIyhX3pgTgLFpT3,Unable to confirm a location for The Wine Bar in Seacrest Beach. The 30A location of The Wine Bar is situated in WaterColor Town Center (Santa Rosa Beach).,
The Wine Shop of South Walton |  |  | false | true,The Wine Shop of South Walton,,false,true,false,,,,,,,,,,,,,,,cannot_confirm,low,https://vertexaisearch.cloud.google.com/grounding-api-redirect/AUZIYQFqB90LVxkoFIFhTJ4N1g_PHR60rNOU3XImSuRE18w4-FuVpux4QVax4StrLQEJ_1FRq1F7528Idbhhl93plh5lZQxI39C82L0Sb8lX6wagxPmVog5zLXpXhQy01Y84BSx4-jjivBqm4SGLCSh2S40gzbuRceFAqS5P-xWRjIxoL6PquibimfE= | https://vertexaisearch.cloud.google.com/grounding-api-redirect/AUZIYQE9VWh4rrJruzJtF339lPimSYVs6bMfl-uJXao18Qvdj19h2yYBwiM786TyE4Kz8glChGFBkAt95yfra4EWwTIH8ME11X80Vm4-w1WYul3qhJkNIntpxie3ekyxLQKgoWycCsXJNa_XyVSfJOicNa1AFFMCE3O7F8-SrT4= | https://vertexaisearch.cloud.google.com/grounding-api-redirect/AUZIYQGPPUSncGkCccv9_fLNgHAi8SS_ycYK5ih7haN6tYpHJClnJBZ8ffWXBZXCSxNLaJLF_YrGOZTLVBWhPHQBXr5uSRKQdi87HEFbkqlxJ9U3OUeOtqhZK3gJ22qPP9R0NPMd4IcDCmAenw9GUpai5Bgg | https://vertexaisearch.cloud.google.com/grounding-api-redirect/AUZIYQGfyR09y5uK_86sQzQ6gdzI5524YbcmFzXmvV1MPoB6wkszK-MbtTLuwvg6miI8Zi_lbEDnlILIZY-1UgOfkVrIugw2ZtZb54Iv | https://vertexaisearch.cloud.google.com/grounding-api-redirect/AUZIYQF9jOJvVb6gY_dxGJMpb41qrMYSEzPlzWjViBXh57bj0WKdN0nRe9qTWBv35-2e08V7DIDYUq9m-w1xXUcQZ66g7v-z2lMP9o3jS3T4YS-AYVue3Nq6zHpv9Vd4S519Ir0K-JCALoCTKjlLMQ1GI4oTCxVwvdm1c1LdvEFcKuL4Wf72fERtuZtHbryy0SgQp6RoUuGm | https://vertexaisearch.cloud.google.com/grounding-api-redirect/AUZIYQFprzdTJp8lr3vIkqBrwToCAR0tNpPMNg2S9HzpE7v4j2Zzfe0eJ8nbPoLnXUdDrHFnyKllKO7-175DjMZ35SjSGae3e7YxR7WT4RD4ccmnMYD1hyotIzCFqcq_eLQdR1SxosnsEFj_8hgB70pCf8O1coHPkclIV9EY7IS7i5v8k8j_y4m3_dWz1XRCrCZDsADF-fuTkJo=,"No public business records, corporate registrations, or local directory listings match 'The Wine Shop of South Walton'.",
The Red Bar Wine & Spirits | Grayton Beach |  | true | false,The Red Bar Wine & Spirits,,true,false,false,Grayton Beach,,,,,,,,,,,,,,cannot_confirm,low,https://vertexaisearch.cloud.google.com/grounding-api-redirect/AUZIYQFf6x5lgaNueWTgS1GUmsGedm4hz9PabC2w6a9zPMnSR8PQr-H2ZZL7NWh0o9TjBL6ZyK-Vfx-s0vLpaNBkN86zjY-kztaKYs7JFLsk0I9qTme2_aQ_ybVMy9vH9Amz90swD2o= | https://vertexaisearch.cloud.google.com/grounding-api-redirect/AUZIYQH8eVJaaDnvOfxSy9IdUvQlsK8mFrPUIvTBIXs_r_BOFSl6epTMSS7Rtaf_0jv32yWlfshwyfx0p_tLC2S0tE5yCwjRnXlaXM8OqK-f-axMByT45f4JhwtaX4AT | https://vertexaisearch.cloud.google.com/grounding-api-redirect/AUZIYQGjCjsRIx_R_qybto2KiHJCn7T2LfU6as5y5uCBjHxtKt31otTLsWIENRnpRVGkV8JhsCNM2-9C3tXEhu6zDIpaKgjwfjRSb4PqVamhGOf5,No record of a business named 'The Red Bar Wine & Spirits' exists in Grayton Beach or Walton County. This appears to be a hallucinated entity conflating the iconic restaurant and bar 'The Red Bar' with a package store.,
The Wine Loft |  |  | false | true,The Wine Loft,,false,true,false,,,,,,,,,,,,,,,cannot_confirm,high,https://vertexaisearch.cloud.google.com/grounding-api-redirect/AUZIYQHmE1ukKRGqqzjZR6j-bFfEIMX_ltbfKpjc5wMk15FJLA2ZFHAWYc6OHk_IEWlehW66odB5HQhLAJPoty36HiMdt6OhGukMzrGYSc3U8WyCMI1WeZyz8HBLrEzaw2s_gc7Qlircwgqi9j3w3UA__Ic4Cp5azUG-tKsqix2ATX2T9EhlVOHdZLnNJh6h | https://vertexaisearch.cloud.google.com/grounding-api-redirect/AUZIYQF_MMhgTEYhhJXhH1P8g1WL77UlAmMc59iue9M-MxFxYGclqghVByY8KCIJXola3QGbqmeLzrp8yTprfbR_albtYhGYHmyKgTSIyarqqNTcXXaL9ptQmYTYoprbLGEZuF0NJll1K2hqBdwoellmtTpV | https://vertexaisearch.cloud.google.com/grounding-api-redirect/AUZIYQEUOWnEUEMRRavWJyQq_DIOMj69lq4HvjAmgVLvg-LV6bckUuFefdrlJtCoCyZoEuhDUnqbWoqQoUlchmIqMscPI1FaRWZXfaOKy5DYIUlpetHoExBAwdEZDW8zs-OnfJwL0EutQR6e1PWgg5H34A== | https://vertexaisearch.cloud.google.com/grounding-api-redirect/AUZIYQEiLn5RgErdFL7sKkNWJ1TUZOpHt64WmLSkXIHLE8J2BUI3YU-H5C1EllXrM2z5MpTxIb8ZC4ItSWBmrpA-5Qp3S7wpp285bZeW0EhrtLmyQyssPqepXi5zivTQlokvtecIjNCDfEzozMjcDPrgmzLwoE8C3C0ylgezL3iLRg== | https://vertexaisearch.cloud.google.com/grounding-api-redirect/AUZIYQE-9g2RLduE754CfGZ39_99vogfT_y8JANxrKsg4ILWhvY5mW2CqjMWS5zCc86ROGsSftjI9ajaXed_YezZA2F1eZiXL6S0ZscAfH7W8ceq6hvhEiBurGI= | https://vertexaisearch.cloud.google.com/grounding-api-redirect/AUZIYQEtnIViznZzo8QVvaZf4_fThTDHEVJ9M1uOAL06I-C0UTSVi0Iqyjq1WKDsr4DYMy6CwpdsEfDaeenzwsFwVutLBXqKKQ39LL5_dnUfE9WLlFnvjZUTt3LU1UHurh7vlupd0CIFohgJTMahjjn1nNlqpSQaCr_782o3-YrCd2aFtmyED9YSLhRS2RPmO3vIx4DCgT5z8oqgyTPA6gpSprYhRYVubS0MMdoIT2NMn929yE9JDZLraf7UNqQs0vgkbPQdHBZdFzR6Q0nPbDW1YKxYKKi2N32MxxbuBXdk7kAfSj-VlZJYyEzn5f9gTvP_y6TOXSqplvl8pJbaYni6_ElhUsnkA1bBtrIsTgjhmpvyWzv_2EOVHPr0MMraOeRbRdqB09_b-DaWcQ==,No matching business named The Wine Loft could be verified in the 30A or South Walton area.,
South Walton Brewery |  |  | false | true,South Walton Brewery,,false,true,false,,,,,,,,,,,,,,,cannot_confirm,high,https://www.visitsouthwalton.com/stories/craft-beer-tour/ | https://vertexaisearch.cloud.google.com/grounding-api-redirect/AUZIYQEl4XDlJJmXyMMU5d6iqtdw_AGOTW_Qv-SVNde3VvfA26CuoTDJZ5A9pKLpuvPKewDehmVkVmU8bddBasXmay4y3y8SkLePyOB2KIA9OWFU0ArgzjQhG_EHvlXsbavks8uyXrhZz5vADlZkB5dDLhm6EJl4szZVx1pXvBw6aoigP1CJW6vgozLhItoAOJiz8xFzGEyeBU-ayVx0 | https://vertexaisearch.cloud.google.com/grounding-api-redirect/AUZIYQHcGCpDpsJ1s8eFBn1yPVuttGdluu__WFQTiJ6dFwQZXI1BoSxmjZr5Qu1ZOUXwYy1X2rzfuDsu9ISY0Ms7gDZT0gaSOQUIN2PBNFUAhf180yhH8oKm6uiTi6frV0V6-ebQpeQ-nQuxutE0Bw== | https://vertexaisearch.cloud.google.com/grounding-api-redirect/AUZIYQGT0prjvhm-XvutB5ZnVR-gmHwygJlPOYHPaySwB_KGkE5CnsZxYTCp416u2L457o1o4Zg7eka_rgqln97vvKUMkQwYDBqj5VM82dQY8F-ZEL89HUfThMNXTMv1_zADbwZExcD1K9t-6PiIMFmdo9LUI6Wb7ek_AQdcmlM=,No standalone business named South Walton Brewery exists. Mentions in local media are descriptive references to other regional breweries such as Idyll Hounds Brewing Company or Grayton Beer Company.,
The Wine Cellar |  |  | false | true,The Wine Cellar,,false,true,false,,,,,,,,,,,,,,,cannot_confirm,low,https://vertexaisearch.cloud.google.com/grounding-api-redirect/AUZIYQF6ouOGr91G7uIDMLr8Wo3e5cIEZ8awfqYSG4twUuUAfLEoj-XsERJKNTC9gTXmO0m5gvRsKkZhdFkSzwTKMkzXg5oUGRaZ4mIvdWoUvFK60xSWnwPBPvj_H0xsEvOD8yOKhKm28CM-b-WcEdBvQeMEEHcKLuaprZ43V5wE2zo= | https://vertexaisearch.cloud.google.com/grounding-api-redirect/AUZIYQFPnZnr2q3S51C2vlPRpZE26tVgb90JnXuskosatI6SyWwE6bGwxKwyI1nzHxm8bfAtKw4qYywGXM1Kuu48ysILiyYMjv9pmyY3Jqozp2KWjdq93_1B0P0rsvlZyr-8c_QYkKqljgqyBar2EV4= | https://vertexaisearch.cloud.google.com/grounding-api-redirect/AUZIYQFOqTuvCm2fuFQo3_MPr2AZbCqxEqWZO6JhTLvRcxx7szDxkSFO9g8kJD8-62w28ZhtX9x_8NNrScAVs5peWfI4YkeHNBCX9rM84Gr3ZAedYiFw4hpxQYULYOOwFV2N0vDKj_A8eXR0OSu8abts2hKpHhqCdos5dG6wk7cwm7_t,Could not confirm an independent business named 'The Wine Cellar' in the 30A or South Walton area. It may be an AI hallucination or confusion with The Wine Bar.,
Seaside Wine & Spirits | Seaside |  | true | false,Seaside Wine & Spirits,,true,false,false,Seaside,,,,,,,,,,,,,,cannot_confirm,high,https://vertexaisearch.cloud.google.com/grounding-api-redirect/AUZIYQFpi_4Xh9mT5lBJHvRYPFunyA5vSv_O3n9OuLJE29pcZFAqs8lJ2zEHSZwnAHF_5-epAVSBt_jDU3D_0FvoovraMsaDqX5CSlGEvfx2XLKBckdDtlEB | https://vertexaisearch.cloud.google.com/grounding-api-redirect/AUZIYQG1WFIJBdPrECN5azcYqi9nuXf46QLOLDuWIPdpfPD5A7QylMBH1uaVEXsmwLCLVBYpspl5hRnV3NFM6qn7G3xWC1pAqKHgNfeqo7kmSZ0-GC9aMMltNv9znTjDs3DCl1tdAbYNQQ7pvmjk9g0NWOoe | https://vertexaisearch.cloud.google.com/grounding-api-redirect/AUZIYQFwIL4AL3Dm9cmFrs9kV_M3SVJntf-rLiJ-1uuKhUp0FOoURVqS8D97vhspbIS2nfEqbuU5C48Hzhmeg86hvfhrBQC4YAtrRH3hGomjmj_OrQynGqqi6yeHcfstFc5mhNMsxI1vnpnmDKgnTV8UZby-bdkPpxk3D-qFvwNNQg== | https://vertexaisearch.cloud.google.com/grounding-api-redirect/AUZIYQEb6_MPkRpD1d7em4MNgjBPIPXVBjN9PsUQViQJNITW1K68cys_tgQ5oz4rzbPfu3mqNx995z_jsgUmCY0q-Q_fTEtittRz_t2-E8hAGSFU_PRbIZf8PxLHpxGPeKo= | https://vertexaisearch.cloud.google.com/grounding-api-redirect/AUZIYQG5edsabUk2XYj0D4Uadhdc5QVSpWomz1Y6XIUodsp--1VhLkIGG36kXAJ3Annc6M0o80_2LxqgLp0emWpLBWgOL3R4TIY7mo-SViqG2yVuJYfAFWndkYfVbPy2Z6UldheT2ZcQr-mb | https://vertexaisearch.cloud.google.com/grounding-api-redirect/AUZIYQGXTRY6TYcKlCXbMTTuMG1hC8bCMuwlwD2BTD24fjf-E8ImR5SA4ALHitSkWPUY8tvo6MaHjx-f6nBvypQxM8Mg0lVVfQMOYSGaetsq4Pa59VIL0mPh6x1oM4aV6mxcSpQ9me6Xhmf2YfnMVTPhPyV5AQ0B2uOIqrs0FpVgpJXOK2hjmITGeFvcYyp7LA== | https://vertexaisearch.cloud.google.com/grounding-api-redirect/AUZIYQHEjCkH0OzbZoHPIcWl4-0hXPQZAeL9_PFd2PPxux78MZugFwyydmKwz9ISPDkkqxMmtyJMTc9fLEoNZSMyfs6_OjcMOHl0-PRNb4o8lkDvC7NpmGkx3fS8T372Z33nXYB02o7EuFGWaSzSpeZJ23jsVNc7c1KOR5BCDg== | https://vertexaisearch.cloud.google.com/grounding-api-redirect/AUZIYQFgDBJNXMhMbolMtAmWVThJB7c-PEZ08pfOTS0LyX4ahHDVVUioEAbJ_ELYj_eJUaSg98fSgCRU7q-98e8JOAWeNTQ1su6XxMhm0x-_UsWYZ-WvvkE2A_vW9bcyn3zMUOrMmCXvurdUBA== | https://vertexaisearch.cloud.google.com/grounding-api-redirect/AUZIYQHjCi9vGb87EoIM1j9Zr8SRyVo13WyrHWVpz-pFBLptqVSxJ0GSHmWgKvm4XSLsuhmUPQIF0Iz9nq6sAyRpgI-_CrnnAKEvqrOryO-iCuOQPCAsRMWvuWelqR8FZb5XrxokawjQKnnhYXM8 | https://vertexaisearch.cloud.google.com/grounding-api-redirect/AUZIYQGv6DtZu2xxml0TUaZycpNvAzou4JP1hFhZcBmxqew5HrTDhi1eLi4F_5QzUh_TimLeOA9ISnpJ6_1ww4WD2LPad5bGyMy-qZWwXoSqPTFEVLDU6QmLFK8173eQauXL5kpxWqCLQXRzafLhdXAtQ-Mlng0QXxJTmrXhEkCA3FkA4RLno3HZxV6l4Cc= | https://vertexaisearch.cloud.google.com/grounding-api-redirect/AUZIYQFcl1d2RsZ398hiaODaAUVWCIcaTJ2M5yRdNR_fHb7eHet05Qa7aNbFPFIOgj-XyjPEnv2ekMIMuxVWVdCeR1z_5GNwSCqtoUDMIOCL143FWnQcMhmhHqSph0G2JdVTD0j89rMROBgkPmc= | https://vertexaisearch.cloud.google.com/grounding-api-redirect/AUZIYQEkjGnxpAZh5n7x5w_jpIfQzMmZ9M_QrQ_oBB2vtzeh_KQRlQwXBKxAsGC5A2HsH2fhJ4QZpAfq3oNHPeYd8GIxgtO0wjR-FQunOfhdTGagq-GCV16iOcrnWUwJ3ihoDUCrbC7-Cv3yFadx6A== | https://vertexaisearch.cloud.google.com/grounding-api-redirect/AUZIYQHVN1YLHCBuPEWrDuDMcSR2VFKunFQwasAGGkCbze-ShqmOp_fT7XzTdSlfzog3M1qRGIyrTIYlzmbtHj_BV2K7lNE4FR3zQ6bnRTWp1ErkWSqeDb6gz-W26RjjKPrb_0iTl4bdzI1K9xXf2amG0bSe1XTvOVuREw==,"No business named Seaside Wine & Spirits exists in Seaside, FL or Walton County. Likely an AI hallucination or confusion with Seascape Wine & Spirits (Miramar Beach) or retailers in CT/MA.",
The Local Wine Shop |  |  | false | true,The Local Wine Shop,,false,true,false,,,,,,,,,,,,,,,cannot_confirm,low,https://vertexaisearch.cloud.google.com/grounding-api-redirect/AUZIYQGovxxRtQPqNvIYHWYLHN4koY8PgOo55vFflgNU9sWjIwbmSBhrBgv3gc3T0JMlAkz6xFWVAD1ErrzdWgbhfqZ68Nr7I5xw7Rl2OA-N1Tm6XOp8NNtFvlUM6Gd37uY7yIMBMY152Zpx | https://vertexaisearch.cloud.google.com/grounding-api-redirect/AUZIYQHExFXDx1DvH7YUqvxtJ5iQOUri-QtouWDFz0-Y3c7s6_tjU9TJVjdJZUMSCjtSm3Nn8bY3kDxpOfp62wIqA-jH75_YxIJcrrUePgzPtR4smkHJ1Xp2GK8W1l77CDsUX4XJPYOrZqR9EGAH_sKif9AH0l9aUS0ly1pDGA== | https://vertexaisearch.cloud.google.com/grounding-api-redirect/AUZIYQFQQtu_qI1qzADgFtOT5XnXs7Zr4ZT7vI-MdAcFRH4k9PfDywgNn3inaXxDdiFQCritCqHPuC-iQP5NVXWEOUZ2xqQq-_RObkea-R_d8ZDkZajOHZc-3HzsUXivHYx9,Unable to confirm the existence of a business named 'The Local Wine Shop' in Walton County or along the 30A corridor.,
The Wine Merchant |  |  | false | true,The Wine Merchant,,false,true,false,,,,,,,,,,,,,,,cannot_confirm,low,https://vertexaisearch.cloud.google.com/grounding-api-redirect/AUZIYQFMu4Vr0lszxQF_C4q0qlCmUIGpUjKY5giKlTEwKaUd2Fq2BFDoZRISqsxaTvtQt9Vl93xQ8iJeo8CRzsupUJbX10gtYzK8ZsZEo2Lws5fUh3EXj42_wiijcipnxvYT7HwFkg== | https://vertexaisearch.cloud.google.com/grounding-api-redirect/AUZIYQGlDw483yFCM-2pkaelSh52k2YbZF9apSwVE_zGwsaIiSvadcIv9xmoyoswayZ8ZA8Meb4l5E2Ta5mWH6fol9-JgYhUlVjwTuE1bZqUDaXMDP-bHcIaTw-_oUQcbp486MEX9XVBdCiAY4c6OyRKgnlQxd7hWElu4BnYWarI1SttTu_JDGc7ZTIrCLM92CL2THj8gfyvdOnnsVmYnRRnfFqusRoUxEmEjTa6ouvlu4nCbunAn36BEc1WV5r0SwhLujrqzDLN8aCQj3RWK6I_9acBscnxWH2JygCE2eyt6SHdEV1bI41ALbYDTbCSNftEHgoHDlZ0e1WahhAd-X16KLyFMYBImxXAFOgcUqtDBkxPxhRHJGJjbBMx382fP6OdzKLlgv1sngoab_ncd6sE6R33DOgq62eiGP9LcJXERnimMdjCCPLLHrzLhfrh_prUqAkYvCNKAuK8Y6NGA89yri8FElgv,"No public business records, physical storefront, or active service matching 'The Wine Merchant' could be verified in the 30A / South Walton area.",
The Wine Market |  |  | false | true,The Wine Market,,false,true,false,,,,,,,,,,,,,,,cannot_confirm,low,https://vertexaisearch.cloud.google.com/grounding-api-redirect/AUZIYQHGUosKfNMNedLjdh5jgVujcBjG28zTyHmmS6uHzM7TPAz_BAGXo88Rq2j7sPC2bkKXGJllaWF7wbJoBVrHHA7Q4I2QbWC4I99QL2ElQMEr6Lf1KQ== | https://vertexaisearch.cloud.google.com/grounding-api-redirect/AUZIYQGEV_r58gt_-xIK8IFqxTUhSiIaSJJ2dyz_eCQmY1E1RMQyZnm6_-qZ3IaqrnnWCobS_FQMArwgBsWEuj6iFoVcbjhY5tyBTo_9USNWnW5MC0AdU87n6fuuyFrtd5Lt_e39R-u7EMqWKezLMzzb4Mh3g-E0o68_ed94usz7EuFIZtOzNXxLtcngDktC1zg2lISKf1uvGdtRdICUgplAdkQFZcbKchPpQteH9DovSfJuFQpKXl9SZnrJ0gGcPqVYTRmWfmyw,"No active or past commercial entity named 'The Wine Market' could be identified in the 30A or South Walton, Florida region.",
Wine & Design South Walton |  |  | false | true,Wine & Design South Walton,,false,true,false,,,,,,,,,,,,,,,cannot_confirm,high,https://wineanddesign.com/locations/ | https://search.sunbiz.org/ | https://vertexaisearch.cloud.google.com/grounding-api-redirect/AUZIYQHbhcy9ACD08JQRIJAKUbZVouwvu36f3XAgyUE5NHqK2lmILe8UbyDysOAklCsh2vEaTlpUfUziM2fa-tJpxJkB4_fta6ZsZFPc6H6d96tqvxnOJqonRSjvhwvZaotzQuQPw-EicBmhO8oHaQyxU9xBB9B5 | https://vertexaisearch.cloud.google.com/grounding-api-redirect/AUZIYQEBfNmv9JbysL2GdNb73kc6LZGQ7EuYLUFUghveYwmpoihWxJtriHDAvqj2O7g_bkc6L8LFEi7Pjufc7tf0pZDXfxwJQdynOpE9WsgM5g4ugcnWagRRa2esEMCQcuJesgGIxHWC98IW9FIzhqipZA== | https://vertexaisearch.cloud.google.com/grounding-api-redirect/AUZIYQGh9OkqrSOO_ZMufCq3iIG-YiKoPFyEyZ3i03Cma1pd2LBVs2TnkMQg-epgWPGNIGHBSU1Kr6bb821UdcgFDjIYXo0GESe4e6IMRoYKZXIpK679fL4= | https://vertexaisearch.cloud.google.com/grounding-api-redirect/AUZIYQGvzaP358NR-0OXjefFd-pUVIgn9gqODTn4s5uI44eXzysaIUXrGoa4MkvgfOLbcXqIl30xKn-Kp_JO7CzfHO2nBTg4xqySfeWq5X-6TJTGNy914y1dfgU-yYKXdZny | https://vertexaisearch.cloud.google.com/grounding-api-redirect/AUZIYQG546yRFkMpWzSv1GcmdOT6tljiCMV2CuEN5Pl8k9dADl3xAamjTR28NiVuUcZKI9U8I4tLQ_fW8lk7ZCPRgWVfCSDJozzJbU0UvLrnj4NIdc88nsz4KmKFPfGnnsi7WO5FcYPf9p8n5tUC1F68H23eBEeeOfFdOB7iKpOw_80hxQR5C5EahHgtTQ== | https://vertexaisearch.cloud.google.com/grounding-api-redirect/AUZIYQG5RNhiSlsvtnjUXMPizeHpTAVSsRa-RMSru1aD1uz8I876W9Xn8LcSrlOIHuTDptvQF_aT1Qfp0t3YRsHCxD9Gi_SlibPjx_Lyyu_mjgEVjXbxxgNO3VDAIB9PB8C3nkxHlG_YiasOwZOCUz-uksVcau69t_Py3uJgWj-B23mFm4zSCd7bcBvOyKDbE6OWiWtp81qh2ZRnbw59 | https://vertexaisearch.cloud.google.com/grounding-api-redirect/AUZIYQHiAmtEPYXxf2leohCX04hTZl0CWBJh2iez4j2C8QSj-K215c1tFAQ-gFjVNKZaJkmWXS07VxyEX9PFS-NCJaoxfmK4ePE1-4cEa8pZU0zVduHV3gmzroIXl37DMrgiBf9azdM8PcPizi5lsK8w0IPtFGx_aChIr5bxEqxJ8A9Fpop2rMcnNkfJecpqhcuMx2ymhCIn9WsN9aoPxfztzsCHFO47m_-qA5x3j77GqcN23QdF9kmyCI0ntS0VWmmyh8nramB0gz3GYFfuLI7rqMjzZsczJgR_77YByMm7zqMROorfVs_TlFJZIG0qHZc-lAcuUFbuBmOW-b4p_zCcBQQPNoQuHV9-F8FJ01InPjQut3qPRfVrmYWBeBiQ43uV1OyjBpsv7KA2DFTOExkjXTmiKWYl66jYr69sT8hV53sIeKh-T1SLNQ== | https://vertexaisearch.cloud.google.com/grounding-api-redirect/AUZIYQHMoncjOmegRrLBlpFTr7YU9JGg6Sb-1GuWi3eIi9v5xJevmOjW4qw8oeOViPgfrajDgN3tnex3TamwjIOqgAkzea_5nZ3t3hmdhe6HjPvhmjVWMWIcYak2p9DayaTttghbYRm0mlK6uDk3k0UA5EnN2BmyPPEZq_EVc48uT57zIQtKP2z6bSI=,No record of an operating business or franchise named Wine & Design South Walton in Walton County / 30A. Local search hits refer only to design mixer events by local showroom businesses.,
Camp Gulf |  |  | false | true,Camp Gulf,,false,true,false,Sandestin,,Campgrounds & RV Parks,family_friendly | jewelry | swimwear | sporting_goods | travel_services,"Camp Gulf (Camping on the Gulf) is a beachfront RV resort and campground in South Walton offering direct beach access, cabins, glamping tents, and pools.","Camp Gulf, also operating as Camping on the Gulf, is a full-service beachfront campground and RV resort located along the Emerald Coast in South Walton. Established in 1968, the destination features rare beachfront RV sites parked directly on the sugar-white sand, full-hookup upper park sites, furnished rental cabins, and glamping tents. Guests enjoy amenities including swimming pools, a water slide, recreation fields, camp store, and direct Gulf access.",Camp Gulf | Beachfront RV Resort in Sandestin FL,"Camp Gulf (Camping on the Gulf) offers beachfront RV camping, glamping tents, and vacation cabins on the Gulf in the Sandestin and South Walton area.","Camp Gulf, Camping on the Gulf, Sandestin RV park, beachfront camping 30A, South Walton campground, Miramar Beach RV resort, 30A glamping","10005 Emerald Coast Pkwy W, Miramar Beach, FL 32550",(850) 502-5282,https://campingonthegulf.com/,,,exists,high,https://campingonthegulf.com | https://campingonthegulf.com/contact-us | https://campingonthegulf.com/information | https://vertexaisearch.cloud.google.com/grounding-api-redirect/AUZIYQFEGrxfARN3eMV_0CJ2pf0yWY9-T-F_D7bgmz-OV39Mcsf6TD4lXBfLTn5UffTGyOuQ6PVW-WI1jseH6XBmxCWJel3_zqKUE9lDbGejapNz9tSKfonC7HEAFULMRdRKrXCOS9M= | https://vertexaisearch.cloud.google.com/grounding-api-redirect/AUZIYQGZx5BHhpYIimY994zGToTsXBAiOMXF_yBZVD_Z-6TYPUdTSIgdDqtDPC9iPwF3k0Flz2nRHAi23CBNoTvJfnbQueNPnSCHIl7h6LkxwXM3oLBC9NE68MJchjapWOlpNTo= | https://vertexaisearch.cloud.google.com/grounding-api-redirect/AUZIYQEwLgNFv_E9g2dgKKoLClIbV2L9e5Bk6AuY0GbctmKatCu1DCAPR8iiUsj-9ECoHQsnCvld_07JDn-o9cJpB45z6UcDAgWNOk_c_B4rttROCADRJL8p4weJ0h0A92fQhw== | https://vertexaisearch.cloud.google.com/grounding-api-redirect/AUZIYQHzkIqLIUE1zI4QjKKPcxuRoVK4nU8I17kff7Rx5kdLCGA2OfZm-MbnilZkomFGbVRtKuurCnEZ0BacfyZjEKc-42Lk6JLEQRoeE3KS1bgOSHIzaZj9piZli6dhprlqIQaOcJN3MOKoD8nB9fB4rMxK68HSA9-f2H0xC_4TEg== | https://vertexaisearch.cloud.google.com/grounding-api-redirect/AUZIYQFABZqVblS-xyAR3Om5-kFurc-rYIWq0VJUCCm1FQodAi1XkWQEnagb6b8TkSDnmYS43OkBiKdhHCxVYXFvZi4KFC7ZW8YmRLRY5pyzWNOg3mTCwQczwiP2LjFr1U14YWIQAlY= | https://vertexaisearch.cloud.google.com/grounding-api-redirect/AUZIYQGFZAy1z7zCRmArgwCgxHtjwM-_L_ItZKfQqhTuznwCXiISuWuiWMMCXxZ5sIL_aP4BpzhdkulJyyrgBTUIUbHakFJMNL1AqF-xyGGzIoyvSTZV_g-x3nI= | https://vertexaisearch.cloud.google.com/grounding-api-redirect/AUZIYQEzWKra4MvQVGi0rkFn7tygQ2ifB5TCtNOxdOeGBMZrJy9NTKLN6-hdDu8pnHnR5qJqK9jJjYMEC7FxGZFxVlDmd6lRzIbGupSjXhFu9I6gsS_GEvNMaNPQz0SS7U7yYXyT5B4=,Widely known both as Camp Gulf and Camping on the Gulf.,campground | rv park | beachfront camping | glamping | cabins | rv resort | swimming pool | family friendly
Grayton Beach Campground | Grayton Beach |  | true | false,Grayton Beach Campground,,true,false,false,Grayton Beach,,Campgrounds & RV Parks,family_friendly | jewelry | sporting_goods | water_sports_rentals | window_treatments,"Full-facility campground tucked in coastal scrub and pine flatwoods at Grayton Beach State Park, offering RV and tent sites near Western Lake.","Grayton Beach Campground offers tent campers and RV travelers a scenic, shaded escape nestled within Grayton Beach State Park. Located moments from coastal dunes, sugar-white beaches, and Western Lake, the campground features full-hookup sites, modern restroom and shower facilities, and easy access to hiking trails and paddleboarding launches along Scenic 30A.",Grayton Beach Campground | 30A State Park Camping,"Camp near the Gulf at Grayton Beach State Park Campground. RV and tent sites with full hookups, nature trails, and Western Lake access along 30A.","Grayton Beach campground, Grayton Beach State Park camping, 30A RV camping, Santa Rosa Beach camping, South Walton campgrounds","357 Main Park Rd, Santa Rosa Beach, FL 32459",(850) 267-8300,https://www.floridastateparks.org/graytonbeach,,,exists,high,https://www.floridastateparks.org/graytonbeach | https://www.visitsouthwalton.com/listing/grayton-beach-state-park/ | https://sowal.com/places-to-go/grayton-beach-state-park | https://vertexaisearch.cloud.google.com/grounding-api-redirect/AUZIYQGbKCsSlvidiKtXZvmyTkPPgSXZ7nYf3EkMe0j1Qnef26pNwLcDADBoJjo4RNUU89OeIwNf8G-1fS2wqWOYHadT5UlDJG2mKVOrvRIdflG-NMMIjf8q2i0KrMSGFC6AHD7ogs0WfzhrD2GAMPCfOp11yj5eoe-SFzu-izK67JgB5r43epvaT8FOWeZ4yg== | https://vertexaisearch.cloud.google.com/grounding-api-redirect/AUZIYQHafwcYkT4HG_4uH_ZalcTnWDF_zwmQeQkfHfVxjIwkA6epLDoDFi0e68b_bXNJlWzEXu2A2P5iEgbXvr0KYIEx1hDNtxNwvIansPZrTd_Fmba07Tw91Ak5lrmg42ISx1EiqQtGIQronzrLDbDxIh2lB9OAGHHbQAQv8LdVmx-N6bGAWwRfOw== | https://vertexaisearch.cloud.google.com/grounding-api-redirect/AUZIYQHGyyz9TblroCCNJvR1UgMkUhdGkzvM3gxJalFxKZSP0V8NXKynEpS_WfIIxyT8qqMYX1_Cw-3KIZ8UsUIvZoljEapLJz1-6Ja8M6jj2q2ogpwMpwITZsX0CUrnDoQeiSuVH8OsAoufbg== | https://vertexaisearch.cloud.google.com/grounding-api-redirect/AUZIYQG2MrT5Ijnmsis8I8KRbdxBupi0YzYwgbs8B3ZNwahFTun_hK_Mys8G3Rq6ogKuS7exaHo_PQJxRe-YvZfsh23hlVgq3qPk8dSEWEfOehzZlszSL4qq9IbOcMnNeskkbyiKPc9Dyz8kBcNv3xk4Kv6q1HcTy19BLMs= | https://vertexaisearch.cloud.google.com/grounding-api-redirect/AUZIYQEx581l5zrl6iYJY8URFbvPfpxPbcuSaip68SxMQ2IfIP2QfCB_KrJDrqFeCKO5GIp1AbfDZzCe9Z04TBQH0bG0DAP3G18g1EJO9-rX9y4hPlF4ud--KadBU4yUfMQz4p7-SZOcm51M_8E= | https://vertexaisearch.cloud.google.com/grounding-api-redirect/AUZIYQFkEvGGylnFRl5aHH9X9wWN3bRHL7CR2aS4kbAjXbeh9AuDOoXNWvrhFYfnZwvQp9ZyIRo2aGXG3x0qsb_VJbhgEP0CG3mbzC0WozXVKJR6dkRORdoR28XBPAysblZqvZnzIQNjM9kNSFMD86bp | https://vertexaisearch.cloud.google.com/grounding-api-redirect/AUZIYQGxMmFgI4uvEHkxU_hkZC-RfrvdHwvolyG8Oliej-94FabfNiVZdrnyH9_YuZouoMmnb7gwX04L1ZBxQxHgrd6XeB5WCvSNAbgabUNU1gF2Srs5SWXbR8AKIr7_THpKYnnSLg5JXtGiv5G7xQV2Cap-qrZoYTVFbjWADHwsbUr25R2COToKXjFM | https://vertexaisearch.cloud.google.com/grounding-api-redirect/AUZIYQGfBk4WkPAhStqscO9ln2ssSgO-td6psrdhDEFo9exS82JvVwpHxxbW1it0O18Iy6AXW5PEEWEWB0x5DMtk4cqaUTpCzGmp_iHDQk_Jw_ql9oZXCreFDFawm_v6Ec99hMJzAcUzvSc=,,campgrounds | RV camping | tent camping | state park | outdoor activities | hiking | kayaking | coastal dune lake | family friendly | nature trails
Seagrove Village RV Resort | Seagrove Beach |  | true | false,Seagrove Village RV Resort,,true,false,false,Seagrove Beach,,,,,,,,,,,,,,cannot_confirm,low,https://vertexaisearch.cloud.google.com/grounding-api-redirect/AUZIYQHFWvJp8vbrDeqEHrm-XpUV7duFT7C2Bwazoa1dkTBy9bqiFY7flgeJBpKxa4GpouU0igJzjdD24Lk3ADS3iloFVWhQBy4nta5aCIbfVw7ESewZ61QShsU= | https://vertexaisearch.cloud.google.com/grounding-api-redirect/AUZIYQFmRMPaOmHlGKh3uvCBSfaItbSFbaUOdO5Tm1Uv5KXVHcTASGyB6stT91Tt31et3bc4ZJsSPxyZQdLsNe4kg8amFqS6kdkKZ4ObrcSEWIgeJetulpfucPzXfzfbnFiBqnyg3SmD7__kpZdyCVeINkIhb7ZthO64p7yGT9J3b1g= | https://vertexaisearch.cloud.google.com/grounding-api-redirect/AUZIYQGacsownh0P19_IxLvRW1wRSlM2mVf0gt0ljby51tKjzOxgjdHuD75lhr_LAx3k03MCZIcEytrZ5dqDiLtEx_TG6kHNdS59wqxyIcJBdzykcSH9QaprweTkKOVh9-8b318ufm2n-w7R-fuq4GotrM22Qf_MYJbJ_GtHhjelZe0=,No verifiable evidence or business record found for Seagrove Village RV Resort in Seagrove Beach or South Walton.,
Emerald Coast RV Resort |  |  | false | true,Emerald Coast RV Resort,,false,true,false,,,,,,,,,,,,,,,cannot_confirm,high,https://www.visitflorida.com/listing/sun-outdoors-panama-city-beach/10667/ | https://www.sunoutdoors.com/florida/sun-outdoors-panama-city-beach | https://vertexaisearch.cloud.google.com/grounding-api-redirect/AUZIYQFmEViMxWJYCNaeh9v30shhLJskggrAfaTdNaHkChIk6iWw-O33YutGK65B1PCDWcEsyH2hRwswX3_1rwygohO9drHo8iyEA4V71M3K5iVahu6JOg9ePIL5XWkFxeyczAur5129sq8k6Ykp5GH17Mlf0QvNSXFwbnf9Vte0OcaatvDVQevwwg== | https://vertexaisearch.cloud.google.com/grounding-api-redirect/AUZIYQH8Oz1MMz67w7HVd4kp2NCUVAqU6Zcz-1kJOMVLVLOfSg7NSt1eX2k0Evm-EIGZlNOPxByqfiRgjjHONCtbFEjC0xYYgMozYhXuP4_UL2_uyzXEXOtawcah-U1Z_fYQOOTJZmGUSws6fd9fqntZHqK-rYI= | https://vertexaisearch.cloud.google.com/grounding-api-redirect/AUZIYQGsyPbh2Zrnit7DYn4SmApHu1Eoy5FEQ63mZY6esdG_6E-W8emv88ggVZC1rC9kvAdcN59Uk_82pfKgIB0ows1iWnDbzfQ3mp_ZYjeFMvVjdUx5G0FMZXbYOd-35kPHS-uv_2jz87MstbAgaHr5Y9M3kb0K6WEIstAgAlx_y4nAYQ== | https://vertexaisearch.cloud.google.com/grounding-api-redirect/AUZIYQEu9HG8M1ZuxxS8um8GCFBZDje3NdjHCaUJr0o9P87BzKdnMO8U4eK1Ppt6xYc9GW3dAurioEXKEDeMEM4xB8C83Um_A-QmGB6HmdGToLAf5yrHCdkn8vv2vwzvh94oAchUfkKaYxlKm6Wb_lxWUaDw09LASRM= | https://vertexaisearch.cloud.google.com/grounding-api-redirect/AUZIYQEJ5AkETXOFHEx_9MpQc3QUYTtmilG5OmLjd0tYRMMYIrpEs-e01kM_wawtBDbsSErrh0b9j5ZLYj_5kQTCyIkyEvENd1ywLcsJdLHAMLtUNRNATqxWP0KaleykdVskpa8Pg9bRIA7nLih8tThR0_LaK7Jrqgq0Kefu9qzuJ7I97hOM,Emerald Coast RV Resort is located in Panama City Beach (Bay County) and has been rebranded as Sun Outdoors Panama City Beach. It is outside the 30A / South Walton coverage area.,
Destin West RV Resort |  |  | false | true,Destin West RV Resort,,false,true,false,,,,,,,,,,,,,,,cannot_confirm,high,https://destinwestrvresort.com/ | https://www.destinfwb.com/listing/destin-west-rv-resort/247/ | https://www.visitflorida.com/listing/destin-west-rv-resort/28551/ | https://vertexaisearch.cloud.google.com/grounding-api-redirect/AUZIYQHQVzzvQodE5JB_DFWcH-WS5nfpIhkcH3d1VXNsDSFsekQD_08Mz2kYVqlGL9BHAIN15N6h61eCxjQ6n3uVeeMD_TAxOsVCbAg4u-ZHd_XgTZqNZU5p_qpXqOY03UYm9Pi5uXr37l5ywPG3qc0K8iTLnCvDl52Gq6W7EB1WvgJz9GEv6KSy3OjT_Q== | https://vertexaisearch.cloud.google.com/grounding-api-redirect/AUZIYQHKqmKVPR5KQ6eEb5N1cgbGgw6xL9q-I_8-N7AWEClL35aIvoXyJU7t4qfGRUwLyTMCpSj3tpXa5McTPkrlv1i_CTE8AfS8-h5x8532i2ota5LIlOIdmHuLlMYS4Nz1Z7PuSzT2wpLq-P5dY-s10b4Q | https://vertexaisearch.cloud.google.com/grounding-api-redirect/AUZIYQEu6BBFm-FBa-n7eCUKL8xW8IlJ7ftFlm-oV5qaPLxa8z1-eqrCDOM4DyrW-vq18sphoaLC-PY-2JDKws-mZ4X8cIaTInuEhsr1fPiOKjJkTcIPyo_CLrHoeZRe4NXKUC29Wq4h1nJZxZ6ML-C0taNycp3LMAxbVbqMHuWus3a1WyKlInX6_ay0rMokwP1WvgGQ | https://vertexaisearch.cloud.google.com/grounding-api-redirect/AUZIYQGToT94nYfUUecTMwwXXVPw30o2yo0qqEz3O2v0zinzIja3Vl63jMrYl9w5_UURXqEuRn0iHodqyMRsJqVsKxxhUVGCKchhqihkB6GZ2SqrMHimD51wcxXaKw== | https://vertexaisearch.cloud.google.com/grounding-api-redirect/AUZIYQFrOUjDEwv3Z_0xWu9QycWqgJ8aqDGGg4x9Isq2GcAuxQYnndy7M9Ey99hrck9lOxVbl7fnuKdGN8xNEK7BA2RQDTorgmM4c97os3dQyh4MbzBdM_t_iShfDgaaH9EfqImutspRdyKvEte-Rk_T_SVSny9yx1Qv5Q==,"Located on Okaloosa Island in Fort Walton Beach (Okaloosa County), outside the 30A and South Walton coverage area.",
Sunshine RV Park |  |  | false | true,Sunshine RV Park,,false,true,false,,,,,,,,,,,,,,,cannot_confirm,low,https://vertexaisearch.cloud.google.com/grounding-api-redirect/AUZIYQE2SvM-VqcmrXOL0duX7ArSPq6eAj-OPUdh1MHHbjt8HpTNUMNvcPsyA6WEgW2-PNnO45UmPd2H-_q1oqVxDssalKI7Mp91pOwJeRyF9Ewai-nXMoVPfjWgXeZFzeEG | https://vertexaisearch.cloud.google.com/grounding-api-redirect/AUZIYQE6DQsWtU3QsvFminDFNIx9HyDmEQdKpFmP91JLuroMGFTvp62iDtJi4XOozkQj0xEPR8JQZS4zjZ2wbDBkpuIbOXI_PSY460oeLj9syF7eTeBoUEMwqUFoFzRTNCS1kTMWnc5q4tkGrO2k3W_6__qDegPc | https://vertexaisearch.cloud.google.com/grounding-api-redirect/AUZIYQGD-y-d8E-cmPSSN7kdnNhIG3oUSEQB2bZQPGy5mg-7N1rZlwALi89CQ4pjOszLZz_pJjLRHxC79kyvZOQJKP6rqpWZ7wtN61GldoNCiKG9YZh0H28vUGrGcmKPiuuJDgSIxyHYpkybtCK2 | https://vertexaisearch.cloud.google.com/grounding-api-redirect/AUZIYQEIRadwj_SM3ra133sFHDnjoxM4aD0Qtp5tv4KmVpPtZTT0hzWzESb9miP0gzibgdhtKsK9eGp0-8WPR3DReSqDYTgXVjR_Okf-g3YLLw0Erh6Qr_zqnu_510LIh5pQwZ1cBaz39Up0jsxYTXNSw6tH_VflwgRSInC7qdWg049HPeBxez30UmsqXEtnSXvIOSM5CwJkrGuhJDetxw==,No business by this name exists in Walton County or along Highway 30A. Appears to be an invented listing or confused with parks in central/southern Florida.,
Santa Rosa Beach RV Park | Santa Rosa Beach |  | true | false,Santa Rosa Beach RV Park,,true,false,false,Santa Rosa Beach,,,,,,,,,,,,,,cannot_confirm,high,https://vertexaisearch.cloud.google.com/grounding-api-redirect/AUZIYQEK424SnlAobtrkVU9P2TBcMGrb9LWfxfe1S1PLoMWE1wKW6ISepX7KY4cA_dwIVo8hDKVe562SjOn2BgIif6NPS6L_gLgu0XAbNqGOOYQKHEL4WfqRwXWrbIxUEhFKqsEKXkvha7jppySfl1fiDVcWVUFE6bn4Pw== | https://vertexaisearch.cloud.google.com/grounding-api-redirect/AUZIYQG1Yf2C2GsoErgza_-cXiKMJP-_t-aA0oR-p-puF1YduJU2h-bZdGTsXd9tjMSpIyxuEl9swc166C_dVz42ISw67U_IBBfCf8BuUHWr0mQpuQp4oN2S3gPEzkWikduGBp2Mz0RIuRbWuUmIyEhZrnYJtLJKypjzb8d4knhTwT4= | https://vertexaisearch.cloud.google.com/grounding-api-redirect/AUZIYQHvKvXs26PuPz2vx-NaYz8od8t3NpSd3jcba-OPKIipDvIqB-Soe3Q54Q_jgpNCNsEKIGHS0oLP0TqVczEXbhvqUofY4FEVL7fEqLTW4EnXvqQ= | https://vertexaisearch.cloud.google.com/grounding-api-redirect/AUZIYQEQ-aSxW9Q7TmtM9rmGTTnVtmOI3tvSUgFp6g1GZadosl8zitj_0ulzoIVrjJFoIm2OBGtZFCN3LtruSApfIdNFAyVxLVZXi9Wig5SfIlpGPzD89FHtFvZ_14EIdPbquyR7g90ZQD0XguWAlcM8MuF0X4Att2kVAce_uhtV_qVe | https://vertexaisearch.cloud.google.com/grounding-api-redirect/AUZIYQH_iTIYhUXUd-EX5lRzR1hV2bc1sI7LNKGd0jlYGQlkcljUkSvxRH-_UKBluTC9s8xtsXWO-cwbzPFWqmePwhHqrYoRFxqA7KyU3HOM-CoHnkye2pPnRUMW2ixOd9QK4ntLR0XZLrzScsQzeU-WlHqRZie_ifDCrvt5ueY=,"No active or historical RV park named 'Santa Rosa Beach RV Park' exists in Walton County. Nearby distinct RV parks include 30A Luxury RV Resort, SoWal Palms RV Park, Topsail Hill Preserve State Park, and Santa Rosa RV Resort (located in Navarre, FL).",
Beachside RV Park |  |  | false | true,Beachside RV Park,,false,true,false,,,,,,,,,,,,,,,cannot_confirm,low,https://vertexaisearch.cloud.google.com/grounding-api-redirect/AUZIYQEvR-vXf2H94OdEsPDM8Y192Um-tFutB3f3rGMsjj2VNtwJ6ehJdkyZqy_QpGX70NY3T2G9HXMCwuRpP5QiPrkVIwqQxnjxPY6zPbCMWlVYJT9F7KDmOgosVDfHh_qeMbmjBrmgz112-q48h5KdxuRNVVZK283Cv_rydCNm69R3oTKjpuNqg8O6vepdwesNl54tL0HSt0_QV9q7OOagBefAhYUkOu0xODbE4LePw90D-btaOPAXOO7dp6VE2mVB5NHeBAifqur55amgKcI= | https://vertexaisearch.cloud.google.com/grounding-api-redirect/AUZIYQF5kSGWYFZHjsC7jQV2urrP0CdtVfxBtVm0fKmfxp4lshN6VdsBGGZ-ATxwaNlYgTifUMmRqU0Q2sSV575sPizj-maLk0xfvZiFj5Ubmcqlv583MVWpJjSpjYKRjgADNbxhpzRJad7V6pvrGocnphiO9KuOew== | https://vertexaisearch.cloud.google.com/grounding-api-redirect/AUZIYQGN73hKX3ek1PgnOJqoSd5LfvJ9VZDOuA8N6uSlMS332vBfh82Hz6CjTXePgQVQlZ-KcSaIafQC7SbEK2trnifIK-7USApIBaWR_4d3YRbXXt52Amy1ffLJh8P7laJ7Q2YJr9_aFVvCiuPLu3pYQpGQYOEQKmx3_7956nkyzaZ4ZFjAZPebEU45L8Ii | https://vertexaisearch.cloud.google.com/grounding-api-redirect/AUZIYQE_kUDWKvrjAyvQujIHvhUro8qLs9kZSStfs9zCS_zNyT6dZfi8YjDD9RSK9_rCC6V3UxvBiUUCxLpb4OYp42HNzKCsA46A3z-iAlT1uQmGbqUtsQ4drCaaJp-jG6LZXmYdcfuZspUGQQ== | https://vertexaisearch.cloud.google.com/grounding-api-redirect/AUZIYQG6MFBSg8GuWBXqblZE3uow_G0hPqMIlvznLJFV6NtE38lJzLj9bqFLkx2xLquETLqcdkLleKspE9VEXeBiWChG0AETtTG7fOTr4blxwtNu3IGhokuT2OgRcg3uzJfk4IZ66a5HoN6OvGDkIQk= | https://vertexaisearch.cloud.google.com/grounding-api-redirect/AUZIYQHdcnwG99chYJNuB8w3iu7oxj6oQ9bRKXxoWoCQOOS4IHkpjsldSbP253IISFvS43nAp7SlpdFv3z4qoJw75hCE77QJkwe5oYBPgDHr-jrAkGCV05Fh-nMDu2rz7J0lPdthEAqZ0UMPEho1cHQ1XLeTCYGzDvZLp5i1pdHv,No record of an RV park named Beachside RV Park operating in South Walton or the 30A corridor.,
Camp 30A | Seagrove Beach |  | true | false,Camp 30A,,true,false,false,Seagrove Beach,,,,,,,,,,,,,,closed,high,https://30a.com/camp-30a-kids/ | https://www.30acottages.com/blog/30a-kids-activities/ | https://vertexaisearch.cloud.google.com/grounding-api-redirect/AUZIYQHEBaDd0VFgtd7jxrx998lHvrV6A6FcmjqG_V9LordV6UN-upOL_NFveQWffrzxzgtoZakAmxg0C0km_ciVvemyFmjqKzuetykY3wqqY_Y= | https://vertexaisearch.cloud.google.com/grounding-api-redirect/AUZIYQF31i5Lbu_x94oYt-uEaQYzZT6IOsKtmWRySB08CakV8x49JSDhcRLSkeuHKVhiJH9GyaytqQIboGlYzs7iTQ19l9W2x8yMk4fukFXQrNyIhlHvaZHYScACoWGo-zWL-X-Snvpe038Wi0jVS8cLHW9tBtZNBkGSo_sjbA== | https://vertexaisearch.cloud.google.com/grounding-api-redirect/AUZIYQHZLnBbY_37mcjfdYtDFqIW20zKY4uIj66gnPuxfROQHGiT5mn9jIH4CTBvxqYTvD4eiyKeX4P1OueyLpLwMJztK0XeOO5g2DEd77L2PkfJDJUv1Vch92gBkbxB-CJHSR3p6v7yi6IBT0k= | https://vertexaisearch.cloud.google.com/grounding-api-redirect/AUZIYQF1xbu2qpUdG39l77YQCe_v5pm1gFgpT5e7jmwUjR0eQUUbB22ydVJpe3kUVhD2V-o9OtJ0m9RfxZvU74s3omtFT1YV1PvaCDIdQ-ExcPLO,Camp 30A operated around 2016 at Grayton Beach State Park but is defunct and no longer active.,
WaterColor RV Resort | Watercolor |  | true | false,WaterColor RV Resort,,true,false,false,Watercolor,,,,,,,,,,,,,,cannot_confirm,high,https://vertexaisearch.cloud.google.com/grounding-api-redirect/AUZIYQGrtZV9uGvpvYhbOqwkPMV4eB9DoaMB7Ha9zdQCyJup31LMKGK316y_VPdqvvNNOoAzvyFl1yLu27zu_sTt5q6ZGB9ZeLBYYFONc8EivT7FiLjQ8-Ux472_J_5qOCjW4qb9U3oQo0vtr6R-sA== | https://vertexaisearch.cloud.google.com/grounding-api-redirect/AUZIYQEBAmnyoZuM57k265M_NjIedbJlP5Oj5S5Fhh_AO6lvv0FdUA0FvbcMeLjSC10f2SMZ_SjtKQlHc0oQFKgK_L2CBbbnFZaZ4EAgRZnG_M6pIeh598n9z6zFgODKv6Kvy-DRDwSEo20zl1imRfH250J0AObN3Q== | https://vertexaisearch.cloud.google.com/grounding-api-redirect/AUZIYQGfZYcJ6ivnFcjqFrV98q_ApOdCmjPHu8F8WiwXnseaD2ZnplS3d2Qvu-xi7-YpwCJQ__R6wdb-4nNahxNgYfMLO0xrDM6QKRo7ArLzyAgafOnqkLi_htIs2ifIEmr7jozQUJZ7lRXkWnouC6HP_MwIFWDltHvauQ67ctw4ldlTGkCNitAFVh2Pq3AMHV3WtDj1yToYeY7zply7ZE8RnQ== | https://vertexaisearch.cloud.google.com/grounding-api-redirect/AUZIYQEPP7MI6hyPpD2FsD13hyrS9PM-qDhWnEB2XT2voqPKsy2ZOjR3wBhbRm8yZelEDNip41Si2PdXpYOdRc4KHFKysVHOFIejTrwc0hyZdFybmpSEv_1MZ8gO7XfAfI43LAjco6WEe3spmeW_Ow==,No record of 'WaterColor RV Resort' exists. WaterColor is a master-planned residential resort community where RV parking is prohibited. The listing appears to be fabricated or confused with 30A Luxury RV Resort or Camp WaterColor.,
Shady Rest RV Park |  |  | false | true,Shady Rest RV Park,,false,true,false,,,,,,,,,,,,,,,cannot_confirm,low,https://vertexaisearch.cloud.google.com/grounding-api-redirect/AUZIYQH_4Z8ieq2RGuJCxmVmirGtbZ2-ZnP6Hgw4R95jg-GoZ4jHzHgg-UKELlOXmPM_J_YRqRfndHKzZ71KoVKaOufiwLS-DXO_WDQ90rXREfQeUS4O82k7ImaxcYFZDBcwkAlvWa4G9NpSIAMbCNuA1fHunsNGdHJFiMvWTTpM9rFj0kXkNSSsqInDHs_6gs2oMRkLkIviPmgYxHKfTSzg1ecZFO7K6x2OV8A0kj8LShCw8y7Z_5XXbyk2J0raFIMuHn-jyKci7IFZg-9w23_al-w= | https://vertexaisearch.cloud.google.com/grounding-api-redirect/AUZIYQGkIv2-pSE1coSr520zXUq8WvcqhUKU2K6FXbVjMDBlba0PYJa86p2ZPpoLJxdpPFkilf3b6F1tgu4NCvzNOAk7Aud4agXQzC3Bbr61omb6xZW5OlegHL-2YAjabQL1OO-CDeQsgpTBwJ4OZyZf7tXWs0zzrgkJ2sFUU1NTfhiRKT4ASe0Z4SbZZDRn | https://vertexaisearch.cloud.google.com/grounding-api-redirect/AUZIYQH7978XFD5riX_3D4IWek4LXKf0ylWDi1t0FJ2SC1_WLNOh4kv3NfEpWr0jh0PJaV-DsNU58jcnJsiV-LyHdwJML9qj8CEC7a30iQ47C_jhkjzb6XTu6vprqRLHOymNNySz-xeiPqRD9cvdOBX4LRmQP3HfhNM=,Could not confirm any RV park or campground operating under the name 'Shady Rest RV Park' along 30A or anywhere in South Walton County.,
Gulf Pines RV Resort |  |  | false | true,Gulf Pines RV Resort,,false,true,false,,,,,,,,,,,,,,,cannot_confirm,high,https://www.visitflorida.com/listing/miltongulf-pines-koa/13768/ | https://unhitchedrv.com/locations/milton/ | https://vertexaisearch.cloud.google.com/grounding-api-redirect/AUZIYQGEkqmqrDcEFXjNmp9gqwibUPM556bgjNF4OJvetpCkwssDi-Pkl4FVnzq4888xwgRx_f5qUQ-GiAKTEqUS5FDeJWOOa29MyplX2kRb700Xdfx_giNbjtidRbcb4G1ZATPpqdBl9buappd_ajzW4f5QGPf92431 | https://vertexaisearch.cloud.google.com/grounding-api-redirect/AUZIYQEVkbM2oBh8AhWOwm2bwoZUZzCIx3ssdE56jA4HqJFe9vytSV_fedBCllzepj4FHq2uilCm0sRtbOh4Py61C-8zLpN64uInZlxkKCS_rbyXf_KG_OsoXK8C | https://vertexaisearch.cloud.google.com/grounding-api-redirect/AUZIYQG3359OkMhxCzp4CW3XwI4XtXjEh29IjW7n1ZR9T8T2lcaOg1oLaI9wCHcudVnx6wr3hW0Yk85aWCrthnOuhpFGhAa4mehX2mtgGffAfRcYfFe4OIQzP2MVuAemX1jeE4gsZbb1TlUKgDkse02Zx_h0DvetF1XGCYjvb2aFPX64JBlO7jiVCY-uoprOgf72ia8rchhBSCitdYVV3H9F3zQgINkeh5Hx0oozNS5tG69wB2aCgrJHyQ0ojOMs3httGYSOcqQIY9WH1tUtN3nNTQ==,"No business named Gulf Pines RV Resort operates in the South Walton / 30A area. The matching RV park is located over 40 miles away in Milton, Florida (Santa Rosa County).",
Destin RV Beach Resort |  |  | false | true,Destin RV Beach Resort,,false,true,false,Santa Rosa Beach,Santa Rosa Beach / Greater 30A,Campgrounds & RV Parks,property_management | pet_friendly | jewelry | swimwear | art | pet_accessories | sporting_goods | bike_rentals,"Destin RV Beach Resort is a gated RV park in Miramar Beach featuring 36 full-hookup concrete pads, private beach access, a heated pool, and rental condos.","Destin RV Beach Resort offers luxury RV camping and vacation rental accommodations situated just steps from the Gulf in Miramar Beach. The gated property features 36 concrete pads with private patios and full 30- and 50-amp hookups, along with on-site rental condos. Guests enjoy resort amenities including private beach access, a heated swimming pool, laundry facilities, a general store, Wi-Fi, and on-site bike and golf cart rentals.",Destin RV Beach Resort | Miramar Beach RV Park & Condos,"Plan your stay at Destin RV Beach Resort in Miramar Beach, featuring full-hookup RV sites, heated pool, private beach access, and on-site condos.","Destin RV Beach Resort, Miramar Beach RV park, South Walton campgrounds, RV camping Santa Rosa Beach, 30A RV resort","362 Miramar Beach Dr, Miramar Beach, FL 32550",(850) 837-3529,https://www.destinrvresort.com/,,,exists,high,https://www.destinrvresort.com/ | https://www.roverpass.com/c/destin-rv-beach-resort-miramar-beach-fl/ | https://thedyrt.com/camping/florida/destin-rv-beach-resort | https://vertexaisearch.cloud.google.com/grounding-api-redirect/AUZIYQEPi9hK7mkmzIkO1-OkIE_nclSwy8rtg0QxEcKJHh1EgzwvJgeJV7KfZ9Zpp4kq9_0zhOIMFhB_pwz4vKogRwpdiWFTVAs-Nz3s8alV_p9lMOIzSiKM | https://vertexaisearch.cloud.google.com/grounding-api-redirect/AUZIYQE-LfrEkdBAyNY4yUCLkt5l6XB3tvm7r4Zqy8PZdzuUq0sagKD7zLFm6ETKtTMXcVaby1Cgsl6NiSKUVI_m-d0G6-UOMqRuC84ghwjth5_5ylvCQo1yg_Mf8Bhww0fJ6bZj3v7jdwnmPT3kv24yrNTTzXnfigzXYvO7zBgiObnmts83GqLTCA== | https://vertexaisearch.cloud.google.com/grounding-api-redirect/AUZIYQH7owvPrFC7mcdn2FQtQHNuhGyAjP5LofSmy5q9IRWFsz7ZI6A2fwWOtn6rIjK7YJ9YwDwrh5kGQfJrk-HKOt6uF_Imt1XbJK5YW-b9iPsPauJjELAyk62ojy0wuInUiw== | https://vertexaisearch.cloud.google.com/grounding-api-redirect/AUZIYQE93mGuzTIQKo4GE6G06BIPrsI8_ulLNH5lEEGBnl4QwS0LZoalT9EaBO97ROqmUHneBBnanD7qjdu3Qdf5fKpIuNwTbjbDzuOkxn6djGjMod5_FXm_ZfOhNzU57Oz-K0WlOTSO0FGWyCAxeInC3DpejiOHWrgmBRB1enjA | https://vertexaisearch.cloud.google.com/grounding-api-redirect/AUZIYQFct_m0jh-0lRfG6I6r_pPouZcRVl0bS1Tvw-DiceHXe6WZYLXvC8zXtlpycoJagOjqR45O5KDJ7b1GyezbENJZtBDKa7i0SRwic12SNjYRvJX4iTYsI4ou2d1sWB-7eMbd | https://vertexaisearch.cloud.google.com/grounding-api-redirect/AUZIYQFfVCurdY8xou8tuZ0RxmWNJ46OBxJpxtazONrzFT5ZCI-_juCViMqoovJMrAzm6kv9miCa75oeaD997TwDs4gR0SRV02qmUZW3X0nZZlCMmY0X_bQXpdKok5F172QUw4Swk96_YwhJXQJMgJeGe9dX5dULY3TAXjgwow== | https://vertexaisearch.cloud.google.com/grounding-api-redirect/AUZIYQG_PsEmQPE7xoevy3zPMcVIoDalRhilCX2bE7IAfeNGvXl8Wm5bv0LqPtpjXaXX0Lu6Tcieq3WQ_75YlN1jmTDu5ofGaIPEkKwx63sOtt82nN9AU9-32cQClHtHMFwv-J3V9rimIXUT9UM1XMnmaBmjFPPNbtXYGe2tz5FOY_j01l0= | https://vertexaisearch.cloud.google.com/grounding-api-redirect/AUZIYQGG2FfUlOHF0VAaSnLmQoHl4vqEi3guSNFVfCSdxkpRgt1rlOWc1M65hRQUlW42olMN-KkgUKPjOlZnOxZFxulQHkwPKv31_x8A-7MOeLlITq_jddShKVi9rt5lHoegrW5EcjgeVwwwv1Tat3EPb3-l | https://vertexaisearch.cloud.google.com/grounding-api-redirect/AUZIYQF0YRuwFxuJzd6AMWSSGKodpHVBQhxQdZEUXc34_kpxSwN83uXoeP85bp7lfvgeJmwOFx4z4kJfHvjqIBilU2bas4qu759m2LB7IWMq91G0gC9qU6c26xeR1tC6ZT3NEjiUQi3bocKTxo4pQlItFK19HTqBsnv0cqi9d-WyGyqsRDI32LOScUxAJd1Why7UsPaVXA==,Located in Miramar Beach within Walton County.,RV park | campground | RV camping | beach access | heated pool | vacation rentals | golf cart rentals | pet friendly | gated community
Alys Beach RV Park | Alys Beach |  | true | false,Alys Beach RV Park,,true,false,false,Alys Beach,,,,,,,,,,,,,,cannot_confirm,high,https://vertexaisearch.cloud.google.com/grounding-api-redirect/AUZIYQHlpL_oBg1hCxLZCqlOKUqCwN02vEtyq6hbTyAXJoXozdcHGXQ-AOhkPmhKZ9aPTDHV8aflTFQh8mnXqa4uBgeQQ9KFBI2L5teZovEQ | https://vertexaisearch.cloud.google.com/grounding-api-redirect/AUZIYQEn8qgMI0v7RX3YKc5xstHyYMMNoyBBzqOHOI9U95MVv5c-YlH0gXvGvAsQMgm_HGoZBFpRcs1F2-6e1E87XTpESXsqNZsi4Gbi8qhyy6egqGvrPrdBhgAGRUgSsS6V-Z9BTyZlImHhn4KS8IqFu254JjrulqCtBRsbrvKoKXh6WkxuGydcjQ== | https://vertexaisearch.cloud.google.com/grounding-api-redirect/AUZIYQEhf0puJvS_cLkymGcxPmk08XqVMlJbLtilbevbYZs41E0EDswvphi4xnh4Ib9chUg8YgOQGNUEJnNjo8gHGhgwPm7DlSjsakCUvX0ZIVjdsCVf-hJU7qFulwFup34EMg== | https://vertexaisearch.cloud.google.com/grounding-api-redirect/AUZIYQGQQKMeCcQG4gutY3jDnC7DEmMy4j9cyprlu2FVXQLxnYvfgVMwv6oCuSU3BOyfgK5wA-MJ65giGPHFPGoI2jVBCINLgap5jQRomHmxt44=,No record of an RV park or campground operating under the name Alys Beach RV Park. Alys Beach is an upscale master-planned residential community.,
Blue Mountain Beach RV Park | Blue Mountain Beach |  | true | false,Blue Mountain Beach RV Park,,true,false,false,Blue Mountain Beach,,,,,,,,,,,,,,cannot_confirm,low,https://vertexaisearch.cloud.google.com/grounding-api-redirect/AUZIYQEq2LCc38h2X9SJdJJXqyXFCcdtHjn-kGT9V2CaxoaVF-qgS5Yv1dwMKEXlC-bkvwLKdbMH_Mqc4RJNr1hc8iRhgFOKXKzRBCfsAXI7sZDrB28CO0H-YMU= | https://vertexaisearch.cloud.google.com/grounding-api-redirect/AUZIYQFSjgXOHgzWwdZsU2lr48ku7nIUxOosd2c0VLfXwmiEP1JRLn7Zj2ZLHNjrKV6ruqE2cK3zTcm97Ne9Z0aVZ4mhB3bMtw2wvzadEfgI74tGJ3R4sY8zTVVPoNPjs9VGlI0pK9uh-CZhSHYuOON_CTsfEAtBsiVo6Fp8pFQ= | https://vertexaisearch.cloud.google.com/grounding-api-redirect/AUZIYQEL09mpLZySL44OQfViEsIr95pID7VB7efuls1wFMWVxbMZEqOd0qAMzpp9-cdEtDrqzg9PknrHFGmE0UgjHVDqiYDWYY1hS1OhzxK__FV5ENFzNC4= | https://vertexaisearch.cloud.google.com/grounding-api-redirect/AUZIYQH3BHHsAbM1TWi48Xx9Hj1oF0nJfTVHGWBJlxGJ4SHV0WY4KNX1TU-WNUsZrGd7RmuuV95e4qeElEjh1pqHFb_DUg6uTP0ITIfszt3KTsJUtzY=,"No record of a business named Blue Mountain Beach RV Park exists in Blue Mountain Beach or Walton County, Florida.",
30A Rent A Car | Santa Rosa Beach |  | true | false,30A Rent A Car,,true,false,false,Santa Rosa Beach,,,,,,,,,,,,,,cannot_confirm,low,https://vertexaisearch.cloud.google.com/grounding-api-redirect/AUZIYQG9pACmX2oPT9AzOlFcMfFTCotwlqXJqxhl4oAGNnENLTFLer_UXVhpx416-3XBoOpkxP9-tZjQI6JjqhiSt0_-59rznwcSeOh9Pw== | https://vertexaisearch.cloud.google.com/grounding-api-redirect/AUZIYQFDWgM8kVjIeqyERVGakLSwefZZwsBxr9vpXclEJ0vCCk-BCjCb_TQlQXdbF4v4CpjmNgpSTF4_D31Jm5QyyrWv_FZJtlrkhYIdhb_3IPiC9CwPqB94Y07Yy1QRDzwuPOO_TFqeAcDmcFxbgAVEQ9rgfU8kply6heApZD7uvw==,"No official business entity, storefront, or active operating website was found under the name '30A Rent A Car' in Santa Rosa Beach or Walton County.",
Emerald Coast Rent A Car |  |  | false | true,Emerald Coast Rent A Car,,false,true,false,,,,,,,,,,,,,,,cannot_confirm,low,https://vertexaisearch.cloud.google.com/grounding-api-redirect/AUZIYQG8uYCn3FrpwpGV56h6XGmmJxSWBsZaVzsnqDubCRq-mhyGpJw5pTlkeL0Cxi_buhHbTcPSp89WJzfA0VT4ju6TrSGZXQIlU9jl24zGc0wKl7fo8PsvDCD2JX_U5A==,No verifiable business named Emerald Coast Rent A Car operates within the 30A or South Walton coverage area.,
Destin Rent A Car |  |  | false | true,Destin Rent A Car,,false,true,false,Sandestin,,Car Rental,transportation,"Destin Rent A Car provides rental vehicles, passenger vans, and SUVs with delivery options across the South Walton and 30A coastal corridor.","Destin Rent A Car offers local vehicle rental solutions for visitors and residents throughout the Emerald Coast and South Walton. Their rental fleet features full-size SUVs, sedans, passenger vans, and cargo vehicles designed for family vacations, airport transfers, and group travel. With contactless booking and drop-off flexibility across local communities, the service makes getting around the 30A region straightforward.",Destin Rent A Car | Car Rentals in South Walton & 30A,"Rent sedans, SUVs, and passenger vans along the Emerald Coast with Destin Rent A Car. Convenient vehicle rentals and airport delivery for 30A trips.","Destin Rent A Car, car rental Sandestin, 30A car rentals, SUV rental Miramar Beach, passenger van rental Destin","80 Seascape Dr, Miramar Beach, FL 32550",(850) 629-9209,https://destinrentacar.com/,,,exists,high,https://destinrentacar.com | https://search.sunbiz.org/Inquiry/CorporationSearch/SearchResultDetail?inquirytype=EntityName&directionType=Initial&searchNameOrder=DESTINRENTACAR%20L220002355580&aggregateId=flal-l22000235558-45e054cf-e48f-4ae8-b0bf-b586e3f5ce62 | https://vertexaisearch.cloud.google.com/grounding-api-redirect/AUZIYQE3X2QSuldOJ-zT4PRz9i43xBbTIsZTFVwFFx4uZOV2c-OgkRLjamlnT96QzTBv2qqAkN1FUDKanvTiq7YZrwe_BOCIkYMFjYPTXalMurvvMCqjVrtG | https://vertexaisearch.cloud.google.com/grounding-api-redirect/AUZIYQGk-HD_DN-mi-iYRssacRKmQHa8xp0Wqh1Krc-qBprAFwIN4lA3gRRjgglj7K6AKyBf6U7aRb3_X9Agk4QB7QlPadHir1rDhjq8xy3DjQ2pPdU_vBZw6TQryRR3wGNTAtOdzVNU_9ED0RGsk301V58rsWYyx_lxbtivJO_TqAqq8LUp-C3ErRstchP1nA8_4xV3gnGRFN31hDKl7JILfIxVuuqwwVt_aG9IHnuXfqNWmAyLlE0BQRet1cBa5GeENuRjR1M1KN_4q3V4gS3YS9surkKTiF55BCYFW11eRaUsnHkrciGzaeuZsNU8nKhgVfHo2Ai6WrMVrAubhqvAK54SQRjXSWz1i6GnGz-ltw8VERwenwAz_zVZ2agm8VcknpiUiIFpWXVhxXl_fEjx6gSFniyz2Rqzow5-NLi2lCxWtcwhZFu28j8Ouy2nEErE-wqyzxPpXqKXkRrgV58CweRr-KlDI8D4w-8Aunore0I= | https://vertexaisearch.cloud.google.com/grounding-api-redirect/AUZIYQHXGfGksxijcAFtafjERWtZ1sCszpbjQl7YRJiWo60xepUPZr4rYuEZpkHTLq_vL9i4I8uz1KSYeDzTNz4si-USNBZN8HSZ6XjCMTTU55LNNA8Pile3667H | https://vertexaisearch.cloud.google.com/grounding-api-redirect/AUZIYQETagWOxeLGBubeA_5R_yzOwXFRdpTJKgtqCzzyP9SoGqz_w2sfhJrVWV_eRMGfv0p1409ER8hvh7PaEt6R_NR0BnLQud41PgHOgZATDn1VmdV8EgdhFj8H9SxZYGq1ZvYclUqD5KjTmMD1N0EguQZmPiQucTg= | https://vertexaisearch.cloud.google.com/grounding-api-redirect/AUZIYQG3H7Kpjx6AMuVYk4ycm-HblRkZhMC_8S4Y41FPcsvIjVU5BQJVuCR7c0O7T5FyEMhXR3MD7azq7pK8ZJfBqWgNxCP4AmQ4e50M7aF2WhYIpK-tRTZ5,Located at Seascape Resort in Miramar Beach / Sandestin area with delivery service covering regional airports and 30A towns.,car rental | suv rental | passenger vans | airport delivery | transportation | vehicle hire
Miramar Beach Rent A Car |  |  | false | true,Miramar Beach Rent A Car,,false,true,false,,,,,,,,,,,,,,,cannot_confirm,low,https://vertexaisearch.cloud.google.com/grounding-api-redirect/AUZIYQHtUKg8EdXpPCOxQMdhQllqakKLefKGNxJFZ1N_v_53SA3L2e_vxkrq93VLHQIMjuUsRjsO8Fn0YC0iBBjiNNGioQRx4J9HyrY7C98kyzwh3lQu1XHtkMhSAMWCmnMja8Gzmr_rnPnDNtal5--gSKhONWr_OiRm-gdjvzoMqTKY7Zq0kJg= | https://vertexaisearch.cloud.google.com/grounding-api-redirect/AUZIYQHnMwsTXmOg-Zcb7NHSH2E3AjwFKTt_drc_e4UE0qhOyhfS69hai3F_gP6RpGGf2m_CxHzmy3YAcpNlQqrd7C70_q2HpnlOD_EOfOosv5Y0OWh0E8iuxxLjLq8GODJ9MS63bsitLqiMIC4DIMvkNxbn4L8XXkKseY6WosoGX5Q3hJx7C-8PAkG7Tmw0jz5QU0g= | https://vertexaisearch.cloud.google.com/grounding-api-redirect/AUZIYQHIEtnqAbq_KUtA7jHWa4ztla-QOyxuOMV_uJ5MFktH1hxuo1zLCPv8mW9f6-8OJp6gWLCNjxCOynngKNIBksiCPJEEUYJDwoqgVjB8fV_KjBKId-vs3vRgAi1HjYo9jI-TvrjnP1xWU_fSJF4oX6uCzlj0uegF3xFTPA==,No business by the name 'Miramar Beach Rent A Car' could be confirmed in Miramar Beach or South Walton / 30A.,
Beachside Car Rentals | Seagrove Beach |  | true | false,Beachside Car Rentals,,true,false,false,Seagrove Beach,,,,,,,,,,,,,,cannot_confirm,low,https://vertexaisearch.cloud.google.com/grounding-api-redirect/AUZIYQFYKBZhJ5lY-i_8xmzCAiSzvyEnMvLACwd0q1AzMfMwyMuG6iVQhvFvQVfJLnDCeUIViCxnC0G5T6Dt7du6pswDQoxZxEFTSUCzv275atvTlwCJIV6l32DkyNE-KJXPxJ-d5h7SvjyMAMMOsrf066QuNgEyhby-TYGoJSFUnQ== | https://vertexaisearch.cloud.google.com/grounding-api-redirect/AUZIYQHJekvpx4RAg0EmWu4Usj8NX0CoDWqUF__yXp49y-T87j4kbfdozGcQxV2bSm_ivn3wv2VDhPcm5mU5HfW-8V0pb1bn2RdzJSivlu58PC-kEdTJR9fLxGVvSExUo53sKABITzZl7qWeFpdSi1AE4u0f7wqZm9CLRl8JKdnqmBuC7av6V0Cmp-jr,"No public business records, local directory listings, or state entity registrations were found for Beachside Car Rentals in Seagrove Beach or South Walton.",
South Walton Car Rentals |  |  | false | true,South Walton Car Rentals,,false,true,false,,,,,,,,,,,,,,,cannot_confirm,high,https://vertexaisearch.cloud.google.com/grounding-api-redirect/AUZIYQEdlWcm52h-kucCY6y64zlpjAlwPKtGj6VV12SZdkTQAM_ameYzxi_7Hbv3p0s-_6wQu2frKesxUjsXFd9Sy834T7Omz9H4WX85SRHlb_R8n2JaSPM1EdOeI4F0YfzLeL15ibRzP2hQquUepsFCTPD_uf_Y4j-JOSQKC8Zf9NlQoA3HS1UgirvBU-QczGT6oxMaVGg= | https://vertexaisearch.cloud.google.com/grounding-api-redirect/AUZIYQFNY25miWfGYPKLViMK8GwuFl1ILBYIDHKn0ngfvd4uSTHDvUKWdo8QhZEhTo5v1XwUAE3_qJOwUz0iTVbXui_w0oa0HVIpeZd6V7Z2zt-j3pdQDgOgeTbUEv1-YLKQ2BRhYfXhYT_mT4GW9aoW_R1tgnHgaAOZzSXpD--2ZaUNzEc= | https://vertexaisearch.cloud.google.com/grounding-api-redirect/AUZIYQH2btUuaT4eJTZiiWXdSsrQ1uCMT4vly2oevoQMVE1i3Fs6E0BczGL7Tp61RAMQIu-9_1uXgAnuXvkUSdD5TmgyN6a5vS5CN_29AmVpSn8I6ou08-cHUcwbaAUsre_YwXCWL92aDlRt7M4ZX6Kl1y0qMH6QeKL0ktSLPzPxwMs6tNfQWg==,Unable to confirm any legitimate standalone business under the name 'South Walton Car Rentals'. The phrase appears exclusively as a generic aggregator search page term on travel booking portals.,
Coastal Car Rentals |  |  | false | true,Coastal Car Rentals,,false,true,false,,,,,,,,,,,,,,,cannot_confirm,low,https://vertexaisearch.cloud.google.com/grounding-api-redirect/AUZIYQE5fGCbwgWEjtUK0efc-bsvR4ZQiA8djKalP8M3G8bCzt9toG_39h06H1xvPB3Vbfoq-f_spyEhYQTUWbfQ0Me6p-_WfTpocJtjTrmPuEojtPy1jZ1vnwzAyR4yyG285i9zWE-oNyit9q8owpYZq_saHsPCd2xhXouA7QTY4TAJEtdKJNxKcrhvWCReerk-N80IeeYr0pOoww3CywkhhPFJhlRWDHfzr2r1q8HsuCHXeJPKc00OUTzPipcwqwQJqgKVUePeTseEn2qpMNg_eFar5bn7HyYSkDXP8uPXEs_1FVm3c4ACT1P0f_oQ0yCw0JrKey-q7jxa_iQFyejmIs4b1Zm2PLHCf4MxQoNOMOFumY49CbY08ZcvqdoqFQ9d2yeZQo2wT-2QIsgqkMlKiMq8EV52wNHidtWOB4bKbuWOXPkolN0FHUKoSt51owrNZPtLpiAgmhDNJOnLaDeF3OOeInkZmguwuZ7Rh74a0tVplcAgjzlynpWhCyV-zOmM,No record of an operating business by this name in the 30A / South Walton market.,
Luxury Ride Rentals |  |  | false | true,Luxury Ride Rentals,,false,true,false,,,,,,,,,,,,,,,cannot_confirm,low,https://vertexaisearch.cloud.google.com/grounding-api-redirect/AUZIYQHopysjsbkUyZEuy0LhPZJPD3VxBHmDOToWuqmNevx52986GBdyjljga2pt2a-9g1B7KFiEYAKuAjC4wz13slZO4eUVc2ggpolghhpzCFWHDdHLC_iwBOiZdhkXBg2G7ubATfauoXgXkdPaImYWudcZiKm2bQ== | https://vertexaisearch.cloud.google.com/grounding-api-redirect/AUZIYQGH_8cZMT1E3WLbbARPwTufSmdKXVrtxTj6pGU6L_WKpWTtGE7VT6Go-wnhEfmARJrkcCAhHt1YZM2I_jt8D4nxwQQzi-QMX08WoNceJNWbpEmblrO1tMYIVhl7j3Y42LVLHOqfnuTn_FBhF7LS1BQgc62u2NH76oOQtRKU_KdcTRKQmNr0vOaZsooBrgjXO93RdAc4bN2UmkEi8RIKjKBzI_FcLp-abFCLhtvIX8XYzvvufCtCsigMgnkvajsdse5OJtU=,No record of a business named Luxury Ride Rentals operating in South Walton or the 30A corridor could be found.,
Gulf Coast Car Rentals |  |  | false | true,Gulf Coast Car Rentals,,false,true,false,,,,,,,,,,,,,,,cannot_confirm,low,https://search.sunbiz.org/Inquiry/CorporationSearch/SearchResultDetail?inquirytype=EntityName&directionType=Initial&searchNameOrder=GULFCOASTCARRENTAL%20L130001225670&aggregateId=flal-l13000122567-cff11317-062e-40da-9e2c-29367732a321&searchTerm=Gulf%20Coast%20Car%20Rental&listBarcodeOrder=GULFCOASTCARRENTAL%20L130001225670 | https://vertexaisearch.cloud.google.com/grounding-api-redirect/AUZIYQFHlctFTrc-eZZUvOa0XHun0vbFtp0v-GJrTD3NhGkmRC91XNzLutVcxCWZ3yoB9akCiZ4TDSSZTr3RQ1E2QmtkJDYZrAKwIyHmyHmfQ7LY3hA6Tx-udBlTcnRr-jipclrmWa6iR7BAm7ubzrOCed4HJn8zqmJnZxL70KijaCLcB1c= | https://vertexaisearch.cloud.google.com/grounding-api-redirect/AUZIYQFUUdVHsiAKF4qjSWvLpAjH_-NrquvYNG8rdObPrT7WjIMh5VLLE680qItEYNi8ywCWWZAPc8inyBsNCz111_K_MUwSVyaKz0qWDmBmNFXj9RGJZg2Sz8mF7IOKSEhpb7aHye0hz_zgeorGJQAQbQvospTVGYCceGN5S2qHzAbIYSrfa4feLjY3Ddrzp2F26JXvO16FUUPG39TwEXoeCKkgcOmdFYuk | https://vertexaisearch.cloud.google.com/grounding-api-redirect/AUZIYQHHUDEuFKERjPPHDx-bULyEec-mozPtqvg2oQJuJw9X9VJTWpn8D0hYzj5R48gitGCUH2P4q0QGCNgoAZamqFDhgcuuv0Nq0J8y7JbFma_Ek0MnVQ8lAW1E1GMiV4AaXU0bzv9e4T7h_y-1N8TIWEbs4UOpt0wN7-LV83mESlWXca3e_VDjobdR51WT7ywY5uB-j_wEC_3FqVtOnSNLtE_wCfqjFtDB9iLwP00Z6sCgGJlEL1SZVKXLWQJvtFLcb5zdALqHdKjHckRbOrMb02X33pThw9Hx1XaQusBFyoRDLEET7mQ_dl-o8tGxtDxUgvwwLJv2gfZSOrOE0ujPSiVwgDhkF_j2HavyNZN19P1z7dr4ocZmLOxcKxArvzsupKEi9VW5ajwCfWlk8zQbesOpW5Unq6RyG0UvKj0D3llASTpjntlnW4inuWCed_R5nUs15kxbnw==,No local business operating under the name 'Gulf Coast Car Rentals' could be confirmed in the 30A or South Walton area; results represent generic OTA car rental aggregator terms.,
Sunshine Car Rentals | Santa Rosa Beach |  | true | false,Sunshine Car Rentals,,true,false,false,Santa Rosa Beach,,,,,,,,,,,,,,cannot_confirm,low,https://vertexaisearch.cloud.google.com/grounding-api-redirect/AUZIYQFunlXBYqLhBnOG3iNyp2KEG3WYKycyGIHmug_KV-GOK3U4gUgwa4029wq4W4d1KUAaaIKIiVXed8IcolWpKT3mAC8zXbD83V3MhghqwKtfPEGp1FOS1pi3k0r-goSLulhB7NjAOsFESgI8lsYwJsPGeyxYnAtm | https://vertexaisearch.cloud.google.com/grounding-api-redirect/AUZIYQGiHsD6fZK7qVAdyJzc-pzVdB2qqmx8SFO6R_53q8YnTYsYcMGY9REVLVCVAFu87oYcOeIOL4YMnWxsecMid-qy8uMcEWl6NePEHQ98Km5W8Jiepqqu8mSw_RPgdKKgiwvCX6xQlR4qEjxFd852zjTGPDU59oxDY2nLN7nIlwUpwZ_gO2h8XdOthXsiZDqqic_9G6aPjmkrTj174Sj3Eve-qA2ZBU3HzIF1zLQHsN_F7xMWcy0s0b3gCRG9xG4= | https://vertexaisearch.cloud.google.com/grounding-api-redirect/AUZIYQG25ENlkOAusTi3V2BOSkEfAI24I5imC8ZnJB_bJM26Gy33RzJY9V7CHy9XqcxaH9kPOL5hCs73xy96mzCRonL8CO8dUk1VajeoTwxHbEPgVNUp6oV1jtJVgA0JSdPE8Hroenmi0C6xWzQ_9EYLeNuXh4EqIPU2mJhrxlFyYq7viTwNtLDhiz1KMT-sVR2Ch4HS88hQ7pNF2ZhiNRzByxZ3KclbIke1mGTHkCa4fG6x6Yq_g92my6PVkF6KxBxQcY0flch6Eb-WUS0-HUobzDixTE_OK-KQtqaNZc1O4Em2Sp0xPRKqtYRmoYKqEXudiU0t4ZUV7BzaBVZmESF7m2oDN1GmEzN-5n9okp182uw3J4L0sg_y2nyY0YBKU6bKa4hrGR-v4PMPjyh_XZEmSRgKlR4sSwEJmkQgU37P8fY0apr1XJ1QpfcMfpvuFOt2ai-z_8Q=,No matching commercial car rental operation or corporate entity named Sunshine Car Rentals found in Santa Rosa Beach or the 30A/South Walton area.,
Seaside Car Rentals | Seaside |  | true | false,Seaside Car Rentals,,true,false,false,Seaside,,,,,,,,,,,,,,cannot_confirm,high,https://search.sunbiz.org/Inquiry/CorporationSearch/ByName | https://vertexaisearch.cloud.google.com/grounding-api-redirect/AUZIYQFDFSvC7Y9Iop4SKwWd5tYkJ9Z6wrAr44uKVGgxULPM5AqoaEk7-Pl4WOL22iV2OUIRSA6hb71b8eqooIvknKE1K8bd_3sjJ3mPQo4YOMXJ1ulOT8EKDS74Iw5-4yJewhAXxP5gquM6rm1op5rcAFQzW1IUkoyaZtBaF2GSSLDia3KZuFlMqrAEfljgafIaE1TYKiZfDSzRoPS1LbtQz99MAsHAoHJeAg== | https://vertexaisearch.cloud.google.com/grounding-api-redirect/AUZIYQHsCiyXmtf0gB1IFOMSEt-qYgr9ZaXtB-8An0dsfMj_Bge2RzC9-Mit6VrEnsiNJ6RRnPRsmoCfwVy7aNsYWVWD5pgRlpMT-fI3zkGuWCGfUegucvx9mVtqjOQYxQCu135Qp5yRXpftA0xkKl67r_2BiG3N | https://vertexaisearch.cloud.google.com/grounding-api-redirect/AUZIYQGcqlgT_rca1MZxMThhdf7JT-YidHUvZedwh2dh-DcJUJEOFYW3yMQvroxMJ-0YWwQqc61A2Xy8J9DZfXAPWcOD3unnZLDeUFhEcsXZVxYmTaPt-XUBspg9et1gFoeTi0h48WcLZ32Lm8SiaOuspqXM73Ddkzn1VGyJ86ub | https://vertexaisearch.cloud.google.com/grounding-api-redirect/AUZIYQH2pr2mwYkFnp5syPWTmH-CYujuqMGr4f1ORrwn0SQw9KkLI2RWCbUVrsKtGzjLaMvYClWhZ8HZlejPsFLe6g3DzDhBCAlWgbj-Am584nYQFzJ822JJPPn1Y5K68TqbsGkH5IjVMyddGQjYYue7OfcmG4DHYSj3io-WteZOaskOzw==,"Could not confirm a real, operating local business named Seaside Car Rentals in Seaside or the 30A corridor. Mentions online consist of generic travel aggregator landing pages and inactive business registrations.",
Blue Mountain Car Rentals | Blue Mountain Beach |  | true | false,Blue Mountain Car Rentals,,true,false,false,Blue Mountain Beach,,,,,,,,,,,,,,cannot_confirm,low,https://vertexaisearch.cloud.google.com/grounding-api-redirect/AUZIYQHWHhi7V97XiCwItSFmzfjsruutor0OgQeC85far290xko2evwEmchfzOjLNJIzOGS4HAFr4--33AZLMLMIYHqAKLX6Be3fsBOH81VHQ7J4CYSPe_V80aekzuXtrkf1e1_AbURhEsg50SMyAiTTrKkgIP5w6mNv8xGSQlxB7lH3hPlt9FaZ9nPi | https://vertexaisearch.cloud.google.com/grounding-api-redirect/AUZIYQHlTDwxCvbmFF4ZPRrPI_4tA06oKMLH4Myw3gMlWpoAv7CMYTANCABGsADXiuh5FCZVG25ZwCB3a4QBlap9IQNbqz80ds03HMLWAsx6mxv76rEPu9f_v9e3OtglxiaZwCOI852ZPIqBVyu1wbCDfdVUgfzHQvrBtWX4HFunqUZXypvX9CANifgdmaUe_QHm2pUtOA== | https://vertexaisearch.cloud.google.com/grounding-api-redirect/AUZIYQHfDIkF06FDtHYcTjtJYoSqeBjbpvZFN9wp3JYqYdDldoOeOuzK7jWWBLcggT2-mMcH4uGknhxn5f8pQSTDeJySJSwPIYnvFYxB_wQZNFRBnY5DdVQgmJdFmTJaixTRWL4E893IEimQAMFzt7VGpuFZJgF5TK8RIZsw0f-adVGJKOiyCjjhf4bmZMiflK5WRP55DmLkNioD7SU=,No matching business found in Blue Mountain Beach or the greater South Walton / 30A area. Listing appears to be fictitious or an automated aggregator artifact.,
Rent 30A Cars |  |  | false | true,Rent 30A Cars,,false,true,false,,,,,,,,,,,,,,,cannot_confirm,low,https://vertexaisearch.cloud.google.com/grounding-api-redirect/AUZIYQEAX7NIP75NVm1QI5JJ7DypBNiKfX3ykd0miu6SDvQdWv8hrkTrYwHg9uUSIKlN-X3BypqvapQ0aA0_Ye5gDxae3ulf3FvwE78e-rsw0L90pF4b2Wksj8P7QyPT2LPB7X4m18uWHmY6Szqi0s8RGxWWdeFH2OBX496EpvTLEeKlVk-E_9_BcvWBJzA4I3zI0cuLQA== | https://vertexaisearch.cloud.google.com/grounding-api-redirect/AUZIYQEWkBkusZLVxig-jY5GJCqgOuqduqZFGlUBfP9UDnxmyKO3g7Wxdfjn6FvINQlQVbI-LAFAZM4PUsoGih-M2eGr5kXpB2ei2yQGRh5JJInz71XF5ZgUwzpdkXR6mrL1H7MYABj9LzzaE6C3Ceb6,"No matching business records, Florida corporate registrations, or local directory presence found for Rent 30A Cars.",
Alys Beach Car Rentals | Alys Beach |  | true | false,Alys Beach Car Rentals,,true,false,false,Alys Beach,,,,,,,,,,,,,,cannot_confirm,high,https://vertexaisearch.cloud.google.com/grounding-api-redirect/AUZIYQFsD27ggpjStG3HaJsx6PV096uaUKU6GfaAT1bhgeIIWJx55ezjd7wDxSDcuC4ssp8R288Apc8xUZUDtaUzpDnq5OaUlD7l2-LsagA= | https://vertexaisearch.cloud.google.com/grounding-api-redirect/AUZIYQEZLYYQGDaE54DyrRcNPIwbWeoW89bHy2ecqrJ4Khs6u7AVTS7WT1MQcJ7H2BO5khasRxSfC6eP_D8pH3wjEZT4fRV9UnB5-81p_592coQMh5H8aYBWjTSlwMO_75sAHg== | https://vertexaisearch.cloud.google.com/grounding-api-redirect/AUZIYQFYB7rooU-gN4YOQuwfROUlBtksl_ntlAHrwR_I7bz7u0u8nC5bHPImmljK7_WsuGpUFUO9020vzbDYQFpyLrcCx5hniU0P1f9WkYVUWZIDnv-cHucqvgGz03_1qWoqit2dIaED_uM9rTgnDqDR5ROfNoPilIEgyMQobeHxWQ3JWFGNJ5KDMqI=,Unable to confirm as a real business entity; query appears to be generated from travel aggregator SEO landing pages rather than a registered local company.,
Destin Luxury Rentals |  |  | false | true,Destin Luxury Rentals,,false,true,false,,,,,,,,,,,,,,,cannot_confirm,low,https://www.destinluxuryrentals.com | https://www.destinluxurybeachrentals.com | https://vertexaisearch.cloud.google.com/grounding-api-redirect/AUZIYQHiifra74wDvbJRvIiEhzkfAgAeX3RI9aR7cf4aRoYS5PFVqFABd61rwTkO0wUnRM4aPLckfgiQFd0-CqRtPV7jcLrE_PkI8Aw7ruOexfXUh3lUGYZYE3slILQ= | https://vertexaisearch.cloud.google.com/grounding-api-redirect/AUZIYQG2kilRedrhvAXHYt5vEswvOrzVptK7yp3cFU9q1IbmfnuSvrHcTOX9CpTr0ItbaZdoBdSIStBLK1QcjrFaOl6lLreuhNxsnMgGLlvRd11EcdiTEUs6YtHSimhP-jIIq5Nu2mSv_d1x5Lte7dEzCzKlWQ2GbwAyzSLIEUyowKu5 | https://vertexaisearch.cloud.google.com/grounding-api-redirect/AUZIYQHuUU1UgsSBrm4ivCatsHgEbGQKUjb43FN5lS_7z77-k4tCCQgJOJO-bBmXmiVLKAW7QGBeKyxzYmGPMh00KzxFT3x9Em5t3nhh28Xay9q4G_dr7F2ad6zgi1hHyKkGVMSa_CVxu_LzQ4dGYk6DAT5EsLlWr6xJgM1x-oQcZagJ | https://vertexaisearch.cloud.google.com/grounding-api-redirect/AUZIYQEf1Q0EwLljN1lEJ6UxYXmihwv_egqNM2uVAY_FSVhLpJzLJJpEhAOK0mpl9fPzOoL7NSeUKsYteoK1OnrAq_32t252hA3QnJxQRM03FUmMQK_8p-SWvPx6u95IgeYt-A==,Cannot confirm as an active business within the 30A / South Walton area. The identified entity is located in Destin (Okaloosa County).,
The Perfect Bite Catering | Santa Rosa Beach |  | true | true,The Perfect Bite Catering,,true,true,false,Santa Rosa Beach,,,,,,,,,,,,,,cannot_confirm,low,https://vertexaisearch.cloud.google.com/grounding-api-redirect/AUZIYQGNj7ANhQ9dz2BLNsxs8U4diunttCU70bUWsbRol-EbPff9MlH0gXlKFbYsXNWFoauKTGA6BicqpcVrExW80do7PcC1jv6I0ek4etCeRLi0BtJJ_nO0fW5-rC5eLnXuDQ== | https://vertexaisearch.cloud.google.com/grounding-api-redirect/AUZIYQEGuf1xjVDvW46mfp5ZeEf2onktMizUDetJPHBOs6W5RBHnWk_nP4lPmqFhN3uqFj4kGU6B8dOfwoD2WI64Ufo0HBFiyROLF4TTJPR8Ld6nydKFkNNCzrg= | https://vertexaisearch.cloud.google.com/grounding-api-redirect/AUZIYQHhEuoTKm6aaddI0Jz-WIXXRXAjg0FivOSJ2avYPhBxXcceWD43kULzFJEhmNeWTnUo0y-kY-x6EW0u2EF5DvXfyk5xdN3dcDPOnhoJQl4O-pBqfA== | https://vertexaisearch.cloud.google.com/grounding-api-redirect/AUZIYQEyi4kKdVd9qsUGeb4eFF7Req1Yieu8hnWNwsF1rdFmDsAOY-s2nTuaeYl22MmBjRxbIsseAZRBgg_7rzSc9AXRHhRez7t3AkDZm7hY0ZERJ9Z2Myb-PTvyauq82dcM3Zl9elxqeHJhiM5YpVwUUWo= | https://vertexaisearch.cloud.google.com/grounding-api-redirect/AUZIYQGn3cMmT8BUXkNI4oIs00aBZPQB1OSBtD5SuyB2LY1NfU5sN6Hrk2BCbij1QEX8FFXaTKjF42ZxuFBHH2vwmctEbA1q9AKrMFW7zszM7X0sP_D2vUE-y8owVj50Hv-7NjsWMTWpJTsGTRHU6gouW7FiL6K2RxZuCRtEaSAo3hFBgAvjoaMrTn_9yJVC9-Fb6Q==,"Could not confirm a catering business by the name of The Perfect Bite Catering in Santa Rosa Beach or Walton County, FL.",
Chef Paul Catering & Events |  |  | false | true,Chef Paul Catering & Events,,false,true,false,,,,,,,,,,,,,,,cannot_confirm,low,https://vertexaisearch.cloud.google.com/grounding-api-redirect/AUZIYQHdwiClArE3GE5kG0SnZli34UMw1RnJHT9PGkNpgA2w1kduFG5yswuW-H2x6zKpsDu47petoUd370KOUc7OTvrxwa2sYMm4xS_VeGhtllypHs3zP5xaCay2RetbDqlNQZtblN7hyIh9_BVFNRqJvTptP_bgiV8= | https://vertexaisearch.cloud.google.com/grounding-api-redirect/AUZIYQFAX0i68jRM9Y_M9N7D5Dd9Tds6uze28u9l0xTen2HQbEKMfhlkyE9IFFuJbSPmbO_YV6Uoxif9ewv4Y3n5fHa5QFDNvM6FTzjelyobgShw6rYb4Bk8FMBLEikLCHwO0CH7NeEMkyNy8Uifk1oZ,No matching catering or event business by this name could be confirmed in the 30A or South Walton area.,
Catering by Design |  |  | false | true,Catering by Design,,false,true,false,,,,,,,,,,,,,,,cannot_confirm,low,https://search.sunbiz.org/ | https://vertexaisearch.cloud.google.com/grounding-api-redirect/AUZIYQHPAqBsTy0_E7m3s1S0YnnoEj6wKyHMhxbk7b60c9vxlReqEO4UJ5_K6rm0JJF1Sia64Kk_cMdl-KbyeALzuAWGTIDZjw_Ta-9_yE40tAmdRDuWP2V4vPMM404_3XoMqvv2yD0slAYaalC5DFQpY64_hy5-7SJoTW50PmDMk8E= | https://vertexaisearch.cloud.google.com/grounding-api-redirect/AUZIYQGnW7os49HdlExc4nkFdm2-gF0Iv7grjawM2sWcG9-SuUuN32JppViDJPyS6teKYKfBvIRvOtCWU093LZ_xaqGMYiCLuowDhno1jNv3STwVM3vqS-pf3BzIH9dmTOMVz6pMJCAAGY8Jr2EfdZ3q_3ihSAhhUgDyK2orF8g5BoxeAWD5aZpHPS4nm-PkLDFwKNOsSRWjJng5d4iCoNelMfsi | https://vertexaisearch.cloud.google.com/grounding-api-redirect/AUZIYQE-Mjh4DWlX72k1ZiMwEGYsAM5bE7ojU4x4hKCbiGqqoeUDxOtWNZyDDILdbheYggAn5v1hFfE1ls_F6du7ZaTQJESjigG3RdhglsRCJh_qjia8lkdalsD8VixIm9QQBqKuuwMPAQymRev40WUINnmy4scwU4WOKeKFfddS1bDBBoM1dbfIPg_gV-dnH_TNmbE3apePxwYr2a83ufieX0EyvA1OtTgymyIRdetr0O1rFKmQpQ8ayLUSMw1cQH4jOQ1QUIBwx1h12GQRmk5qZXBQdIOvW3W7FhNKYtNSLu794f1GXdRjtNPuxGzcjMdxIeJz0pvaD8PUhMUz-zmHnLeonLHF_X8v-XVD8E8M9cvkhrJk7hVVCtqrvPSnQFgMNU1azG_ARhvI2BlyBNS_GTepwiybBCytaMxN9HqM | https://vertexaisearch.cloud.google.com/grounding-api-redirect/AUZIYQHOfaBun0XKC9iNWDiEe6u6PcheYPRCKYt_zF3CXGh0ihmKSqbjkEvvPQ5aVSEldlYYUpwLE-BHlIujTrS49cMiZk3SNGo7P611Ymq1YrddbzKD3W7N2yD9Nj9U6iyd6yk5BR9NjkachWlyZrPuYHChF7-zJFUqHxwP2DA28I-jBkPVAQ== | https://vertexaisearch.cloud.google.com/grounding-api-redirect/AUZIYQGnI1ePidiUyaY4sD3Yr48yGk284W7kEUcBlJqlJK_1MxHGNtOBQbY5YlWYGmk2N3wIIX2OHEg98LKhWC2MsEAxFAZZAlx4q-spFW_TCOT5qb44Ppt4vMpaGCGyc3ja5aJj8JEbeaw4ZRARtH3h6pPOSUcadEqNnNWEV2MIQhpkw1NS3kmjDJrSa35hpUtApRlryIzZeHeAoNNxbSLCMumb | https://vertexaisearch.cloud.google.com/grounding-api-redirect/AUZIYQEDRQlF0FJKICrrEzv5HVDyugXLJv3lSh4xu0HU_OQ0qgsvhrUyvOp0esPc4llhvdL7LEPb9n-WcKaMyBuQk1bWgPFcsjDUtJbAY5Hj6-dnflZHuK1NruBcowtUi7SFaDPDcaX5enkeuXk6CKL4uxbZPCTS7ch6QvKIBy0WK6c= | https://vertexaisearch.cloud.google.com/grounding-api-redirect/AUZIYQEPN65sdhLStfjVwtZJQ5NULdfSha4CvBeM2Pi8suTA27SoWnVmTBC12l81rYIx0PNLF6d726xvZQkt-s8nG0jSPNphC6cdqY2CCdnvOK5kysHJsDDFlgQZi_qB4sx9Bo6n4Pg9nbikj6yoWtB3pd7hGLQZjr8rXdKyfdO2ZqKB6cGTRX8wVEJw3Hlft4SHvAlhq7YMYARbNop15J1JE9jJK2cBXww2UK_-x2IuXtXhtatX1n_AAC6T6QEuMnGseRHXEzSuwy5sdtDhZnQrxGjYp3zw3nIKheCGvmpn0zcWZ4PjsTPloTdb0ahFpVFVLP5DAwwb726sM3TMfWG2dLx4srFofY1Um14=,No record of an active catering business by the name of Catering by Design operating in Walton County or along the 30A corridor.,
Catering by the Bay |  |  | false | true,Catering by the Bay,,false,true,false,,,,,,,,,,,,,,,error,,,Gemini did not run Google Search,
Alys Beach Catering | Alys Beach |  | true | true,Alys Beach Catering,,true,true,false,Alys Beach,,,,,,,,,,,,,,cannot_confirm,low,https://vertexaisearch.cloud.google.com/grounding-api-redirect/AUZIYQEvHuOUp4JtALKf7dQFRomF-vjFedv4Q_6x4DI3KzLMxmPiGQjdI8Vv5iP8Ut6FM6ysAKjWuN3vwSO0Tq0Usz6QEYgNX1cW46CAt5aJ41RrqeV0SIs_QIygIVDPDouw2I4RRUZA6rf3FocGGTplcV1_Agb-tlAMpqLmHCOwuN9B35OdMU9BTEFa | https://vertexaisearch.cloud.google.com/grounding-api-redirect/AUZIYQGxGKJylvwRUWjlClwXS_5UDzWda-z1UKsJDx1SlcdFJNuN4ZGWpss999MtaVoKjrpz8R4SM1T1FxJCBw7_NJhGeUg97-h5symOOoYA5DgPD2wyGaDUFUFAGP_KylpMMN9eVg4Nk3f-bt4KJlQL0x7WsT0bDHWZtOuBZ0jnIQAlJ3-laLdk | https://vertexaisearch.cloud.google.com/grounding-api-redirect/AUZIYQHaXa_AeVzCmbRORMf3Zpjk5jGI8Gd6sMlyTe5oWt8MCpNQCT4bvD_SSfASDBJsE1UAbCjC_cNsIW9b5thzvWzWBwtDP9FekkXphD89MfBn_p0Oxls75m6r,"Could not confirm a real, standalone business named 'Alys Beach Catering' in Alys Beach or South Walton. Various third-party private chefs and local restaurants provide catering services in Alys Beach, but no dedicated entity with this title exists.",
The Catering Company of South Walton |  |  | false | true,The Catering Company of South Walton,,false,true,false,,,,,,,,,,,,,,,cannot_confirm,low,https://vertexaisearch.cloud.google.com/grounding-api-redirect/AUZIYQGU5d-IwUHMK_BlMhkPoIjdk35kw4CfZiRpjZoh4_WipC733VK9kjAi3SKFaIShT4pN8CnLoJ44XakWXu8ZEy6TqdQfj0PYizglTZuDgXlnekjw48f_ngFZXMgyd-R7DhpEI9Bd45Jxq4PG3l6bdg== | https://vertexaisearch.cloud.google.com/grounding-api-redirect/AUZIYQFYK2BaFWMccCYuP9x3E8J9J0acPg_92GqGyw6g5fq-4YgYV8zj0VnvGlp0c-YOX10cmzBgXErX5VNf_y-beO-J7s1p2I0jLfQ= | https://vertexaisearch.cloud.google.com/grounding-api-redirect/AUZIYQFW78xbnKlgjCY3UQ2Y30-0hS-DgwMUj9UvaA_uNNlZfFThJJ8mKZR4ttzbeewsiDzF2A_j5Mtg_p69Ag1dgqwGopx383TyO79nMnom8ZhH6z4gh_bEU8_69DWjgkkahOtmVtpgFkIGtZMy8d-Oui87WtMEBNTcOmwWIKn8xlIE-uXr7Rt3Pyajpg==,"No matching business entity, website, directory entry, or state registration could be identified for The Catering Company of South Walton.",
Sweet Melissa's Cafe & Catering | Seaside |  | true | true,Sweet Melissa's Cafe & Catering,,true,true,false,Seaside,,,,,,,,,,,,,,cannot_confirm,high,https://thesanibelcaptivaguide.com/sweet-melissas-cafe/ | https://www.frommers.com/destinations/sanibel-and-captiva-islands/restaurants/sweet-melissas-cafe | https://kismetproperties30a.com/rentals/sweet-melissa/ | https://vertexaisearch.cloud.google.com/grounding-api-redirect/AUZIYQGi3j8uXKv0sjb8FfuZrCgvH9FF-BuRuNR0N9oJCz0sGWk2WrXPgUoK0qFjG31RdjgJtIKsYivg7PpKdyleNg45Aw994wZW-9ztVQbxtqepHKEvXJTemFJUzg_b0fwdniFEP9pJv69QixxiSL8ehm4dRs94YggGK2A9ZzScJn3BbpdH_btrkAh_T2lSx1SGkaylsAYWdlLe | https://vertexaisearch.cloud.google.com/grounding-api-redirect/AUZIYQF55cOzkfAifvG4Urj5FBRnPIEZFtgnLVsgK7LOKRw2U1KBENSBuKhdwbtl2UP-fk4dVTnyyTVHgSA6knL-1x31mnNDOdn6egWocIuaQzcg6b32j45tEO3S-VEPgBGYt71ImAmZX-rjy3WnAVW5qynceyKJ3rDaBg== | https://vertexaisearch.cloud.google.com/grounding-api-redirect/AUZIYQF1iQC57SY3oPWbVbA4AHLxLhgQiHmhxryQYqJczMYpOzoPf7q_nCIcFbckMt2dgWhKNxZho--HRe-GY5gHiYTWt4VhmV3Kj8JNhikHnwCVSSojyAAxETiUnamVhtwfDwLDzUzrUqyJ8GNo1KCMF1bc,"No matching cafe or catering business under this name exists in Seaside or Walton County. Sweet Melissa's Cafe is a well-known establishment in Sanibel Island, FL, and not on 30A.",
Catering by Chef David |  |  | false | true,Catering by Chef David,,false,true,false,,,,,,,,,,,,,,,cannot_confirm,low,https://vertexaisearch.cloud.google.com/grounding-api-redirect/AUZIYQFdWEbgaqA2145-xYBunWhuuXvircppYQ9MsnU5gxt06olKn4_E7-bBdgIo-Lrk-2MOHjVUaO_Qfk5uCzIkcsr36j4DaYssPb3kB14SHMKrLBPXbWEk3wfvwtfZ | https://vertexaisearch.cloud.google.com/grounding-api-redirect/AUZIYQEUjtF7off6ngezIntkUSp5GHTqhmUd0iPDlxcsklKt6rvyc4v1hwBA7SGfctuh1WVXfxHJBJX-o-fhxtAQ6ezI0Juv6xOStZEdew9wYC__T1r2SEPBo9AqkjyCu2FnCiKcfHE_iWFEdQ== | https://vertexaisearch.cloud.google.com/grounding-api-redirect/AUZIYQFycd4i52shqXjoe3eTbE3-r7yQsTlSbTGLyE2WeOiiAWAbC10P5oIp6RPFBilWEHJlR2Y9Hpf15A7YIOEu9CB1p6vjUMhGVShw9IrZud3_svV-ca4dU32nxwR_ | https://vertexaisearch.cloud.google.com/grounding-api-redirect/AUZIYQFg_0obHlcd56QaESgvoAmJ-JeOkAgY8jfTVevE8_VBs0cnvhETXDoLj9Y3xv_Sk1ufAsyngzl921EOCkljY9hImxLpbNPXWYnoIImZibDTcY7AeF1Z-GDwTahR1ocs4tC0GRPHxNo= | https://vertexaisearch.cloud.google.com/grounding-api-redirect/AUZIYQGxM7wn1n7tpFM1qp7khgvXoS0xvHZmZdJ150H51Hx6cCH706muW2-0a3A8gvY9FXhljM3_6ro0YddLYe21bOkPcRWWj7d-z-6qNAg1xmk3qTNGAJ0vMl1gUmb0F5hVYY4EP96FK5dh9kFnKzJKvAucpBcVWciOHsLwQ3nF40KmLcxwv7tdDHiBvrxKv4CiP0zYh14RVZC3LHMaM9Witl4UMg1CuWAfmCqn | https://vertexaisearch.cloud.google.com/grounding-api-redirect/AUZIYQHeax-V1fq50qNb3WLlncBhJrtWBe4nkCfjwXwTEm6lV91tyCEjm76mYO6z4rmcW4ImAvSQ6Smod-xWwkH9gXDqcLjWLVUFQs3PtqQ3uNNRNurknjeeBs2RfjOED9N9AAi95JK2ZxldP2h-GWZ-M-qrxt4qO5TW8RFOv7Wi4V7uItCWXsyBGNA7wkp37-pk2nxdjQ-bIhCv-b37BWsE0fmPcsbLY1SXGWoVkzleUyU70KYkZl0OCsxyWRhXbeChSTrjoW4usb7MmpW1zsfUxVpWxUIF4jAQ1fCpHrEwEqeLG4ddqXqlDOXrMs84fLVUO3GljiyVffGWA6LfcrjHyOo-ke4u3tNubVGUQilZS1wRcPrcwsOummm7ezgIJXIQByp8ngpUWt3cRb4p4WL0HAvIKH8d1kQItg== | https://vertexaisearch.cloud.google.com/grounding-api-redirect/AUZIYQEZDgR5vbe2lErjNaKchjK73Ih-gfQLw3F_9spyWg8yMo3jqHt3Lcx1hZhrnPnDxpQbBeBOP_WmnyQ4sh93-KMByIuM_K9lcYxh2Aqpv3T7bXvs8ihFW0vju8rv16eiENbopu7o2CIP7JwYSwQTKemUsCsoqpggHtZZkXAxQpGFwa0bdLwoRKEBWg==,"Could not confirm a business by this exact name operating in the 30A/South Walton area. Chef David Cunningham operates Cinders & Salt in Santa Rosa Beach, while businesses named Catering by Chef David operate in Naples and Miami.",
The Local Market Catering | Seagrove Beach |  | true | true,The Local Market Catering,,true,true,false,Seagrove Beach,,,,,,,,,,,,,,cannot_confirm,low,https://vertexaisearch.cloud.google.com/grounding-api-redirect/AUZIYQGR2CjKWZwnxBbxEgQAbmmfRs5Hs-9GXBzJmHIATxPm01VAwxpNX9myRtPmMvN__hYODAkLUhpaHTavNBLRGgpvPpp8Yj_rs2r7FbPMqqzr5jH5YHYii3iqTv9hAQcspcRIYH-RyW3hCX-0 | https://vertexaisearch.cloud.google.com/grounding-api-redirect/AUZIYQEjoNH4Gfa_Pplk9w17uuoNko_EvUSCAhAxHbWbCIzjDDwU1cZDPADbLnUt4qXaavXQ228T9Kn4zTPLlXbRgiGYjiaBJnRmXAdTzffiQg-sdVN814m_WXlqG21TPXdmuD27q_2FM9Cer8LoN19SLGQ71XM1rophkvRA9SDke2BoCbXIbs_3iL8= | https://vertexaisearch.cloud.google.com/grounding-api-redirect/AUZIYQEeqKHq4VQB646oapcrW08818o1soKvIVIdGMmvYPcO2YbLS32byXhhzq-ppwjoQQswie1sAjXBaebECOXOgtl-8Bb0r6ZPYX8XTSC78I1LFILQj-2c8iw=,"Cannot confirm a business named The Local Market Catering in Seagrove Beach or South Walton. A café named The Local Market operates in Destin (Okaloosa County), but no matching listing exists in 30A.",
Blue Mountain Beach Catering |  |  | false | true,Blue Mountain Beach Catering,,false,true,false,,,,,,,,,,,,,,,closed,high,https://www.stinkysfishcamp.com/about | https://30aeats.com/interviews/trebeache-paying-homage-to-south-louisiana-refined-flavors-on-30a/ | https://sowal.com/forum/threads/stinkys-sold-the-dawson-group-to-carry-torch.120619/ | https://vertexaisearch.cloud.google.com/grounding-api-redirect/AUZIYQFPnqGAhplSLmbQ_8OakjjomjtylU4kfldOX2npLhwM7jXrWZJLolBCKmll1Z-44bVS9Q1KkNcY-oOsy__nbbD7bRCbTKBwBIKVhppS0dVIADGAT1wZCSEwM8AO8Rz37docn34UzjZLo9LCDvtTFyYDjxilsvnr6m-v4iQuou-s6IPguKrTSXuVLVjF_nCuNYYB1St-JTjF-BBn34FK1GghQg== | https://vertexaisearch.cloud.google.com/grounding-api-redirect/AUZIYQFJ4mVrwN6m_c_zwf2oXP_C9KXUwnGb6e-_xG4WpPgyze1nFRSZXoeSB4WmLAE9T9znoTPcTA8GaThUOebpYL0jJGdlo5hzO2yk-GZeunoII9QeqrQF-6EWy5XkMdl7pWYgywcY_o1b3PGWkQWgTApOGR7jTf5-b9d96UmaxTqMVw== | https://vertexaisearch.cloud.google.com/grounding-api-redirect/AUZIYQHT5YF1y181pxmFNoaNA3BdCgKCQL4gCzEfIn15Rk0dg8Xx-WELWIs_FtphzNPca4VdahkVfHfvR2yTIslJBXzQD8amxtdvgtiYN6Pn6KWsohFXc-VUKUtI66_yg5QKi1fSBeUk3X9cWTv6c6UbEA== | https://vertexaisearch.cloud.google.com/grounding-api-redirect/AUZIYQHrDw8x0TfOgzzqevvk6o-2ttbJ1TDlCnZMwSDMDPrztJMLJVoB-0OOh8YO4iO3zDkbWNi4dQAkPUq0-iNdf2TxdGAk0pm1IScLrWSmAqf2jgc3Cs0Kf_Mak7nSDwwbmZ-tJOJN2XSGMVtvqz3dU2Y67Oinee4gBzqRr5lihewgBw== | https://vertexaisearch.cloud.google.com/grounding-api-redirect/AUZIYQEBgbKwLU9hqMQb_atiZIho8ctvguYyb9m6KHm2SL7U5Iw6Oc8EOKXoMWz4x0xBiEeyL5qDKyZR5qQr_xkvudijuo0FdHmGpLuxh9eB8H97fX8qjWRK2j2v47XE8YB3SP3LZR3c5mDqCwb5k700s_9g8zExtpVsdQ== | https://vertexaisearch.cloud.google.com/grounding-api-redirect/AUZIYQGkmo3lj7Ieq8Lgl_wGbjX9Z8_23_3V-FBJL_cOMrispspqznb0x45LjAceUJlk-JBsbHhQJpjnn1RPLeKGGYRM_RlKTuFUK21g8rqOj-YJ4h8OsvGSMaUo-qiZoSxQ2pDygGG1rNRLgmP0mW9nbkFhAjv4T6ShXIHlf5JMtJIfuIesEVvzQy-TQcc_Gg== | https://vertexaisearch.cloud.google.com/grounding-api-redirect/AUZIYQHK3Ld8CYhoExC12RWKW6KWQXSOHxwXrzPBxQFyoqktp1-zVPv_EIXZPP55WKtEBj1Ic9EzJx7KXWDDx2buRM7hBTK1s-o3FFsLXnTW2obDLsIFy8bRfXIArUG-AczDHjCtg07enEguLOcSbefT7rcpAafUKma1zo5DvXTy87GnH1oJEhwr7SRBs1HPiOg= | https://vertexaisearch.cloud.google.com/grounding-api-redirect/AUZIYQHcN5J55j3JEEWbgFf0sl8kWzQUr1SVu3vE3wDQkZq3U2Z4tQTs3lMp58sbrGJ7lmDGsTH8pFzQ1ZCCaI7NNAnIrPH3JM2XmFNH11aDUL2T5leIL3__frMDB4iV6MXm9pNqkA== | https://vertexaisearch.cloud.google.com/grounding-api-redirect/AUZIYQHswGurKUf7AjTDeBWOaLSwF3v0OGu1sUEE-7oS8ZavfvLKddCY4OZcDah3WFjI5AJLfrFacfvujaLuZNIpQyxpcbPbTKsgdS449p-c9AJzUcgwTLaUDyz2Vvq6mmjKNDfA6Vi_sUh9uI_b4RUirB31DxnqHnTCLl-AXw==,Originally founded under Word of Mouth Restaurant Group. The catering company has ceased operations and its web domains are expired.,
Seaside Catering | Seaside |  | true | true,Seaside Catering,,true,true,false,Seaside,,,,,,,,,,,,,,cannot_confirm,high,https://search.sunbiz.org | https://vertexaisearch.cloud.google.com/grounding-api-redirect/AUZIYQHkyJ35l7P5i7EpvuaKnwsCOg0D-oNLbmiaGEFL3LtAeC8-Jc-E1TKZboczRzas6X2ZRzf3rapAiiirvc2VgtVxB68xOCop8BJ6tfesgjyleavNHdFpa350liOtHcBsIvH2LAUxyJrIbERjFKAEZQJ0N8sqaMfkS_IFvniAf4Eux1Mb_Wmp2tPOzhRVRq10mIbIOFfzSW58A2eW2Uv1d864inGpomURox5tYeRjycrVwm5Ds8c1 | https://vertexaisearch.cloud.google.com/grounding-api-redirect/AUZIYQFXt6l3FTYvQ0oWG0qJGc9XuN_KPZusniprPbj8LoH9pNK5edmqrADPsICo-fT3d3E8uMn5ix8vxYi_vHrfejjCImMbruKKrxsQN6iKP4YLAlKeX0LQNiSbR-dMQ-Ifg6AAxrpmjhlJDz2rs2_uFXLd1e-BNEREcnHPiBq-KvZakjM=,"No matching active catering business named Seaside Catering could be confirmed in Seaside or the 30A area. Florida corporate filings show Seaside Catering Company, Inc. is inactive.",
Coastal Catering Company |  |  | false | true,Coastal Catering Company,,false,true,false,Santa Rosa Beach,Santa Rosa Beach / Greater 30A,Catering,bbq | mexican | jewelry | printing_shipping,"Coastal Catering Company provides chef-prepared family meals, party spreads, and custom catering delivery across the 30A corridor.","Coastal Catering Company delivers chef-prepared meals, party packages, and customized event catering throughout Santa Rosa Beach and the 30A area. Specializing in convenient home-delivered feasts made from fresh local ingredients, they offer everything from casual taco bars and barbecue spreads to multi-course private event dining.",Coastal Catering Company | Santa Rosa Beach & 30A Catering,"Chef-prepared meal delivery, custom catering, and event dining in Santa Rosa Beach and across the 30A area from Coastal Catering Company.","Coastal Catering Company, Coastal Catering Co, 30A catering, Santa Rosa Beach catering, meal delivery 30A, private chef delivery 30A","2525 US Highway 98 W Suite B, Santa Rosa Beach, FL 32550",(850) 650-0162,https://www.coastalcateringco.com/,,,exists,high,https://www.coastalcateringco.com | https://vertexaisearch.cloud.google.com/grounding-api-redirect/AUZIYQFoFL4zjyOHFikdZc2T7OOWENkJCVxJ2hlSuwCYPGSFtUiIH8r_ROHSDCLltDcud2YSyNEnUWeAj-zH5GjsJKU0oU6hc29xYfyQ3Etxp55-l7SM0LM= | https://vertexaisearch.cloud.google.com/grounding-api-redirect/AUZIYQGplR-EAuoXZywLqzatuX0UBvR1rl6XtEiOaibezsDfozo5BeyL9aZbuaSHOR2JqjCEfDVSkjU6FWBNYPN4cKuUoy62tDOmZ4xm1cEKPMFYUx4la8zGd-TQf10s3gG1ItsFnWHUiF2pfeSYM6Tg9YKX3KcJxfC_zY_6WYftW8O2GjwtSiEBhiDC2Gbr5de5GbsPAGh-b8FgplBigsuRfMgRFXFgTeIDX4YF9AO3FU0e-1aIKFkMHbmzvpjH87M30qy1T1uQ | https://vertexaisearch.cloud.google.com/grounding-api-redirect/AUZIYQHZ1ACngqfkqjMllJQMkPxvHlbkD5NVr_7gt4siOGyDrZ86in1-1DRiN6XWz5L1nBDjxENoCWVA3uSIN_ra2phskFVmIyph8gKFjUxo-RW_M0adfbl0NPGT5Hr391kEb-ojN31gF3eQW0GOJTvSZhJ-gyKZUHtoqxa8Do--O-XYwi2HG4QQRperKvNgdAwEajuZlvjG9AlGhBlX7grBWNKXj9LsLteY4Cr7UjYTH4jxDPPS7j4DTUyt187yIf52raqu798rOShcYmG2bu6lpOWeiL_kkqgBHOdPwiX4R93zOo7Q6saNZtueUh_jPNmrzV1CsOSzNr2IUh5GDLZHVLH9ylKxi3Y4fqD2Jj5jYDyCYT_B1gzb7E6pCQKa3Q8ykZ-w4G_X2OeqREdmjH4= | https://vertexaisearch.cloud.google.com/grounding-api-redirect/AUZIYQGSBkDouugtKH1EMFmcnCXrjF48nWusxVftv5P6VnfxTxoKM5-_T71Jy0w-vXQBDSgSx1PzWoE6eUeiqhXYlNiAT_I3Wq_ZZblAdF0feDD66MEetQ== | https://vertexaisearch.cloud.google.com/grounding-api-redirect/AUZIYQH9bG-Cvp3flN9NlDdKq62YLMfr76GhoyWsi3N_HTX0Hln5Lwstk3Fr_bpsAR7g0I_Qi5TclPkHwUWwX9VSAtrCCiv936KAt_AHy4wpRGlIm8zvN26GiVPv0SLXuH2RswWxfJ0sJmdNDm5HSzCw85khAa3ubSc1DnA5qtAC130=,Also operates under the trade name Coastal Catering Co. and registered corporate entity Coastal Catering 30A LLC.,catering | meal delivery | event catering | private dining | family meals | taco bar | bbq | prepared meals
Catering by the Gulf |  |  | false | true,Catering by the Gulf,,false,true,false,,,,,,,,,,,,,,,error,,,Gemini did not run Google Search,
Baytowne Catering | Sandestin |  | true | true,Baytowne Catering,,true,true,false,Sandestin,,,,,,,,,,,,,,cannot_confirm,low,https://vertexaisearch.cloud.google.com/grounding-api-redirect/AUZIYQGfnLOVJF9pccms2plAyuGGvwRcIGvTwphvi3vp_Y-H3kgOXFJwU6wCKGUPo5zqbR9QA4D-2oOhEHHzQEXObwNLItj6b9Kkch99G_OWyUIX4_x9fU3cr7qaRSCXMW8w-esevu_1S9mHzKjkMfSMJz5QiVsB4mGF | https://vertexaisearch.cloud.google.com/grounding-api-redirect/AUZIYQHtcJPbPW5PRHEeff2R523wkTit3aGNaCUhTPSLvUwPadToMe5oDQlyc6v9ZhAdqar78IkcwH9zZ8Wb8bjaiF-ImlJRZsPzr0DAO0wusYRwQGHRxHydWsM30bqLkdWwLPRuCDr_kDVy6m1wOP34qtdcpIqD4AyjRrrWqSaxO-Bb8fLFgQYTag1R5Ua5 | https://vertexaisearch.cloud.google.com/grounding-api-redirect/AUZIYQEpns3iRoIbeeEw1spcDiTwIJ7oFsLtyF8GYJOx9Np7dx3_m4nP6JVdIx6X-T1U_d5k1VuNQg7QIrdrgKFPEVC2GnjZZHT0Lay91rp5ZDBAaQqun6p1DyXzWw==,No standalone business or active state registration found for Baytowne Catering in Sandestin or South Walton.,
Chef's Catering & Events |  |  | false | true,Chef's Catering & Events,,false,true,false,,,,,,,,,,,,,,,cannot_confirm,low,https://vertexaisearch.cloud.google.com/grounding-api-redirect/AUZIYQHvvf9ruXe-n1QPLWvuEh4T1900eomOLakLAP4sDero_-_2fX0gXicNu2TxMBWsLz8UzXMnmiJJfL-d86bkK3NZWsyqn_DjgzeVvATUjKLlOP8JlNHR_J9a9qrEGTs4YMxlfdNSJcXM5hQ-a9ASkh02NzqksQuguA== | https://vertexaisearch.cloud.google.com/grounding-api-redirect/AUZIYQFARWDSLZszaszNLGMNcfG4AD3V097TLL10Dcztmt2IQZonaSrkZ9Ph1LiIr6o-PXayGGeuKwyb1KvYREIsn50oNO0U32eyqJgrQLhSLR4338_LsMkUeYdOoXsRa90GggnZdsVdZY8uhog1CA== | https://vertexaisearch.cloud.google.com/grounding-api-redirect/AUZIYQHpYZc-sMKbJbaf3yWcFsq7QTOmtItX8ojDczHAtjWify4CJCd_ktHCiSDo3XeknbqQIWoXVUp3mC7tZKcynAiPKoPQ7S4tUQdS8Llduzm2shq32UEGhgUoo6WfPoSepxMupqs6o0IGkw==,No matching catering business named Chef's Catering & Events could be confirmed in the 30A or South Walton area.,
The Learning Tree Academy | Santa Rosa Beach |  | true | false,The Learning Tree Academy,,true,false,false,Santa Rosa Beach,,,,,,,,,,,,,,cannot_confirm,low,https://vertexaisearch.cloud.google.com/grounding-api-redirect/AUZIYQGrW0kcPMGPK104NeV9JHJ_SIXBwFTqVMAfhOw0jA9O_YhIRE66aQg1HYhECQG5OckXfhqzdqdD0OujFO_94w7GSGYcc9PlLybKtMaLvFktXU4H3jAO3cZ8yirUWWBwqkK5cE5Bbmyd90I6FWIlmPBTKp-hNqGFk9_zwiSe4ppIpLY2Rmuy9iUERlrAo1sQUK9i5Xdy-C4YX_XS-HmlWZywmAlR0Ftt4DBWWpkaaT9XO_OrUMm3wBKAlU9FBIpAUe_OsKrbg0QbO-OVH0rlV4NZ3Ylu-6vrXc5QdaeI47_oPAXjO0_6qAx06Fmx9c4r2V3Tu-UemVzGwNeVrwQFdIUHIj9mfY_KmXOs3p64ugv02Os1YsTxaXlrFjiZ6afQKLATLKs8CJVDEZsfqClgXw2MKVF0aSA= | https://vertexaisearch.cloud.google.com/grounding-api-redirect/AUZIYQGmGsQHAppNKuDAFkNNpNJC12b8OPhLijuzgiHdUYEZOHAVBDmmYdaCdq9BCvytuqpCbQ8dpwBXRxRydDBKmwUJV-5qH68Q-oT3Z8owNlhzcDTUMiKRJGL6_mcgK2H0FPsY--orX6YCVf4fERFZ79Sy6mFU2LaUMJ448mSv8S-fxQSRajtFIho-TZdclqS8O3O5WtXK6RXx60WnvmW9EIkTaW1I1uJfb5O_FjymmfZIOLtoYnYkMrGXWU22GEeQqYRmllq6T1X4on7_cDYHmlLOEIMt0lN5yL65oM7dUIRwsYSKCVdeAjZeRyqHVHNjmZKZtE_DWA4nODwx5D8WHeFPwYk9jj9WE_C5VUeDqS5Btd7Tw55FlZqswqwpEaQx68qEVuuPCGMGRJjeMpIImdTr2TCCkyzbc3zeafG3uMXRxKlC6I0jrELu1rweog== | https://vertexaisearch.cloud.google.com/grounding-api-redirect/AUZIYQE9bujKIhVggh535nirx72uj7WeEe-TdH1Yh6jjNw6gB5y8J5FbalLcWMVwsyToq3XWP-0SmSrCNjLAslVfDSWcpGy38sI0PbN8Fo1xf20nHrCYeTt5tddDZ_k8lraes306dilKEDInFHA= | https://vertexaisearch.cloud.google.com/grounding-api-redirect/AUZIYQFzLyeENABvGoweBDfmadfkNhYha1xc1AzTTOqQ9r0VB049Qv54Jb4khiNqrSBZ8GPdpcQ2z_PnfPhy2SUwn23eEue_e_xm9gtWQ88d0A1ZwI3oJBjjxHYBQ7A0WZDXLvl6GngCulPwOvk8RJebpBxM3D8= | https://vertexaisearch.cloud.google.com/grounding-api-redirect/AUZIYQEMcTEq7jY7g8WCOEZDnZQg3V_F9jlbfJ4Lz5teihfuAOtvlj2ARvPvXZeHImW5S2IsoZkggOE6cyIc2RsNp--5x_qdJrvXycMHczQmug4SX927ivuKTOULX6A9azOSqtEpvO3QNPwgKQlmvoLN5cLgDTs1fNuMGN6srL7E4DuwWqXyruC-XrJufc9qCzPBNCPRjq24ytFv716CqwjpdOYfyDD8pxEemkfsJKLooxrI_k9jFQg= | https://vertexaisearch.cloud.google.com/grounding-api-redirect/AUZIYQE4WTnT_th5FTvNWVt2A6XQhPoJ-34x-Woy94KX3xOVPFGisOws-TXp6MQjgYBxxx8-RJ3IXjRPZK_wnkplQkhB9lhuqUVEEPFmbdMoFTcmbCEqk1Pz1Gz4WGjAaRk2W8KLx8wcqdStNp04YD_Xkq6BA69mNhJ9VrrzeHf5zzJY-rUWOxOTgEQYp4z72FvjmraBjrjtCxcCfK65S_UxKyHr9nutuXk8e6g71V_gIr0fQAj4hHWjYbalH0iq3lsLMFtywwBaYfdP3yUxQfRoo6nF9pU7ooLCQm8Dbm39gJiIwwd9CWD1F_fN_fMG2b6aDaF5xr1v8L2uIKU2GVElnAXJ_yBBN7_yjVIb5Gww5GKkyRM5SQ5eZtYFveWJkxD1DrWKkVHpfnoOuZkSPtnERlgWXNZ8r0jyX7wQHbC2-xCEK6O3lELBjYn2uunDmjyEH6KXcHbdRUPwRAO6iuerHgmctzldm682h78rb9wAiL66ifAer363JpAphOewsCOFkUBIjKuZ,"No record of The Learning Tree Academy operating in Santa Rosa Beach, South Walton, or along the 30A corridor.",
Seaside School | Seaside |  | true | false,The Seaside School,,true,false,false,Seaside,Seaside Town Square,Education,family_friendly,"The Seaside School is Florida's oldest public charter school, providing high-performing middle and high school education in South Walton.","Founded in 1996, The Seaside School is Florida's oldest continuously operating public charter school. The Seaside Neighborhood School campus is situated by the Lyceum in Seaside, serving grades 5 through 8, while Seacoast Collegiate High School serves grades 9 through 12. The tuition-free institution focuses on collegiate preparation, small class cohorts, dual enrollment, and strong community involvement along Scenic Highway 30A.","The Seaside School | Charter School in Seaside, FL","Learn about The Seaside School, Florida's top-ranked public charter school located in Seaside, Florida, serving grades 5 through 12 along 30A.","Seaside School, Seaside Neighborhood School, Seacoast Collegiate High School, 30A charter school, Walton County education, Seaside FL school","10 Smolian Cir, Santa Rosa Beach, FL 32459",(850) 231-0396,https://www.seasideschools.net/,,,exists,high,https://www.seasideschools.net/ | https://30a.com/seaside-neighborhood-school/ | https://vertexaisearch.cloud.google.com/grounding-api-redirect/AUZIYQGOn1OHKCcNQd3COZHzuc5y0oJzZPl3d01yKE4zknnvce9EhxnnAy2RlIf49e3Q_LweNkRmUrTp1J4lK_uICgrMaMAkHEbefKQySOnLzHr4xNRt-y2id2qpWSK_WOZAJPou5kbEK8ieQ7JoB5o= | https://vertexaisearch.cloud.google.com/grounding-api-redirect/AUZIYQHRc8uQrt2DGfUh38Q6jpB0gvOGpsckG95q_SOsDukTymozJ__Le2SHsGg7_LYEOZ7nLIAF-55i0gHEG1hGbCJlxHJ1k0Q0PTPEV5rrYFnefFewcxllIA_baoKczDZBNtR3TpLQ | https://vertexaisearch.cloud.google.com/grounding-api-redirect/AUZIYQHeAH_Wlj-h0nUwKU9mgmnAp4yDbDVKRexFkvw-hVirku3JYm93EMoG8esLjcEWVbCqi7Vx3bErwu-mU6TNnT1w2d550WmZR86mx7zsb7XAl_BCl4uePdwREC03UGM8tA== | https://vertexaisearch.cloud.google.com/grounding-api-redirect/AUZIYQGOfCRy_xfronFlGjvim373z7PW5SBsWCFqPyUJrYlBoiSUTNOUR7bQlOfrZc732FR8rhcnulLc2lnVogI628_iht7oOVQChjsIWnU_SZaQdbqN6uPG,,charter school | public school | education | middle school | high school | college prep | family friendly | seaside fl
The Children's House of South Walton |  |  | false | true,The Children's House of South Walton,,false,true,false,,,,,,,,,,,,,,,cannot_confirm,low,https://vertexaisearch.cloud.google.com/grounding-api-redirect/AUZIYQEY6I7RTUtouzB7RNLrUp3vwcCqiTSNtBXmpfOx3BgTdV-yQdbz6Vd_CiTIFPNdnA5O118cki5QCZFYPGjndPFJxwjAwrDMN39-XRjGFs7JPoAOucLb3aAUlVmdcV-eNcqBQKcUeOdg-3Vpc8XcehlSZ0MoX7nFCLQhqVvppjxdn9Pt9zVm1CiJ-XmJcUkIiqozSd6AwCKJOpxbUlzW1oOOpS1nNADeP7mFqPPJFX5_4ZIcHdusQCGnfOG9_8GPX_FN | https://vertexaisearch.cloud.google.com/grounding-api-redirect/AUZIYQGnMW8Nu7eEp8eI6F9izqFF4HJ_YJiDj3wRS1Llf9PJDSR3SkO7Q-NAPIJDCJD1G18TMGuGqaq3QKobHJ3x5N7tqNEcBJawrGtiL00UKJyBRZvtRNZYyG3Tvd5oqTFxHfaq | https://vertexaisearch.cloud.google.com/grounding-api-redirect/AUZIYQEKo0VICzFb1-m8EeBTZd9DbPtKTCvauke1a5CzRns1nv5EQXy2_GTEFlp3MXa0kn95iWXb2pUoMrjEhzdkuaS3F28GMLCxxpsD2Ray1HrZZ6abGBCpGVnGVJge3d-IDw6pWXZYyTxDF-CpHmVBVJlOGnrcIYw= | https://vertexaisearch.cloud.google.com/grounding-api-redirect/AUZIYQFk5ExRCjnTJCDNOuAGVI0gdWyY8xP0vuEvepnkyyij4gOycohGNQX3gEGOztTXHBtav9Ub3TtNJCu5jez8AuoeHvQFEaHKt0Ayy4mwH4LGAprVM9m4M2_BC8I1SL4iGCtxXS82BLoBJg4soL0fA-gYBc0hNKU= | https://vertexaisearch.cloud.google.com/grounding-api-redirect/AUZIYQFus2cnDlwUfFbTgu__ykuOqSWwPd8nzCKHh7xkGksPKxFV9UzL8_T9fuVm4U6kdFS8mOaKu9UmYvE8xO7w0maZ1auQioz3T8nUuqV61U1vzaBQlXqAczf2HB7SnBgCjwmf9ZWpXujhbQTq8IOg_QBuqJvaCxY4ZCm8GmfiVZrlLfRt_c7aI8daOlGQU2yw6UTmgVUgKkJf9fHJIuw=,Could not confirm any business or registered corporate entity operating under the name The Children's House of South Walton. 'Children's House' is commonly used as a classroom designation at local Montessori schools rather than a standalone entity.,
South Walton Montessori School | Santa Rosa Beach |  | true | false,South Walton Montessori Academy,,true,false,false,Santa Rosa Beach,Santa Rosa Beach / Greater 30A,Education,family_friendly | kids_apparel | plants,"A non-profit Montessori school in Santa Rosa Beach serving toddler through middle school students with holistic, child-centered education.","Established in 2004, South Walton Montessori Academy is a non-profit school located near Eden Gardens in Santa Rosa Beach. Guided by American Montessori Society standards, the academy offers programs spanning from toddlers through middle school. The curriculum nurtures intellectual, physical, social, and emotional growth through hands-on learning, creative discovery, and collaborative multi-age classroom environments.","South Walton Montessori Academy | Santa Rosa Beach, FL","South Walton Montessori Academy offers toddler through middle school Montessori education in Santa Rosa Beach, Florida near Eden Gardens.","South Walton Montessori School, South Walton Montessori Academy, SWMA, Santa Rosa Beach private school, 30A Montessori, Point Washington school","101 Eden Gardens Rd, Santa Rosa Beach, FL 32459",(850) 231-5955,https://www.southwaltonmontessori.com/,,,exists,high,https://www.southwaltonmontessori.com | https://vertexaisearch.cloud.google.com/grounding-api-redirect/AUZIYQF926tCV4-ptvYnqFS9k_fZaq7sphNgut1l-DCR-tYvPsWS_EJfKv_illzp-wZ_OlylLtq3m6M35hn9xDSqPSr4tJEVkhoSOh2gHrkBZDMvbQu7Fewg3-g= | https://vertexaisearch.cloud.google.com/grounding-api-redirect/AUZIYQEQ97lxNnAvbPRhIERIf_gn8yvBXNh_X7zx1G6Op0xIMmaOmzYaYyWHRmtR_VYiHXzmNiJGyaBZQEQQQ9mLHQLPDRY21JyeFZr4YuVHQBS0l5kA2l-_CzIbXc2RhRIR9TEKtb_CoHJffD4XY-T38fQ= | https://vertexaisearch.cloud.google.com/grounding-api-redirect/AUZIYQHr3EqpXoqRQbWropO4YtdOJYxTk8XULmFywAiDxd0gF8zXXZexhYjrQVO48xGj7Y5PRG0M11Tw1iQGG69Qu6hs9tGjNP1A0Fulb5UzYe1PmkRCoyZr27Ie38j9VBMfH0_qNWV69Wr3jb2iTsHUhP9zGYRZL-w= | https://vertexaisearch.cloud.google.com/grounding-api-redirect/AUZIYQEQtKPApjGS1AOwarFQjiLhLDcrvJPDH1zK23Rs9qMjTggU1WGK8OCiJZVmwQbembfQ0fkW3pVN-hAG-ysBoZegscwk_dOwYj5O5aI2WYZz90oq_4F-TLG30RY8NtGqb7AQOBiPQka7YyiFgBAEYvMvOes33s5kbjntguYEydbaEprvk1ag-2GTE_NFWa6BGL3SdPvOFYetVIIU1zPPPToCzKoIQNno_g_QpVkKN38MyCEiyMqrBlT1R0MSPQQGLwXMMufCkcN2GJw=,Commonly referred to as both South Walton Montessori School and South Walton Montessori Academy.,montessori school | private school | education | early childhood | elementary school | middle school | toddler program | preschool | family friendly
Little Learners Academy |  |  | false | true,Little Learners Academy,,false,true,false,,,,,,,,,,,,,,,cannot_confirm,low,https://vertexaisearch.cloud.google.com/grounding-api-redirect/AUZIYQEdHyVCbrsBJqzPA4zm_oqbbDIJ6pRrlwQiKHnP9Lwkv-APORZX7NW_i3jAqEWHfY1NBE5b3PHvea5ONMBXOuZOdGqov_gxhRJv89hkDji0SYVDXVx73h8Hu0Me5vi5EA== | https://vertexaisearch.cloud.google.com/grounding-api-redirect/AUZIYQGY3-BDCLQzkC3ADIIVEKjI9jhO8lvFXSVffEc8h85yHVBzOzB9EchrS_wCLeT514AY0-tVKJAsgsR1B407noITTFJN-fGSd4wgyVE2LXrgP0yqLuitb7fOORtKIWgvMe7SScHJZWKTwhsGcO_knp8JFclNcQdgNwUUwYxFQxo7UdgTYMi3sTs1qQcM6UEOuC-WPSxbVwlnXznQGyJ3FrYMnBXvgCYOFAJkD-8-OBZL9QnRBJOtOtGMoQ5H5z4sUEm5p8JHtb8pzKQGww== | https://vertexaisearch.cloud.google.com/grounding-api-redirect/AUZIYQHkFyUSEWK8PtnhCfdnfXUQIkvt2RoI4NBFhcMhSpgaW_I89rhRoHw7NXoZv3lVG2ZPmVOIQ1d4_xRS95l7qux6DBybZxjt6kKtyL0wBtxBoCnRHixYgggQmA7kInM-GRfeiv6ddpLni8NQ9oxrD4-KzNRkDzIORj0U2JAtr-Kn6ty_0cpPbjjbw-d8RRMUKweAuO--puSYpfOvxey7n8A0YPUEqoA20RYrM-kmVqgww88Ox9av0CNDO5npRMMB0dKC69aoHMYHArepPaTdwZqngHRP7y34hF7cmbPZHmFt-Tb0z1NBjPbTmAmXsmUkixar3FhyYowaXo3Mr_HOs5WwogVXGw1jbZ5uyossmXhleNq_90F_oXwrCWi_Zr-_7_x9a5uoFtP7s_V9GRP8_Xg3hCcYYmFmPPcvmsIR3IQl0b63u30qZM0I2FLRGDUpwLc7yy2nalqXDDcKnkVbQXVnTXPSFE64v0UCASLMTHofXmUOVaQb5QQVoQlPyHlFlzhYDd-YNjOYKXEivw==,Could not confirm a real childcare or educational business by this name in the 30A / South Walton area.,
The Grow Academy |  |  | false | true,The Grow Academy,,false,true,false,,,,,,,,,,,,,,,cannot_confirm,low,https://vertexaisearch.cloud.google.com/grounding-api-redirect/AUZIYQGh2RMQIfXGFCozFST7VJMyAzWQc4mnVyy3KC0uuNHTBZdHullHULDDeyqHU9lWGERdald8XRymKrxR00-CjmgASCfx4rR07V6DmKejjBbNwtIlAwIpfikuEXQCWE-LMqbWjT-Lym-Lc1HVn3wt3kLN3pT-LJoALr3q3UHdFyPoQS1iQnVfHNi-3a6ZIMNPZUSgDbc= | https://vertexaisearch.cloud.google.com/grounding-api-redirect/AUZIYQE84LkKtaNMnOmPBDTnq_tI_DNO_JbWOnCDQvcP3Bx-PFBnrq6doX83RKGcKPGO3UJO0mGKrO0IwJNk3pVWKds3Ip43iDXrX74mrDBcuo8wV7FdNHn0rnn-UGiJ_9MLEM3sRbueuauCjivB_uEABLS4bpmT9XFdIFcl2Og-_jFgjCRbUsxnlC7BUnRbWXXYWNbW2e9W-IgngRUFj9RYKMRqjKyY0PGUznrj9x89brqXVp9zQbq1OZNVKCfxI9M6li02PW9IH3S5Rj2pPCtDChW77UE= | https://vertexaisearch.cloud.google.com/grounding-api-redirect/AUZIYQF9tMoxO2Sp-MF3GUptxw2JHNqJXzdWoT_xfH9iVD0ELpyIEUHCfugnG7DvsbuqTsyd62xPv5H_BoZnxNQ0wQfoaWg4u1lADHsbVCQArE1wLPFiwPO5Nz8RHphG41N6PprIoMz43ThJ2a5ye7k7sHCC_4XyvZrjLf5yl_2xeDDM6RasAK0frNHpAsQWKmQhvTWLUgKrQ2yD9PxywmnS_p5Un1gxjLyOXtJyCLn4954GLDnd8PiiftgFuuUFV2Q1yu7gaZAlUCiikAY2eQ== | https://vertexaisearch.cloud.google.com/grounding-api-redirect/AUZIYQGKbqtvsEjWaEJNGCDYboisN5XYZR7wxkAFgkBQHVjydB7RTWXEHi94R6p5D5xL5LcpjpIxKRV4xklDTIch_rEiGoO4SEsXSr8xBkkaKdxldYKZvUC8DJqVfeBciGjcQd2-BiJf842hGZiGv_iu2a90I31NnQzdDf1XzTIPSNJbN6getQjzfN4TJfMZA-apv5Y65usHFiZcapMzGdcjGsQqLeDIZ8ksA_5Afdb_Gdm0E1hvhUTP2aFxFWwkoD6vNuzaFDjqqJ6qouIj8Ja5lz8XfYxPw_xobEwP7V6bwAiEpS83kV8sjUGKwsJ5VOQpDBx4w9xJLPmShRF-n9gKy0z08t5ptQnnFSRRr9kYNFQWFHMwRqGxYKIyLT7d9S8c7ioJorm0uSg7pnSGgm1qfLqijbG49kIwbxZQwU2CwV921QVJu8Bm33wAABYhqXL3fXCzU1lryNpzWOyTll7Yk4P5K8tlHgW4DtpndsY_db13UAcV4mMnCnZ9X_wjHGqDzzg17wPYMAp6pnEKLm2AggwU_lCPoOvNwATBCfiqv6wHIps= | https://vertexaisearch.cloud.google.com/grounding-api-redirect/AUZIYQEHoO3vjHNkFB-ZPSmpDp6we-Qub5s084dXupIwL7wjDKchH5_klO5bMCkRBdu0PZw4W6oTCc-stKMxa8X_hVIDRhL0u7k5a91kGMa_k0nkFB0YegBf5-VnDI9JIT-ATFP4KzPZI5Qmsb98aHocwc_5GkkXSPE6JOl2UbELFsaBF-44jnni3vxouMO2AhDC90g3JAV9AVjDWZIay2DjopvqSr0g3Sx9ijM9vIfSiEQ8sAP7r_Xcc99ieH-sKZixJPByN4Q340o0j-8l1iqKN5M5xP0dTJ5mxC2UdgXoe8i8BxfzOsboNWYJ-3J3UGjc4OhTWFsjNWW-jhTCV-tYxLGZl421b-9-S1W6YJ5b73i5G10vbxtiFkFmnGkVLoTGV3IdHFZ-XSD0ml_XYXOaS6dWmCaA10jDxPhdNy-49783BtnWt2FjYzYxnyipbxAIxH5oa7QbFAGQkXAW6V80eC5vhpQJTPoje0GRHq2tCfYeWA== | https://vertexaisearch.cloud.google.com/grounding-api-redirect/AUZIYQEV8tRAUqG_Ro01TWKUxdENTtUwnydwWHvpRD8_qUX5h84XXpdojwM05_-lC1PiSb7bI8gVVtxTB2OKEJdx0rOKfGRQZY1mypL7jeV33KEHkwOTOKBG1VDFNNufLOQbYROeFYgQwea_fPsw | https://vertexaisearch.cloud.google.com/grounding-api-redirect/AUZIYQEfusoqoJwTJdlGzAiYLN6SfFZ2kMr_akLQmO_ODPMemNKOaNYdFIkb9ziBxErPVDHH4g6d51PNy77VlwLEBPxqbHrKgV-_sOO-Nq8NvedMwZQK87s6Lkvj31g3SKtsvomteMkdYPAi4fs2QGHsrp2CUwjeGTfSkkBUvJ4GTYauvkqIWvamfk6aebYn7mqjYZGHpFwmw0KHmoXlSqoL2AdPKFb_2afZQqn4l4wQs0uxMB43X9FtrwsGLndgzpjFfb1vznXBXg==,No matching business or entity named The Grow Academy could be confirmed operating in the 30A / South Walton area.,
Sunshine Academy of South Walton |  |  | false | true,Sunshine Academy of South Walton,,false,true,false,,,,,,,,,,,,,,,cannot_confirm,low,https://vertexaisearch.cloud.google.com/grounding-api-redirect/AUZIYQGqtN41pK--umGGZVarOwnj5CrapoGsTMKcXjE49KoFkk62wLCj-xjKszVPdEu2C_zhQ8NcfDtr9-kif82xvo0hpDwZKR9tEuxqOpBUwYqj4EcpSdsZu2XdcAS3GCv9k9Ndjz7-NeGhiHC4b_HqAaZdWPTKL8-aYNfBRHFs99TGcg== | https://vertexaisearch.cloud.google.com/grounding-api-redirect/AUZIYQGTbkAFfs9GMVBtQzSSGNHXVOoOgDqo-jmOmBGsPmlWepUXxogV9Pu63Q5fgasGDu9H2EnMOMIxwgOgwCJ7hIpTdRZgBeh8QiI2E5uaK2WwE7x2tEI5t06L9LH99PO-Q4tzz0GFt6mUekMtJ4NW9rZbeJYqKIONovVutZ9j8l-7aqJBXDiEUahXEMfRioiVK1CiSvdzxgCwEw5RwB0= | https://vertexaisearch.cloud.google.com/grounding-api-redirect/AUZIYQHgeHyTyjNnlZOwKr5IDxVWOXv76Vp8s_Tst1dggsZtdVtpuOHBoFwfepxcDy-wOvuJJd26-qMgU32kkgcYgdx790Hz8UcxGI2X4x2-HgOxuNdiFPtu-jFAzBBt6w==,Could not confirm a business named Sunshine Academy of South Walton in Walton County / 30A. It may be an AI hallucination conflating South Walton Academy with other Florida Sunshine Academy facilities.,
Kids R Kids of South Walton |  |  | false | true,Kids R Kids of South Walton,,false,true,false,,,,,,,,,,,,,,,cannot_confirm,low,https://vertexaisearch.cloud.google.com/grounding-api-redirect/AUZIYQFGYY2yo17TlGrnE9gVm67VvsdV3HQ31Qtj6bI-ediG0VtvUhfA2GLey1MtN7G0l-QXxOfR0vYl1koc_ZgZ2ywPAiVBcjvWY4WJJlPNfcOLCgLIkKbBXUOL8E-MveHCQ6QthL5ScVOxSeeo6zxT-UtbbDQPPJxt_06AdFMpnGM9LUM3bW7LGEjmprN2u0nQw46fWXIZ2T5y-hSfE82tmkrhGzUC7u9yil8Ptlxg84zd5wFYtXDk-GrtQx2UK3RWjfv5q4CP6DTcww== | https://vertexaisearch.cloud.google.com/grounding-api-redirect/AUZIYQGZNm-2WR7UeIB63N1vLeF7GH3L9bd7mfBlbv8E4kkvAcYodlvFlk-3L8nL-y8tf3San_pLz-5NLSc0PIJ25YTJuiOHiEeXUG13dy6oK6ax8xkFHoxm9BwxAA0WXHc5mwrCqAKzF05lef-xASvTpA-RnAKllVHsoqQBKO1paB8s3RV-JzDMARJ91r3TopKI2fwSkVg= | https://vertexaisearch.cloud.google.com/grounding-api-redirect/AUZIYQE8carisFKRtq58ufP_8xB0pj8EWmz_b2LBxUcylXJpPy1L4Zo2EEMyfPybbriiul8xiax4bAKmBLWxn8eriXhCsiOh2lS7gXiXf90HTeUQEsfhPOVRDNbAKoDCkfW8j7Ct1xT1ucP0y1lRnRNprOYi9zSxfP-rBM8=,No matching business or Kids 'R' Kids childcare center exists in South Walton or anywhere along 30A.,
The Goddard School of Destin |  |  | false | true,The Goddard School of Destin,,false,true,false,,,,,,,,,,,,,,,cannot_confirm,high,https://www.goddardschool.com/schools/fl | https://vertexaisearch.cloud.google.com/grounding-api-redirect/AUZIYQG4lolTfosVsDwCSu3BdH7KrMdqU-GkddxJFAXlTvgmL4aNiesyzzc4w_HkOafFl_baOLLs_3zzIbkCIBQV5rrPy6K-j1CuG1XIa0-s9U7ZUzYOix3XCFdBEPqP | https://vertexaisearch.cloud.google.com/grounding-api-redirect/AUZIYQEhT6TAUSlanaBa3fl2aU9MHc8mxoNXv03xqR5fHRGcqGnp4dbtP_akEOPb2673QiSE1vCrksfkZDf2pepFQPW4rUwLD1D8tasxkfBCx7AdTJ9Ks9jcEUkPBiKIl_i1 | https://vertexaisearch.cloud.google.com/grounding-api-redirect/AUZIYQGvMssf5kBz4lvtZgcmVEKWwxgWCUfFHPT3xwUp5jrrdBEUzaJwuc_COYvkKmpOlpEzqa0EF2X2wGuwFmucVTdfS3YCNbRYOL-2ocCtVsxKL993xdFnhEOSZG1H_kES4EPg0p0stgysT_5NDOpMTIM=,"No Goddard School location exists in Destin, South Walton, or the 30A area according to corporate franchise records and regional business directories.",
Bright Horizons at Sandestin |  |  | false | true,Bright Horizons at Sandestin,,false,true,false,,,,,,,,,,,,,,,cannot_confirm,low,https://www.brighthorizons.com | https://vertexaisearch.cloud.google.com/grounding-api-redirect/AUZIYQEVJgFweu5o2hEmA2RwtWzbWZ4Ns1g9NPfs4OIBMpjlRGLGr7-YM0-NQohHe5fb00kvkLCoiO2EAstr2Qgv_ldlwa7hJk40DtowozfLSbiNp8L2VnU72P2X9PsObfYkqIv8pm9Wgv22rNIuzR6BytwnSzwzVqAi34YZFjUUfa4TeP5JcVAKluoUw4mu-v7SrIsN3tmS7XyfA3gLQg== | https://vertexaisearch.cloud.google.com/grounding-api-redirect/AUZIYQH8VPQkN9cHN-fhPPM4ariM_cFJaJJAMYDlcBqK0NBi17QbfsC3S3uuiNxOhg1tROAxgFTJT2yLLICB9S34o0XXTmiPQm0DbuRdPukXKZNBetoGwxB6AuMNEZX6CbsNTB-PhLVSpbluOZBDVAVy57Qga24swuJOe6BJZGbw5yWg | https://vertexaisearch.cloud.google.com/grounding-api-redirect/AUZIYQGL-lw390iKw3L0ofRDaE9V8Ngoly4rA35tIO4j0fSiWxLe_D9LyNYyEUIQedZzG6sJ5SurqSPN8nvTz1cZ3EEW0HOlA5svEIbIJLOswf_kNJVEtcKmOLJGivg5CEUSGiN39lVnSKgIRKrCn9uhKJ16LT5kpfGva3wTBwb5XhE1uGlP6cU4Od1ptc2IGA== | https://vertexaisearch.cloud.google.com/grounding-api-redirect/AUZIYQFRr4i33fPH1VLdN5RfhsoKdx8dH0Qy55KXALXhKlkD5B2CVS9e_Gq0Wusbh1K2jPslXbqEwxpzzRWp2SvMk0jyr3hZ1a9suf-0cqJhG9ZH-S0ZZaPALit7KyeGYgZ3UpKPKlZQAsbys_Sxbcyx9wgXIcL92YugFI8ivbH8YIUM3w3ZLhAS9o22FJTY4yMjfHruKqQ6CgLXA-pg7-fXy7sFQjs=,"No evidence found of a Bright Horizons child care or early education facility operating in Sandestin or Walton County, Florida.",
South Walton Nannies |  |  | false | true,South Walton Nannies,,false,true,false,,,,,,,,,,,,,,,cannot_confirm,low,https://vertexaisearch.cloud.google.com/grounding-api-redirect/AUZIYQGbQ8f20hVkdF0jlPubEDbKhzFElScocvuNm_2mP_WAdM_GPcD2sVhaEpiBWSKyWY1n5brke0rXk6QcJYMqVlw4PuvFA02dBXrQS7isEUx8znbvWzrU | https://vertexaisearch.cloud.google.com/grounding-api-redirect/AUZIYQF2a7BebwqWt9D2zYZICF3ZiKIt6R89hiHxn1w0zPgXYrtN6LH3QprXllP6EShG5JSntslLERebEKq8NbnmmziVmlhazTu97Wv7iQ4UnBenfE73sGkN8I_OuXDoD54=,"No matching business, website, Sunbiz corporate filing, or local directory presence was found for South Walton Nannies along Florida's 30A / South Walton area.",
Little Sprouts Learning Center | Santa Rosa Beach |  | true | false,Little Sprouts Learning Center,,true,false,false,Santa Rosa Beach,,,,,,,,,,,,,,cannot_confirm,low,https://vertexaisearch.cloud.google.com/grounding-api-redirect/AUZIYQE9W3VQBykPicAWTAzajIcoOuXzaO9LlXkA7br9LIwih46sEsdXPQN-3o6NHHzHOfjWWz2bdhfYICcK-Lz9h-BJZqVMjdL8ZwDL5m_KBUFJreyaH5WIni453LPQTHKlUtq9LQamgIq5MXt3VjCr1ddH8oo= | https://vertexaisearch.cloud.google.com/grounding-api-redirect/AUZIYQFTR0XXuEkufDbDaSDKNVQwt-E-q527ntibEqw50ye5Y_aVUcf9vyZCQHC1jn9qNZ-UScrWoxC7_lQaodaYY5eyrq8iiHx3XbwnFcPz9cAhQsuL86X_zF5o3ucWikINE0tSh9mZeVzkx9JLHG5JT0EykKB0gRjxmM3YlFG3r_tMuJ1Ssw3_zcofaMLJE5UKVWOXdUvD2VRa445fIWiy | https://vertexaisearch.cloud.google.com/grounding-api-redirect/AUZIYQHjfh0ii3h08kIEJPOsEfbQsRbaCHOgL7p0WRV_pXC0nEA7gPzbktm8glz_xPzBt-CG29ebmeYldE2lxCiCr_1Tbjxs4r1XHKQqzw-D--qhx2qH5b2kzEPIntkcEzXV-PTPI3OEQkCdqat0XeYoWtsXbkjPl_5p--AQF9WdhjD8aBmu2KaHQrV99rg8CPpkoVuOK4dkjSDTCtDZiXiOsmpTz1p7t2LQAPPVNNoKhe9biWaI6WUhUfVmu9l6AVB5BBTLBx65LhrIkU9FCaei3b48LI3-LJUV437p4g-UH7GGXaGVuMW2uCKr_sDmjLEIxAHxkRbN_4Fo6KJzBeEPES1XBv5Q1E060hFc5bhjM6AJ5TVQCqX3IL9wxMurVjd974xn6CeJjYiAJd4bmsQ= | https://vertexaisearch.cloud.google.com/grounding-api-redirect/AUZIYQGYUyxnAzRCYvqOAdiWQCJ4Abc9FLv6gWHUdy6WsHU_FfYp8AmOU-5DuWov7M2pvRFfT1GCLIPoCSSJzcMHJaw1U5pFJS6Myp-lCQuNeKWXgtrtW7TxdCrK3IA1hVW8l1ug3Q== | https://vertexaisearch.cloud.google.com/grounding-api-redirect/AUZIYQHGrJQZIeUD2disyT4Xzs9_j1rbDaf7fXMAawIUAswBUh6iQA399wKtvfg5fY7zpSrsArkjOqGd9mbNGShIVUdrl2_A37FmT1d2cvkZNgX7qVDI7XC4FwCwHJMMmjQSrNPsfn1b8tsqR77MKmxUOoRzdM1BqMtft0Mw8A== | https://vertexaisearch.cloud.google.com/grounding-api-redirect/AUZIYQGlDSnpCgwVXzcJOZVwPku8aHEpgcIV7m65xDkTtOrOJXlpoFLGNwPkuzVdoeMZVVMyorg65PkW61Yrz05eSVOlbhuxpMuHCU6cfObkhc2jfWw67neC8wVp3EE8KZz7d6LK9PyJmT54F_IZDG4HmmovXfOgrYoaDyZ3NY2XojaSHkQb2oFONuRdtuDVBFY2BLf-qWNNHsRftBoqVDk=,"No active commercial business named Little Sprouts Learning Center could be confirmed in Santa Rosa Beach or Walton County. An unrelated center operates in Palatka, FL.",
The Learning Experience of Miramar Beach |  |  | false | true,The Learning Experience of Miramar Beach,,false,true,false,,,,,,,,,,,,,,,cannot_confirm,high,https://thelearningexperience.com/all-centers/ | https://vertexaisearch.cloud.google.com/grounding-api-redirect/AUZIYQGE8ED-HGnXDWrZU8QLY-3lURUzsBib-5Dl0aAwSBz203hN6OeOkuwqsf05ZMGF8tosqHRKT41zqq6hVMavccrN6G8891wbmalUcAueL2wV-qQpufWbHdeKBqrqT51nkcgJSkU= | https://vertexaisearch.cloud.google.com/grounding-api-redirect/AUZIYQHJMJHnwmiMdRitjuqyEpqh7gD_NI2TK0Q1mIAtvD41VC-Dsfz0Lk9icodqzv0glSWPzCeU7nArN0R--vWJAXjvfRpqfLEhraEmDtw3jdZZcVo37NSFal0l1A==,Cannot confirm a location in Miramar Beach or South Walton. This listing likely conflates the city of Miramar in South Florida (Broward County) with Miramar Beach in Walton County.,
First Steps Academy |  |  | false | true,First Steps Academy,,false,true,false,,,,,,,,,,,,,,,cannot_confirm,low,https://vertexaisearch.cloud.google.com/grounding-api-redirect/AUZIYQEZMvejyBua-yohMSYu4N6ZOQScVKoayEOFWL2j7LDu4LjrAOoSGcimsR14da126L6A_E5Kj3Y51FgCA2n9Q5dZ5Q2E3ZLuLK3LQS7erGGMJlsEZmK4SN3W4KzKiy-uZ_W3MkaV-i3yhDJ5FpSzRNCclA== | https://vertexaisearch.cloud.google.com/grounding-api-redirect/AUZIYQEl7Nyirer9fG5m-18IiCmadlolzZmMSy3MVrRwseJDwWi5I0YzOAL7fyCs_JeH8NVL00_enf1CiAvcjRqajU6jfxj_2jQiQZiDEQ6UTDXXs2DdZLkK1glsxP4Pc3oKse-nu-jcLLqWG_VY0q6ZSg7Py8LeebUCLf5a-UxMiPIXJJNLFpnBYfY5khs-eQub8gwO-5mkObCRnjvw6nqxCxp0ye-do_5uzYdlW95_BZ0sxHOi3zX65JgyLJKz3AAraL8xvjHAqz4= | https://vertexaisearch.cloud.google.com/grounding-api-redirect/AUZIYQGOpDQMGRzMKtXVPHi0NvrFQgcoziCnnqXrR2GuatWpB70cVDO8jxFtRmftp49pvpKOAbqSHXloMbQxwq9oKPM_EijIt-c71VtgckZRcpGmYBQ4kd-HVARNplyOqMF2AQ== | https://vertexaisearch.cloud.google.com/grounding-api-redirect/AUZIYQFruN1o2U0wrnKYQdN0L9n1TkQp5-JIZMmMK2dVtnK6p7nxUMasw42gv1cNFuFdV5N1DfcWbATk-poMowSawnS6cV_BxBu2sE-tbeVK88IkBeacJ28T,"Could not confirm a business named First Steps Academy operating in South Walton / 30A. A facility named First Steps Learning Academy operates in Freeport, FL (North Walton County), which is outside the South Walton market.",
The Children's Learning Center of South Walton |  |  | false | true,The Children's Learning Center of South Walton,,false,true,false,,,,,,,,,,,,,,,cannot_confirm,high,https://vertexaisearch.cloud.google.com/grounding-api-redirect/AUZIYQFbJJCIxHBfiIIYVfn_WDVOSG067ZlPmPp4dh_HELtnEBtlX9_YSkNMa9SFGMdTVRG_9Pc1Nhafe8eTVdnZfbhsdkOK4hyRt70PcamqB0clkUvJinR6Cymk | https://vertexaisearch.cloud.google.com/grounding-api-redirect/AUZIYQEMC__l5zOxoS3r9kd8irKlP6ULQQhEkBfEgkxtEi_s2Z7CVCL1lA7W8nD4uL2eoncmjjEgsH2jlEok9xxPYZx8UTMBXmnH7fdCI7k4BREiN3o8-GeeLDZCGMTyKH92eHoi6qDmPKrIhpl2fYM0A-bIIug= | https://vertexaisearch.cloud.google.com/grounding-api-redirect/AUZIYQGXiH356gaYzULN_GeA3sL92nTV3YR3KTiL4fC90YiDjcw0fZqa9IhYfZyqd6Owh3Z7_5DkihcakGXokceznY9tYHir83-WHBwJnNXgzUSn7XmuSxMe | https://vertexaisearch.cloud.google.com/grounding-api-redirect/AUZIYQHb8tHEX8sYifMeNn1z4avenX2Myb6pztT5VeuXoB6RjRw80zQFmtohbUpqEaVI6bFlF__yAROR1_UGhzdCXeLEP2agyVTWp43WOt00muXROAGlQYtg | https://vertexaisearch.cloud.google.com/grounding-api-redirect/AUZIYQECa6gjxVIh78gW_CY0q7iaQf34FMUh0x3voGMTc041DwFIyE-oic3ZHcOZphPULj46BW1XSoRsVIyhyszZrsY7LylGb7AWmHt1Bg8YHffI9R6WFYlNwMrwSCVltyXz_6cIIDFKWV3wmAbL6htI3DzoaukCxMEAKPeTedEhhVTh6rA3mlWpVKN4l_zp7qnthkkG8N5k2p5NmANnqXlCNr4WX68BCgHiTdNesTitfsVToCGa1u1o3P0wFYjLtUaeDbfc1RXN_jU0xcbD | https://vertexaisearch.cloud.google.com/grounding-api-redirect/AUZIYQEckikTWxy6_ssCTdFNKv-J0HEskl0bKw8CPsIjH3FwC03KByIZBfUbE4mjSTPaWWJ2eO0kiJWelNVZRVDhR0TFqxhlDMDMQFsB1uc5nAFhSppgh7LzPLqUU-wOoMfkTUl6Tc4B5nqhs4bnKGBLj3BlFXMmezZTuLZhd25HgwaNkIeMdohu6du0kwPjwspx7TGPxMueO6yWnzc2L0cwJAp50WG6QDr36_ZVxtJh | https://vertexaisearch.cloud.google.com/grounding-api-redirect/AUZIYQH__Vj81elX4aJZzbFTA-TFQnKhqK_FHDAs-jwssAhg00VH-IwWZg6budq0X9icxWmwclrWz9uSBZ_c5e8NR6OR24xJ00In77DSYYQ-_mOByTL13QLrcYYE | https://vertexaisearch.cloud.google.com/grounding-api-redirect/AUZIYQHMcr_ERTg_QGKO39WfWLB-7gIubqwzfcqq2YazzgsiVuFDy1EqtWxKZprYhjXxGndHIzy-t-eybgk_mru4XqM0tpMV970XeQN1aJxMMhPJ,"No public records, business registrations, or local directory listings exist for 'The Children's Learning Center of South Walton'. Likely a generated placeholder or confabulated name.",
The Beachy Boutique | Santa Rosa Beach |  | true | false,The Beachy Boutique,,true,false,false,Santa Rosa Beach,,,,,,,,,,,,,,cannot_confirm,high,https://vertexaisearch.cloud.google.com/grounding-api-redirect/AUZIYQF8zhdgNoVvNvmMKzfeXk9nIqEw8re3VhcDOHYxfvGFGe52S96I3i6s022pTdAF8__Mue686tixAKXKcCQiS8O4G1MGQ21XWVBLkTIHSTelofF_lej9S4dkq6tI7PiQsSLys8dIDZfxVzHs6NnJIXgvbzalgQ== | https://vertexaisearch.cloud.google.com/grounding-api-redirect/AUZIYQH85nAM8-piLDrOV6b2XjhLqp96yVZF40yskPFclWCqor0CCJ1k446iZb5_7HK4aXAyTw_PMc_vLlINp-wa778iDpV6_Qzo8NLEyVUZuuxZ1I0fvslSbefVZ2T_YaRqPjj9B2M6Gsz6bmKwnO9sjhvL775LLCN7U4Gat3g3b9shOjKQO8l1oFzJ6Yyv90sJfuVy3IVh-WbYddQLnEr6W3mtx8E8417lLQseynlCt2COhFOxoFXf9MRzGYqHhLLC4E1IU-tNYNzkFUBRP1PTWgLPLTQeA6P6lhH8ScYKli1vQyn35CT9cwHHXxmaabMr_FQMxOy1VCSjXcHu0gy5gpKuGZ7vBF-aDBRaK1NCt3asdPv17jtJlXKM35CAeFBxtSE1GcUucaaYIok1hd27tcpoNRM5uQpv,No matching business entity or storefront named 'The Beachy Boutique' exists in Santa Rosa Beach or Walton County. Results show the phrase only used descriptively for other shops.,
Salt Life Clothing Store | Seaside |  | true | false,Salt Life Clothing Store,,true,false,false,Seaside,,,,,,,,,,,,,,cannot_confirm,high,https://www.saltlife.com | https://vertexaisearch.cloud.google.com/grounding-api-redirect/AUZIYQFDqSVjhuQhutYDPJBU-1E6CfB8MdJeP5Vu2X3mdHYF4ZE2svaUWJGn_OKVhptODUywWeuxKVS86iBmM37dtACYtSOwqUdT3-CzIO7r4J56mL4nK6BJjwh0w1lCjSaWzx5KB9n-W45diTs9REkAVv1Rbzx67ygSr0OxzXIeBScpNkZoNONPoYmt2267mA2oz0WQ-2ovi3su9OjVrh83CUvPumZUyp6-gb1hTuRPW85h2-d4sw8hXeLkYU7XSRt-WaBEc6ehh4dwXHJQODQo73yd7RTIjg== | https://vertexaisearch.cloud.google.com/grounding-api-redirect/AUZIYQEF2ezj0k6rPaOkknTVbRuDkEaiGf2zsS9qB_a1xubpn4Mh76KdijdwW2EE4p48DvTIwra63gVUTJDha5BjOkcRJcQ94-78fb5fu6-0IZzvu5VhHkJ4u7MXEwLp0uz1v8Gov3Obt9QcUl3LTD3qid7FoQE= | https://vertexaisearch.cloud.google.com/grounding-api-redirect/AUZIYQFI9PVMrUL1S04F4e_nPSCTbL8WEqwVDIONeu7Vb_ExTfnYbNXfDe7WOKhMUrl_yxzbfCHzCSj09sPGgED1Y3WDkH19tzS9mMBow_6ECx-qXRQFwf5exn6VMlipqfFs8uYCtlvzN1tV742wdDpU5wdHYo2qMvdelcwoSMLrgMN8sUcgdg== | https://vertexaisearch.cloud.google.com/grounding-api-redirect/AUZIYQGCvcR_NkvtiQCXcj5vZ04XTfJoKWxDDJ-K662Sh6sLlzjAsP7jPAaxAjg8_SjiXUxBt7zv39GFyE7UEbpNN45_jp6UNVUF4Bgvbns= | https://vertexaisearch.cloud.google.com/grounding-api-redirect/AUZIYQEXbol-ANL9l5TO6Fqtcqp_X-hF3LWQ81x65GO3Sdb_-mW0BtktEwYUNK2L7NI2s0-0oTsFhr8QdJIazGD_PUr0XnNUvqSvkX2KpvDY3j-Sqv2sNbwQqnpTHuA=,"No standalone Salt Life branded retail storefront exists or has operated in Seaside, FL.",
30A Apparel & Gifts | Grayton Beach |  | true | false,30A Apparel & Gifts,,true,false,false,Grayton Beach,,,,,,,,,,,,,,cannot_confirm,low,https://www.sunbiz.org | https://30a.com/shopping/ | https://www.visitsouthwalton.com/things-to-do/shopping/ | https://vertexaisearch.cloud.google.com/grounding-api-redirect/AUZIYQGT7MJ8rO0uUO7q_tfUvHTfx5w9_FAIltIEY1Sfpgu-lU245OGTtVFQbQYX5CERXH-q2-CWKkxFGQJK2inI0M92NKzdcQNEPjuU6DtjdcyRkZP3awI32TOS_D2NTGbDAuI= | https://vertexaisearch.cloud.google.com/grounding-api-redirect/AUZIYQEebn8ii9Ccp8cvKUvqxqb3Bm6TDD28cmLBOoaWM9Z6eYO2E-rt-A_mb0YhhvPacux6NcuO77Kpx9Ai3x7cmr_LXdjBgO674tUx-sVACA2q2BzoFfMZ66s1wDrE7tsLzUM9Bq4GmCpDFhRgSFLL6khYXGA- | https://vertexaisearch.cloud.google.com/grounding-api-redirect/AUZIYQEaMDiZw5BWNeOOqwvlK8XXyshy-ufuM3yV9rAFuD8c_g-Xiw3Zbr8n99qfXnHnSXUp76HNbvjIzYZplccUAjc7LkXEjuZr0gx0zNlB8boETRamunidEFGlDoYCPOGaEEGsJMq3lRwfuWPAOJFSim5ysTVzB5nU1it8RcI= | https://vertexaisearch.cloud.google.com/grounding-api-redirect/AUZIYQHHMQ8tC-kfFpYFqank44ur-Iv2umGAAfiPynSBXIf2HfZhUiM2EP44olxdYx69RK1ZIqBta0h7i0vunaYgXRSaJ1vFl2081oMVKUhV7aCsXnLv33xIKtJ9_vw= | https://vertexaisearch.cloud.google.com/grounding-api-redirect/AUZIYQEWQyTKTp8zc_4ed-suRXV6rFX4m4oTKokdFp_bj8WL62UTAWNoQshCImEMsNt7UNyY4co1ZgPj0rlvCusfVV4O0cwEXzCGZsH-KzYBy59I4l7EOXJI9dsQhZ71pu1g5dC0ha2xOlHpsKCYiqAM | https://vertexaisearch.cloud.google.com/grounding-api-redirect/AUZIYQEE_tEmBBQGU7b6Syi_FEX_DtO9QjmqN55UWrGdhNeYO5kpEFbzLm-bXUyQkA34-_j-ZnE5qnPHkb_MLK5zDaGBaDTI5BSz2IFcdKU7yNfXe8lk1Qa6m3RjbiJQkZjBLm7IFT4Na948efSQ,Unable to verify the existence of a standalone business named '30A Apparel & Gifts' in Grayton Beach or the surrounding 30A area. Official 30A merchandise retail stores operate separately under 'The 30A Store' brand at other locations.,
Seagrove Outfitters | Seagrove Beach |  | true | false,Seagrove Outfitters,,true,false,false,Seagrove Beach,,,,,,,,,,,,,,cannot_confirm,high,https://vertexaisearch.cloud.google.com/grounding-api-redirect/AUZIYQEROO_TJ-to5UolQ_2MAqjTAZojF2zD_hXUjHaXY5zG8R5a9rlyVRC4dCuNsPYFDA6zHFE47fY76bJ0XzpLM2ffOAymDGA2MP7Y1bYAVckgz4GAvy0SlhovjOuEKJFQuxfD2YvyGcmkZO4Ta1G41A== | https://vertexaisearch.cloud.google.com/grounding-api-redirect/AUZIYQGLcMcy25DCr7Jti0lU97_pD8UwKD7XUhSVuXbj21ot3vvibJhrezGzTfNsrsujLWRvadivRBOnzsFJVaC6gj1yYct0lx07hSVfTXA-ufpeHpv362Gm6of6hqbaxkngT9UAheimDIEUxViWFSse2yTw8R65-Q_BhukzR6mBSyOdCdOezbhuu5uOhGIIlQnMaCmT,No record of an active or past business named Seagrove Outfitters was found in Seagrove Beach or South Walton.,
Coastal Vibes Boutique | Watercolor |  | true | false,Coastal Vibes Boutique,,true,false,false,Watercolor,,,,,,,,,,,,,,cannot_confirm,low,https://vertexaisearch.cloud.google.com/grounding-api-redirect/AUZIYQHc8QZFUX_4Zr9VBoK4LxbvX8aOCBUxF4IWrsu3XiT9lGLDSYvo4UgipQS5z70RFDkipeAilEtwH4ntFCzJPRu4x1_Tlt8hmkO4sZxc_Si-WC1khHarJMlANPG7qhR_Eyr8mnpqTwVSAKjnmt5rTTP1KW9PSemElMuUuVO7V9wglP8Av43cbAkG8qQtnBfpTaXz0PEUCytp60E8K2sqyjF_1s0EVSqxjoXGlb0EVTcQHzzYPEQCKaiWwMfNK-L5HKXbtVM7ZDQ= | https://vertexaisearch.cloud.google.com/grounding-api-redirect/AUZIYQH5-8n3ZWvcTWlG3ZMhMH1fzGZbC0Gbx2w18bA-V2mZkCuhQlq2-cLWFa6seHtiqrCpqy7MFAoiUx__oORL0zHkSkNHTJbb57GBECKaPU75kBDfAWMhYEwiizjlC4ZQTkA8o4a_d_gqKA==,No record of a business named Coastal Vibes Boutique in WaterColor or the 30A / South Walton area.,
The Local T-Shirt Company |  |  | false | true,The Local T-Shirt Company,,false,true,false,,,,,,,,,,,,,,,cannot_confirm,low,https://vertexaisearch.cloud.google.com/grounding-api-redirect/AUZIYQG5NUwSidDk7I6JTSDr0mtZ5rLI7JNTjSjbX4u2m_UXxPxcVtUc3FrGKVzQwOKbzRiFpvM4Kq7BFDLssNbW5Ru-oXoclapih14DGOZ2lS8lqS3ODCEdsgUuxcFlAvXm | https://vertexaisearch.cloud.google.com/grounding-api-redirect/AUZIYQGNH71pCuMnOISwKnwQNGrmVdzMm82sqNK1xsyQJWN2etDFZs9PL_YLydWndwhiPpdYQogglnMLXOAhNq1QmLR42hs3HpnDrrmKnCnKZA== | https://vertexaisearch.cloud.google.com/grounding-api-redirect/AUZIYQE5J3icx3Dypif5By9MCdD1iZ84qRmBoMdva8GDTZctPkQuHImXvly-8FzOt3vFOd9X1vIzsJGWAVYB581bifcLZf3EJseMsPPMYlfqFcED714voIQfChLZ12OnViQwMAZJx0BXHQdd0o5MRbn71dX7kijB,No record of a business operating under the name The Local T-Shirt Company in the 30A / South Walton area.,
Surf Style Destin |  |  | false | true,Surf Style Destin,,false,true,false,,,,,,,,,,,,,,,cannot_confirm,high,https://surfstyle.com/pages/locations | https://surfstyle.com/ | https://vertexaisearch.cloud.google.com/grounding-api-redirect/AUZIYQEqmaZuT5uUBYSdw6i1fzcdYDj6sWwJDGTARHWpTi6-h8fZPDR3fBfGPm7q0qH-RZ8otM6ys49V59TDefoiCR8WdVI0uZ4QzKXPil3XD4Bg70xoHp-5-PHJ7gDUP26WgCr0nhydKaU= | https://vertexaisearch.cloud.google.com/grounding-api-redirect/AUZIYQG8RpAjf-gnDW9RWHEndEM4hW3LiiSkYlt_b15ukYeQ5jrIvhX5_xAvxYTipr-zgAZNuQKlHT0yHYorX7BWhMc6eXitkK8mPsrpnHrhh1fYu908xK1mJiqbyKJH2-FbpV_SvwBTYOWZj25ul_rccxQOPOezSV4GlKExEz9Kqwqxvg== | https://vertexaisearch.cloud.google.com/grounding-api-redirect/AUZIYQHDNiPG1DnYXD64QGVlTSgILEFiam3j10krGcWmBP4wO09tcX11Mp7UfHpj8F9wPPYLWk72yXvMVaCOv_vyzk7cKIf01kxpeLUGKPUCKlICF10kB7yNr5u_6Ri1hu2BqglXW-Y81dg= | https://vertexaisearch.cloud.google.com/grounding-api-redirect/AUZIYQHTDNPIkTEi-POci_Ai0MTAwUGA59ZITYefHcYUcSoMVv4HsahG218b5f6idoL41GEpdO61MDb-eBdYwK0-1PP8Gb9zCfkH951mTyYIJ9D54gH0KROyyV0PwFjVwSkVZw== | https://vertexaisearch.cloud.google.com/grounding-api-redirect/AUZIYQHEkPJl7S_0S3kpQwaL9e0HSzBnBBfKRlwA_DGrbPIfcGyg5XlAdMk6i-hwEe192rBkSZQnSF4er4Xa0LO4srV_jMckxrrY2Nntw1T3wGQgUx0Xn4AcIxm3QHHcLnPfjWQYdZF3LwR27Rwayw== | https://vertexaisearch.cloud.google.com/grounding-api-redirect/AUZIYQEX0EbgZXbUya3V1ibXZnyvQ-K6ZC_8LkR08iXhzGFrr73C-2c0N8to5T0dLo-Uz_652P-np9zRp-Tw2H_mGj50WFDytTMwat_a-rjrzlHOYHTVF0TZBPFiKWCcvHAXJI_eXLkn7nIhwYAq2PQg0xEp4TO5i58z3rB9AJdlIxilhn0IzWZXXv478qV_usXrs3-82EkwrSPoY4ztBqCPGmhf | https://vertexaisearch.cloud.google.com/grounding-api-redirect/AUZIYQEr3YIIuQn4BRNwjnGNkRk7wVgOfVaiEuLYrunotI1VDDAKjdbYtpzpL8BWgPZl-8irMQhUteBqSUVpbzjytNPnym04fSWbWdJvgnLq,"Surf Style Destin operates retail storefronts in Destin (Okaloosa County), outside the 30A / South Walton coverage area. In the 30A corridor, affiliated stores operate under the 30A Trading Company banner.",
The Sandbar Boutique | Inlet Beach |  | true | false,The Sandbar Boutique,,true,false,false,Inlet Beach,,,,,,,,,,,,,,cannot_confirm,low,https://vertexaisearch.cloud.google.com/grounding-api-redirect/AUZIYQGgBS3VkUKs7L3fpKspV0-Nc0erKV8KGn9RgO1FFVw57w2GoIbQ8OSIk82dymsWNA75hdi4o9Gn-uIDivcbARMnH7-P8jfqu9TgTDyG-zPNiBQDFcSLmDop2Mww3M36ujFZt5uVSxffUS4ooShK_4yrMgPih7BcthldxdJSRQ== | https://vertexaisearch.cloud.google.com/grounding-api-redirect/AUZIYQEI3rljViKxEEVeUT0yGf2hEob1mOcAKE4GaELfCbRSHGdL5jP0Xxwhw-83JvH3XjOerE3C55nSqBI2nlnKOJJzng80Jw2oGWjp9U1qXCmwPodHyO3UN7dY0hFvHtXu8x4= | https://vertexaisearch.cloud.google.com/grounding-api-redirect/AUZIYQHM4R72_ocT6e7wLxjXBfSJoymegUYHTUu3FQcPSSJMDaWKasxc4vaZaCIeZ5YJ4wbZA5VRu9LRppssxryCpJBFwKzjyNUHqpEZzlqdp_Wv5QrY5cew07F4sWhBqp72LJqfJYgntEVgQqLtlQyoBjvNPXOj6O-Ch6TqWfhARkDLJk2cP9yqHHmt9UC8evHr8ceJzoeHvp_ocAyDJMeu0EvwVbSpdc2hQSJXxh6wXwS8_waTgb1SUyGWTB8vaqO8F83LVrh0Y2tnyw==,No matching business named 'The Sandbar Boutique' could be verified in Inlet Beach or across the 30A / South Walton area.,
Alys Beach Outfitters | Alys Beach |  | true | false,Alys Beach Outfitters,,true,false,false,Alys Beach,,,,,,,,,,,,,,cannot_confirm,low,https://alysbeach.com | https://vertexaisearch.cloud.google.com/grounding-api-redirect/AUZIYQH8tHgoiZA_hzKUgwx0a2SpdsHr8fk9naPvKgkC0aEwayUtk2FLCSYQcOAit1_vPrvEHRYWPh8HHgq0gQwDEP9Tk_o9NPBXp9IF0JRWdXAtFlxjJOdYMw==,Unable to confirm the existence of 'Alys Beach Outfitters' in Alys Beach or Walton County. Official town directories and state business records show no matching business.,
Beach Bum Clothing Co. | Rosemary Beach |  | true | false,Beach Bum Clothing Co.,,true,false,false,Rosemary Beach,,,,,,,,,,,,,,cannot_confirm,low,https://vertexaisearch.cloud.google.com/grounding-api-redirect/AUZIYQERSsXWw5wZ-Bv28Za0l2zRbW7Oco-wnxi57Oq2eAFmhAigUcoaNIjxPi12WXicll45MOjYZrNUB5xOFCXDsu8LzGn9gm3F_nTuTknbkvYf0H7iJejzsAIlY_q64XqB9M0luJNppWRt1R9R-5mZ | https://vertexaisearch.cloud.google.com/grounding-api-redirect/AUZIYQF0VEKLxmwxmumbkNk7NLJ9omwNdcpIayx7ToY_CegtTmowjxl8jlgSfoCQFFcivcBDNXdgDLPwVy52MO_UDlwuvjRiNr1qeyRcORwSsxNcE9RAYNZeUNnS_kDuaOZzgJbP2h8u,No verifiable business record or active storefront under the name Beach Bum Clothing Co. was found in Rosemary Beach or the surrounding 30A / South Walton area.,
30A T-Shirts & More | Santa Rosa Beach |  | true | false,30A T-Shirts & More,,true,false,false,Santa Rosa Beach,,,,,,,,,,,,,,cannot_confirm,low,https://vertexaisearch.cloud.google.com/grounding-api-redirect/AUZIYQHJduBbR1Rlh0PysC_IJlwECr9h-3obLnK55VzBlJG2xcLAIDdksO1Bx93CZgRWFd__RytEhUG768HHNMXwKAC3pgOHrH832PiCMA33Kf_X0JLGS7S_yc6IGW_61g== | https://vertexaisearch.cloud.google.com/grounding-api-redirect/AUZIYQGY8-uIi3qPk5amd9Zjsws6_IB9Sr_VmBYbHPBuXgSSlUJPfVWbgeS7NF-MGvGOZoYtpoxUTEkVdnFsKQGlKrcwkwbUS05O0q1ldlRTPIFAMPUH802FtZvGmGd2BpB8 | https://vertexaisearch.cloud.google.com/grounding-api-redirect/AUZIYQFfD8S6AyyXpNwmWi6s6ESBgxNDG63z6or7Fh9Yu_oQL2_NJq9l8e6TlPYKvmA25XmGVFUmH8anRk90zYcAKTvsQCxZqd9NHaD7IdYKew2wrw62kruqZ9YCT4zogSgNBJQyhTdCGzQcrS5dAyF8IbT8KSgBhKumr5sq,Unable to confirm any physical or registered business operating as 30A T-Shirts & More in Santa Rosa Beach or South Walton.,
Salt & Sand Apparel | Grayton Beach |  | true | false,Salt & Sand Apparel,,true,false,false,Grayton Beach,,,,,,,,,,,,,,cannot_confirm,low,https://vertexaisearch.cloud.google.com/grounding-api-redirect/AUZIYQE0oezoscu-9E-CdRzhmqP20xMK4imo_cObPshQHsT5fgsM08B-bmasyLm-3GjgakaAvHSAHlzQMAk_kMKuSDIX4az5Q1EMrQ8UOlKYrNmt--df5m4mCgmKjzP9RF0L4bfJvP8G6sGuL9ANNqQvVc9F_R6nnOGQk-qs61mKoZNIBTyo4SkcYRkrIg== | https://vertexaisearch.cloud.google.com/grounding-api-redirect/AUZIYQFqE4axcnVoPxie2rJQn1-JrXigXfHtfysc3Qg-RiIQAN-xTmjxHmrk_a3gwiLjfYTvQiNPFtM4vkcv4iylKFv-rKR7zQQsB3ym8dDow54qFPQX2tA68kH07OmQ45EtCA==,No record of a storefront or registered business named Salt & Sand Apparel in Grayton Beach or the South Walton / 30A area.,
Coastal Threads Boutique | Seacrest Beach |  | true | false,Coastal Threads Boutique,,true,false,false,Seacrest Beach,,,,,,,,,,,,,,cannot_confirm,low,https://vertexaisearch.cloud.google.com/grounding-api-redirect/AUZIYQHR7ImjTmR7rFsRAh9o5Ew62RC0yZs6oAXWqMeIpBsx5fbN3PwCMSiKDpX_iEk-ULB9L8ov4aQik-DyCoRjNxYnD9Tjg3t80TSmC1NI6xpFfk_BIRWhQyLc-sH5uoMdkpX2SSd1MHWTzSw4rNi1iepBhRI8sVJS95se_iHv-XGGHHAsbhjc | https://vertexaisearch.cloud.google.com/grounding-api-redirect/AUZIYQG0LOLRPubZayNsGAKTiCsgn9We2Hmjh7InNOQ-OCViracrY4ZLqyahLFxZcbD3agPd_78-IjPrEfV8C1Au_yeGfBy5hq6Y4qLN9l_3F4UBaJHZUYXkGOEWDTfJypMljA== | https://vertexaisearch.cloud.google.com/grounding-api-redirect/AUZIYQG82IU0uPqKC33YBnRlG_XPzyk_um2YgAGTnQlGIaeDfCyPFbfXUm9GOHyxKEmEyt_rGevYd8Wj_KWFu0M9Qi5a9m-TKEQWyszhpgd3Obvd69YYQabDH0OjfzWSe4XLJCq-kcHoGoQ= | https://vertexaisearch.cloud.google.com/grounding-api-redirect/AUZIYQESfnZQ6wnuArMDhH9H_j4ejxOMRYBgva_E-sIiHFWv3IhXiMOmXguH8t8E219C47haPJvnz5ngfRqApjqszxRKfrspQ96OvxDJeflMYfnvv5bhhpxcHssWIU9x8H1o2q3AeSps7vD_adPzprU9QsROEs2-Yva8uH_XD1jyh0DSVdPxPK7wW20eJjaSfrJhTwmX3XNh9Uw4-vCCb-Qqxgmc9rxKDwVsZGfVwaBhxFaOeUy3o9O2ZmcADXYgcW9FiJTQoGDY92R-cbTVKrH7tNuhT8ni1z_IAJ-WsQhyc1IQO1zVJ_ajfBTqfjlNtAOaeiKlx5UfLpYiYX5ZaqygaaYPy29vOFzzJGjIksx0hhM_im6UG9bbx7YFOuxtrmPO0fwiZGr6xNrQucSVrylEJw_wZgIgvs5GfJV5khbu3aW0FPEBg5iqehEAIWWnfQnf8icjr5UKkR0-Yf2FH5p-1WJ56TR3flJX0IS-0CWj5vBBnLZxNISxUIH_vdeFmOM=,No matching business or physical boutique named Coastal Threads Boutique could be verified in Seacrest Beach or the South Walton / 30A area.,
The Boardwalk Boutique |  |  | false | true,The Boardwalk Boutique,,false,true,false,,,,,,,,,,,,,,,cannot_confirm,low,https://vertexaisearch.cloud.google.com/grounding-api-redirect/AUZIYQHDt7w7NDwMpTA6xXKqM8ww_QUlsqVXhXHXTYgWVU2JwLjTaFcIfKSQl3dGnTopkr6LRhAn9mnTmhsc-6bu2KcJWXjGE-lz2khnyADgS3QkGckfIFS_RhVq6pVicowydFDzO-8xh3ogQsdmd7KbujYxXY7BGQeTOslZBM8TAm8cU6kIqzbnINaWG3BO7FLHIh4726OED7jBHmnDv8nKVgiPbS7I_6JwvSK1FDSait42ETke9LgQYV-mRk55LsYrmrSoN-URP7s=,No matching business named The Boardwalk Boutique could be verified in the Florida 30A or South Walton area.,
Seaside Surf Shop | Seaside |  | true | false,Seaside Surf Shop,,true,false,false,Seaside,,,,,,,,,,,,,,cannot_confirm,high,https://seasideor.com/business-directory/seaside-surf-shop/ | https://www.visitsouthwalton.com/directory/ono-surf-shop/ | https://vertexaisearch.cloud.google.com/grounding-api-redirect/AUZIYQGoiNErj5eAdr0gNoAoZfGaHreqOgXsXKEetHwNwfMciesP2CApAX-MkishuzqmK16o7103AK3kxA4xWGdzZRnTzGrFUow_OiG4tCUsB-w5gg9MxNAkFagvfZvLDOzZNA== | https://vertexaisearch.cloud.google.com/grounding-api-redirect/AUZIYQFTD8DWQs8Md5uKU372qMqUsIzV4yGpiuIZjughRrEc_TGLItkql21BJaUYgA-jt0g5Bl6UOv9CYG-6Fw5Hk-vOxw3yuQ88V_j55z643TVIE4KWW2_moUsR3kKC-2KQn3uKJAk= | https://vertexaisearch.cloud.google.com/grounding-api-redirect/AUZIYQHx2hPNzgENRGAqtWvHja7RkYAzxGPuzdHmF4BjoR2uRKDDM4NoDVqmr2QwMja3QhEVIitWhUm6zd-1TFWvdJ5eyHIQVJdxckwpOdbYo_qgVg7HGxjOd7NQqUadp5H4 | https://vertexaisearch.cloud.google.com/grounding-api-redirect/AUZIYQGW-RDWimH99IjdaCmemW7fab9XzYYnHzkl5oH2VGSVkSFp_qOPKBpWIbiZd5Oe3YLG639yJ6H0onx_DfD5LlPp9W-v8Opbw_vF1VUGLUm1qcZRY4vDcwfG | https://vertexaisearch.cloud.google.com/grounding-api-redirect/AUZIYQGA7-xnMMgK3uJz55CNDRAkIrUZd8XQNlhcAECpUbq24yIt0q3qyU_87JFt0OxpQJBT2HimhZoB5RASecUtwlgG1_ukhte4VewEYirQfxzDyun7zYzy5uQOffYC4CyWIi9PHXA4GNE2ZBWpRads,"There is no record of a Seaside Surf Shop in Seaside, Florida or the 30A / South Walton area. The listing appears to confuse the town name of Seaside, FL with Seaside Surf Shop located in Seaside, Oregon (or the local Seaside, FL shop, Ono Surf Shop).",
Tech Rescue |  |  | false | true,Tech Rescue,,false,true,false,,,,,,,,,,,,,,,cannot_confirm,low,https://vertexaisearch.cloud.google.com/grounding-api-redirect/AUZIYQGzkN8Lu6V7NCvMjnraHArNTagdZNDItyHiRlmO0Tr0EGaHBb6FC1ZKTbE026S-2z8omjLeHAfy752sJIspPbsie-Teaq-T22sStuwQK0NzrzFJWX8hH01hhRHPSwKAS7wd5Qk0lZH-WF1QNRaNCYLRYyf12Bq6BegFM_Bq94akNW5oSqia0VNeedW5e5X829hpvz33v_yQyT-TTIMiyvGWT9rHO9Zky7inPoRv6loelQ04BDQmzu6HDS9kDFCrFVF1jD-zzHIPQTp1Sg== | https://vertexaisearch.cloud.google.com/grounding-api-redirect/AUZIYQE19cxQGhlrLuSD_GHcZRJUv4MMJYjvlQyWqckksMMak3sq_1BNbOHu8VMMOFyZr6kGOHaaCO2zWJKXitP93XdglYkdDnFW6E8-zqSVMEtEvPuFb7Xmu59aG3v2-y837BL1qQIic9DcD2vDVjgyrZpyjg9Uz5je5x_wu_MxeGrpr3haooln2UtjzCaYOrdVZnzXvPc5yRdCxl9TruDfQ6JCVVeqpTqouPdRVK3Koo8BloYqS9GpY98vhpOx-UER59aCqTV0Kw== | https://vertexaisearch.cloud.google.com/grounding-api-redirect/AUZIYQG4_8VlMaCc8RK1TPvVhgh90Q4P0GzmSOvVjV6-OMvCJqdreZSJfDu8nR6O-qMMa51M97goSlEjvoakZ6jaYFzU0nerBk-qS76r9tQAPtXhFjDOyTEsKbMlO_CM343qRtgbZUpNQUxKybF8Eu9xYHO2UPRPvKFd5JeNfoIwx8f40LuTMB743aQRDd2X7jwTTxyrdP90w1PGhrnFTu8XMUyj0rreucpd3gVzSEtD2nROvsvzKoNjs9yg97V5Mk5K0dcp1yhrbmt5V9gjeY1Tk9Tp6kCEEGORdY974k2l4i4GEzmgxhPMBN6JCTjch6jDZLg_WjoiGeV8xGYqSfdbjMoN0949v1riXgP8UwfyU_HnI1zLCpIqTqRD7OORNy05ss1lyPJEgp8xS6wNFx4Aroc_XaUujYgoEu41gV4XvaXrRSef2ly-CBddITAD9ZVOBrqa4vrbqMhslGxKtcbk14g3UQi9TgR0Diq2Rf0_AyCZybcsvhuUlJUEqg== | https://vertexaisearch.cloud.google.com/grounding-api-redirect/AUZIYQFMP22Xcq9kBp6hd_3O_5cc4spL9grph5L8zvE06MevggLDq-RAh7TyFEbtxPza5_hMLuZSyXptqvL_iWFtpoFOhECThxbZO9KED2pinFUWZyBppo2JBmrX-tNEzHCybm3qIMNyOyi9YeWZ4N0RlfTn6wDv8fsSCPJ17jiYUAwNSJ0iO9JEupG2tXRHz5Ai3__cueonRj6gBoi86FPcJPEDIFor2PvDKGEk5TOkXr0CbekVrAZOICzMLhDqsuSW33HThQ== | https://vertexaisearch.cloud.google.com/grounding-api-redirect/AUZIYQFmw5UQzC7zC895HAwiJAZS5fbjkXivG8or1rhBG19agYCtMzAoVLID-8rN2gwRLmg_oovgM-SJ9-mbmERGSNwElDQUIig7unMLCj_ButeEkjwsokH-5v8bMi_6yi2imUEcfppQgOwKYLQCn7gBZj02yh7Ce6Ylxfb4lx7wjq8qGFIWekcOFRCP3tAbXvyzRozpqvoJb7zoH9_aOU6GbSHUimX7d2uNmso0KieHNhOtyFmfIo_pXtieVmjS5hfTlfvDJEsyT5tP7yFbVVjoE1y8NUu80zq7QEim2m1ylv3ulsRAfYsmkp09QCh2dzspa-rdwWU8fftObjC2FYNT6vm2QZAEwRG_DDSldoQ7RQVEiV7Jh9LpySzfNUNJmMD_lr_01kqsF9An,"Unable to confirm any commercial IT, computer, or technology repair business named Tech Rescue in the 30A or South Walton area. Mentions in local search records only correspond to fire department emergency technical rescue teams.",
Computer Repair Destin |  |  | false | true,Computer Repair Destin,,false,true,false,,,,,,,,,,,,,,,cannot_confirm,high,https://destincomputerrepair.com/contact/ | https://ctsdestin.com/ | https://vertexaisearch.cloud.google.com/grounding-api-redirect/AUZIYQFKJ8wlRtTrJ3iA6Kfkxa8qyUN8kZ1s2t6jIZB7KqrsfQouM0ncdd7DN_4XxRvXVlWjvER2AxwgHcShvmk-hWDTD0_2iHdhPaf69H8xrIXGC_lRhZKF-BZ-sLgcyq6KIts= | https://vertexaisearch.cloud.google.com/grounding-api-redirect/AUZIYQH-awBjP4DsWVQufF3Nbmkn0IwhBHt6mCXJExv_sObcejQcUHLAouMxvMOOZAYuqRFRKE2qcaaJ-yN2v9nk9IHNigXmbdrQc-c3DRhO_1V1JJN1DvyGEu0sLPEdBmG4wqsKUClXXz5Y | https://vertexaisearch.cloud.google.com/grounding-api-redirect/AUZIYQFJnalkEUR_PNmOFp3rJ63N99G1JUxCwK6thlcZgH6daVZSyurX_LqDlXiRRiSeeZSJWgo4AqXrw8kaXB_wtJr3TTxpY9IS68uqKhf14T_mESVJ9z97LtHy | https://vertexaisearch.cloud.google.com/grounding-api-redirect/AUZIYQGLSBgFFw8Fmaj_aRZ07lXQ2cIGkFtG0DG77vmVpsGE_RQL4w8DrNq-7Ke4Bnpmew75sdS0MK8uFk_vJ3IGVT3sg3vl5r41A-cpatP21ATZfQMgXw==,"Computer Repair Destin (CTS Computer Tech Support) is located at 305 Mountain Dr, Ste C in Destin, FL (Okaloosa County). Because it is not physically located within the South Walton / 30A communities, it cannot be confirmed for the South Walton directory.",
PC Repair Destin |  |  | false | true,PC Repair Destin,,false,true,false,,,,,,,,,,,,,,,cannot_confirm,low,https://www.rescuecom.com/destin-computer-repair.html | https://destincomputerrepair.com/ | https://vertexaisearch.cloud.google.com/grounding-api-redirect/AUZIYQEaadWE8-W8MMtHQQ-IO1z2c_3zRITj2MGYTs_MI0xfInHSF5VDExX-nPUm63Svq5s3fmiju8utBanS8EB-b3hDEQVTbOhNKkKnjLZNo80mLQnkeCt8awv8vPPoUOusPMZje5FtRBl38U5ZQ2VhfXBXf3KcTvTDcPAM64VdBrIjOi0HsnBz2B4lmQ== | https://vertexaisearch.cloud.google.com/grounding-api-redirect/AUZIYQHfyx4BESorN-3sq3Y81_HnvE-YjiuR9FyKCebi5d4HDZ5aDhXIzTAxInJjSSiX4asMdi_XnajpGmbut3aXsupQGE9zpe6XfbQ9DabwkivYDhmm6hN0XZba,Could not confirm a distinct business by the name 'PC Repair Destin' located in the 30A or South Walton footprint. Destin is situated in neighboring Okaloosa County.,
iFix Destin |  |  | false | true,iFix Destin,,false,true,false,,,,,,,,,,,,,,,cannot_confirm,low,https://vertexaisearch.cloud.google.com/grounding-api-redirect/AUZIYQHXR9Wf0urUpnDTjH3ap29YpjCrZsHKDSxA8Bi56mCd8H6IG6jjgkj1-xTfHlNMjj142NBVPTqF8RA56g5PWDtKLRSqdKhTkrSfSmZmDvlqHhdiL_c= | https://vertexaisearch.cloud.google.com/grounding-api-redirect/AUZIYQGNYtXpr1zKxwQSJw7cojX0MztO3fRZJBvoCtCDy9AUi-LDNIAungpdzdOk-A-8GZwpTIJDGKDKQkLsQeYlt-mYIefTiIPO8TanQ8Qg1tEOi2PPbYmqv7jFDDNj0v4rGXVP7Yo44-PL9g== | https://vertexaisearch.cloud.google.com/grounding-api-redirect/AUZIYQHfDhW6nTwI5GTuZkUzddqwYO_v-1pwzhuTa6WNDYtxONTx7VxNY9oDH3NLiMyL3lLT4Z8s4UG5rvdzR-8SDBk4HyE0y7mbFogVakww1dhJ1kEmzY4Cq4YqTqh8m6riWzYrpkJ3eRfNsYYrST7u6UM= | https://vertexaisearch.cloud.google.com/grounding-api-redirect/AUZIYQFfZmjFG9nSOcV9w6_yADzqeluyBTD9kXagfPwFynCTUmVgGDQuUzrGFtTdiIA5e56vRt38V2eFU7WG9CK_6BtyCQV8sTvpxce0Dz62f2qb9jkTrttuwjBEufyPKza7w4UEMxHlbu5VQWKAKc7x7A== | https://vertexaisearch.cloud.google.com/grounding-api-redirect/AUZIYQHUruCa0HpN6kWRFtF02XeQP9lhOcTl_2xrRWw7BKhbPwqKHkzKkmmUi5XVRo3Y1eNWIHfGH827yDkkiAp3S5t2s_20zXEYcbcUwiNcFgwmk1bUEwelouOj5Bwgo0E_z8nUlyeCIds0yl1fT0NBrzXR9FJpJ4z-G-yp | https://vertexaisearch.cloud.google.com/grounding-api-redirect/AUZIYQH_R18w62ydvp6RhZiWKEjzldG2QLuopC2pjV7mMUsS2xV4j-E5Rf34FOVdG8ZP2pLT2KHDZqapQuqlShDXLpu-6jGNBCUBM3sY9ClpQ045u9xKv_FoD6NyWpnVCcvoiubhTKQVQzLX3lxcghu33XGt4hO1pjwc1iWkwBSHC4W9-sCssg== | https://vertexaisearch.cloud.google.com/grounding-api-redirect/AUZIYQEeHp-4RqmAJ2HzIbjIk1Vi8OWgJ_Pk0Kqp0zTl01gX76j07ZvXWythdqQU5nZAnOndcxxH_nnn_LH4XG_x6_GnI3IZkYyh96u6n7Z6VNe47IHgkeQYXjfugeqHXcx-,Could not confirm a verified business operating under the name iFix Destin in the South Walton or 30A area.,
The Computer Guys |  |  | false | true,The Computer Guys,,false,true,false,,,,,,,,,,,,,,,cannot_confirm,low,https://search.sunbiz.org/ | https://sowal.com/forum/threads/i-need-laptop-repair-help.31505/ | https://vertexaisearch.cloud.google.com/grounding-api-redirect/AUZIYQFoMFac2RB3NLEjtO7rLQpO6aTDi1LkteEmdj1zxDtu8CfcAyxKILYFEd781TzV8TApL6DBygGQP2hHsjbP41IhHCgC45iAhlFXWPL8SdWH6ZDiBI0WRAn4o5ijf9NqYDGd6fXhlR_B2eDKGWyk9g_ofkThE-Hn | https://vertexaisearch.cloud.google.com/grounding-api-redirect/AUZIYQEz5Pg9mwIbKLKvwTqQ0ch6TPrePWn_8I5DNGesgYQAbL98IH3jWt7kNwLMMWtcezXPIKgmD0QSWWa3BUVa-pa2gj-cWulNzPuvWKqTV-cV0gLWltItWfNVSVPRhM1e93R6EZvOvkYC57Ra6WNRdm3bq8LCWb3vHIHhTRekxdWkJSPoW2v4wTDq970E7O4GjtMwAcC5_EJg4ALHU8AmRQIpYOgvJ5uFb51OHHzapmCt3r1T5hPehP0YTLDknOPD1fFDaXSrkcPRXzah-wOSMl54hFMF-Jswc0FwHMHbYOUmzGyFws_KYr8Ucr1KgK5TOtCwiByyj-tsB_4Zqwu5ntKIjBlp3JN1SGNfaOUZYZ_ZXsggm-zL8VxcKULwXqGCYiFFWxwWiJmqSFYHDlh0ixZsDXo7aiOBDuGKnIq-q5NKMnC8T2WWHjNY,"Could not confirm any active, legitimate business by this name operating along 30A or in South Walton County.",
Mobile Tech Repair |  |  | false | true,Mobile Tech Repair,,false,true,false,,,,,,,,,,,,,,,cannot_confirm,low,https://vertexaisearch.cloud.google.com/grounding-api-redirect/AUZIYQHc9Om2tozueFlx2jolVdGQO9dhtoWZWQUFwu5FFKnkLBktwYtPMtlm0cQaa5nRs8KI04ddpwTURR5S5AIuxru7dzG8zval15So-9MXnakomkmvt4ywTd5O6rgar6tibNS2dgd13r-ClRyFcMsxqosQzchV-P9s22BH17BCQVc= | https://vertexaisearch.cloud.google.com/grounding-api-redirect/AUZIYQHSTSwbL1PKP7iuqnE6NVyC5Rk2jpBEDxxKiDR2gQ2Qpzv2olH48G5034ZG1Z1qes_hDJJjkuo8S5mlseWi-LoMPu2dEnYq_u7iqkL8btLnkVjl1XCVL8yi300pzyN3__xwd8MrMNpdzrOds0RETJa8tI8wN_jKI-Xa23oP-tXDFBvawlXC_FeRhjOBQE00J0DB6ada6GVfgQ81xGexmguaYRGoA-0OUdLxHCxgavpcybkhA4CBUQc5jn_EPIs= | https://vertexaisearch.cloud.google.com/grounding-api-redirect/AUZIYQFs95dFPlgkAEtmwCzYk6_lKUX29zgBsnxIRHJML54ZqX4GGRitxVTOqcyKXOFDJNSowpJ4XEhU6CKxk4sS8X0TqjbrNknegIP_5whCybqh16vcvNIJ,No matching business named Mobile Tech Repair could be verified in the 30A or South Walton area.,
South Walton Computer Repair |  |  | false | true,South Walton Computer Repair,,false,true,false,,,,,,,,,,,,,,,cannot_confirm,high,https://vertexaisearch.cloud.google.com/grounding-api-redirect/AUZIYQGz80YaJ3oQMA7581VUJWqlrlPcd3cxcHQJEZjAgojrTlqhJruEfjDVjpH0JrtIVdmy7tZc3g4WYWJi1_VdR3VJa6dfLSsyJS9blSBgT_sDL1wbEkhjnv-H5Xz-3Zum897LzczvZriw1syptK6I1pq_xnS8GvOea0G2NA== | https://vertexaisearch.cloud.google.com/grounding-api-redirect/AUZIYQF9dsdvYX2FtpxdMS44erN4DOSqBmaDczYVt_JeFtDyw1h_xidxbWTDqK9kxnQfFxQXQfD95hmspPsSJXXfxREKtR9qAKAsOe312yicArStO9bYIQ-dPLvVi8eHjLL76rW1XmMNs9HHCMTxO89WHv5YuXcv9OJRZDPaamIa0Q== | https://vertexaisearch.cloud.google.com/grounding-api-redirect/AUZIYQEVLwk7-DWg5zNBhqmkHpTLcxCUkOMLp1n0nMhOaPAMKhya1rfbsC1xI3R2o7McAaJs-dOm8jazdUDj3NoeAcokyaEUmLqVW6ns_LaVk-UN89pEVdrYsMAfvLiYvmuNRcAYUkx4rzx2ifusk3k= | https://vertexaisearch.cloud.google.com/grounding-api-redirect/AUZIYQFlgvMfTOHbIzZn5bEg_8E1tvoRWtJ71D7vV6zp6nSEU2JbO6hEqEu5yhfB_UjvMKQ2KrHnNqHKIgSD8oHaty_lsbXv3u0NSqwtBT4pnxJMf5I0pavXiBKCv021Zv6XTjViPJo=,"No public business registration, physical address, website, or active listing was found for South Walton Computer Repair.",
Destin Computer Repair |  |  | false | true,Destin Computer Repair,,false,true,false,,,,,,,,,,,,,,,cannot_confirm,high,https://computertechsupp.com/destin-computer-repair/ | https://computertechsupp.com/contact-us/ | https://vertexaisearch.cloud.google.com/grounding-api-redirect/AUZIYQFCOVFfz0CKqqjkpseXIBzAjZPm8bsmS8jcrIN122U0MEVBt1jbAJDcJDXvyv4DqWhsn9Aj-rsktmuII2uXtpCNqs4Z_wOQtZilpW4wlQCdKGjfDA== | https://vertexaisearch.cloud.google.com/grounding-api-redirect/AUZIYQGD638Y_AHsMr0OuBxGBpdsiCMiakuHrSgAYEUpUPzWVF471u_PKhm02E4a58tPOv2hRwXIGGk9DUoZmBvrcjYa76UDnHI7AxAwjTIYEWu9umDeE55KnGyZsT59GsgQVsYUkA== | https://vertexaisearch.cloud.google.com/grounding-api-redirect/AUZIYQGXtewG31i8kfeM2JWCZbXKVbUH2aPY3_8mybIvvwPp6lXpc-gDUZi_WuiAsQJWc66OaPfb3HqBU71dQOj8e74rpu8l1E5f1LNh26qnuAmXCrrxrQox6h9cxWIr7An4FFQ= | https://vertexaisearch.cloud.google.com/grounding-api-redirect/AUZIYQEkZXIw3JCVJg7X5jTYwd44n0vAamhZF6qRwfr__7ODROQa-U2YQk_6O1tX4kLyORGXzXzlEyk-AR7ad7-MWsDgjnhRmrsv5ewWvRyWKcKTLytWIg== | https://vertexaisearch.cloud.google.com/grounding-api-redirect/AUZIYQFRGfdBMB__H7Hv_t5RMkd37ew0147uipHSS4F5AaRr7rCbheVVCF9SZwmGujUXGS0mAJa3fVXpoeP75bgsrEonbXlmJD6u7HmGtPFNTlXv6xf2Okw9Bw4=,"Destin Computer Repair (CTS Computer Tech Support) is physically located in Destin, FL (Okaloosa County) at 305 Mountain Dr Ste C. Because it is located outside the South Walton / 30A district, it cannot be confirmed for this directory.",
Miramar Beach Computer Repair |  |  | false | true,Miramar Beach Computer Repair,,false,true,false,,,,,,,,,,,,,,,cannot_confirm,low,https://computertechsupp.com/ | https://vertexaisearch.cloud.google.com/grounding-api-redirect/AUZIYQHFBK51vITfgM8WgSKeVUByfIsnnVx-rojkv0RZsw8NT90witx5lJV8xJXJfKkH23hRk_1etu5mm9Qu8jKce7fz-uEYYDiI1qbQSegeSqnDBtpZbMcJGqc-fxj0yKgC65OcbmpCOsqrIHS1-MQ30BuNWA== | https://vertexaisearch.cloud.google.com/grounding-api-redirect/AUZIYQHgxCip8zyoREyT2SPR3ytoGMENoG61BQEllc2miBrUdrqvMZDgf_RKKUQdXwsEfzq3a4PhdKUCI9eAH8q6yGUQn6B7bMxhuoNz5_Lmjg5MDfUGgUyLvDKMDFEaBaDAU14= | https://vertexaisearch.cloud.google.com/grounding-api-redirect/AUZIYQHoUxf6p4u61CmVw89hC_tCzHjunR9qBkL5dSJZGvk1HIl5rNjPmGqhHyS_9qHynOvWCHzi8sjLba_3vEgNgs_TWs2a09sdoT0T5kWTMR9nvrbd3LC3XWk9Fr75DY8k4hGM9vAuXgQkJFU=,Unable to confirm as a distinct or registered local business entity in South Walton / 30A; search results only indicate generic SEO landing pages for regional tech providers.,
Emerald Coast Computer Repair |  |  | false | true,Emerald Coast Computer Repair,,false,true,false,,,,,,,,,,,,,,,cannot_confirm,low,https://search.sunbiz.org/Inquiry/CorporationSearch/SearchResultDetail?inquirytype=EntityName&directionType=Initial&searchNameOrder=EMERALDCOASTCOMPUTERSERVICES%20P020000151980&aggregateId=domp-p02000015198-a6b1897d-fa89-42b7-8326-f76ea10c495b&searchTerm=emerald%20coast%20computer&listNameOrder=EMERALDCOASTCOMPUTER%20N960000054820 | https://vertexaisearch.cloud.google.com/grounding-api-redirect/AUZIYQEBTbhMwpYU03PTR0B6MCfI9yndIrBUcrtIV_kdi_QEELJpTl6RfZAwWR5-Vt1bNBLZg17GjRM97zi8KIt2-iyiJ3d1tQ-TSy7CTCW2yA== | https://vertexaisearch.cloud.google.com/grounding-api-redirect/AUZIYQGT_olTkqS74XRh16zEfcXaMRfAsUtjpdjvneBFHlqJ4qS_lRjxqaBg5AVFnVCWfU5p6UndTObtl9jW0GlY6Re_XZ0lVipLvPd2WTVpxEB6MhOwJ0DuiKx2M03T91kb05BzG1gSISzRYF4_tPCeRjKZ5g3IAOHDX9pAG-DE7_C6wrVNHQMpw1MMMO49rdhqTJtqnNavqvzCJimk29tjBxkMc6GXCaXeqg6ayySdfm5psTScvPGeVviuWU79oujDZRE2jOrUn7kq1iOv66PSiAeJ2HqOwMgQJJaUqihS_4gopjyYLi7SWG1wg4KFjJf2hGnrI0N7Y9iUcf71ibk_UFHCMjTK0mD1mgge032NruGKCdou6FcGjL8D_VUJ_dmhfyRT-Qqkbfu5YTPQZmeXXqh-f1EnCGBHA5qG857SdQJ8BXmnPw3Ln0KogVHwnMkxXoc2QtzrYsQPaY8ygh9NeaaAlAxC8iv7UjLI_ioQmQ7nsKbuS3IR7Yzxf9pB9LgLtgLD0OVSG8BiWbp_Egtm8Vo0VYix,"Unable to confirm any operating business under the name 'Emerald Coast Computer Repair' in the 30A / South Walton area. Search matches only lead to keyword-stuffed directory sites, and Florida Sunbiz records show a similarly named Destin entity (Emerald Coast Computer Services Inc) voluntarily dissolved in 2020.",
Tech Solutions of South Walton |  |  | false | true,Tech Solutions of South Walton,,false,true,false,,,,,,,,,,,,,,,cannot_confirm,low,https://vertexaisearch.cloud.google.com/grounding-api-redirect/AUZIYQHnPLDJMHli6Cq8dIwBjm72e928o4vxEPr1vM-GnfMd7o_SPtHfAj41Ki8ZB3i-iw89BC-JcHiyGsrF0IOTvMyBQ08veN2AWwrNvkfI7RNfkaz1FRRa3qw-eA_olncmxJzgfHTQbGEpQMUMEYNSWVnU9hJI5m2x1FZbOFDmA2K9LGnxpJxdjv8MIVSmV1z4Ymt_0w8IOnity6wVwheK2SIrB6nf8RnvpRqBQjMQo-WHR2Mdzw37huMS7mxe99O-88AO8iUK4MKXlJM= | https://vertexaisearch.cloud.google.com/grounding-api-redirect/AUZIYQFzozK-FRD8dbwtSvMBbkO8LdxyGEMByp62nbQki7MgjuSeVmlAt8FtB_O-_EE5I2FUE8ncwSB3Doc5Jn1YNnD2iQc2bHwJyF26LchSXhdMF98zFItLH7As,"No public business registration, online directory entry, or local footprint exists under the name Tech Solutions of South Walton.",
Gulf Coast Computer Repair |  |  | false | true,Gulf Coast Computer Repair,,false,true,false,,,,,,,,,,,,,,,cannot_confirm,low,https://vertexaisearch.cloud.google.com/grounding-api-redirect/AUZIYQE-HFAzycp-1B6-KoaT0U1qtFowu7rhpwDDlav1YUzM-5B6c-kMR8YbGNPR1SYfuHFKRydpVCd6mturQcuIuETztBavJBtn139ce_Blk8B6vn_gVAqvqutA9lddNg== | https://vertexaisearch.cloud.google.com/grounding-api-redirect/AUZIYQEc7yPUnRWVflryoxsZi6BR9bcnQiQUbPGgNr-5aKTNQ4J-3C52vr83JgEANlHBBUZbhB7kBO3HKzQigUJCPKxgMi_WpPJo8yyIYuvX7MD7a8W6oG9hkrpjgxfgB2tm0cSrve7QlMSsPo3WKO7UN6Cjk3yq_ifGh4JpPZ9Y8WSH-FsGJKLhOIg9iwQqePurg7p9WPIUGll_DRt-v7UwGv3kG620n2RH,"No verifiable business record, physical storefront, or active service listing under the name Gulf Coast Computer Repair was found in the 30A / South Walton area.",
iTech Repair |  |  | false | true,iTech Repair,,false,true,false,,,,,,,,,,,,,,,cannot_confirm,low,https://vertexaisearch.cloud.google.com/grounding-api-redirect/AUZIYQHg0tAtBfNJl8FeQ0S7-oE4PWI5O12MEPPCN-jgSggJulSTqDO8gE14PtkjAom23kId4_-A0Jys2mPvEw8yKwPqp_x33C6JZqQ2E0F6Obndg1ErKK6Kdc4e1TSHYUupmNCMcKIRO9ODpcYE1OB2uIj9pGsDnG2yRZvrOZ2HA6lT | https://vertexaisearch.cloud.google.com/grounding-api-redirect/AUZIYQEWO6KsxJsNHeN6uL1Toz58bwR49glguhdIkLtxhKRc1om8RFxm2sxxul2xUa_kaXkGXsaEBTkdVs4ZURpY49pFgAdS2ezocv_QMJKZKP3B6jiWPS5zIXJdGaQNHoLaM4P79o9fiDJg62lGI_lbBFlqfENBlLPqgK6FAFsS0U0995tpkMBmULHN6gBl2DdGeesHYy-uNXRMQcCDAAvyhRS7Fr5Q45j6fPxPsHC_n0ph_eVBTmmjRc-SQATR4WuVcX1CcVCa | https://vertexaisearch.cloud.google.com/grounding-api-redirect/AUZIYQGTbYrvmswAOSH8ubvQxjMZSnZY-Z3xgW5cuSaEDqLNv58xwWB6XMhgV2ZjO2GuTz6giCS8nb9grf7MJabi97xwGU5Hsd6qoRz-19C4ZUNHY5RpkvJpycMixHErAZi1yywnLcy9QqLn9-qRj2eHPyuXr-h9nIOEAuQJ_YJ0ZSIkjEzJILzgwrLbYDgEioM3u03elZmc1l-bJJ8F-iENUWSkuUwYOiVHfoAzjvsjF9h71-QNQXDMbJlpFBBXBy8PBT1HLFXv83MJqII0GFDBlf_u4DaR-t1SUKLADgwQqadxZGBIraH_cHIKo-tzcBw61lkDQGrzYdkovhwwFPvJq3_DBc8N8nCcZCJwFFfV2qwtEpiXN4DC4OXxf-_Ot-TubWaeKqSYlfVlU3U=,"No matching business named iTech Repair could be verified in the 30A or South Walton area. Entities with this name exist elsewhere in Florida (e.g., St. Augustine).",
PC Medic of Destin |  |  | false | true,PC Medic of Destin,,false,true,false,,,,,,,,,,,,,,,cannot_confirm,low,https://vertexaisearch.cloud.google.com/grounding-api-redirect/AUZIYQE-x-kryqq3wTuwXcTL92CoALNDyq2sZlx33UPJ8gPRDqauL_ogkSwrH0_C6MVlozqF9s3XIncsaCnsHw-EEZnXGY9f02rRuYKL2Dr8_bk4mNRbLmQJltc1MqP5e9b4qNLjefZyTn7-ZMCPQRUC6YIuIAu71k8XFxOyXe7yfoXMafyLuHxZH08vg9oOExgPMV7i79rWCG6nSIagXwJiihoiWKhjtJlw7hkWrVtWtLJPR_AJ6xs= | https://vertexaisearch.cloud.google.com/grounding-api-redirect/AUZIYQFsFzeySRmKc-pbwMPtFry1K9STm0hYCoTmt3idCDBEyzU2mjxe7HRQt0wFry_GvsE3NqnZ7vwimSnAFDRF_TGmKxZBVaZ4eH2PviAknmJcqZGeQ1BqGnYmSgCNg1S50_bnjxoEBLDW2dCJRFJhFqZY8du8uJG6LGkN2z8hVNMqKRjfIVsx9dWMhgBsSDpu15-IrSSpKGLBktr8QBqIBJnckl8CPFD19j0l8nfAv-SgYg== | https://vertexaisearch.cloud.google.com/grounding-api-redirect/AUZIYQEEl-P8hUhn6RMAk1biDViJVe7coTIT9mcrX9JxHMezmyINLhoMCQDRh6nKwMqr2BMIdQdnGCeYGiDrq0dgPovYm3O1gwwKrc7wR4XdkUCuxZSBJC5U7ePNva-G4MGOXS7FGstXQehVrKZr0miVehwkEzhz11M1340Fc_bLAkrVrnxtpN8K41AAwCUfBtLLuSU7gaXOKYWZec4NnCNPw1ffddJt-glJV8_eb58EQr7UpvkPM6eHUMdAANNak5lZx_HYzZTyUkxbQHiiMtRQmjAHpM63xBNHKqmsXi6hc6ceiEMnmf0DVS-u4mUcGyiYiGYW210FJy0rraZZvyY8zta20qnBqa8kFx8VacuBvWd1p6xJB96TyZl4fXg1YaJnXd3n33Ss3fRmdl2GhJazjEGSdWVc1TBXu4hZn74LcuxG,"No matching business entity, address, or contact details could be found for PC Medic of Destin in Walton County or adjacent Destin areas.",
Computer Repair Pros |  |  | false | true,Computer Repair Pros,,false,true,false,,,,,,,,,,,,,,,cannot_confirm,low,https://vertexaisearch.cloud.google.com/grounding-api-redirect/AUZIYQG6-b-LpQJ2RF6bOZUOot0NnRyfmS7p6mwnDkNjYY7hUcCTmTqHfVT4WTNv-eEG-VfsxNXxsCVv-71sFs_B8OJ7cxGv-XpK2LXYKO_agECJHF-kb3fkmynHNwZathlBBBtghoCG6Szj1Ql1Abo9U-MPVVBIwOak8tZoz_et8Hl9Tw==,No matching business named Computer Repair Pros could be confirmed in the 30A / South Walton area; results only reflect generic directory search terms.,
Gulf Coast Concrete & Masonry |  |  | false | true,Gulf Coast Concrete & Masonry,,false,true,false,Santa Rosa Beach,Santa Rosa Beach / Greater 30A,Concrete & Masonry,plumbing,"Gulf Coast Concrete & Masonry provides professional concrete, paver installation, and masonry services throughout Santa Rosa Beach and the 30A area.","Gulf Coast Concrete & Masonry is a local contractor serving residential and commercial properties throughout Santa Rosa Beach and the South Walton coastal corridor. Specializing in paver installations, concrete driveways, foundations, flatwork, drainage solutions, and masonry, their team provides dependable site preparation and hardscaping designed to withstand the coastal Florida environment.","Gulf Coast Concrete & Masonry | Santa Rosa Beach, FL","Gulf Coast Concrete & Masonry provides professional concrete, paver installations, and masonry work across Santa Rosa Beach and the 30A coastal community.","Gulf Coast Concrete & Masonry, concrete contractors Santa Rosa Beach, 30A pavers, masonry contractors Walton County","613 S County Highway 393, Santa Rosa Beach, FL 32459",(850) 376-2407,https://santarosabeachpaver.com/,,,exists,high,https://www.bbb.org/us/fl/santa-rosa-beach/profile/concrete-contractors/gulf-coast-concrete-and-masonry-0683-90091398 | https://www.angi.com/companylist/us/fl/santa-rosa-beach/gulf-coast-concrete-and-masonry-reviews-9076044.htm | https://vertexaisearch.cloud.google.com/grounding-api-redirect/AUZIYQHRfbcLiIYNZ-IQA5sEdWfF1SqidYWSBlt3p1j8g8RxxZVYWZMaPwtD5I3i4QUFZzxdEgwA6QESFPgRZWWDf7DQvKNlIrba0vergX59jN4Wo5n_teTY1ImSwm5KPVLlKTE= | https://vertexaisearch.cloud.google.com/grounding-api-redirect/AUZIYQFAJmJNL2-bCc4yOqALixeBB9rmPC-noefWcO_nqPB6ys4amNX3hKER5TkDXs31mrEDRKGyZr9dyv4O3ByEo3ievS9SX46jKbt1xDwnNSMq0P8MJLzXLrbRv11rTIK9Z12GIei6ko6-sCD7dzTNPl1B5oleEZcFGytvofC3l1Wgd2_bLfRUf5UQLeySiik1YXU5dHFW4UiXyyFfc2R0ZuAIqudYGn-em1uhrAs= | https://vertexaisearch.cloud.google.com/grounding-api-redirect/AUZIYQGJlkmcei8w7VvT3TgShQYidcGbyfwHR4-9rb3RV7PRAimnhTK2GKKHpfF-6NBK57GP7Hd5W8aSbS3f1cPd0yFgwrs1tPVerL6V6wn00rUC5aLmG7bCXRIWKZtsLevEZAI_nK2b6ZxQI_M= | https://vertexaisearch.cloud.google.com/grounding-api-redirect/AUZIYQEXkbO7joLRG_3h_C-f3vIcZHvkGcHJhi6CwKfC0A5ObStLr1igrSSxZ6cSW3PdTAtwoIgxkm-poTESw60cYLl99VsOjISkQr6vL1dMqHzV8lDRXBumNU8m72qPhndY-NqgrC_Y14PKXNqFC8MXg6cu0Pt6MQxWEA== | https://vertexaisearch.cloud.google.com/grounding-api-redirect/AUZIYQFyh5NWX25j_sx418nn_bmH8kjvda9M-d5wceGp2INeVhkMpBGI2sJ9KyNmNVWGxCNGlpDxRGnnZnk2EX_2bUiVFj7MOWCmtndhkjuhedE6iJpJJCzVh5BQTSX3ZqMIw2It3zMCgULU7GWTH7CN-hjhV0BFiO9K1fhiULWm7F2gehHTm3PftQ1nNeIpHLxX7OGQ7gQ=,,concrete contractor | masonry | pavers | driveways | patios | hardscaping | drainage | demolition
Bay Breeze Concrete |  |  | false | true,Bay Breeze Concrete,,false,true,false,,,,,,,,,,,,,,,error,,,Gemini did not run Google Search,
South Walton Concrete |  |  | false | true,South Walton Concrete,,false,true,false,,,,,,,,,,,,,,,cannot_confirm,low,https://search.sunbiz.org/Inquiry/CorporationSearch/ByName | https://vertexaisearch.cloud.google.com/grounding-api-redirect/AUZIYQH3l-K2GPBQv_77Vrj2Ml9dcwDrI-odqkYGZz2dYICZEqSQtl1N-3Ic6SkMCD1eGdgSNO_qGBZi29bS8NpPkQtShqI_21XKrxyCLI0v3PUUpkoracE8flRSbOLIqM25WC5SNJAhYSkd_aTfGcTTcXR-QIrIz3BS9CpU1bS5UTblJs3c2S5QDw7A-ne0JGU7vOObHwD5vLsGEBuiifkFRzudQAf4Wh2jc_xGWegyIxKyuVXSiT2amh_WdsDqvMhLoypWJ-xD_SoS6QkWAg== | https://vertexaisearch.cloud.google.com/grounding-api-redirect/AUZIYQEudW6ERegOvlukpOJ1k69oSHygOnc6YZdWZCm51qc0GSBXypYiPNI5-qexQ9no7ejXjn07vkkyi1d7A0FJLaMV62KCjoNvPbmThl2UuW5rGBi0oy7w4j-mMr4zVi6bJIFnTQ9HSW0THrhnwAh2AJ5cHeTsw4pyvZqEorocxVU05lgrKf2b-6Z12MmBerg5NUOg9wBEieG92smUFl7YUaCgRFtmnIyuUKlLiNlSKL_8lumC-BPNll_xksFaIPwtipF6b0mLCoWCa8R7,"Corporate entity South Walton Concrete LLC is listed as inactive on Florida Sunbiz with no active website, storefront, phone number, or operating records in the South Walton/30A area.",
Emerald Coast Concrete |  |  | false | true,Emerald Coast Concrete,,false,true,false,,,,,,,,,,,,,,,cannot_confirm,low,https://search.sunbiz.org/Inquiry/CorporationSearch/ByName | https://vertexaisearch.cloud.google.com/grounding-api-redirect/AUZIYQE80rHFghsi1WbUX9viBH_5rAA0dE8jIG99NN1hYcUH79xVIk_UxUQucdQvsQx3f7lTTEqHrQVBXIlAI4hP50iF058pRmZuZyyw40ATDGpqbRr1d-9My1g= | https://vertexaisearch.cloud.google.com/grounding-api-redirect/AUZIYQHhpeqiBX1WdfVaRwyMglPSssZ5PMvkDbfdR9hOiXDV00hA6c3R439KI1kAQxxElrlrLhWP5F_6ReoTmQkFREyBoJWzfj0ySHYqnT1aeEVv1ww7AM-KLrJ_D92wjF8yg_o6GOqPpivufivvjudtuzfECbs0rEbZElSGMrgtlJa-uvR_ZR8kKgZIPd1Rs9_-iAGDZXnUh0kVusf5uQ3V6R56JhzBIX8O39liKm9GEtJm7KHw79YMKe1PsbKciVoLUQIhptZ8VsyCleeQnExR8fSo6Vlb0C1amn9mkyJwDEkuTDVsPIKRAMp0adJgU3PXHJO1DU1JVxoJXV96m0m1sUQAE2FWUzg-fZ1IjBKn-6IRHZpEFI1Hr599F8zXvAk3XNBlRx9HkK8Bt8H4vI-4mcdYikf-NimJwawXznnjLfECWGG0qiZc-wNK5wX5Jcw0MihiB-hnjJyvI-tO8dBO,Could not confirm an active business under this name operating in the 30A / South Walton area. All matching entity filings on Sunbiz are inactive.,
Coastal Masonry & Concrete |  |  | false | true,Coastal Masonry & Concrete,,false,true,false,,,,,,,,,,,,,,,cannot_confirm,low,https://search.sunbiz.org | https://vertexaisearch.cloud.google.com/grounding-api-redirect/AUZIYQFj_Q6n2wwZ-3ifGW_9jE_RloaqHUFe1wUzdmenhLBDysdBfvZt0V_xbqw5HqLRiDsKA5O95_FngxGIBwt4M8YqHDaEsOI62Zb6ob9_vFNgoPmpCQRUD5YX1Vw40D8oXUpH_YtaXL5Yyce6DKvD2bYtFcfrwZTgWxodx-3w98FLfEDxbV1i76zAwXs5lgpUL0x7R4SGcFE83NYG0bLtl6HlYhxiSP6KCtiAvenbFGpKwr_VheQaOYHDF0466iNa4jTpTxYT5obEW5muAPudozWrcyYCIC6YAo2oLJ5-hLusk6QWU5TzfCWLs8RuIncUMnTca8FW7PGtTRhDjG8Dle_sdNwAj006BRlz3jG6C6ITs1aGCLMqWx672zmNZ_YkHYkf-j0tThnDuMQ4PDn9p51QUEiroZtv-mWKQAWwR8Erwcymdt4ULDQ_LwcS9FdhjItk4kdm2C6UqtoF1zYquoZ4S8aIJNhCKOVr4awdLBx4LTN6pKgMccSrp6jpDPJ-8Q== | https://vertexaisearch.cloud.google.com/grounding-api-redirect/AUZIYQHYLXAsx-mEFrn0FgBY8b0UPsF9GvexwBgeD0TOIxyK74-MoMqXnygH7q3QbjSNj8pPxJ11-v0Q9OSJiV66IjMV3qvs1wNHKiMvvb3TFYY8mJ0b_UmQ5TS9PZUR_xgK13L-cE2GwV3EQ7c7QLIiLexunpQfAZwI1Wk25DQ95B7VqN9qzeR-KTDs_XXEQAfPg03WMQEHkKCpbq9GP9AtEb99THuuJyg6mR9xmsTXAcD-4aD61vVWZ_cWaYJMKZdXUA6ePiiFlcCfUvpG_KrtMboWS6tb_Rq0VG724nQ79jtCAzPZ0Al8yZ-VmZI2Z3TClJ6yQa5pQy7rL9YmlbSNmGfO5W90YrRqD_Rld31stNnzXDXdJdPbk9V7k5N-Jp-lyHRbV5aJrRYhh-lI4IHPIINwVaVKpio_Kk3jmKefTGiAxlhzAWctK_e6-OUk--l5Tw== | https://vertexaisearch.cloud.google.com/grounding-api-redirect/AUZIYQFP0Mb8eQhAlHc0amihFhWYUK9OZT8A_BoTKeI7kD3pXpnioGlGktmH9vELVO5ugXXFjzGCONr3ODFCx9ufPS98uS0XOiEf7Fs7l9wka4RLEMtKh5zkSHkoESYtY_NQ3F10PC5SE_6tCyrSWA3CJaoDNl9NV6i9dIZjJvJ7u6BeyLCRGgX4rpY0Y5SY9LD5t5vhHoOrNwbYUIHNnioQTiqj9K08YiK5SDgODSLSsodEuNDOsB2Gl4DeDzqK7m7LnG45GrOS5m2ewndjgruMR8XlEyfzLWUI6WjGomEOv5RDdTtoVtekHzSTKHNcQA5JDi4swFHEFdp9bKH9orckoewDBBCGmLzjpl-BbEFR2WBT6Ba40ZmKAmXUpEQ3Z4t1MRvq6H6AdTs5-BIC54frmQECuNTDENMM6SUP8j-Ew0Cx_ALWtoxBhOJDekOpoNYYYr-KhJvmmrIOAV-YYLmmMjcZuAU=,No matching active business named Coastal Masonry & Concrete was found in the 30A / South Walton area.,
Seaside Concrete & Masonry | Seaside |  | true | true,Seaside Concrete & Masonry,,true,true,false,Seaside,,,,,,,,,,,,,,cannot_confirm,low,https://vertexaisearch.cloud.google.com/grounding-api-redirect/AUZIYQHDICED4k3ElzPyUcxTY-hAOkM5qmPU4HWq9YSc0BYOcNry1g-ZfuvZmQiu69xRs2hK4GvOZyyUw-uuTQSOAD_MWBL3ioM6-gmHWk36AwifaPmbNgAUm9eTjQib_ADaqxdSNrBEn5ZLqFsuHqj8PQA0DaKirmV24vC5OsKTopEQsiydI_cKsB1oiS8hHOPnoGinMV8= | https://vertexaisearch.cloud.google.com/grounding-api-redirect/AUZIYQG_pJaZG__43rSaQXA6UFkHHSrXOvdsES5SJTh-8G7fIhUOOClfE9n_Dktp2bUmiL5NkzelEXiL9-9PCvwb5F-lIMR3qHXiCpQLR6r6cSsn2yqPEDUrryUXNZ9I0GiPGRA5X6jgg0ApWoB1FsT47p51lBYMt1wJ1DP1J3-HXwhYi_hB2Tg0zPIuqbbaIeFFhSSMceM= | https://vertexaisearch.cloud.google.com/grounding-api-redirect/AUZIYQG7NIQOqhqOIS1sUPq8TLcjJKYNazgSUBYrs0zmkZUwROqXQjMDNTCVtmj--LJQyKOuXXEad-ck1_UxfOIoCtbqLbSjc3KYh7eduyv9YSFKOGTkkB9somBKdvivQ1clvnNXScrH3kQInrdNtSo80r1ndUnLvb4GFdn7mJCuy6AtabAnpW3A_iTA7_ssOTTkHWU6cprsajN0EoCbBRoY_TPJvKhB8cuJDYq_cj3Md1UZPCo9zd06J0PwdOUnIAvBr2AAyaFc9e1iGn4pQ-61rEAkDsqLFXWEGhJ3UW8DAzsCHQtENi93j4i7n6n1WslLwNc9EvBPEyS_bizdtJGH9pKqTnbmURKj0FnYkZFTQw0jpZV2V_hMqugEjUB0Qcd8GVN4JnORpQMLCBq1gjzQwX9X_PXxReRdPqFDVi5TVGSfk44IQ3DdE5QVAdBptog0aFxbNeKdv7QS4FntphmhV0qLld5N4ACYl6XkzoSiDP0= | https://vertexaisearch.cloud.google.com/grounding-api-redirect/AUZIYQHT10jnvHlE41ohmS97Vg-0ibgSnQlNu7wHppQ6YHb7XsGhZXEgc-QAnBMD6Ni-3Tz-dHVZ1lQqxR598NhfJ2DQiLqRR5Dy6zsG4L-kayrLEjakil5s9Zp3TzRKv2uz4NmXLoHQPUyNC2053Kngv0C8bDbfhlhDX7YwrI52s0ie9Tc3r0k=,Cannot confirm any active or historical business named Seaside Concrete & Masonry in Seaside or South Walton County. Likely an AI hallucination or confusion with Gulf Coast Concrete & Masonry / Seaside Concrete LLC.,
Alys Beach Masonry | Alys Beach |  | true | true,Alys Beach Masonry,,true,true,false,Alys Beach,,,,,,,,,,,,,,cannot_confirm,high,https://vertexaisearch.cloud.google.com/grounding-api-redirect/AUZIYQHf7Z7jMUkQlXFHRfhd700W3ZZI2Kpyf-hqrS5qC-IJk-VRp4vcV0F3L-yqwdPGhHPGyOHVPcHemWX4XKhPETBm_tOiT7uEdN_bxJwR_nNwKME= | https://vertexaisearch.cloud.google.com/grounding-api-redirect/AUZIYQHJQ_GSAYneMpJ1isgZ1VpvgaiIVhPi0NkGpByjyp6Ur2mnZz-xdcn8RJCsuSgWXzh6hTf0ZvJd4o1QXydq_0p85Otco-0wusKwQhOeJC1H11UrxTHmDIDundAjJX5dJNNbv3GY3rXtZrc=,Could not confirm. 'Alys Beach masonry' is a descriptive phrase referencing the community's signature white masonry architecture rather than an active commercial business or contractor.,
Destin Concrete Solutions |  |  | false | true,Destin Concrete Solutions,,false,true,false,,,,,,,,,,,,,,,cannot_confirm,low,https://vertexaisearch.cloud.google.com/grounding-api-redirect/AUZIYQGKtT2cgo2Bvm-pfGPfvvbMGbpUuAw93lAfDr9K5ELJtwqAeedLdbJ6UdUFF7Rnry3MsUMHuvv6Qj0vVoWozJ_T6ZUQz68gMt6GY-W6YeNVwTRCCJbji1PKhOPjpqlH0PyCEHqcXX-lv0jyv75XLYwQFi8-yl6kpOWiO6sBpNEM1sA9icog2ohN6j90rPGMn1ajrr-eZ8jKZ0AVWIFubXQCQeWHRqIOnHDzQZwpff_0x65dktnjK6npJe0y,"No matching business records, active website, social profile, or Florida Division of Corporations entity found for Destin Concrete Solutions.",
Sandestin Concrete & Masonry | Sandestin |  | true | true,Sandestin Concrete & Masonry,,true,true,false,Sandestin,,,,,,,,,,,,,,cannot_confirm,high,https://vertexaisearch.cloud.google.com/grounding-api-redirect/AUZIYQGKzwIiA4pf3guy5F43LCARFaPWLODJ8uJ7LQXvxA1iRrosYAj4_UWn5rUd5OsNpIDq3wBTSZkY3lwqKSzuSLMtmCNrrKWr3-ckhvygR6I2,"No record of a business by this name exists in Sandestin, South Walton, or Florida corporate filings.",
Grayton Beach Concrete |  |  | false | true,Grayton Beach Concrete,,false,true,false,,,,,,,,,,,,,,,cannot_confirm,low,https://vertexaisearch.cloud.google.com/grounding-api-redirect/AUZIYQEgAdYUOCK5PoZvDfhg5BTR8notoK3QNgmM7YOWmLBUNJ3T5H9jLYfc8rNhQvWd7gFlq6OqIYl_7iQs8O-tVKaaj8N0V1a4L6D_4N-jVXdQeY-1L6fsVUHQGwlfvR4y1mZxz_6XAhWGyU4pRoWPQokjNIjsWLrwKS0u00uv6gQfZrjxqfzi9tbfFGmRkVn4fShXZtNyeq-5kbDBUUql,Could not confirm the existence of a business named Grayton Beach Concrete in the 30A or South Walton area.,
Blue Mountain Concrete |  |  | false | true,Blue Mountain Concrete,,false,true,false,,,,,,,,,,,,,,,cannot_confirm,low,https://vertexaisearch.cloud.google.com/grounding-api-redirect/AUZIYQHNV5joy_fBefsp7mS8xKXqD9o4Zf7rRsvdWqGr2yhPzNEv5saWs92xrDpeLKe2TK7i3lQAPkzs6HQrZR5kNi_2ely_vzHI-YpvMeQXrXGk-2r8Xl999snJb6Ha | https://vertexaisearch.cloud.google.com/grounding-api-redirect/AUZIYQGkcRQrXsvpfgEA7FmpHFhWUR-aUYno_8kpMyLANnhESA_YDCH7kQ2vj8Qo04kFVL0ckbXOTSd4fRDvdyiBmHCpztzNvSL1YJNeDWUiqvlvTrLSDpZW_3o= | https://vertexaisearch.cloud.google.com/grounding-api-redirect/AUZIYQE4y4HIUaacXrHQ543er4GffBrjq6aBlGW6zcW8bnvtBc1YmhFFBk9xmr9Numl4CqkGebQwJtzfUCeB-yPH1LyJmo48RLHP7G0AxEhk6zC7C_W0nPFRDqy7Soig7igxQB61gFvlJNdIzpeFl75CRR5CiflJftH7RX7pZOw3if5tcw3rpdYVDDwAyfg= | https://vertexaisearch.cloud.google.com/grounding-api-redirect/AUZIYQEiZljrREF1ljIAnIidTOiUkB3av8cx2GjIHKlxhXuSpEem9Vqau0qKqAplVm-ToNQ9iyv4Y_nmvAUdkLb2vtWqQlHN-RWIlRpUGc2PBtByQ7Ck657qekVw7lUmM-IXDeZWFeiwbvLKG-4rXWh6XyUXugbAVmn_1ji0ymkQEm6dLYK3l1S5rtplrxHoUIPZypkTdfaEX-oftoX-qsXx2rB-b0m9ICR1IaG-qaLpvhAhcm43ExQ0eLrk7Nzbp5-cYglcxajriQ0mfQg8Y3PjqC3BRUNdH_LiOEVNfqIgrz1JbX1UVivJM5ZOTapN7DEBqVg9n1GpH9CYKMBj55OGZamUf_tfidpik4zS0hBHQlPrywCmnKepHhqdS4mDB258w8k_T_g52Km4uaaBazmk2-olszo5k_ABb03HJeEGS4MuxCqL4qH6AzYzPbQI4qjDp52tPKHROrYEDL5TA6NxkzzUcT6tDpUfP-XWQTr4aLk_Rw==,No matching concrete contractor or licensed business named Blue Mountain Concrete could be verified in the 30A or South Walton area. This listing appears to be a hallucinated business name.,
Watersound Concrete Services |  |  | false | true,Watersound Concrete Services,,false,true,false,,,,,,,,,,,,,,,cannot_confirm,low,https://vertexaisearch.cloud.google.com/grounding-api-redirect/AUZIYQHqnvUna6wu2pkDT0aRTkfiExlqPi80dv9Ag44NlRXUyoHdBf052384Fv7FcPBW03PthO1ti9_bAriu0BtmuHfxNaZkFOzMgxLD0WwbtCDto7EMkHdNH1dK29JyBOvY_IGWHJmmUux3Jmd-MBCr7oXDLR_XMqumza7SSlhCSBkpZ2bS1A== | https://vertexaisearch.cloud.google.com/grounding-api-redirect/AUZIYQEsxGwwfYRxPMB8OB_A29lmGHkOSgygMds2AtOKQPKzmtbPApDSPgoBwjLk8pJAzZnwaZ_qLqtpzNPE0rPwhfYV4kArydPxVa21zxivhayaRaN46k0LtHTYb52qDWcfA1RTHuI= | https://vertexaisearch.cloud.google.com/grounding-api-redirect/AUZIYQGDN_J9TuNFJYaeWdRk_JfzXhex3CCYhi7SgmMaJYyz7FvN2l9719ixOXP-6vd69M2YqVkth5EYp9Jp0m_hgpLaCvLAuKDl65ezwCzJcVlGUd-_VtpFM6gGxPV8Piwb734JtTeY3hK8-GMfenZzGpau_hu9GdpZVPafimCPwPYALmEuXW2c8RaErB2FUOwxJUj0h00=,"No matching business records, Sunbiz corporate filings, or directory listings found for Watersound Concrete Services.",
Rosemary Beach Masonry | Rosemary Beach |  | true | true,Rosemary Beach Masonry,,true,true,false,Rosemary Beach,,,,,,,,,,,,,,cannot_confirm,low,https://vertexaisearch.cloud.google.com/grounding-api-redirect/AUZIYQGLcpPoJ7zhRFOrM4RZ2A80G5n3kDddciTTNhJRT8IrEweEoTDdSqrHDfW5gIGIUJoO14N0ZX1pOGdvkd0Rd621VmXVLOpe5WABEgePx2dRynGZpb8a1n_bRLf7fnGP2jyBcK6etBwgPwZjITEOPzQzC1B4Pz6ZLlfW0BDCtQdTGHHo,Unable to verify the existence of Rosemary Beach Masonry; appears to be an invented listing.,
Dune Allen Concrete |  |  | false | true,Dune Allen Concrete,,false,true,false,,,,,,,,,,,,,,,error,,,Gemini did not run Google Search,
Inlet Beach Concrete & Masonry | Inlet Beach |  | true | true,Inlet Beach Concrete & Masonry,,true,true,false,Inlet Beach,,,,,,,,,,,,,,cannot_confirm,low,https://vertexaisearch.cloud.google.com/grounding-api-redirect/AUZIYQGm65yYNXMIv6tAtc73rvOgMwzEtMQwPN54b1TLX4Jw6fZJZjdPXZuMWj5T1luvs3B7M3dn2wHmQPAwpMBzKl1kPLd9H0lbMtTufoikyhbHrEFr-c8xfnoegZHUGxtL7pbmw3qzbeGqxOHTOIwMrVjra4SYdScWKzsuS8qeVav4iKU= | https://vertexaisearch.cloud.google.com/grounding-api-redirect/AUZIYQGrE3zLDNadEMkjPYcnCAi5_tFV7PuoMMa81ZA9i6bTHo-dytJzE-jldcLB9jveyRyImjSw4rlP-MYj5zmIfS9jg4Mje8xeHnMSWcIGIS18QXRkEf4OibAkSeYOLQimPTmi5HiLWVKJzME7CHA=,"Could not confirm the existence of Inlet Beach Concrete & Masonry through official Florida registry records, local directories, or web search.",
Dermatology Associates of Northwest Florida |  |  | false | true,Dermatology Associates of Northwest Florida,,false,true,false,,,,,,,,,,,,,,,cannot_confirm,high,https://npiregistry.cms.hhs.gov/provider-view/1457479271 | https://www.healthgrades.com/physician/dr-amy-watson-xnd9x | https://vertexaisearch.cloud.google.com/grounding-api-redirect/AUZIYQF7GiK71fPwAZNnLIAWtYjyZLl3QhPKRmB4MJe2HzM3LGNqju3OFJf_gb2Yj7qI9lmomsGGlzu9jgq5ATbuUNMRCeMH_jUutfIqHkru4qeAnDYDHW-QiDAE9e9yYow_57c7_OLcVAWmJwZl03C1DQ== | https://vertexaisearch.cloud.google.com/grounding-api-redirect/AUZIYQE9FrcvrWPmuEGdnGAORg2_mCNbkKuYZ_P_lqGr3TIu_ypoYXuEer1UFJlCt_Wj7B5w2xZVc_HPffDgkV7v_c1VhCUyR8MSlYSyCZYV8UnFM_5VPhihiB89WwdTtq0SdveX8cADgGO7cC7LMk1pQxeV,"Dermatology Associates of Northwest Florida PA is based in Pensacola, FL (4850 Grande Dr) with no physical office or practice location in the 30A / South Walton area.",
Destin Dermatology |  |  | false | true,Destin Dermatology,,false,true,false,,,,,,,,,,,,,,,cannot_confirm,high,https://search.sunbiz.org/Inquiry/CorporationSearch/SearchResultDetail?inquirytype=EntityName&directionType=Initial&searchNameOrder=DESTINDERMATOLOGY%20L060000513490&aggregateId=flal-l06000051349-8c85779c-70d3-4876-aa3c-53ca6225a07c | https://vertexaisearch.cloud.google.com/grounding-api-redirect/AUZIYQHPKX9BlPCEyOcpkFxrzZJWer18s1gvu8yRuAUqyhrHYw5OZfSSCThp2GjGnWiAT2oKAlVPv-lZOOBKQOADv7Gabi8XKqsJGjcNpokdsWc7iafZoggLz1o2DDNZic4G7jVsS9K7bYYqdQJC2bdWwrpZiTp_xmB3i-wmVPHCg2OVbnN1V849dpWmABvSJvlqd_gNZ8ohEDsmouxOIw2i8h31NdtrPvENjZsn2fxZhAuumZvEyq42Oecs8szXgubkKQYTLHqaJuOWo7vZ5qmmLiGl1SQVy2Gbr6mJQn43eiBOcidMUeB54t62mEs9f3gsvfmwa1qJAgFpEnVOPLLC5p6LF0mLxr-Be4NzUfa8JCcw7-swDPZ_pI37Vunwaj4Jl5XG2diEx1g9jdecn9N682CzaRo9F8EtKQtZHGRWgdgbLhpmzFDnhu-z-10i1SRZQDjhwIKz6k9v4JOPAbN0QTZjtBM5OQ== | https://vertexaisearch.cloud.google.com/grounding-api-redirect/AUZIYQFe3NB94BpHrX-F6lvAg5fTOLSMa9QML-vkSJ4BiaxDKY-IB9t9MWLo7w-BkD4N9yJSpLQ3YNGn0pyf61auAUBNUpA0wj1G0uifOBB0nviEXNueme5MJcLsyHk4_10mhOH-VcNBRqtpmw6OXis2CYROnKoP6-vucPY=,"Unable to confirm an active dermatology practice named 'Destin Dermatology' in the 30A/South Walton area. A historical Florida entity (Destin Dermatology, L.L.C.) was administratively dissolved in 2007.",
South Walton Dermatology | Santa Rosa Beach |  | true | false,South Walton Dermatology,,true,false,false,Santa Rosa Beach,,,,,,,,,,,,,,cannot_confirm,low,https://vertexaisearch.cloud.google.com/grounding-api-redirect/AUZIYQFtwPpPlLiJg0dOKbxublxTquLQfXQ-vyT8ct8rj_bG3d6LFgtMZHacO_y7Ufzvs7eFz0MU2m5tqeKIRq0c1bRmnO1FliqqTKVME1wlA3QSTnCcxz_2I96ElHYXBb4CV_zhbx5TEkjD9id6kWM-7ZLULGSrL_7jx08tuw== | https://vertexaisearch.cloud.google.com/grounding-api-redirect/AUZIYQFIXJGbimK2-9OoLNjlrcKvBynXyrHNhOtJv1OvtjCNHzso0dCzrVGDZHuVzIHPniyWV7dFKkc6FslwRotLxtocfscnz_xXkHNhnZbtNN98UadWDnwEci2C1OqIgJY5l-GkdAgNJwSO2viyFd4ozXDTDlU=,"No matching business records, website, or Florida corporate filings found for South Walton Dermatology.",
Emerald Coast Dermatology |  |  | false | true,Emerald Coast Dermatology,,false,true,false,,,,,,,,,,,,,,,cannot_confirm,high,https://emeraldcoastderm.com/ | https://vertexaisearch.cloud.google.com/grounding-api-redirect/AUZIYQHo7iKM4iOZa1KqaFJh3NCX7Ux7TK49zi5TxswRnsx1Y5QAVQve6gUtMLKTPfJKbFqpDp6ePxb9gDIUBOBqCMweEkxma2IH5E5YHPbO13ePHDh07kp3hcUWoX7LehAfxQ4= | https://vertexaisearch.cloud.google.com/grounding-api-redirect/AUZIYQF8yvOuU3Clmz9U6p5RqSP8buhza_h-r5_b2-y_X6ii5iXjkpnD8BVqmiA0E8Y40_k4ez16XWJjJdgyJOcJ5B4KOXiSNgm9VgHmu8vzslLi1LAC653NLa89JUE7jCZUrSTmx56-lsTlG-SXb1kZBXazgDe4jiOPkg== | https://vertexaisearch.cloud.google.com/grounding-api-redirect/AUZIYQHfIId4Dt8dm8hwyPpMqQga8md60nL-Y3_EDuphYctfRtghf_sLCC2KWzW2kAel6b8V54ueULxh-e8dZX4i55Dq3Tm_wutWCMJj_V0oy9nJpnKEh-efBP3woDlTLEbdogp_cyjGliaLYqHOoCiTRktWD7JMLbKVMpOEfbdJRvcp3gotha8R8AnmBg== | https://vertexaisearch.cloud.google.com/grounding-api-redirect/AUZIYQFMByqkoHg3H3Tle-iQl4jYp_MdupTLsejI_J3z2JbCOgc7IAgbv5BRHPk-f9SiMARgG4sCBvrASLDEODOjXv-oUgJ9YXE8pH5kH_E2ho2ihuHy7626Ofg= | https://vertexaisearch.cloud.google.com/grounding-api-redirect/AUZIYQGXcUfA-upyb_CxI4DkbBrW-7SfdP4O1RjNRBjxaKPA_nJCgYB5GlbFczSuJf5YMw6NFnlGbCxzTfrQJESDOUfT_rGVLtRGOl_K-j6gW0Nmx91PhNHir_ZY51zZ4zhYohf0LBU71QhgvrN6acMaN5GUIsctUjNAaYsM6qNHvBl2O534jQeyVf-yS-Rb6-g0pxG3xlflG-U45OSTZmAr2Q== | https://vertexaisearch.cloud.google.com/grounding-api-redirect/AUZIYQEtMOyLqbjIGSHOYk_OnQt-YJNUFBuowi0r0fKXWWblTojXhsztXYrKbcNMq8KtKUi19V5oRqH5JeImgV2wXJ6lLsCBGQwd44X7q7b4kO8KGjOEMH4clOJyxyEBS0xT_8ij8eCwCD_t44OTtwgIyFReKRTLAMJ5Pe1N4WObCfeuW79Uu_QXV6ddoeSjS9l_NqZ4kZErbFpTFaCgXapET8alxT28AHc=,"Emerald Coast Dermatology & Skin Surgery Center is located in Crestview, FL (Okaloosa County), well outside the South Walton / 30A service area.",
The Dermatology Center of Northwest Florida |  |  | false | true,The Dermatology Center of Northwest Florida,,false,true,false,,,,,,,,,,,,,,,cannot_confirm,high,https://vertexaisearch.cloud.google.com/grounding-api-redirect/AUZIYQEuHeYActJNQZdAk2W0qscRjK65osw1zKfS6SMxLh7bE2TA7aqIYUshAZFcjQ0bVpQt07DeUozfRefGwf69N15meqn5MWvGkrxOU7zyMiQquLiP5OVXGecQZ19t2RqGG0fqpDsz3fNOob4NaXTP03m9IY4LF9z6dgfvwVL25pg5VnAt1oMY | https://vertexaisearch.cloud.google.com/grounding-api-redirect/AUZIYQGRuQtVunS_tr2S0oga7rMVXR96rWdqGz525m0Sm0rl6Y39Tleh3Li974sSTJnsRddjM-Tt7UAPlZHhnRIpTU-i_JLIOaEo639dvMUDubY4vcTyI0Zj2YvtDLZxUbhhjwc_hNjE_oDafs1OFz_4G9o3tD0h2jTta_RmW-aERLOxPBm1MGaQq75XpPHUzony6n01dqU= | https://vertexaisearch.cloud.google.com/grounding-api-redirect/AUZIYQEqV9TSUGymP1N-MD1WDCYDNVsr_tzEHFz4LgJMEHJ0BFHtutulJChN-Wc_gqwLVcsSnP276_Yo5qSYfAddl3G81jXlKqRWwznF9E7UjN6E3SafN6BO4Hy9PXDW0DbVWT5t0jivKzvDTfzJEi5iTuB97w==,No record of any active or past business under the name 'The Dermatology Center of Northwest Florida' exists in Florida corporate registrations or the 30A/South Walton area.,
Skin Wellness Center of South Walton | Santa Rosa Beach |  | true | false,Skin Wellness Center of South Walton,,true,false,false,Santa Rosa Beach,,,,,,,,,,,,,,cannot_confirm,low,https://vertexaisearch.cloud.google.com/grounding-api-redirect/AUZIYQEatVYrqwggEYrNTnC3NkzhzbQkW5pj8BMd1ECG2LPsV13VeEoO3yeWNsCtr4x9caSKCSScg1QeySaulLPZhVstN21onEIdg4qWovn2NwQ_GEC7qAl-EGlQW8ZAMhoukUs867s1GPuepwpSizdOULWaANZRiTuFazknKpEnKYutlJQRnlJBDHCNtkL9t2C_6ieIAwoDxBHWj0PkbZFmBCPhj7XsGjn5V_VEaB9N7Bt_Etr7a-rkRz1CYVg-Kmize78_b61MdueG8DKZDaLxEMgurBetZGS0 | https://vertexaisearch.cloud.google.com/grounding-api-redirect/AUZIYQFhNg7dk2vTTA-_HD-KR5_oXZAz9VXMlkwye1-G6XBxVv6lDb1WgzhKTdBWb-Mt72ezlKER-hY3IkcDnYYRhGPX-NbbacIAXvudYz-uHUEx4OUnqseeywhJT0Y9PgbtcwIw3HjlS0yi_yHCCqIIqfnA3PTBXx4G97Hc-mcrYs9qkr4Yvdwj5AstevbHN2ucVw_23hE-m1at2w== | https://vertexaisearch.cloud.google.com/grounding-api-redirect/AUZIYQGgDkwP7H2ZJ4Acb4evUXAnvSksKSqMW8UvMnNKdnFG86pPp-zMfV_JVM6m90MOTUn_RgYA07CizKEnLC7J3Wym1qGmoZwy40ColRrMN3FUh3lJ_GwdfLFBScOlJopVFDfuS23RRusM7dWQd4lQX-Ec5kSApfIrEHBDJWKXi-5cWHlcOZUv6o6wP63AeojPyQeXHUJEIyN69taKdvFVpdaXgINR7B6iMVKNeC09sqP7oPW8wYQdoIMXH1iHWP4ad5HS5h3-LqZPTJgJwy-ZjLRL0TqyDZ3YaT6OIrtxUn2EMXEbkLzr5tOn2mtzMPLBq8SME8Xh4UpRwjZ70n2XR2SuWpP040mX9bCz-wydwfTgcznMSK1-jOeOU_uv06pAWQX-JxvaxJeV4ZLsd_A78Nrq9sRkqS4zEOiZxA5qkDnwPVxn3rddg_1HokQGIPQlP9kf9-pLIHjnqS9V | https://vertexaisearch.cloud.google.com/grounding-api-redirect/AUZIYQEpIRzYEaCCotWDbDlke0ZrNXlu59CjJQ1Q4nb6KMzRyzUvZt90lGSemCcFdG2TyTnIHgMMQnzd6751kNge3tPRbPfJJo0GIC32MjnnELO0Jk2wgG_fmqQn-Oxd3maBVWKZ7UlNJLgfN6HiU9rv40vck1LtaE0mqzp87YaBOWOQzVhM3nFjOTtGQ_nYB8APqst_2SY0_5IcqoQS97lYoW9WVorfrMfTsc5Ev7EBYCYHwRXPSBtoEFxGu15ldIwO2j0NNLOb20Mdyc3u3U3wCCfTY03N8DoegyKQdSH0oJS9pagaDEukaACP7LjMvr5NBsJ4xWzFscvEy-a9j54BGtv_1u8dLWHMfMYggBEndN6NhbrrxtGQdKS7gqt4EfrTPjygFqNdLvNA6FvUXZt725j6x5bhR3zpDEKEZx977w==,No verified business entity or physical location could be found for Skin Wellness Center of South Walton in Santa Rosa Beach or Walton County.,
Dermatology & Skin Cancer Center of Northwest Florida |  |  | false | true,Dermatology & Skin Cancer Center of Northwest Florida,,false,true,false,,,,,,,,,,,,,,,cannot_confirm,low,https://vertexaisearch.cloud.google.com/grounding-api-redirect/AUZIYQH6gm0uBMNFN7O_RFjMt49ei9zKtmHwBlmFphRQpmjivb_Ew7uReZD6izFHnAXKuL7vssRriRcgQJ2PlZ_S93zESxKwU0JWZCX0As3xfiEyN-VJ-uLeAAG8p0JtfSLTv3Gs,"No public business registration, physical address, or digital presence found for this name in the 30A / South Walton area.",
Coastal Dermatology & Skin Surgery |  |  | false | true,Coastal Skin Surgery & Dermatology,,false,true,false,Santa Rosa Beach,Santa Rosa Beach / Greater 30A,Dermatology & Skin,dermatology | medical_care | jewelry | beauty_products | banking,"Board-certified dermatology practice offering medical, surgical, and cosmetic skin care solutions along the Emerald Coast.","Coastal Skin Surgery & Dermatology provides comprehensive dermatological care to patients across the Emerald Coast and South Walton. With board-certified dermatologists, fellowship-trained Mohs surgeons, and experienced physician assistants, the clinic offers full-spectrum services ranging from skin cancer detection and Mohs micrographic surgery to general medical dermatology, pediatric skin care, and advanced cosmetic treatments.","Coastal Skin Surgery & Dermatology | South Walton, FL","Coastal Skin Surgery & Dermatology offers medical, surgical, and cosmetic dermatological care and Mohs surgery serving the South Walton and 30A area.","Coastal Skin Surgery and Dermatology, dermatologist Miramar Beach, skin doctor Santa Rosa Beach, 30A dermatology, Mohs surgery 30A, skin cancer treatment Emerald Coast","12469 Emerald Coast Pkwy W, Suite 101, Miramar Beach, FL 32550",(850) 654-3376,https://coastalskinsurgery.com/,,,exists,high,https://coastalskinsurgery.com/destinmiramar/ | https://coastalskinsurgery.com | https://vertexaisearch.cloud.google.com/grounding-api-redirect/AUZIYQEPcE205TBQtgqD5dNuyxkGx2ODgkJ_o30cpHXzePW3xSEAZMnUizOJWXso6xZGGQx5MCyCmO-S1inbzHZEkPcfhB7xYIpFl94wQqA7O-uE_VfXfO4Fh3lyx8Zqrrj66oTiiQI= | https://vertexaisearch.cloud.google.com/grounding-api-redirect/AUZIYQHV-HUBM6MPsKMFIkxfLaZY0kSH6t-0YzKjUw9tulORjBbh9W4x1vPhuKyHjVLuxlwUEGMc4nRMdUNagAUmwnwmaKGv1eOz2Pj0ySge17-K3oEBL_oswi5SnGhwUk0UzCC3J5vsP1vjMuHTXWUz | https://vertexaisearch.cloud.google.com/grounding-api-redirect/AUZIYQEr3mvZrSiwvtrBO0dxQ1ZGT_-_AexjTTQ32kGQ4cM1FLBMyTktvBNE1XEu4BoZH3U0NTCVERF_ouPX9Q_V10oKZ6dzGFcDNiGdmdTIIN8wOT3jl1sVpGnxk6zpC8-09GJE8xTSktX-JEJitHWgjLT_rfu79mA7RFFhxPeSuaOqK5rQ1lGo6AXO6irNekwFHS-YJ4jPjX5ynIzKh7g= | https://vertexaisearch.cloud.google.com/grounding-api-redirect/AUZIYQE1fDruv0woOsFr2EAv7sXQ4H9FRml6RF1WHMkOmJpfqlp2ryFI2CfK_pf8GX4LRcymdorcbzw2_DRULUzqCutKxGdzU3zxFBg-cURHW4DrZJcS5InU33pyrR6Ni5fb9TJAezLJpFtkA6qZKRKcmCjV | https://vertexaisearch.cloud.google.com/grounding-api-redirect/AUZIYQG44xsAbqwjehkY_UGM9QKREWitGAJr2zySNoeyPwyv99O_Hy2kK4Jh-FxQWLEN05K7oei77hFwyEkfacfh2twdsnzexuQbDV0Gm2rYYRkyXpK_fMc-kH1lqclOUW3PjPnhR8cd0ME8x714ctTco7d0jzhVbx3y635FitE5KJzAMMoR1XyCQLyt9Jk=,"Official trade name is Coastal Skin Surgery & Dermatology. The practice is located at the western edge of South Walton in Miramar Beach, serving the greater 30A and Emerald Coast communities.",dermatologist | skin care | Mohs surgery | skin cancer screening | cosmetic dermatology | medical clinic | botox | laser treatments
Dermatology Specialists of Northwest Florida |  |  | false | true,Dermatology Specialists of Florida,,false,true,false,Santa Rosa Beach,Santa Rosa Beach / Greater 30A,Dermatology & Skin,dermatology | beauty_products | spa_services | banking,"Dermatology Specialists of Florida offers medical, surgical, and cosmetic skin care solutions in Santa Rosa Beach.","Dermatology Specialists of Florida provides comprehensive skin care to residents and visitors throughout South Walton. Located on Mack Bayou Loop in Santa Rosa Beach, the practice offers general dermatology, skin cancer screenings, Mohs micrographic surgery, and aesthetic treatments through the affiliated Aqua Medical Spa, supported by experienced board-certified dermatologists and clinicians.","Dermatology Specialists of Florida | Santa Rosa Beach, FL","Comprehensive medical, surgical, and cosmetic dermatology care located on Mack Bayou Loop in Santa Rosa Beach, Florida.","Dermatology Specialists of Florida, dermatologist Santa Rosa Beach, Mohs surgery 30A, skin cancer screening Walton County, Aqua Medical Spa","82 Mack Bayou Loop, Santa Rosa Beach, FL 32459",(850) 622-0600,https://mydermspecialists.com/,,,exists,high,https://mydermspecialists.com/locations/florida/santa-rosa-beach/ | https://business.waltonareachamber.com/list/member/dermatology-specialists-of-florida-santa-rosa-beach-4013 | https://vertexaisearch.cloud.google.com/grounding-api-redirect/AUZIYQEdwWNgC9EdISeymff4-nX23SvwwfuIrOCYkMd_riGF8oElTBtqtkOTjKkxUB5Rl4imIKaglbqISI9l1X8u4VUxRQt7Y8ML_62fjBB30jAQz2acwPCXsF4p5EKXQ6FVlCtD5Fzq2_j-3U_ECMEq2grXMfcN2B172g== | https://vertexaisearch.cloud.google.com/grounding-api-redirect/AUZIYQFw_35IHnk9znrTGRBnv9x9Hyid7s9eYvKjeu_VM53XKuw39ntZx9qjACgWMLZU2zpt_53Ut0RvGfr2z9rvfhNtslyQ_H5w97anaUzm2OiGoKR2f9PUse-HTlQTkdLNBO0j9MVqPZlmZLna_ffZ4knrsPBJjmsRM2zgaJobnzPmloHtole443TSo4KrKgkLafBMLYizGPkU7nkj5KwqOKy2MO0= | https://vertexaisearch.cloud.google.com/grounding-api-redirect/AUZIYQH6GyIh0-2KcCTyO4Qd59PUwvh4TMm3itNEoDs59Vu-TUWOI8RRUZeEAGFE2oD0LQosPvccXQdvZhOHjMzT5TB3W5cd1mNEUwRwMIXa9OooJ4MsD_7aYZJaN-8fotrFVhpdh1yJOP3oLr0xThPcBbWHl0Q51osS3w==,Verified name is Dermatology Specialists of Florida.,dermatologist | skin care | mohs surgery | botox | medical spa | skin cancer screening | cosmetic dermatology
Bay Dermatology |  |  | false | true,Bay Dermatology,,false,true,false,,,,,,,,,,,,,,,cannot_confirm,low,https://www.baydermatology.com/ | https://vertexaisearch.cloud.google.com/grounding-api-redirect/AUZIYQGaWII-v5dPIwy5BfO-Oi01JRzGtZBHa-IU1yg1R6izrozGvJ0WjWKRCG3Xx5mYLMpAGyDy43czdJ4-rGQfPzpZnrMVXu3X7LkXA4d1Xy4msAJdGF58cWaoRcmE6iX7ho0HIXJ1rK74FTlNP8J95u4XFk4_ZwKQc_GkD83bQBjavwDUS2w_psR_V0ELfFaRZH4MkED_x1vdsQD3znbQDEhuCAAj47tCHh0EVQifxDwZj4xxzpHBgJ0iTDHZ9KC2lwYy | https://vertexaisearch.cloud.google.com/grounding-api-redirect/AUZIYQGfA29zSE9LzHbrmbgrYKerBNj814u7TKo4Ltx4dlW5js8iki4MlWHRkmdLWOSPvRaw_Bwb1HCl8VcncBzUhZGhnghHAOnYw9BFnl-F_TROwzrqqHtYmYmOOVSoBiZDAQf4hDyt | https://vertexaisearch.cloud.google.com/grounding-api-redirect/AUZIYQHHQ14WZ91G4glv0fTnPcEBmgsE1BWZAI5UkajCTXQv9tMaZQzyor-9pOYbKKfcNFvB1sX3JR6e5PLGgN2P16e826WyG5Fd6-mYblXs4nRaqmF8BYLZWjA6I0xqB6mgKfIZLU4Egzr8f3ILKzRRwxcnaM2zTpo= | https://vertexaisearch.cloud.google.com/grounding-api-redirect/AUZIYQHYq3p0jqSBJOzy8cFonapgfYVJpuhhYWPxmJ8bcKXCNdV_SKsEMqKri8cQGMTf2X_6fVa860D4oAiTMpI6kNudR6Ar-YhdgIVTmd_GKn8HehsnXgT42KBU4Tr1iYqRDr5mrkGZgjDaL8MnSJgyrWcl8RQNpyB9KIVCr_mEhB728aRSzDvb | https://vertexaisearch.cloud.google.com/grounding-api-redirect/AUZIYQGKoAaAW7qyyRuVY37vQSNsHwbF3A2BNYGfjYDRXVVFfcwHtmremHcYm3EijLdzx58u3JUQm1Ll7ERDYJxJbz5ldohdFGcBOGi_xfGbPFuBT6QvawoNtKfmitV-RXdk0VWakeDtbBjJwE75yL3YNUm_NvvxQtj75rlwyz6w0XthSee5spfJE1_5KNO5GHnfNqur-WIMwoxarDCMW2seSEiyiFx-ZGomnLSYpQMS6gJHIyTfbmd-rxkuMhlxIX_WPjQ= | https://vertexaisearch.cloud.google.com/grounding-api-redirect/AUZIYQEhS0yTsr-WlNoDrjImlU3zK9x-t-Ymjeo2qa9p3pfGo9Tyeu6QWGRwnvFiXUPbLv8y7qXGehr59DQQ40i_Gc6E032jCS_cZRgSTQ990QEOw_bqQdFK,"Bay Dermatology & Cosmetic Surgery operates exclusively in the greater Tampa Bay area (Pinellas, Pasco, Hillsborough, and Hernando counties) and does not have a clinic or presence in South Walton / 30A.",
Dermatology Services of Northwest Florida |  |  | false | true,Dermatology Services of Northwest Florida,,false,true,false,,,,,,,,,,,,,,,error,,,Gemini did not run Google Search,
Mobile Dermatology Services |  |  | false | true,Mobile Dermatology Services,,false,true,false,,,,,,,,,,,,,,,cannot_confirm,low,https://vertexaisearch.cloud.google.com/grounding-api-redirect/AUZIYQFOYsvp4x313XFtxR8Mkn9inInjrmZtmnyLvarP0HAwdIJxZI2gUr6eiJWSEaKAvs0XfIm49s_DpBVWX5zZZWpWgEYQRODF_mWlyrBtf8wUp_EhGto27_o7ge4USm7HwT-2DaHCxCprPB9VuMdPUteuMPMBkQCHMTE05AwpfrOFrEA= | https://vertexaisearch.cloud.google.com/grounding-api-redirect/AUZIYQG1klffPtkjnQMZjLEQmEARtgx5eBZWrXR-5ji-T0Qm-1cNp8dV-J68c9UM52zT-WEPlTLE9r5YdUtoGs2MGhH62AjHTbbraKgbL6ZFD4l3KO7AzI2wAMEIL4OPF7J7pDVq0hkXufpX8s_L8Ypw0YSeUY3mHlk0G7JEKtI= | https://vertexaisearch.cloud.google.com/grounding-api-redirect/AUZIYQF0HbGC5zJoYSk1QfPt7N7FfjUlYJDemjZHSzZ3hEO1peCQaL9Sh-6bJbpWcgT0dXBfUktnCc5Y7-Z57V7Gt6gf3uaTyYUMTok7GK4pG0gHjt5qdshZ4a_LenT95Hxo5LWja2sYd_qm4dC8evlmxachOjcWK2XmpfndJHmt-4gPCGEZZ_fzGVq8S7flB6XxHPfHpg7-iWRi9Onq2QIlG7Rje8pw38br6rx8pup0Y9_FFpeJbKo0JZEkQ_BKSR9pDnBlQMeWf-EJf8rq_q_bKxAVCtGG7nouPcptPRTgMB1D63xU4nL8j6p53v6f8NsLTk9TytWf4fpJZqaomuAp_-hdJJW63BL7yxWQYTF8eZbR0jhl8CNaztbmTdDzfsuD3kkGNnL07RV47YO51lJ3x8dMNVjH141uyEES02LV2QJ0kFucsfyM01JKm4Jk9FApQO4uDDY= | https://vertexaisearch.cloud.google.com/grounding-api-redirect/AUZIYQG3Rz0ApEKSruQvQqJA6nMRS2P5yducoE2Fz6LW8Kq0spYY138yPhLGUKl-wL45i1mPScCGFYdZB6yQxtHoQGh53Q3IGLOzPxb0JJswGROCXuid-LkLbcS2DCLIbD0qEsi45mO98ADqNO2Pe52zwJk6I_ZCsymy8ICloBLb5iBnxjps6YPNkb0zvb6wGI-vrij-0rOfv9voLlzqvjCmiWYwxoj5VThSyCEdN-fD-2mLwhH6cc9JN6wKVaKB-Tm9PUF172oc6pBf33xot-J5_cWqtW9HySQd5wVqqj7EUpVpdxwC4gi_eI3uhqdP9koFLOioPpVGazI9T_jaQu-qmejBsI0zS_IiTsi7nFHcjED2fuHUJv74BVmuJ0UdFn3PG55MNB1m7SwysXPvFFA3OUtK7pr-ak3IrZ6cuAB0I0HRDjbQ4kLAvVQgFbM1zFDUZ_A5FeG6v6vA3h0sNkgZBYs=,No matching dermatology practice or mobile medical business with this name was found in the 30A / South Walton area.,
Skin Care Specialists of Northwest Florida |  |  | false | true,Skin Care Specialists of Northwest Florida,,false,true,false,,,,,,,,,,,,,,,cannot_confirm,high,https://vertexaisearch.cloud.google.com/grounding-api-redirect/AUZIYQHHG7aFoIhd-ahs1xvBRd21OEYAwQ0Ci9PIo6jZl6-9ew_HcPX232KqK0uZoNt6upSt4tfKWYPC7Ka0qBuF88Kj2vzn17HhUgQa4KozMgq9OM2IdHB2z8UOcMCSbrqaF1UdDbsNKKN5AUynk6KvO1GJrkq4EUv37awM9cXKrw== | https://vertexaisearch.cloud.google.com/grounding-api-redirect/AUZIYQFjIRMC1jF-emS4gJN7Ef-fjZ4tvNInYkqsVT-PaW0e8OWbrUvcx5FR5j--9o-F6eJYdZ4pduT2QbDLegqVehfiCcCrf8iTWNlrW8jlI2aJxo31ho5ds7kWu6wvQP2cKA==,No matching business or corporate filing found under the name 'Skin Care Specialists of Northwest Florida' in the 30A or South Walton area.,
Dermatology Consultants of Northwest Florida |  |  | false | true,Dermatology Consultants of Northwest Florida,,false,true,false,,,,,,,,,,,,,,,cannot_confirm,low,https://vertexaisearch.cloud.google.com/grounding-api-redirect/AUZIYQFC5THaTTPDnOushPOeZZ5to3yE19XlhkDYDFr_1SFgFKwrgVmwu2v6yQvya7lTpszWz4FOPUaUuC3mORjUBeN6VdgTSrp_SaqsG05wM-5W2GhfjR-g8fvQzF98pqwMEFhVdKkAI9-xrq4XBFrSEorsSVJ3QmWctdPFs-hlgMIC8avlbcFxB-petHYp_dqvpKQwEdfhJTi-Xf1wpr7lSWxobuql7nUXbLBQ_r_JloJ0Pet3JsWa6w9EiKklVM8Wd_noWPy84saPbTwb0scfwI5zSlUsszp4P2w4a8DHcfMIDS6S-vMjwOl_e-C1RzHJegFaUpuvx1xsDWGbYla1T_Qwco7kn78PXOleKdfNzHF8Z2DhOL53bmfI0_ZAm0tF3KR5idCf1aOihIJCfIQiib5WoRC3cfneZfvDRQQvLVj26YZUIhW9Ek4zsV0JlD1cY6SWFJsYf7ACDfdZgrnJXf9ZznCbv-GK_XXopA_Zm3Hqddef4GcTvtLbG8uMHaJ5 | https://vertexaisearch.cloud.google.com/grounding-api-redirect/AUZIYQHIyfOSCPgX2DjvIR42yLF5L5wvS9AdikWB0SPxkoik4taUg3IR_y6qyIkvpqhhQploVfiCnTGSPG6hjntvHE4XW1j_IBKPsqlTa7VmRKAN3rK6W8Kv5jSK_6eUxs75NFaSXJH_KUrPv6KP_zFQhtTPWt3fvmOXCTpwAis6_tKint08mURHBR-PogNfTq_dQHF20XB9XS31Q1ENHU5Cx2ycXB_ujJGKCq-ZdNpTXx0xQ47LNwdGOuwNvvKI65e_Ky7pl4vvL7BTgqCaxOX4KeuL7RJ3UAplrk9ZUh6tNfe-H4g0gAEh5GD_aBsut-FQG7WHXXNv-iG08c-XgrFGniFH9gZvSd54zQLIxbwnRuEKYBmb-gNYd-O7IfNZcsF0SbUjCAW2AoxBAO0PAnKfBJgzcuxhFaMJIsLU5C1ZFJxxAkUulVP629ZmHyZkkj9V7XOl3R7VHvq7lYRRjmXW | https://vertexaisearch.cloud.google.com/grounding-api-redirect/AUZIYQG08qync3TUej74ls7lMnnr73RN1gp30sxx8VfoO25x2KjF69q9pAUupWYFaLeI99Wy0Rac8macqHSJYGz4Kw5omyjeDQ-i-0Qq2oYwen5PuOKLxzW_tHwwk9_hpqWp5C5rtvC3whvZVU7L5FxU-MadIBm0PdGSirsuKttRhbRwbDuWB85ZZp1tTFfvv6dr_M7HWYSJ-bLTy2gpXQ__A-mH9IVFQTZSXAGf-VXwLlfIkcYkgtItVPCoecugrXxt8MnW82rRWvygt3mF2_hbA5H7m1MsuSjXl78Ed-b49MnyEx_eOgvnU2m4BNAEqV0hX0PXQIgiqXUdr1Mkcg9TYZQEQzoGfGq1HShXI8eQ0_Ic2LP-8lQ7ZIuMxZJzPaAlWYRuLunLEC4=,Could not confirm any business operating under the name 'Dermatology Consultants of Northwest Florida' in the 30A / South Walton area or in state corporate records.,
South Walton Skin Care | Santa Rosa Beach |  | true | false,South Walton Skin Care,,true,false,false,Santa Rosa Beach,,,,,,,,,,,,,,cannot_confirm,low,https://vertexaisearch.cloud.google.com/grounding-api-redirect/AUZIYQGCrRHRsPOaF_aWxsJ7hGZNZQevMHlV4ennEjXR82slQ0BkpHxO5ZkpDv19h7EU0fKjhH5MB0k3DqmrEawvnhuCcVUZbIgmdNii4mz3BaOqow== | https://vertexaisearch.cloud.google.com/grounding-api-redirect/AUZIYQHt-aJ89tRl8fzLdfpTPSMu51z7xD3SEZiUqKTEfLjX63W_h9PeLAK7Qr7oDME1_jU6AtXJGXZfRWr4Xjx4IEh1yKv-Q9OynbPmZ17WK_s1r1EnDsNVx31nOP8= | https://vertexaisearch.cloud.google.com/grounding-api-redirect/AUZIYQHh-InQHXl-I8nOhsJgcfUxnqrJSWwb6C0UFUt50EIj-c9XC7vd2KEjUWVIR2t1NOjx5P2gbj6Pd96leWzhw3TX-ldgQvP5XtgR3YMgOYbBUdImaChIPdUPYDAtvA== | https://vertexaisearch.cloud.google.com/grounding-api-redirect/AUZIYQF3zoq6UyPMbFkOybn6kQMi_dGqGnGZflmSfDPrYiNYyVGlmh_uP27V4zujOa1hZuhOJgNwa5IsPvNSlUKP2jPkqYqaVlISbd2edv-xlxTXJ0_JLrGDT0GZBucPF3t00qRDistpT2w1zkpZ9fBTUeRBB94aLs0GrcUymXyPjnDWIQXfPlBnARt8DQOuOt4zy1iD4BGGeCT7lXERbvR0YAn_Cl4R | https://vertexaisearch.cloud.google.com/grounding-api-redirect/AUZIYQHp5UC0INm-eyPgqu_tsVVg5C69BvyPFoIMJaEh2pzFH-xBfOoqgwev17CwRrwX9hfFRcUz0gcS1IrPlapgjfHfwwtRW-S-QHK-T4seRBbfRdyQwxAXQkjGmMVZ-Z7BLGzBTeuHBhVk,Could not confirm the existence of South Walton Skin Care in Santa Rosa Beach or Walton County.,
Destin Marine & Boat Services |  |  | false | true,Destin Marine & Boat Services,,false,true,false,,,,,,,,,,,,,,,cannot_confirm,low,https://vertexaisearch.cloud.google.com/grounding-api-redirect/AUZIYQH-edeWiPAr04Vm2mKxzFNXuFboa65NvlcOx_hfZAE2PrI1qzxpEDI2pEGWNsMzzVrTH835r8G08Y-U8r4ftSqHR_68hhlbhx0hF20K9XA4fOChrULeedGmpuc71SrkyGTOfjbmNEaXoHFy_Q49mYjEN3tvMzvly4zS3qwv5ohcNnZXR90DKiXdrenolrejm8RfytX0vSX86uIdRSqeE7jG2bsieRVxq9V9J5Ho0IVM5ZEjMz4WT6nriZGAZSCoj7ultAhTekmjnVsyXChactS9PxOZAwDJABBBRJM7asrMhBFzzYf7AGMc6fE9kepsy9QXIZlLNAdK0s6f7TRQcko4c-Qv7RLgXqWwD0mOu410VYI4FuGvdYwE1Lflvvv47vWwU4YkZA1avf5pq-CFx8Zwo-X11I_L3umF-gDmiIuGAZ3J9ZcF2Ee9zQ-j5g==,Could not confirm any operating business under the exact name 'Destin Marine & Boat Services' in South Walton or the 30A corridor.,
Baytowne Marina |  |  | false | true,Baytowne Marina,,false,true,false,Sandestin,,Water Activities,water_sports_rentals | family_friendly | jewelry | sporting_goods | travel_services | activities,"Baytowne Marina is a full-service marina at Sandestin offering boat rentals, fishing charters, slip dockage, and water sports on Choctawhatchee Bay.","Located adjacent to The Village of Baytowne Wharf at Sandestin Golf and Beach Resort, Baytowne Marina serves as the premier launch point for coastal watersports and bay adventures. The full-service facility offers transient slip dockage, pontoon boat rentals, jet ski excursions, paddleboarding, and light tackle fishing charters across Choctawhatchee Bay, complete with marina concierge services and fueling docks.",Baytowne Marina | Sandestin Boat Rentals & Charters,"Explore water sports, pontoon rentals, fishing charters, and full-service dockage at Baytowne Marina located in Sandestin, Florida.","Baytowne Marina, Sandestin marina, boat rentals Sandestin, Choctawhatchee Bay fishing charters, Baytowne Wharf watersports, Sandestin slip rentals","9300 Emerald Coast Pkwy W, Miramar Beach, FL 32550",(850) 267-7773,https://www.sandestin.com/marina,,,exists,high,https://www.sandestin.com/marina | https://www.visitsouthwalton.com/listing/baytowne-marina/ | https://30a.com/baytowne-marina/ | https://vertexaisearch.cloud.google.com/grounding-api-redirect/AUZIYQFhioinResEBjao0sN6cAyVIep02ORES_4YBQR_JQqJO6sKCuT6KC14k7i2OocA2tDcNzBxaEm3G-h2WNrr6SkdNis27rhp1zVVmLNUXfgOBVlxqhPT51DZz-SNdpFRmxweK8g= | https://vertexaisearch.cloud.google.com/grounding-api-redirect/AUZIYQFhz2Ext24wZtGAejxuyDgztsrECZ8VHHaZArhSfx_lTBKULLIb2Tfg4RT4r8JAzcOW_GiCFwmIGoqtsFoY67BbD1C-LLAaFUZoLxo3G_u2ESLMOe6tDaeF_Npl-RnogT7QL469PLi_trk2lPzQgmg= | https://vertexaisearch.cloud.google.com/grounding-api-redirect/AUZIYQEwIq6xNIiYcYvSd-wqHYYx6COW5Ghe4Roag2hMS6TJcYuv9GYeWmRU-KIHGSFuBn7-sZDWhBqzh4sXtrIV1bwpHViEOOnSL-Ns7SMKOlKSBsolWrJMCYHaoEwPvFh6hBUAdCtA5YEjkxsrDwSimcPl4lAziTE5qjAumh7QSx2omm0KviaLeVVb7PPm | https://vertexaisearch.cloud.google.com/grounding-api-redirect/AUZIYQFo1i4UjRV9qpCDGlRQ5X7tHrhxbVg8lChfnc0Eksl-OGXAh0MBwtwtU6p-rLzfu6ml-4c96uldSx_9gG4AHh8rOAOn9tFCMGc0PrHC_A8B9BGVGQ-tZrCRbOiAFEaGd9A=,Located on the bay side within Sandestin Golf and Beach Resort.,marina | boat rentals | fishing charters | paddleboarding | jet skis | water sports | dockage | family friendly
Miramar Boat Dock Services |  |  | false | true,Miramar Boat Dock Services,,false,true,false,,,,,,,,,,,,,,,error,,,Gemini did not run Google Search,
South Walton Boat Dock Repair |  |  | false | true,South Walton Boat Dock Repair,,false,true,false,,,,,,,,,,,,,,,error,,,Gemini did not run Google Search,
30A Marine Services |  |  | false | true,30A Marine Services,,false,true,false,,,,,,,,,,,,,,,cannot_confirm,high,https://search.sunbiz.org/Inquiry/CorporationSearch/ByName | https://vertexaisearch.cloud.google.com/grounding-api-redirect/AUZIYQFuXhmI3dg9wtFThCiNNRRs7uRE2PNveYbMYvua_SJOu-qd-kbxyDRtZMPqKfkaiFYC8UlODsp7YT4CWzH4RuNtmtsVEuyqAl4c5u1OeYCN3ltHtuW3ttn5XnGIaP2eYzDWqvjW4r9ximIZzkN2QFELTVXZQbArUHLBN3ni7oNMCj41sD-hIsGb28gn1E52VflLTZtzrdpRCgQ5e0-XJGY74yR5N5aA1GTMo07fodfnLfkjKqMUWAwuoRjmcLnLA3TLa6xVOdeNYOazIwWa2u5kiEBSuxGzjr9HgfPKpyNFfNjqPCRNC2GUy9k1G7dmYm7gUivfgPqMaNIyIFc6isiT6dITeCLcgcaGrCYYUTeXX7MdYxzFH4D1ur0SQt-YW2iO9y3fA8qcN8siQPmRTDExW8FfWZeq4IibI5eO2smItDKVM1JU2Pyo55828pPx9koNEKI4DLXn5dEHqAvt-ci4TOULXj4dha58ymoGpEQfgy96,Could not confirm any active marine services business named 30A Marine Services in South Walton / 30A. A similarly named entity registered in Florida is based in Key Largo.,
Destin Dock & Lift Services |  |  | false | true,Destin Dock & Lift Services,,false,true,false,,,,,,,,,,,,,,,cannot_confirm,low,https://vertexaisearch.cloud.google.com/grounding-api-redirect/AUZIYQH287JlTDHHRi1oHWf-ojV8dAfbtIZ9APKal4hPtWuLYwBo_RhXtdwwL4GV5oPApUbPuPz2nmESVaem-eLWX-nIe_RFQuowFjATAIb5QsOi | https://vertexaisearch.cloud.google.com/grounding-api-redirect/AUZIYQH0By3vnLrso2TnLl6uz87x51ItWp_PLDpvDQCJpB7Q5qkKPYRPDKNixGc3zORkOGt3R5o3A0V20MbAGM1381bWJEimM7dUIBOTCBaGuEdYPiSecIu7MszgrAu-5lzmIxUw4Aq5W9IBzzXv3qNfhCf5DRF4slZj2cepvnQZzaBzkGILIHXXkETBfntVYwBm9h-YMlcyxXIvs2iev4Or5sehWAQy6dcL-oK9JznJ5bppmOr1cOMHZeWV8FK939qxT8Z2LPQR0YDe5ZF13DadqAWKaR_ZdDcpEicF_IcTpyCBVGrAHU5YX-pFJs1SmP_wcDYFb0eXttQGmJZ3Zkg3fcvf6dkla3ZeG9jspJkg-DUbZ1PXIu6vdwwu0oOHBylycZj3nBd_-XJa5PcDgyU7i6AWk2ltl4GHsIBW_3G-b8FYj21CyqChz6g= | https://vertexaisearch.cloud.google.com/grounding-api-redirect/AUZIYQHUSm9H-rjiNA04TPe1T716gJeRcZxXA7qFYS9er5vuC4UBEhcEKKQ113wrP0BAgbk9xC9tx-lGSDXYKacownCFA66LicIS7621PFmmfjk0PbzSXKHvsvv5dHJh4-aGzfEb0G8= | https://vertexaisearch.cloud.google.com/grounding-api-redirect/AUZIYQFXW23iLx1Hr4L3Ywpkz2BpPNJLQ2EVylMRPKx78WtEhU4LVYX7fgdEDdYFl6cZI7n1ABumSYJHGL23aJNMZKihWWbjUYO90kdtmAB2TaiUR_0X2Ghbo6WMqo1CxvIF9LJnYPu_QkLc5KvE01k0GFUgQkEVUfq-wDqjZb-G | https://vertexaisearch.cloud.google.com/grounding-api-redirect/AUZIYQHL3eZXa96I5U2GVdUKGTFSPQazeJc-syvyUlHJgbn2B2gHFuT31yNKKYlKGMA4bLF8BEyuzkqVcN_Jq3s3I2WdqjH-XW0wKYqIB6Q-bcyBgwJjK4FZbtZ68Mk1Gd6_MryDz9jYDP6PzyWkT30=,"No public registry, website, or directory records confirm the existence of Destin Dock & Lift Services in South Walton or Destin, Florida.",
Gulf Coast Dock & Lift |  |  | false | true,Gulf Coast Dock & Lift,,false,true,false,,,,,,,,,,,,,,,cannot_confirm,low,https://vertexaisearch.cloud.google.com/grounding-api-redirect/AUZIYQFQ9abzzkiZvzxl0R8aACZqf4dP2pw7UpaQ_kPF3d8x_XHA4vKgXPBWOBRIu9EZBUkpNhub9qITDchdexVqm-Q_Xugn3C1M2X7CWcUFFsNpSfR17qkvRIL5ay2uKGO-n5SjMEXs-lQRzvDIUKNxNYTL3z9awLx4d13iVfZ_MFFCMknu9HLnBP_vDIRQItnLrFRFuzNPoQjQoUBBN95ntFfxTek3qqPC1paKXIsJUTz5vdHx52ee5CZ1NKjoI3K8k0tAEIbyLmXuv9FvkghwXTS9ft6ryj3BSJWSKJBSTk_2wlUWIIA7E1NOo-HXWZyQUjxYl8_cL80HQiKqZbOJpozTiXZmWfsC3KIRj1VojqhBOS1EhizZwbMXkRgoW9ysJ0TKMVYq0L1Ib-HH313fjOaBcpOg-G3f_VabBGf86QB3cdVcJuyG4LSVdpeOFwNEdei3wi8juGsmO0Zk77HeznXQpAESmACBOw==,No verifiable active business under this name was found operating in the South Walton or 30A area.,
Seaside Boat Dock Services |  |  | false | true,Seaside Boat Dock Services,,false,true,false,,,,,,,,,,,,,,,error,,,Gemini did not run Google Search,
Watersound Dock Repair |  |  | false | true,Watersound Dock Repair,,false,true,false,,,,,,,,,,,,,,,error,,,Gemini did not run Google Search,
Santa Rosa Dock & Lift | Santa Rosa Beach |  | true | true,Santa Rosa Dock & Lift,,true,true,false,Santa Rosa Beach,,,,,,,,,,,,,,error,,,Gemini did not run Google Search,
Bluewater Dock & Marine |  |  | false | true,Bluewater Dock & Marine,,false,true,false,,,,,,,,,,,,,,,cannot_confirm,low,https://vertexaisearch.cloud.google.com/grounding-api-redirect/AUZIYQG_ax1ED-HS1bnZVT763EVLB8Ys3mfsGGuvLotk6-4oYO_D_lhad58RH9_MrKZsqp61LzI5_gLT3Lks1OUoqUW3-PRXw0SXa4es00RkAOqW7cOBes8= | https://vertexaisearch.cloud.google.com/grounding-api-redirect/AUZIYQFhmksmEMxZEyTC6cyKxCojHc7GIirAmW0qiOTRoR8uDvbJ5MgtKdrRe5vtGZipAnTg40hb6FSTN7XPxaGIh7kon5al-byC2UaNCzV-nlI4xMEeUEMa9hqbirabAwOch9tHJl-QzjscN5oEXJY= | https://vertexaisearch.cloud.google.com/grounding-api-redirect/AUZIYQESb4wcoFeFAHFGDy3GDraLNaqdh4DiwE2Hx2cS-PFHMDR_oCuW0dZavsvGo-LWBOnpfelI7va234-FNwjd-9vZnV-OSAD5v0tCO7Odq3osC3Uqrw1pDyea_h-7lueHPjJDs2ACcvuzl2b-ggTLUkzJjRvpK0pr | https://vertexaisearch.cloud.google.com/grounding-api-redirect/AUZIYQHTAGbup0X-xZsKri2qXQUJEonO3N7x2Q450_gqc_ioQxKc4DI-FNzZRwGOJF8WdQUsreNv7RfzCql5AjP7Zfw8I0-BFiROAatHXA2Fb-l3kem8O64DgtPja1ZL-eKBSz3_hnyT_NHvoW6836NTPY_XUbrdnOOxRdCwpbcEpqeFX8tSphCOx1wTG-7u | https://vertexaisearch.cloud.google.com/grounding-api-redirect/AUZIYQF4GvT27Ci5IGKV--pf3GJd2iygX4I5Q0JiNNp1YRpjgwaTiHMmbQjK7wsV6tLY5tw5f-8FmKYEKPTveEJDQgDdCFPPaHd3THFLJIcmqCtpfRzb9IS-Onhc9MZtmgpXaw2UvO_Pum4yDL3hoYpbn-668EDkO-fFGJrRy1ex-m30yTwXyHZ_xsPPk1hvuhSnPKR7x_ZKHyD7JffFgl50LodfBLbTScBaUM6VNj-kK71bCUu3xlcBUQ== | https://vertexaisearch.cloud.google.com/grounding-api-redirect/AUZIYQFoO_vleO9Oz5NXuNXqhRRzaIfgdgjQBWwiGt3CdVDQNdo2XeQ-d-XHyFs_FV2GePSu-BpCQ6ZYobbrtiQgJgQR54432oVO4WI6-naMnrJOfphffHKFVyr4UcvrL9woCCS3kD8trv1NXHv3lRio | https://vertexaisearch.cloud.google.com/grounding-api-redirect/AUZIYQG5WzH5qnsG7PsV0GxAgPOB1UsJDdpU7c1rkHyEs_FPjqCgHAVlghn-S0Ik9dYDeG52FKvt_FnaDe_obEjcggfvdl2_MNyQ3WYXLQL5XtkrNDj-hWchkier,No matching business found under 'Bluewater Dock & Marine' in the 30A / South Walton area. Nearby/similar businesses include Bluewater Bay Marina in Niceville and BlueWater Marine & Construction Works in Bay County.,
Bayou Boat Dock Services |  |  | false | true,Bayou Boat Dock Services,,false,true,false,,,,,,,,,,,,,,,cannot_confirm,low,https://vertexaisearch.cloud.google.com/grounding-api-redirect/AUZIYQHtrjiipTSJr-z7wxYr-XWX_8ooXFWuxvZbNduPQNuyx0dwJvDNAvc74u4jcceguFXMoLOThy4zd0El0Ph-N7XHR75IsrEkkRs3Y2M_gQyK_o6q2UtK1AxiT3wRbz1t6wrNVX_d6Rhh6aYITcKqMBi5BT_g5tCLEyH6H_vdy9VJJA== | https://vertexaisearch.cloud.google.com/grounding-api-redirect/AUZIYQHXMVIDbOUwSImKqecyMnoX-WEV_2_b7kJDqk58qsGiz3AVLYmcQZyy6sGVC30GaAY_1LaY6rS3-nKnpiGM-It22NUGaBqvtyp57FIEn3M9AMwEPa29dd_OZW0_YobtRWnavWtrYWHYuW_3B7B8KsmP_5-ofteF8OsbLdNhg14xF2a2c6v0 | https://vertexaisearch.cloud.google.com/grounding-api-redirect/AUZIYQGJ5yb7hMpbQSJnU9XnaUBpHL6SHiAfjsyvK1r6mqi833TyqVu8TDKbXsHeHrwlq_UaMYlnaibX0VeNY2vu0k-k627ozdRH14gNsIAzaTnx53ED-rqLQ5i84EnQP2En39VBYrcUXceFgMaJ_1ml1j9qRrbfNwaEy3V1gZ7I9RpsCWntZA05nYoS2w==,No record of Bayou Boat Dock Services exists in Walton County or Florida business registries.,
Emerald Coast Dock Services |  |  | false | true,Emerald Coast Dock Services,,false,true,false,,,,,,,,,,,,,,,cannot_confirm,low,https://vertexaisearch.cloud.google.com/grounding-api-redirect/AUZIYQFMiq9fTq7Wd1UApuly2AwnfRJCw4S1KVjsTkWcx-5fmyeeD_Uk-GrKlEi1gnnlcjDUeBBa_7joF021qfxoqXPcIeXMhGEdmHpD8AhCzX0ztVuiI-k= | https://vertexaisearch.cloud.google.com/grounding-api-redirect/AUZIYQGeD9E2LqoE-d7D2n0uBJPQ-T4Jzc3I4H1mzhH_cK_Zl1l0hIqgoeCKvnMTLaQyCY9R-lipQTNQ6Lo8_PCmvV95pWJ3NLGyYtebDENG3eZe-xwkVIY= | https://vertexaisearch.cloud.google.com/grounding-api-redirect/AUZIYQE9MVd4qReIHpr6uggAPlLpPap5w2IaMS2Dq8F5ERYx7hSmdgYHoVQzWQdO00C6odD3qlWOFbZmzZ1NWBZX9_AGOolc-LP6iB8odVHIBLvoU3TyousbjJJDxqlMeKpg1gItIoJo1wSH404dmkGyM7yBh2HXYiRa0h8BWU4fLdcj-a8WCyqxFHY2DytXoUNwasyPDodwjG5iHVjYTbcUKJTnD16W1YXuwJ1X5z8QdxBUssjASGGYPVUumpxWgpSNiNw2a5uKeWpOjhaPOIV3FJxFlHhcorTKwvfbn0YNgS6o1UKzqxncxt0EbmVBxMJJaTGVmvZX3_o-3_NnsqDrJtCDC2MlF93_JJP3HqtyqBecgPRyRN6ptanG29aX3MtEWQ8KA_czRppl_lU3cAGXOqbvF-P5bczMhmz0eMTODooPPJ09Ep_96KX_-rfY6cXx6mPmEia0HS51Jtc=,No matching active business or corporate entity named Emerald Coast Dock Services could be verified in the 30A / South Walton area.,
Coastal Dock & Lift Services |  |  | false | true,Coastal Dock & Lift Services,,false,true,false,,,,,,,,,,,,,,,cannot_confirm,high,https://www.myfloridalicense.com | https://boatplanet.com/pro/coastal-dock-lift-services | https://vertexaisearch.cloud.google.com/grounding-api-redirect/AUZIYQFISI-IABquJqe8pVY9XX-jb2Hx69jwt7N7GLRakeDWWBNW99nT_IXrvCD_3HojgO7z2UOzXNaMCG1xfzLXBEns0bUJnnRt35HIQbjzTYvIGEyLGDgKAT-qntSutKiPyuFwrGXjnISoVQcYHiovr2UQDb_sWFWQOAWsJ-8lMGjZEKiVzw5x54N7dOVys2ymVqjwXqhXox0eOQHxKh1MJQF1tywsL7ajM4CXU6BqCzpImo2jIEf5xvLVasCLIaqdkvL_rfY= | https://vertexaisearch.cloud.google.com/grounding-api-redirect/AUZIYQFbgFQXgkHqWlBEOGvCD9vkprD5AJkxIzYYMvFfU6KSo2vHU3ZAC0V2vdYaruXjuAH-IfLzlSxKe2hznM1NTp0Ty_t-czil7UOky3qLAUUnnSE06V3fk2ipY_G3Nwaon-mfRYIkYv_QSeLoQ0f6j4VGvZQzhIziWM_Gg9UWhLR8IgSFYvayA5ZHCTX2xSF539c= | https://vertexaisearch.cloud.google.com/grounding-api-redirect/AUZIYQHyHAuEsjMWeP_z5TYik6YzQHDxTK3w9BpINuWsRt_JkDuo8IuRPwIS-hbd2oC0BtLmFKzeJtJdF2ZmyRIKaTcQqD9ow8U8-rNLtPdokw0z9VAtEjvfksZUYH7aponsng_IIpm9KEU= | https://vertexaisearch.cloud.google.com/grounding-api-redirect/AUZIYQGfBlNqk9kiSvW9hagJg_7HPA71SX3ZDQ-IxbOFfMLTtBl03Jh8dFx9aWa_Flibj5pVBLyiBzowiWbYV9B95F6C-BsCyqkj3FO_cdKN7gCR_UPioYSXBaBtMaVKtg== | https://vertexaisearch.cloud.google.com/grounding-api-redirect/AUZIYQG8adJQCuDbuE0cWFtXi4UqyUj0ttbUBNF9PEdtTcFanyWjAAnulZSYDezUR63IuqvQf-dtodgksq8S34aPtam00Kl5TPtPNuhpjs7a0dwpFWTS-vAuw_U7p5VYXgF_DSEDnMe69WnEkqXY_U8Vao5WL8lw-iw84KvE3GAcXj66rA== | https://vertexaisearch.cloud.google.com/grounding-api-redirect/AUZIYQFAEZtOQ3G8bduGE5vfl41YdHMkrAYHnB1B89XDsMwpZObEpqGZiJi-WOmaUkxGdsNZV4iMewrFxSMOdSzbkrvwCGNJ7Z0c444RdS0SMdkobpWxoG5LJb86gPQL2ShQQ2KoUcCY5bdvg_8b,No matching business found in the 30A / South Walton area. The real business named Coastal Dock & Lift Services LLC operates in Fort Myers / Lee County in Southwest Florida.,
Harbor Dock & Marine Services |  |  | false | true,Harbor Dock & Marine Services,,false,true,false,,,,,,,,,,,,,,,cannot_confirm,low,https://vertexaisearch.cloud.google.com/grounding-api-redirect/AUZIYQEeVItFEiq96QrvRjiaQhNE4bY3m5BSWE8_beJVHS4TDrCBiYMaCki4G3EzN2d5qDy-ZA7p-2r_T91Zb0bj57gh7YTBRJ1ncOc24TuHYPxUJsRs3-5NC93PwcOGokU= | https://vertexaisearch.cloud.google.com/grounding-api-redirect/AUZIYQEAya7HWdW2nkSIBaaqcRXjAx8kFHJnKR_BpzN5H-ujgknIO86aYk9s6x1xxhHP1DwrOeJDBcwSyAaLbuhjslVzF6vA3Esg0-T20YwuyiHVf2XTXcM=,No matching business named Harbor Dock & Marine Services was found operating in Walton County or along Highway 30A.,
The Local Shoppes at Seacrest Beach | Seacrest Beach |  | true | false,The Local Shoppes at Seacrest Beach,,true,false,false,Seacrest Beach,,,,,,,,,,,,,,cannot_confirm,low,https://vertexaisearch.cloud.google.com/grounding-api-redirect/AUZIYQGVb_uezQgYaLRDm1jxN7IPM97wDvpNOS_yPzX07wEvrCLGoe2Yd1TJHlxRDtPoIKuHoh7XGdI6z4OxyQnvp1vyKUGP5vSNu3cAIgIXZxpeWzt7E74ab0WgboVQLHhwl-g7ZYRAgOv8Ow== | https://vertexaisearch.cloud.google.com/grounding-api-redirect/AUZIYQFepasYs1uyIV8ey0tX16i5PJmVHI84lOy7_-yNoktFTWmUVLLP6_kIszCyWmpMYtfl4k3fegtq_DAqf5bKfIwvsGjOBlWC9sCeTdCLOrIj4vQQ5WJG0vpplXi2LyhOrHgZqiuoedok2w==,No matching business or shopping center named 'The Local Shoppes at Seacrest Beach' exists in the 30A / South Walton area. Commercial retail areas in Seacrest Beach are known under names like The Village of South Walton and Peddlers Pavilion.,
The 30A Store | Santa Rosa Beach |  | true | false,The 30A Store,,true,false,false,Seagrove Beach,Santa Rosa Beach / Greater 30A,Coastal Apparel,apparel | souvenirs | gifts | accessories | jewelry | banking,"The 30A Store offers official branded apparel, recycled shirts, beach gear, hats, and coastal accessories inspired by South Walton living.","The 30A Store is the official retail hub for the iconic coastal brand, offering eco-friendly apparel made from recycled plastic water bottles, beach accessories, drinkware, hats, and coastal souvenirs. Designed to celebrate life along Florida's Scenic Highway 30A, the flagship store provides a relaxed atmosphere to browse genuine local merchandise and lifestyle gifts.",The 30A Store | Official Apparel & Beach Gear,"Shop official 30A gear, eco-friendly apparel, coastal hats, and lifestyle merchandise at The 30A Store in Seagrove Beach, Florida.","the 30a store, 30a gear, 30a shirts, 30a apparel seagrove, south walton souvenirs","5311 E County Hwy 30A, Unit 1, Santa Rosa Beach, FL 32459",(850) 660-9757,https://30agear.com/,,,exists,high,https://30agear.com | https://30a.com/locations/ | https://www.visitsouthwalton.com/listing/the-30a-store-gulf-place/ | https://vertexaisearch.cloud.google.com/grounding-api-redirect/AUZIYQFBRVvTJzc-xZVbCm9quz4WDlaVWmW4-MdNVjqQW15H_3Z-hNU3bgJPlQARoOxE0tgNLTbKDwN8EFb0E_sJ4A-Jukv-mqe3A2JIGkYCkj8M2xlaTjcsYkSo | https://vertexaisearch.cloud.google.com/grounding-api-redirect/AUZIYQENHH9hMwUODg6QNKpu945e1Ig5_V7QzBc5TD-QN67Wntuv03B8PBSFtwD-LgaKFqYIoBTlKmGGKDnUUU4D_RAGCBYfm74YDlSvpXfgVU8EQlDF37-ySe733UU= | https://vertexaisearch.cloud.google.com/grounding-api-redirect/AUZIYQHxYWitzl8ipVLVNmU8TubMbMltgdEwgpkAdB8_Z7IgAWUoUkB86efkH-s0-qga5qjjpniRilwBkq4nxg6yMCuWQ0nJY9b6mV9nrOH7ZbgHZrHp56Z2ckAoGw== | https://vertexaisearch.cloud.google.com/grounding-api-redirect/AUZIYQFEKcfECXWLdksk5vM817R9xs3JZHvm_JzInvifJlu6wKpQevT-3Ne3YPOFuR8ffSxSgNOzB1ZHUWPbdLFQSZdjDFL4Gr77uiRUs9J9FVO7m-_F0J-x_pCjgAFEuKizBEOewHr9YMx71E8dfHndIDVxE2bPAiS06A==,Flagship retail location operating in Seagrove Beach (Santa Rosa Beach).,clothing | beach gear | gifts | souvenirs | coastal apparel | accessories | lifestyle retail
Seaside Mercantile | Seaside |  | true | false,Mercantile,,true,false,false,Seaside,Seaside Town Square,Boutiques & Apparel,apparel | gifts | jewelry | footwear,"Mercantile in Seaside offers American-made, eco-friendly apparel, jewelry, accessories, and gifts for men and women.","Located directly on Seaside's Central Square, Mercantile is a welcoming coastal boutique specializing in American-made, earth-friendly, and cause-related goods. The shop curates a relaxed collection of clothing, footwear, jewelry, and lifestyle gifts for men and women with an emphasis on timeless quality and community giving.","Mercantile | Boutique Clothing & Gifts in Seaside, FL","Explore Mercantile in Seaside, FL on 30A for American-made, eco-friendly apparel, shoes, jewelry, and gifts for men and women.","Mercantile Seaside, Seaside Mercantile, boutique Seaside FL, 30A clothing stores, shopping Central Square Seaside","35 Central Square, Santa Rosa Beach, FL 32459",(850) 213-0010,https://www.ishop30a.com/,,,exists,high,https://seasidefl.com/retail/mercantile/ | https://www.visitsouthwalton.com/listing/mercantile/ | https://discover30a.com/seaside/shopping/mercantile/ | https://vertexaisearch.cloud.google.com/grounding-api-redirect/AUZIYQHIpwWYMwnL_1sbrIRAlLhD4oIItT5n6NxZXduYFYMA9SQo7vgJCQ6T05Ekz09eDSBUB_5Ua5fE4x2V8FOXsxwUG_cMb_t9MZhsQscqTinXkVi8tMS-D-OuL2IbrsqYNvAnAEFc9_I= | https://vertexaisearch.cloud.google.com/grounding-api-redirect/AUZIYQG0u32JOV7GFAHBe3F6MTn_vvwm2a94nvKwTHf9Q78_x5VbxZeZXfgvdjr9tyQxFVXIGw5YO2py5rnzCi9IbOWr6H8FRJvTGdwnZOoUtqxMUEWcqrqNR8Gt1Lfpx65dhP4= | https://vertexaisearch.cloud.google.com/grounding-api-redirect/AUZIYQGJLLF72IHpQ5hQiampWwFO6xCqBpfOozDpmbvPE7q30ynrp8JZWkjw0LPS7sFa9Zzk9RYdclgk5B6jogiXvqTb7uPsV0aVPNAJbALtlO-hYJa6n4yN4mbAkfuKmnu4Vw==,Commonly listed simply as Mercantile in the official Seaside directory and local 30A guides.,boutique | women's clothing | men's clothing | coastal apparel | gifts | jewelry | eco friendly | american made | shoes | shopping
The Market Shops at WaterColor | WaterColor |  | true | false,The Market Shops at WaterColor,,true,false,false,Watercolor,,,,,,,,,,,,,,cannot_confirm,high,https://www.visitsouthwalton.com/listing/the-market-shops/ | https://sowal.com/place/the-market-shops | https://vertexaisearch.cloud.google.com/grounding-api-redirect/AUZIYQFySYK4umv_8L6hNSFn84lt8foW70CwUMcBA-15TsABYj4aRY0HQN8DTUUG5RmkAHPjIRwPrE-UNoSmh8IdzmR6qV3mrMVgYpqBvjBX-MzI-jnz9n3kRWkIJ7X4X5q3ExiM | https://vertexaisearch.cloud.google.com/grounding-api-redirect/AUZIYQEPEPD37NHclO5adzJDpDwPxEF10W83B9wBmcKweZlFfKt2IjRWdlQfUwl-NW6bB5MEy-70US3S7CHB3z8Opqqimb0KkqRaVXSRaeWaHTUMcmqy5WwNZ_nH0R28pVXF5BuqC0_7zao-icp8XpRRUpUp | https://vertexaisearch.cloud.google.com/grounding-api-redirect/AUZIYQFnFQhS_tyGl0q9l-T_KonR9ncNbGbt7zOedx0FYHrzqAR_JNqF2imax6QPbMZRUdwwT-cqc1BrWX_eCh07b6WZrP5Hb_OXxYY4Y8prfFP3o61gd_bupeSxvoXFvYrDis2N3cGTuAwp_03ZTstVXl0pzS0= | https://vertexaisearch.cloud.google.com/grounding-api-redirect/AUZIYQEqRaFbNaag1xyptAVCXAXR25RVUPzKe3casVohVFEQNyuwKVaCf9K8mTwvDelS7fktXVT2381ofEFI6IAd4zCPnt6WEtCeQGXhTxr6oS61e6f99LXxA26vJaFbdQx2hetp6C0= | https://vertexaisearch.cloud.google.com/grounding-api-redirect/AUZIYQEK4LF7Y9VWIfWyumgz81NFNLVE1M3TuB88cETmsLZ9PrbVl4UGSzBXAaFzfM2UEFiqaJc80Az5Bw3oMg4G0JNk6KntYxM0dxvYJ1uHNiiKHFxizZ8FtRu_BE1TWDnnxZRYbERP,No establishment named 'The Market Shops at WaterColor' exists in WaterColor. The well-known shopping center 'The Market Shops' is located at 9375 Emerald Coast Pkwy in Miramar Beach at the entrance to Sandestin.,
Grayton Beach Trading Company | Grayton Beach |  | true | false,Grayton Beach Trading Company,,true,false,false,Grayton Beach,,Coastal Apparel,apparel | hats | souvenirs | jewelry | beachwear,"Grayton Beach Trading Company offers coastal apparel, trucker hats, stickers, and suncare products inspired by the laid-back spirit of Grayton Beach.","Grayton Beach Trading Company captures the laid-back, vintage charm of Grayton Beach through a curated collection of branded coastal merchandise. Offering comfortable tees, custom trucker hats, stickers, and sun protection goods, the brand celebrates the local 30A beach culture. Products are available through their online shop and select local retail partners.","Grayton Beach Trading Company | Grayton Beach, FL","Shop coastal tees, trucker hats, stickers, and sun care inspired by the 30A lifestyle from Grayton Beach Trading Company.","Grayton Beach Trading Company, Grayton Beach apparel, 30A hats, coastal t-shirts, Grayton Beach gifts",,,https://graytonbeachtradingcompany.com/,,,exists,high,https://graytonbeachtradingcompany.com | https://shop.app/m/grayton-beach-trading-company | https://vertexaisearch.cloud.google.com/grounding-api-redirect/AUZIYQGQDpiAwY0SK1d8eiGU1o3cr5rFIXOJ_f5AOHQkU4N2ebWLWA5YRI4-HPAI7cAjGzsk1xtvqjIXGDL02tnpOjwuUw7YyPUIxYtHDsAucC35vdc85Tyt3qwdmrG3BA== | https://vertexaisearch.cloud.google.com/grounding-api-redirect/AUZIYQGIAnPI3MRmAoyxZ8N-5zJvyYWoSnvQIzGiEMcqIEU8en2fKkfaGUkoC-p56JQUo4KfJbajwhQVVd1iqo_o8pfz-oUsSDE6mNLDc4nnODX-JOEU3sBN0YcA1T6S-7SXtkMnkFbdFdnCuAEBNYp2HZdXk3kVltwd0lhzGA== | https://vertexaisearch.cloud.google.com/grounding-api-redirect/AUZIYQFHDVd6I3KbcqMmkm2GIAzu_Ee-Mpy-t7M7oBGLMUCSPCgnYGw-l7IRZ-5ZnE_hukFkbxrr3sa2Y1AuZ8EnZQAL5OiAzV86UEHUjPBzC-e1F7PAFnS1nD5GZPqQbRki2mL4-vng-03VyLDPaPLCnhxURgjC0vvPNwl-rv1YC2rAjYuD1F-TVOddKM7o2EnjWK2n2q2HnQq0YN7sru5cql2QoMZ5Vf4=,Operates primarily as an e-commerce brand with local retail distribution in Grayton Beach rather than an independent storefront.,coastal apparel | hats | t-shirts | stickers | sun care | beach lifestyle | souvenirs
The Blue Mountain Beach Market | Blue Mountain Beach |  | true | false,The Blue Mountain Beach Market,,true,false,false,Blue Mountain Beach,,,,,,,,,,,,,,cannot_confirm,low,https://vertexaisearch.cloud.google.com/grounding-api-redirect/AUZIYQF2YTwWdgN58LRB3EO_Rvh51fIG-bRY0-8yQN3WqezMibk1nIcZ6nsNiYmjJNn-li2fKp-Gf-Oy-OYgFY4hM1QsfSntohXXYdYR149cdLBG-U7Yew== | https://vertexaisearch.cloud.google.com/grounding-api-redirect/AUZIYQFDiPSRYJoJMdxV2HikF2yujDtHJk6KFumakw_CKOyA4MPudOVsQ1dG1fPpC0cbz9RQYr_J4Q4TmNEjzVU7KdJgrQuv0AhbC_X6e2C57RbYdXsRr0gW21fHCyB0iLOxNkr5uHrUBeT_rGjuzSWaTzdaxMiY42b20Q== | https://vertexaisearch.cloud.google.com/grounding-api-redirect/AUZIYQFKqwxbqK3P_rALJPLvWd6dpEcPcpab-YwzEyKLupejGvvj0XpDVc1LiQ8w3gg10cdAQQ-uR-OMSj-zHIhmydeB6WlJEUrRDUuQmZMMtABnZYwc-KZF4NzJNjxTwRw__sW7YfQO_CUMhVI6g9XnnOpygK3SC-Lgmw== | https://vertexaisearch.cloud.google.com/grounding-api-redirect/AUZIYQGx3cgf5d_p9x8R8giVMmRMb3z5p0JZvqk_Y9VXiJfYhJYtE67YaKhsj_32-C88_XjA1u0aztyiKaUl4qD5VrdZsCiN8S9RewOXn69P_GTInGbFv0GwdLc-QhnRU3OYTavmP9ez8RB11H_PeAJfO8C31Pzq355Qcun1UVs3ZBvo6QXReh74_SrSdg== | https://vertexaisearch.cloud.google.com/grounding-api-redirect/AUZIYQGv7aZsHkINkp53Ejnc-P-VQGPE0j0mSCjc_ppHkKrqys_SKcQW0ZXjTqWMNPOtany5ZsTC3izqFm7RLM7XHjkqUm1arcBfE_3LaAa4LUJlASifaKTk8uWUj5JAIDY8IWLvkxl1WX---0wXQp2Cyw== | https://vertexaisearch.cloud.google.com/grounding-api-redirect/AUZIYQGNbTU55yhNSl6xMgaW8W4fTFrboMJQ_Lz853i3cFDVClDJi1sOt5_THUhSCpF7_WEP_vafFjuX3invSOYx29OVpIvzfW_8RfoBDXrph3oHQjihLeytBQQa5qC12Q027mbOurABSA== | https://vertexaisearch.cloud.google.com/grounding-api-redirect/AUZIYQGpQwkEfrKUgmC0fvdhmC4epNJDWYrCQNw5KDLY5NnsxMEHxQGhfwFnW6RTJ7Q95TbNgpTiH6juQLqnvma0-fDkf1xYpJhkm-4DsNBpwwTKuLgU852TxC6ZCpCZ,No matching commercial business named 'The Blue Mountain Beach Market' exists in Blue Mountain Beach or the surrounding 30A area. Results with this phrase correspond strictly to residential real estate market trends.,
Alys Beach Mercantile | Alys Beach |  | true | false,Alys Beach Mercantile,,true,false,false,Alys Beach,,,,,,,,,,,,,,cannot_confirm,low,https://alysbeach.com/merchants/ | https://www.visitsouthwalton.com/ | https://vertexaisearch.cloud.google.com/grounding-api-redirect/AUZIYQG98y1ZDcChfCvj6xlR8dhnpFkIEU5WZqfGD6NJfT07GW4ho6QxWek-OAFuD5H9SqxRmPn5MjC2S3Cr3hV-rMe_JwRDJLkYus1Lv-75aCiyRzsE3E5ga_nAY1eTEDN_D8iMw1-EdtRJJ5u8 | https://vertexaisearch.cloud.google.com/grounding-api-redirect/AUZIYQGvRFulioCIejSQ0gCrm2GvygYAHELzZKpwRuztqNDZIvg8RuzinrEQwFP-Hn1QCqIIr7J0sOXmY-EdbJiyTK9-PcITWOdH-7_roL3zWZoGZLejwWX_8g== | https://vertexaisearch.cloud.google.com/grounding-api-redirect/AUZIYQHka8r7t3RNXCyS8x-vpPMImyBW9YyPjrohrB0CGQ2tIyjcCwYZG4Mud1IpL1Hf-YLxoWzEHYigRUYKdattF4M1pJEi0gUDabe7x-VspzkiX1ebIaM9dxKUmzAwTkrMDpy-9bthhhnXfjQg0_aH | https://vertexaisearch.cloud.google.com/grounding-api-redirect/AUZIYQHIm7Q7S8DPsh4Pexiq_kuor9rDcNgRPeqGqyVQGqsgv_eQCOsckPA_ZGsPDyvtIuP-LG5EFhVpHmiHTHReVbsWsjEltTu-szOQsPQhn33HZpYEpcWk6aobHCYAW_Eca9LwI20p | https://vertexaisearch.cloud.google.com/grounding-api-redirect/AUZIYQFG0MuULpZQFIQNdPgM_g3tXqxCILCBUW500t5Fx-9iruLPAgIrU6Bok2IavIyKsqksusBZrj0VsVQo4_yva-yLZYG9bKI6z6dP8jW34onHQAEbQuCNQ-_U8WS-nEIEedJ36p89lw2Ezq3gnvisP4-kebBfWA==,"No record exists of a business named Alys Beach Mercantile. This appears to be an invented business or confusion with Mercantile in Seaside, FL or Alys Shoppe in Alys Beach.",
Seagrove Village Market | Seagrove Beach |  | true | false,Seagrove Village Market,,true,false,false,Seagrove Beach,,Restaurants,seafood | burgers | casual_dining | outdoor_seating | family_friendly | lunch | dinner | sandwiches,"Historic 30A casual cafe and market founded in 1949, famous for grouper sandwiches, burgers, fried seafood baskets, and souvenirs.","Operating since 1949, Seagrove Village Market is a beloved South Walton tradition. Known for classic beach fare, the cafe serves its famous grouper sandwiches, seafood baskets, burgers, po'boys, and homemade key lime pie. Guests can dine inside or out on the open patio, order takeout, and browse the front market for classic Seagrove apparel and souvenirs.","Seagrove Village Market | Seagrove Beach, FL","Visit Seagrove Village Market in Seagrove Beach, FL. Serving legendary grouper po'boys, burgers, fried seafood baskets, and souvenirs since 1949.","Seagrove Village Market, Seagrove Village Market Cafe, Seagrove Beach restaurants, 30A grouper sandwich, seafood Seagrove, 30A burgers","2976 S County Hwy 395, Santa Rosa Beach, FL 32459",(850) 231-5736,https://seagrovevillagemarket.com/,,,exists,high,https://seagrovevillagemarket.com/ | https://30a.com/seagrove-village-market-cafe/ | https://www.visitsouthwalton.com/listing/seagrove-village-market-cafe/ | https://www.visitflorida.com/listing/seagrove-village-market-cafe/25916/ | https://vertexaisearch.cloud.google.com/grounding-api-redirect/AUZIYQH0NJt0d7A-rWarYX0p3d2MKzXIkQcKe2Q2DpegYKOvEfl9XvH3VDI5wuZK_mNMVF7wZVfDgz2zuwDiXFohlB49cskm70VvQrlabljqJMGe0jkXS6QfHLHw | https://vertexaisearch.cloud.google.com/grounding-api-redirect/AUZIYQFa7igHSB5TtIyYX6agoxtCBNIQ069lIPt1riZ_ZnZjf-br1u95ryRb6FZ-h3G1BdnMZTTvxIYNxoIU5kQuZXigCOUza3u1FqrFJjlygv3HOKkD2Jg0tf-lFYNYJ--DgFB2oWN4TjIGUEY6SB19tO7Sf5l4XoSvKawp9q4uDNqSwt927M6t | https://vertexaisearch.cloud.google.com/grounding-api-redirect/AUZIYQHkgwWqfANsdnDw9b-GbKpqWhbIH0w2l5AEn-OLFUISEZSHyui695yDmatWnI4Ow7r8ffZ8_7A-o-ny1jticRhqtFgawrJpdRzGuW6SkBKeEZ7WOkY40HzFigqbMWzaAx_F7T07vDi96jaSW9me6mokSvxwEHLeJdvTp5Zf | https://vertexaisearch.cloud.google.com/grounding-api-redirect/AUZIYQEhp6qWM60n72rXiQQ_-nd-jDfmfsfS7G5pP5XDR_0skcdjzUBpB-KPsk6fSa3v9gxav81NevQ0UzbP6eLGi4Dd73qbndEiRQkmY-djqJpLFRWgaM0m9ruMGT1yJcXWx2f8mLK_aHimkNycoaei | https://vertexaisearch.cloud.google.com/grounding-api-redirect/AUZIYQFiwUThQpIOtq3gIR3A95WdTzeGzzcyqk5wz_5ZePyPZhLzyF5GY8u0Zvh7XHahU38_F3kTnTJ1be0cMU6RZfRDbm1X28cSsDmdup4ZnOR9MoUssur4MUMvTyFcJ_N-iIxT8FQudjcXy5cQhLsDY_6b0RkmMgbiHmFc2kHHca4=,,seafood | grouper sandwich | burgers | po boys | casual dining | outdoor seating | souvenirs | family friendly | lunch | dinner
The Red Bar Gift Shop | Grayton Beach |  | true | false,The Red Bar Gift Shop,,true,false,false,Grayton Beach,,Coastal Gifts,apparel | souvenirs | hats | jewelry | gifts,"Official merchandise outpost of the iconic Red Bar in Grayton Beach, featuring classic branded apparel, hats, and beach accessories.","The Red Bar Gift Shop offers visitors and longtime fans official merchandise from Grayton Beach's most legendary landmark. Located right inside the venue on Hotz Avenue and online, the store carries signature Red Bar graphic t-shirts, sweatshirts, hats, drinkware, beach koozies, and classic stickers. It is the go-to spot to pick up an authentic keepsake from your time on 30A.","The Red Bar Gift Shop | Grayton Beach, FL","Shop official Red Bar shirts, hats, stickers, and souvenirs in Grayton Beach, Florida, or order authentic Red Bar gear online.","The Red Bar Gift Shop Grayton Beach, Red Bar Gear 30A, Red Bar merchandise, Grayton Beach souvenirs","70 Hotz Ave, Santa Rosa Beach, FL 32459",(850) 231-1008,https://redbargear.com/,,,exists,high,https://redbargear.com | https://theredbar.com | https://www.visitsouthwalton.com/listing/the-red-bar/ | https://vertexaisearch.cloud.google.com/grounding-api-redirect/AUZIYQFRq8TiKW2cd-7JKZc6kqxLBKSGbDowLQZJunf4J4bsGJDT8V3xUqyliWU_mO3DDQ2QDBQv8b1COMcTCY7-cYShJ2TQQ-6j-v3psaTXh9Gn1dZLPnzDZA1U1-KagN0cRzpVqPLtcrUaIcgFWQ== | https://vertexaisearch.cloud.google.com/grounding-api-redirect/AUZIYQHNX4763FXw2ybpJ_MFZ-8_yaAr3fi_NY1p77f7QvCxTffx4r6GOk1uIwXXNKxLkZ7KGtOXk_IXngCyHmcAOOsmBesEVEsgmUaAj0MEqsAx7_TqUSATzp_xmTlR | https://vertexaisearch.cloud.google.com/grounding-api-redirect/AUZIYQFbE-WxOgRuXTMvxkaM3TtoZfspiGIuSLbZOSDR8L8CDCmPilrechzAQtTVMOYCOYN5SaxV2ZcWJ5NjDz1NlHLEWDHdxNbXh5lfuKKbLZGNTw==,Operates inside The Red Bar on Hotz Avenue and online at RedBarGear.com.,gift shop | apparel | souvenirs | t-shirts | hats | beach gear | grayton beach | local gifts
The Artisan Market at Gulf Place | Gulf Place |  | true | false,The Artisan Market at Gulf Place,,true,false,false,Gulf Place,,,,,,,,,,,,,,closed,high,https://30a.com/artists-at-gulf-place/ | https://sowal.com/forum/threads/major-changes-at-gulf-place.106690/ | https://www.visitsouthwalton.com/listing/artists-at-gulf-place/ | https://vertexaisearch.cloud.google.com/grounding-api-redirect/AUZIYQEaFeErfCgirgCpQUVblGuIO3TgrH1jDFNdDD1DT0tDsK9kb6S4Jkh1r8aWPg8gFV8nyCur_p9aKGQkrYad05-1ZdewO7iknRKkELcmIPFcBFR_4TcLyouD | https://vertexaisearch.cloud.google.com/grounding-api-redirect/AUZIYQFs3ga96Vt8fpM_fB1cPG68lRIrh1GbaPziRYRQv_HsB9h-DkBzwSrxLO2USP3dLnxQhVpCS12sCl9usV0YG7o8ZJ8LCklwUh2VcM_07A9Nk0n5Md0cyzx-1uHBI0f4vHOZehXS | https://vertexaisearch.cloud.google.com/grounding-api-redirect/AUZIYQFSd0nfrE5T4p5FNyYy27r-rjg2pdGEQg78rVexf5vEYGPYHc6cDhvv5M_6iZDwNfCC28FUWykfEDm_RWAXVa6WvMyt46OS9AxqIzpaG0j6LLYLR5OVogkZdAsiEY0hq0Zao76oOfU039NMV0gidgr5RyzvEGC5qg7Int5g6TqEebZhiwbdlBt8A0ivMGmbQjnw2XZ_zXZ1IWxsWMXTe6BiJ-YCiWAt1pJP | https://vertexaisearch.cloud.google.com/grounding-api-redirect/AUZIYQGJG1GFrBcJgtj3iIae6bBl5xdT63H2dyGKFMicySGg3POY1GMkX0guxlnUWKjqeHxCMAMSvaRrbhJeP4snE7B3Zp-9ioUJI3wcOHgJ7LGniiSpQ4JsG2yIWnPIRNgtTdRlVipxdA== | https://vertexaisearch.cloud.google.com/grounding-api-redirect/AUZIYQFluX1otBVQMhhf7Kd-5cskJzYFumGexI_Y00KE-_21svpICHvWgGbzizu1GPHDm48PrlV9pzkdv2FjlI6FZ2oR8Erj5Kme93ZhPAx5UlqvUDqEp4RVSaHBjEOkxcuUlceG8Oo49nYRsVRmJfFHit2D2ElIjYqpPk0= | https://vertexaisearch.cloud.google.com/grounding-api-redirect/AUZIYQGMZuM03YEXwYQ-rFdaaPB1pZlZRm5SAcls2YRIR6C6eAZ9ius9pgDzv7HXtpYmO2691u0JQIuJ82GAktfibplbIZmPQ5VgjKST56Up84E7uYIA4RuRrqeZfxBTZcNcvHNgdc3ZNuJdkqHNJrsW3kZiIUEyfUEh9ds= | https://vertexaisearch.cloud.google.com/grounding-api-redirect/AUZIYQHDnAHBslQCvkiLVhelNpFeXGchbB6UFU9frvKBdVtb5yBKDRkbKKICzWT1CHOJO4XFHs40j2JlsQ0A5fiM726Lnppqpk5PVgLb55tn4xdtUol31FZHlUF11ZvC_UJ8IrLb4_azvHSw337srqczG7MJDQ==,"No standalone business called 'The Artisan Market at Gulf Place' exists. The listing refers to 'The Artists at Gulf Place' (40 Town Center Loop), which permanently shut down its kiosks in September 2024.",
30A Online Boutique |  |  | false | true,30A Online Boutique,,false,true,false,,,,,,,,,,,,,,,cannot_confirm,low,https://vertexaisearch.cloud.google.com/grounding-api-redirect/AUZIYQFe_K3-LFJ32hozdYJbn7yB5LlsI4sJaniTnox8mjiHoNabESj5jXZzl32miI9XyV2ivQtWbUOMNhSq8D4xTxwZ1N8fzexKo6hBew== | https://vertexaisearch.cloud.google.com/grounding-api-redirect/AUZIYQHKEOmDNMEx8gMTcnrlcxIjES3edCnxXJ6asNwbMJDsVnAiAaRPAVY5Z2sEOq7a4Yq1U96TnBvhdzxuRwQqRllLW2pA_zkVGzi2ktwcyLzmV4vQE8y_5NF27KKbHmC-dHx_BjfRCo_TeVEKVgIuf-tuNw==,"No verifiable business listing, active web presence, or Florida business entity filing found for 30A Online Boutique.",
Coastal E-commerce Solutions |  |  | false | true,Coastal E-commerce Solutions,,false,true,false,,,,,,,,,,,,,,,error,,,Your project has exceeded its monthly spending cap. Please go to AI Studio at https://ai.studio/spend to manage your project spend cap. Learn more at https://ai.google.dev/gemini-api/docs/billing#project-spend-caps. ,
South Walton Web Retail Services |  |  | false | true,South Walton Web Retail Services,,false,true,false,,,,,,,,,,,,,,,error,,,Your project has exceeded its monthly spending cap. Please go to AI Studio at https://ai.studio/spend to manage your project spend cap. Learn more at https://ai.google.dev/gemini-api/docs/billing#project-spend-caps. ,
Emerald Coast E-commerce Consulting |  |  | false | true,Emerald Coast E-commerce Consulting,,false,true,false,,,,,,,,,,,,,,,error,,,Your project has exceeded its monthly spending cap. Please go to AI Studio at https://ai.studio/spend to manage your project spend cap. Learn more at https://ai.google.dev/gemini-api/docs/billing#project-spend-caps. ,
Destin Digital Retail Services |  |  | false | true,Destin Digital Retail Services,,false,true,false,,,,,,,,,,,,,,,error,,,Your project has exceeded its monthly spending cap. Please go to AI Studio at https://ai.studio/spend to manage your project spend cap. Learn more at https://ai.google.dev/gemini-api/docs/billing#project-spend-caps. ,
30A Kids | Seaside |  | true | false,30A Kids,,true,false,false,Seaside,,,,,,,,,,,,,,error,,,Your project has exceeded its monthly spending cap. Please go to AI Studio at https://ai.studio/spend to manage your project spend cap. Learn more at https://ai.google.dev/gemini-api/docs/billing#project-spend-caps. ,
The Art Cellar | Seaside |  | true | false,The Art Cellar,,true,false,false,Seaside,,,,,,,,,,,,,,error,,,Your project has exceeded its monthly spending cap. Please go to AI Studio at https://ai.studio/spend to manage your project spend cap. Learn more at https://ai.google.dev/gemini-api/docs/billing#project-spend-caps. ,
The Children's School of South Walton | Santa Rosa Beach |  | true | false,The Children's School of South Walton,,true,false,false,Santa Rosa Beach,,,,,,,,,,,,,,error,,,Your project has exceeded its monthly spending cap. Please go to AI Studio at https://ai.studio/spend to manage your project spend cap. Learn more at https://ai.google.dev/gemini-api/docs/billing#project-spend-caps. ,
30A Tutoring |  |  | false | true,30A Tutoring,,false,true,false,,,,,,,,,,,,,,,error,,,Your project has exceeded its monthly spending cap. Please go to AI Studio at https://ai.studio/spend to manage your project spend cap. Learn more at https://ai.google.dev/gemini-api/docs/billing#project-spend-caps. ,
South Walton Dance Academy | Santa Rosa Beach |  | true | false,South Walton Dance Academy,,true,false,false,Santa Rosa Beach,,,,,,,,,,,,,,error,,,Your project has exceeded its monthly spending cap. Please go to AI Studio at https://ai.studio/spend to manage your project spend cap. Learn more at https://ai.google.dev/gemini-api/docs/billing#project-spend-caps. ,
Destin Music Academy |  |  | false | true,Destin Music Academy,,false,true,false,,,,,,,,,,,,,,,error,,,Your project has exceeded its monthly spending cap. Please go to AI Studio at https://ai.studio/spend to manage your project spend cap. Learn more at https://ai.google.dev/gemini-api/docs/billing#project-spend-caps. ,
The Little Gym of Destin |  |  | false | true,The Little Gym of Destin,,false,true,false,,,,,,,,,,,,,,,error,,,Your project has exceeded its monthly spending cap. Please go to AI Studio at https://ai.studio/spend to manage your project spend cap. Learn more at https://ai.google.dev/gemini-api/docs/billing#project-spend-caps. ,
South Walton Homeschool Co-op |  |  | false | true,South Walton Homeschool Co-op,,false,true,false,,,,,,,,,,,,,,,error,,,Your project has exceeded its monthly spending cap. Please go to AI Studio at https://ai.studio/spend to manage your project spend cap. Learn more at https://ai.google.dev/gemini-api/docs/billing#project-spend-caps. ,
30A Music Academy |  |  | false | true,30A Music Academy,,false,true,false,,,,,,,,,,,,,,,error,,,Your project has exceeded its monthly spending cap. Please go to AI Studio at https://ai.studio/spend to manage your project spend cap. Learn more at https://ai.google.dev/gemini-api/docs/billing#project-spend-caps. ,
Destin Speech Therapy |  |  | false | true,Destin Speech Therapy,,false,true,false,,,,,,,,,,,,,,,error,,,Your project has exceeded its monthly spending cap. Please go to AI Studio at https://ai.studio/spend to manage your project spend cap. Learn more at https://ai.google.dev/gemini-api/docs/billing#project-spend-caps. ,
South Walton Literacy Council |  |  | false | true,South Walton Literacy Council,,false,true,false,,,,,,,,,,,,,,,error,,,Your project has exceeded its monthly spending cap. Please go to AI Studio at https://ai.studio/spend to manage your project spend cap. Learn more at https://ai.google.dev/gemini-api/docs/billing#project-spend-caps. ,
The Art Loft at Gulf Place | Santa Rosa Beach |  | true | false,The Art Loft at Gulf Place,,true,false,false,Santa Rosa Beach,,,,,,,,,,,,,,error,,,Your project has exceeded its monthly spending cap. Please go to AI Studio at https://ai.studio/spend to manage your project spend cap. Learn more at https://ai.google.dev/gemini-api/docs/billing#project-spend-caps. ,
South Walton Electric | Santa Rosa Beach |  | true | true,South Walton Electric,,true,true,false,Santa Rosa Beach,,,,,,,,,,,,,,error,,,Your project has exceeded its monthly spending cap. Please go to AI Studio at https://ai.studio/spend to manage your project spend cap. Learn more at https://ai.google.dev/gemini-api/docs/billing#project-spend-caps. ,
Coastal Electric of NW Florida |  |  | false | true,Coastal Electric of NW Florida,,false,true,false,,,,,,,,,,,,,,,error,,,Your project has exceeded its monthly spending cap. Please go to AI Studio at https://ai.studio/spend to manage your project spend cap. Learn more at https://ai.google.dev/gemini-api/docs/billing#project-spend-caps. ,
Bay Electric |  |  | false | true,Bay Electric,,false,true,false,,,,,,,,,,,,,,,error,,,Your project has exceeded its monthly spending cap. Please go to AI Studio at https://ai.studio/spend to manage your project spend cap. Learn more at https://ai.google.dev/gemini-api/docs/billing#project-spend-caps. ,
Destin Electrical Services |  |  | false | true,Destin Electrical Services,,false,true,false,,,,,,,,,,,,,,,error,,,Your project has exceeded its monthly spending cap. Please go to AI Studio at https://ai.studio/spend to manage your project spend cap. Learn more at https://ai.google.dev/gemini-api/docs/billing#project-spend-caps. ,
Alys Beach Electric |  |  | false | true,Alys Beach Electric,,false,true,false,,,,,,,,,,,,,,,error,,,Your project has exceeded its monthly spending cap. Please go to AI Studio at https://ai.studio/spend to manage your project spend cap. Learn more at https://ai.google.dev/gemini-api/docs/billing#project-spend-caps. ,
Emerald Coast Electric |  |  | false | true,Emerald Coast Electric,,false,true,false,,,,,,,,,,,,,,,error,,,Your project has exceeded its monthly spending cap. Please go to AI Studio at https://ai.studio/spend to manage your project spend cap. Learn more at https://ai.google.dev/gemini-api/docs/billing#project-spend-caps. ,
Seaside Electric | Seaside |  | true | true,Seaside Electric,,true,true,false,Seaside,,,,,,,,,,,,,,error,,,Your project has exceeded its monthly spending cap. Please go to AI Studio at https://ai.studio/spend to manage your project spend cap. Learn more at https://ai.google.dev/gemini-api/docs/billing#project-spend-caps. ,
Beach Electric |  |  | false | true,Beach Electric,,false,true,false,,,,,,,,,,,,,,,error,,,Your project has exceeded its monthly spending cap. Please go to AI Studio at https://ai.studio/spend to manage your project spend cap. Learn more at https://ai.google.dev/gemini-api/docs/billing#project-spend-caps. ,
Gulf Coast Electric |  |  | false | true,Gulf Coast Electric,,false,true,false,,,,,,,,,,,,,,,error,,,Your project has exceeded its monthly spending cap. Please go to AI Studio at https://ai.studio/spend to manage your project spend cap. Learn more at https://ai.google.dev/gemini-api/docs/billing#project-spend-caps. ,
McKenzie Electric |  |  | false | true,McKenzie Electric,,false,true,false,,,,,,,,,,,,,,,error,,,Your project has exceeded its monthly spending cap. Please go to AI Studio at https://ai.studio/spend to manage your project spend cap. Learn more at https://ai.google.dev/gemini-api/docs/billing#project-spend-caps. ,
All Phase Electric |  |  | false | true,All Phase Electric,,false,true,false,,,,,,,,,,,,,,,error,,,Your project has exceeded its monthly spending cap. Please go to AI Studio at https://ai.studio/spend to manage your project spend cap. Learn more at https://ai.google.dev/gemini-api/docs/billing#project-spend-caps. ,
Sunshine Electric |  |  | false | true,Sunshine Electric,,false,true,false,,,,,,,,,,,,,,,error,,,Your project has exceeded its monthly spending cap. Please go to AI Studio at https://ai.studio/spend to manage your project spend cap. Learn more at https://ai.google.dev/gemini-api/docs/billing#project-spend-caps. ,
Riverside Electric |  |  | false | true,Riverside Electric,,false,true,false,,,,,,,,,,,,,,,error,,,Your project has exceeded its monthly spending cap. Please go to AI Studio at https://ai.studio/spend to manage your project spend cap. Learn more at https://ai.google.dev/gemini-api/docs/billing#project-spend-caps. ,
Coastal Current Electric |  |  | false | true,Coastal Current Electric,,false,true,false,,,,,,,,,,,,,,,error,,,Your project has exceeded its monthly spending cap. Please go to AI Studio at https://ai.studio/spend to manage your project spend cap. Learn more at https://ai.google.dev/gemini-api/docs/billing#project-spend-caps. ,
Electric Solutions of NW Florida |  |  | false | true,Electric Solutions of NW Florida,,false,true,false,,,,,,,,,,,,,,,error,,,Your project has exceeded its monthly spending cap. Please go to AI Studio at https://ai.studio/spend to manage your project spend cap. Learn more at https://ai.google.dev/gemini-api/docs/billing#project-spend-caps. ,
Beachy Rentals | Santa Rosa Beach |  | true | false,Beachy Rentals,,true,false,false,Santa Rosa Beach,,,,,,,,,,,,,,error,,,Your project has exceeded its monthly spending cap. Please go to AI Studio at https://ai.studio/spend to manage your project spend cap. Learn more at https://ai.google.dev/gemini-api/docs/billing#project-spend-caps. ,
30A Rentals | Santa Rosa Beach |  | true | false,30A Rentals,,true,false,false,Santa Rosa Beach,,,,,,,,,,,,,,error,,,Your project has exceeded its monthly spending cap. Please go to AI Studio at https://ai.studio/spend to manage your project spend cap. Learn more at https://ai.google.dev/gemini-api/docs/billing#project-spend-caps. ,
Sunshine Watersports Rentals |  |  | false | true,Sunshine Watersports Rentals,,false,true,false,,,,,,,,,,,,,,,error,,,Your project has exceeded its monthly spending cap. Please go to AI Studio at https://ai.studio/spend to manage your project spend cap. Learn more at https://ai.google.dev/gemini-api/docs/billing#project-spend-caps. ,
Destin Paddleboard Rentals |  |  | false | true,Destin Paddleboard Rentals,,false,true,false,,,,,,,,,,,,,,,error,,,Your project has exceeded its monthly spending cap. Please go to AI Studio at https://ai.studio/spend to manage your project spend cap. Learn more at https://ai.google.dev/gemini-api/docs/billing#project-spend-caps. ,
South Walton Kayak Rentals | Grayton Beach |  | true | false,South Walton Kayak Rentals,,true,false,false,Grayton Beach,,,,,,,,,,,,,,error,,,Your project has exceeded its monthly spending cap. Please go to AI Studio at https://ai.studio/spend to manage your project spend cap. Learn more at https://ai.google.dev/gemini-api/docs/billing#project-spend-caps. ,
Seaside Bike & Kayak Rentals | Seaside |  | true | false,Seaside Bike & Kayak Rentals,,true,false,false,Seaside,,,,,,,,,,,,,,error,,,Your project has exceeded its monthly spending cap. Please go to AI Studio at https://ai.studio/spend to manage your project spend cap. Learn more at https://ai.google.dev/gemini-api/docs/billing#project-spend-caps. ,
Watercolor Bike & Kayak Rentals | Watercolor |  | true | false,Watercolor Bike & Kayak Rentals,,true,false,false,Watercolor,,,,,,,,,,,,,,error,,,Your project has exceeded its monthly spending cap. Please go to AI Studio at https://ai.studio/spend to manage your project spend cap. Learn more at https://ai.google.dev/gemini-api/docs/billing#project-spend-caps. ,
Big Kahuna Watersports |  |  | false | true,Big Kahuna Watersports,,false,true,false,,,,,,,,,,,,,,,error,,,Your project has exceeded its monthly spending cap. Please go to AI Studio at https://ai.studio/spend to manage your project spend cap. Learn more at https://ai.google.dev/gemini-api/docs/billing#project-spend-caps. ,
Alys Beach Rentals | Alys Beach |  | true | false,Alys Beach Rentals,,true,false,false,Alys Beach,,,,,,,,,,,,,,error,,,Your project has exceeded its monthly spending cap. Please go to AI Studio at https://ai.studio/spend to manage your project spend cap. Learn more at https://ai.google.dev/gemini-api/docs/billing#project-spend-caps. ,
Grayton Beach Paddleboard Rentals | Grayton Beach |  | true | false,Grayton Beach Paddleboard Rentals,,true,false,false,Grayton Beach,,,,,,,,,,,,,,error,,,Your project has exceeded its monthly spending cap. Please go to AI Studio at https://ai.studio/spend to manage your project spend cap. Learn more at https://ai.google.dev/gemini-api/docs/billing#project-spend-caps. ,
Coastal Watersports Rentals |  |  | false | true,Coastal Watersports Rentals,,false,true,false,,,,,,,,,,,,,,,error,,,Your project has exceeded its monthly spending cap. Please go to AI Studio at https://ai.studio/spend to manage your project spend cap. Learn more at https://ai.google.dev/gemini-api/docs/billing#project-spend-caps. ,
Sunset Paddleboard Rentals | Seagrove Beach |  | true | false,Sunset Paddleboard Rentals,,true,false,false,Seagrove Beach,,,,,,,,,,,,,,error,,,Your project has exceeded its monthly spending cap. Please go to AI Studio at https://ai.studio/spend to manage your project spend cap. Learn more at https://ai.google.dev/gemini-api/docs/billing#project-spend-caps. ,
South Walton Equipment Rentals |  |  | false | true,South Walton Equipment Rentals,,false,true,false,,,,,,,,,,,,,,,error,,,Your project has exceeded its monthly spending cap. Please go to AI Studio at https://ai.studio/spend to manage your project spend cap. Learn more at https://ai.google.dev/gemini-api/docs/billing#project-spend-caps. ,
Emerald Coast Equipment Rentals |  |  | false | true,Emerald Coast Equipment Rentals,,false,true,false,,,,,,,,,,,,,,,error,,,Your project has exceeded its monthly spending cap. Please go to AI Studio at https://ai.studio/spend to manage your project spend cap. Learn more at https://ai.google.dev/gemini-api/docs/billing#project-spend-caps. ,
30A Event Co. | Santa Rosa Beach |  | true | true,30A Event Co.,,true,true,false,Santa Rosa Beach,,,,,,,,,,,,,,error,,,Your project has exceeded its monthly spending cap. Please go to AI Studio at https://ai.studio/spend to manage your project spend cap. Learn more at https://ai.google.dev/gemini-api/docs/billing#project-spend-caps. ,
The Eventful Group |  |  | false | true,The Eventful Group,,false,true,false,,,,,,,,,,,,,,,error,,,Your prepayment credits are depleted. Please go to AI Studio at https://ai.studio/projects to manage your project and billing. Learn more at https://ai.google.dev/gemini-api/docs/billing#prepay. ,
Alys Beach Weddings | Alys Beach |  | true | true,Alys Beach Weddings,,true,true,false,Alys Beach,,,,,,,,,,,,,,error,,,Your prepayment credits are depleted. Please go to AI Studio at https://ai.studio/projects to manage your project and billing. Learn more at https://ai.google.dev/gemini-api/docs/billing#prepay. ,
Southern Social Events |  |  | false | true,Southern Social Events,,false,true,false,,,,,,,,,,,,,,,error,,,Your prepayment credits are depleted. Please go to AI Studio at https://ai.studio/projects to manage your project and billing. Learn more at https://ai.google.dev/gemini-api/docs/billing#prepay. ,
The Wedding Planners of 30A |  |  | false | true,The Wedding Planners of 30A,,false,true,false,,,,,,,,,,,,,,,error,,,Your prepayment credits are depleted. Please go to AI Studio at https://ai.studio/projects to manage your project and billing. Learn more at https://ai.google.dev/gemini-api/docs/billing#prepay. ,
Events by Design |  |  | false | true,Events by Design,,false,true,false,,,,,,,,,,,,,,,error,,,Your prepayment credits are depleted. Please go to AI Studio at https://ai.studio/projects to manage your project and billing. Learn more at https://ai.google.dev/gemini-api/docs/billing#prepay. ,
30A Party Rentals & Events | Santa Rosa Beach |  | true | true,30A Party Rentals & Events,,true,true,false,Santa Rosa Beach,,,,,,,,,,,,,,error,,,Your prepayment credits are depleted. Please go to AI Studio at https://ai.studio/projects to manage your project and billing. Learn more at https://ai.google.dev/gemini-api/docs/billing#prepay. ,
Beach Bliss Events |  |  | false | true,Beach Bliss Events,,false,true,false,,,,,,,,,,,,,,,error,,,Your prepayment credits are depleted. Please go to AI Studio at https://ai.studio/projects to manage your project and billing. Learn more at https://ai.google.dev/gemini-api/docs/billing#prepay. ,
Seaside Soirees | Seaside |  | true | true,Seaside Soirees,,true,true,false,Seaside,,,,,,,,,,,,,,error,,,Your prepayment credits are depleted. Please go to AI Studio at https://ai.studio/projects to manage your project and billing. Learn more at https://ai.google.dev/gemini-api/docs/billing#prepay. ,
Destin Event Planning |  |  | false | true,Destin Event Planning,,false,true,false,,,,,,,,,,,,,,,error,,,Your prepayment credits are depleted. Please go to AI Studio at https://ai.studio/projects to manage your project and billing. Learn more at https://ai.google.dev/gemini-api/docs/billing#prepay. ,
Grayton Beach Events |  |  | false | true,Grayton Beach Events,,false,true,false,,,,,,,,,,,,,,,error,,,Your prepayment credits are depleted. Please go to AI Studio at https://ai.studio/projects to manage your project and billing. Learn more at https://ai.google.dev/gemini-api/docs/billing#prepay. ,
Coastal Celebrations |  |  | false | true,Coastal Celebrations,,false,true,false,,,,,,,,,,,,,,,error,,,Your prepayment credits are depleted. Please go to AI Studio at https://ai.studio/projects to manage your project and billing. Learn more at https://ai.google.dev/gemini-api/docs/billing#prepay. ,
Sunshine State Events |  |  | false | true,Sunshine State Events,,false,true,false,,,,,,,,,,,,,,,error,,,Your prepayment credits are depleted. Please go to AI Studio at https://ai.studio/projects to manage your project and billing. Learn more at https://ai.google.dev/gemini-api/docs/billing#prepay. ,
Elegant Occasions 30A |  |  | false | true,Elegant Occasions 30A,,false,true,false,,,,,,,,,,,,,,,error,,,Your prepayment credits are depleted. Please go to AI Studio at https://ai.studio/projects to manage your project and billing. Learn more at https://ai.google.dev/gemini-api/docs/billing#prepay. ,
Seagrove Beach Weddings | Seagrove Beach |  | true | true,Seagrove Beach Weddings,,true,true,false,Seagrove Beach,,,,,,,,,,,,,,error,,,Your prepayment credits are depleted. Please go to AI Studio at https://ai.studio/projects to manage your project and billing. Learn more at https://ai.google.dev/gemini-api/docs/billing#prepay. ,
30A Party Rentals | Santa Rosa Beach |  | true | true,30A Party Rentals,,true,true,false,Santa Rosa Beach,,,,,,,,,,,,,,error,,,Your prepayment credits are depleted. Please go to AI Studio at https://ai.studio/projects to manage your project and billing. Learn more at https://ai.google.dev/gemini-api/docs/billing#prepay. ,
Emerald Coast Party Rentals |  |  | false | true,Emerald Coast Party Rentals,,false,true,false,,,,,,,,,,,,,,,error,,,Your prepayment credits are depleted. Please go to AI Studio at https://ai.studio/projects to manage your project and billing. Learn more at https://ai.google.dev/gemini-api/docs/billing#prepay. ,
Beachy Keen Rentals | Seaside |  | true | true,Beachy Keen Rentals,,true,true,false,Seaside,,,,,,,,,,,,,,error,,,Your prepayment credits are depleted. Please go to AI Studio at https://ai.studio/projects to manage your project and billing. Learn more at https://ai.google.dev/gemini-api/docs/billing#prepay. ,
Destin Event Rentals |  |  | false | true,Destin Event Rentals,,false,true,false,,,,,,,,,,,,,,,error,,,Your prepayment credits are depleted. Please go to AI Studio at https://ai.studio/projects to manage your project and billing. Learn more at https://ai.google.dev/gemini-api/docs/billing#prepay. ,
South Walton Party Rentals |  |  | false | true,South Walton Party Rentals,,false,true,false,,,,,,,,,,,,,,,error,,,Your prepayment credits are depleted. Please go to AI Studio at https://ai.studio/projects to manage your project and billing. Learn more at https://ai.google.dev/gemini-api/docs/billing#prepay. ,
Seagrove Beach Rentals | Seagrove Beach |  | true | true,Seagrove Beach Rentals,,true,true,false,Seagrove Beach,,,,,,,,,,,,,,error,,,Your prepayment credits are depleted. Please go to AI Studio at https://ai.studio/projects to manage your project and billing. Learn more at https://ai.google.dev/gemini-api/docs/billing#prepay. ,
Grayton Beach Rentals | Grayton Beach |  | true | true,Grayton Beach Rentals,,true,true,false,Grayton Beach,,,,,,,,,,,,,,error,,,Your prepayment credits are depleted. Please go to AI Studio at https://ai.studio/projects to manage your project and billing. Learn more at https://ai.google.dev/gemini-api/docs/billing#prepay. ,
Watersound Rentals | Watersound |  | true | true,Watersound Rentals,,true,true,false,Watersound,,,,,,,,,,,,,,error,,,Your prepayment credits are depleted. Please go to AI Studio at https://ai.studio/projects to manage your project and billing. Learn more at https://ai.google.dev/gemini-api/docs/billing#prepay. ,
Sandestin Event Rentals | Sandestin |  | true | true,Sandestin Event Rentals,,true,true,false,Sandestin,,,,,,,,,,,,,,error,,,Your prepayment credits are depleted. Please go to AI Studio at https://ai.studio/projects to manage your project and billing. Learn more at https://ai.google.dev/gemini-api/docs/billing#prepay. ,
Seacrest Beach Rentals | Seacrest Beach |  | true | true,Seacrest Beach Rentals,,true,true,false,Seacrest Beach,,,,,,,,,,,,,,error,,,Your prepayment credits are depleted. Please go to AI Studio at https://ai.studio/projects to manage your project and billing. Learn more at https://ai.google.dev/gemini-api/docs/billing#prepay. ,
Rosemary Beach Rentals | Rosemary Beach |  | true | true,Rosemary Beach Rentals,,true,true,false,Rosemary Beach,,,,,,,,,,,,,,error,,,Your prepayment credits are depleted. Please go to AI Studio at https://ai.studio/projects to manage your project and billing. Learn more at https://ai.google.dev/gemini-api/docs/billing#prepay. ,
Dune Allen Rentals | Dune Allen Beach |  | true | true,Dune Allen Rentals,,true,true,false,Dune Allen Beach,,,,,,,,,,,,,,error,,,Your prepayment credits are depleted. Please go to AI Studio at https://ai.studio/projects to manage your project and billing. Learn more at https://ai.google.dev/gemini-api/docs/billing#prepay. ,
Watercolor Rentals | Watercolor |  | true | true,Watercolor Rentals,,true,true,false,Watercolor,,,,,,,,,,,,,,error,,,Your prepayment credits are depleted. Please go to AI Studio at https://ai.studio/projects to manage your project and billing. Learn more at https://ai.google.dev/gemini-api/docs/billing#prepay. ,
Gulf Place Rentals | Gulf Place |  | true | true,Gulf Place Rentals,,true,true,false,Gulf Place,,,,,,,,,,,,,,error,,,Your prepayment credits are depleted. Please go to AI Studio at https://ai.studio/projects to manage your project and billing. Learn more at https://ai.google.dev/gemini-api/docs/billing#prepay. ,
30A Fishing Charters | Santa Rosa Beach |  | true | true,30A Fishing Charters,,true,true,false,Santa Rosa Beach,,,,,,,,,,,,,,error,,,Your prepayment credits are depleted. Please go to AI Studio at https://ai.studio/projects to manage your project and billing. Learn more at https://ai.google.dev/gemini-api/docs/billing#prepay. ,
Destin Inshore Fishing Charters |  |  | false | true,Destin Inshore Fishing Charters,,false,true,false,,,,,,,,,,,,,,,error,,,Your prepayment credits are depleted. Please go to AI Studio at https://ai.studio/projects to manage your project and billing. Learn more at https://ai.google.dev/gemini-api/docs/billing#prepay. ,
Reel Surprise Fishing Charters |  |  | false | true,Reel Surprise Fishing Charters,,false,true,false,,,,,,,,,,,,,,,error,,,Your prepayment credits are depleted. Please go to AI Studio at https://ai.studio/projects to manage your project and billing. Learn more at https://ai.google.dev/gemini-api/docs/billing#prepay. ,
Hook'd Up Fishing Charters |  |  | false | true,Hook'd Up Fishing Charters,,false,true,false,,,,,,,,,,,,,,,error,,,Your prepayment credits are depleted. Please go to AI Studio at https://ai.studio/projects to manage your project and billing. Learn more at https://ai.google.dev/gemini-api/docs/billing#prepay. ,
Fish Destin Charters |  |  | false | true,Fish Destin Charters,,false,true,false,,,,,,,,,,,,,,,error,,,Your prepayment credits are depleted. Please go to AI Studio at https://ai.studio/projects to manage your project and billing. Learn more at https://ai.google.dev/gemini-api/docs/billing#prepay. ,
Gone Coastal Charters |  |  | false | true,Gone Coastal Charters,,false,true,false,,,,,,,,,,,,,,,error,,,Your prepayment credits are depleted. Please go to AI Studio at https://ai.studio/projects to manage your project and billing. Learn more at https://ai.google.dev/gemini-api/docs/billing#prepay. ,
Destin Fishing Charters |  |  | false | true,Destin Fishing Charters,,false,true,false,,,,,,,,,,,,,,,error,,,Your prepayment credits are depleted. Please go to AI Studio at https://ai.studio/projects to manage your project and billing. Learn more at https://ai.google.dev/gemini-api/docs/billing#prepay. ,
Captain Mike's Fishing Charters |  |  | false | true,Captain Mike's Fishing Charters,,false,true,false,,,,,,,,,,,,,,,error,,,Your prepayment credits are depleted. Please go to AI Studio at https://ai.studio/projects to manage your project and billing. Learn more at https://ai.google.dev/gemini-api/docs/billing#prepay. ,
Southern Star Fishing Charters |  |  | false | true,Southern Star Fishing Charters,,false,true,false,,,,,,,,,,,,,,,error,,,Your prepayment credits are depleted. Please go to AI Studio at https://ai.studio/projects to manage your project and billing. Learn more at https://ai.google.dev/gemini-api/docs/billing#prepay. ,
Big Mike's Fishing Charters |  |  | false | true,Big Mike's Fishing Charters,,false,true,false,,,,,,,,,,,,,,,error,,,Your prepayment credits are depleted. Please go to AI Studio at https://ai.studio/projects to manage your project and billing. Learn more at https://ai.google.dev/gemini-api/docs/billing#prepay. ,
Destin Deep Sea Fishing |  |  | false | true,Destin Deep Sea Fishing,,false,true,false,,,,,,,,,,,,,,,error,,,Your prepayment credits are depleted. Please go to AI Studio at https://ai.studio/projects to manage your project and billing. Learn more at https://ai.google.dev/gemini-api/docs/billing#prepay. ,
Destin Snorkel & Fishing Charters |  |  | false | true,Destin Snorkel & Fishing Charters,,false,true,false,,,,,,,,,,,,,,,error,,,Your prepayment credits are depleted. Please go to AI Studio at https://ai.studio/projects to manage your project and billing. Learn more at https://ai.google.dev/gemini-api/docs/billing#prepay. ,
Destin Charter Boat |  |  | false | true,Destin Charter Boat,,false,true,false,,,,,,,,,,,,,,,error,,,Your prepayment credits are depleted. Please go to AI Studio at https://ai.studio/projects to manage your project and billing. Learn more at https://ai.google.dev/gemini-api/docs/billing#prepay. ,
Destin Offshore Fishing Charters |  |  | false | true,Destin Offshore Fishing Charters,,false,true,false,,,,,,,,,,,,,,,error,,,Your prepayment credits are depleted. Please go to AI Studio at https://ai.studio/projects to manage your project and billing. Learn more at https://ai.google.dev/gemini-api/docs/billing#prepay. ,
Destin Bay Charters |  |  | false | true,Destin Bay Charters,,false,true,false,,,,,,,,,,,,,,,error,,,Your prepayment credits are depleted. Please go to AI Studio at https://ai.studio/projects to manage your project and billing. Learn more at https://ai.google.dev/gemini-api/docs/billing#prepay. ,
The Blue Giraffe | Seaside |  | true | false,The Blue Giraffe,,true,false,false,Seaside,,,,,,,,,,,,,,error,,,Your prepayment credits are depleted. Please go to AI Studio at https://ai.studio/projects to manage your project and billing. Learn more at https://ai.google.dev/gemini-api/docs/billing#prepay. ,
Furniture & Design Gallery |  |  | false | true,Furniture & Design Gallery,,false,true,false,,,,,,,,,,,,,,,error,,,Your prepayment credits are depleted. Please go to AI Studio at https://ai.studio/projects to manage your project and billing. Learn more at https://ai.google.dev/gemini-api/docs/billing#prepay. ,
The Green Chair | Seagrove Beach |  | true | false,The Green Chair,,true,false,false,Seagrove Beach,,,,,,,,,,,,,,error,,,Your prepayment credits are depleted. Please go to AI Studio at https://ai.studio/projects to manage your project and billing. Learn more at https://ai.google.dev/gemini-api/docs/billing#prepay. ,
Beach House Interiors | Grayton Beach |  | true | false,Beach House Interiors,,true,false,false,Grayton Beach,,,,,,,,,,,,,,error,,,Your prepayment credits are depleted. Please go to AI Studio at https://ai.studio/projects to manage your project and billing. Learn more at https://ai.google.dev/gemini-api/docs/billing#prepay. ,
Coastal Living Furniture | Santa Rosa Beach |  | true | false,Coastal Living Furniture,,true,false,false,Santa Rosa Beach,,,,,,,,,,,,,,error,,,Your prepayment credits are depleted. Please go to AI Studio at https://ai.studio/projects to manage your project and billing. Learn more at https://ai.google.dev/gemini-api/docs/billing#prepay. ,
The Rustic Nest | Seacrest Beach |  | true | false,The Rustic Nest,,true,false,false,Seacrest Beach,,,,,,,,,,,,,,error,,,Your prepayment credits are depleted. Please go to AI Studio at https://ai.studio/projects to manage your project and billing. Learn more at https://ai.google.dev/gemini-api/docs/billing#prepay. ,
30A Home | Watercolor |  | true | false,30A Home,,true,false,false,Watercolor,,,,,,,,,,,,,,error,,,Your prepayment credits are depleted. Please go to AI Studio at https://ai.studio/projects to manage your project and billing. Learn more at https://ai.google.dev/gemini-api/docs/billing#prepay. ,
Seaside Interiors | Seaside |  | true | false,Seaside Interiors,,true,false,false,Seaside,,,,,,,,,,,,,,error,,,Your prepayment credits are depleted. Please go to AI Studio at https://ai.studio/projects to manage your project and billing. Learn more at https://ai.google.dev/gemini-api/docs/billing#prepay. ,
The Cottage Company |  |  | false | true,The Cottage Company,,false,true,false,,,,,,,,,,,,,,,error,,,Your prepayment credits are depleted. Please go to AI Studio at https://ai.studio/projects to manage your project and billing. Learn more at https://ai.google.dev/gemini-api/docs/billing#prepay. ,
Baytowne Furniture |  |  | false | true,Baytowne Furniture,,false,true,false,,,,,,,,,,,,,,,error,,,Your prepayment credits are depleted. Please go to AI Studio at https://ai.studio/projects to manage your project and billing. Learn more at https://ai.google.dev/gemini-api/docs/billing#prepay. ,
Furniture Medic of NW Florida |  |  | false | true,Furniture Medic of NW Florida,,false,true,false,,,,,,,,,,,,,,,error,,,Your prepayment credits are depleted. Please go to AI Studio at https://ai.studio/projects to manage your project and billing. Learn more at https://ai.google.dev/gemini-api/docs/billing#prepay. ,
Coastal Comfort Furniture Repair |  |  | false | true,Coastal Comfort Furniture Repair,,false,true,false,,,,,,,,,,,,,,,error,,,Your prepayment credits are depleted. Please go to AI Studio at https://ai.studio/projects to manage your project and billing. Learn more at https://ai.google.dev/gemini-api/docs/billing#prepay. ,
30A Furniture Repair |  |  | false | true,30A Furniture Repair,,false,true,false,,,,,,,,,,,,,,,error,,,Your prepayment credits are depleted. Please go to AI Studio at https://ai.studio/projects to manage your project and billing. Learn more at https://ai.google.dev/gemini-api/docs/billing#prepay. ,
Emerald Coast Furniture Repair |  |  | false | true,Emerald Coast Furniture Repair,,false,true,false,,,,,,,,,,,,,,,error,,,Your prepayment credits are depleted. Please go to AI Studio at https://ai.studio/projects to manage your project and billing. Learn more at https://ai.google.dev/gemini-api/docs/billing#prepay. ,
Furniture Refinishing of NW Florida |  |  | false | true,Furniture Refinishing of NW Florida,,false,true,false,,,,,,,,,,,,,,,error,,,Your prepayment credits are depleted. Please go to AI Studio at https://ai.studio/projects to manage your project and billing. Learn more at https://ai.google.dev/gemini-api/docs/billing#prepay. ,
30A Golf Cart Rentals | Santa Rosa Beach |  | true | true,30A Golf Cart Rentals,,true,true,false,Santa Rosa Beach,,,,,,,,,,,,,,error,,,Your prepayment credits are depleted. Please go to AI Studio at https://ai.studio/projects to manage your project and billing. Learn more at https://ai.google.dev/gemini-api/docs/billing#prepay. ,
Beachside Golf Cart Rentals |  |  | false | true,Beachside Golf Cart Rentals,,false,true,false,,,,,,,,,,,,,,,error,,,Your prepayment credits are depleted. Please go to AI Studio at https://ai.studio/projects to manage your project and billing. Learn more at https://ai.google.dev/gemini-api/docs/billing#prepay. ,
Destin Golf Cart Rentals |  |  | false | true,Destin Golf Cart Rentals,,false,true,false,,,,,,,,,,,,,,,error,,,Your prepayment credits are depleted. Please go to AI Studio at https://ai.studio/projects to manage your project and billing. Learn more at https://ai.google.dev/gemini-api/docs/billing#prepay. ,
Alys Beach Golf Cart Rentals | Alys Beach |  | true | true,Alys Beach Golf Cart Rentals,,true,true,false,Alys Beach,,,,,,,,,,,,,,error,,,Your prepayment credits are depleted. Please go to AI Studio at https://ai.studio/projects to manage your project and billing. Learn more at https://ai.google.dev/gemini-api/docs/billing#prepay. ,
Seaside Golf Cart Rentals | Seaside |  | true | true,Seaside Golf Cart Rentals,,true,true,false,Seaside,,,,,,,,,,,,,,error,,,Your prepayment credits are depleted. Please go to AI Studio at https://ai.studio/projects to manage your project and billing. Learn more at https://ai.google.dev/gemini-api/docs/billing#prepay. ,
Grayton Beach Golf Cart Rentals | Grayton Beach |  | true | true,Grayton Beach Golf Cart Rentals,,true,true,false,Grayton Beach,,,,,,,,,,,,,,error,,,Your prepayment credits are depleted. Please go to AI Studio at https://ai.studio/projects to manage your project and billing. Learn more at https://ai.google.dev/gemini-api/docs/billing#prepay. ,
Watersound Golf Cart Rentals | Watersound |  | true | true,Watersound Golf Cart Rentals,,true,true,false,Watersound,,,,,,,,,,,,,,error,,,Your prepayment credits are depleted. Please go to AI Studio at https://ai.studio/projects to manage your project and billing. Learn more at https://ai.google.dev/gemini-api/docs/billing#prepay. ,
South Walton Golf Cart Rentals |  |  | false | true,South Walton Golf Cart Rentals,,false,true,false,,,,,,,,,,,,,,,error,,,Your prepayment credits are depleted. Please go to AI Studio at https://ai.studio/projects to manage your project and billing. Learn more at https://ai.google.dev/gemini-api/docs/billing#prepay. ,
30A Cart Rentals |  |  | false | true,30A Cart Rentals,,false,true,false,,,,,,,,,,,,,,,error,,,Your prepayment credits are depleted. Please go to AI Studio at https://ai.studio/projects to manage your project and billing. Learn more at https://ai.google.dev/gemini-api/docs/billing#prepay. ,
Sandestin Golf Cart Rentals | Sandestin |  | true | true,Sandestin Golf Cart Rentals,,true,true,false,Sandestin,,,,,,,,,,,,,,error,,,Your prepayment credits are depleted. Please go to AI Studio at https://ai.studio/projects to manage your project and billing. Learn more at https://ai.google.dev/gemini-api/docs/billing#prepay. ,
Coastal Golf Cart Rentals |  |  | false | true,Coastal Golf Cart Rentals,,false,true,false,,,,,,,,,,,,,,,error,,,Your prepayment credits are depleted. Please go to AI Studio at https://ai.studio/projects to manage your project and billing. Learn more at https://ai.google.dev/gemini-api/docs/billing#prepay. ,
Gulf Coast Golf Cart Rentals |  |  | false | true,Gulf Coast Golf Cart Rentals,,false,true,false,,,,,,,,,,,,,,,error,,,Your prepayment credits are depleted. Please go to AI Studio at https://ai.studio/projects to manage your project and billing. Learn more at https://ai.google.dev/gemini-api/docs/billing#prepay. ,
Emerald Coast Golf Cart Rentals |  |  | false | true,Emerald Coast Golf Cart Rentals,,false,true,false,,,,,,,,,,,,,,,error,,,Your prepayment credits are depleted. Please go to AI Studio at https://ai.studio/projects to manage your project and billing. Learn more at https://ai.google.dev/gemini-api/docs/billing#prepay. ,
Rent My Cart |  |  | false | true,Rent My Cart,,false,true,false,,,,,,,,,,,,,,,error,,,Your prepayment credits are depleted. Please go to AI Studio at https://ai.studio/projects to manage your project and billing. Learn more at https://ai.google.dev/gemini-api/docs/billing#prepay. ,
Golf Cart Rentals 30A |  |  | false | true,Golf Cart Rentals 30A,,false,true,false,,,,,,,,,,,,,,,error,,,Your prepayment credits are depleted. Please go to AI Studio at https://ai.studio/projects to manage your project and billing. Learn more at https://ai.google.dev/gemini-api/docs/billing#prepay. ,
Beach Cart Rentals |  |  | false | true,Beach Cart Rentals,,false,true,false,,,,,,,,,,,,,,,error,,,Your prepayment credits are depleted. Please go to AI Studio at https://ai.studio/projects to manage your project and billing. Learn more at https://ai.google.dev/gemini-api/docs/billing#prepay. ,
South Walton Cart Rentals |  |  | false | true,South Walton Cart Rentals,,false,true,false,,,,,,,,,,,,,,,error,,,Your prepayment credits are depleted. Please go to AI Studio at https://ai.studio/projects to manage your project and billing. Learn more at https://ai.google.dev/gemini-api/docs/billing#prepay. ,
Destin Cart Rentals |  |  | false | true,Destin Cart Rentals,,false,true,false,,,,,,,,,,,,,,,error,,,Your prepayment credits are depleted. Please go to AI Studio at https://ai.studio/projects to manage your project and billing. Learn more at https://ai.google.dev/gemini-api/docs/billing#prepay. ,
30A Golf Cart Repair | Santa Rosa Beach |  | true | true,30A Golf Cart Repair,,true,true,false,Santa Rosa Beach,,,,,,,,,,,,,,error,,,Your prepayment credits are depleted. Please go to AI Studio at https://ai.studio/projects to manage your project and billing. Learn more at https://ai.google.dev/gemini-api/docs/billing#prepay. ,
Destin Golf Cart Repair |  |  | false | true,Destin Golf Cart Repair,,false,true,false,,,,,,,,,,,,,,,error,,,Your prepayment credits are depleted. Please go to AI Studio at https://ai.studio/projects to manage your project and billing. Learn more at https://ai.google.dev/gemini-api/docs/billing#prepay. ,
Miramar Beach Golf Cart Repair |  |  | false | true,Miramar Beach Golf Cart Repair,,false,true,false,,,,,,,,,,,,,,,error,,,Your prepayment credits are depleted. Please go to AI Studio at https://ai.studio/projects to manage your project and billing. Learn more at https://ai.google.dev/gemini-api/docs/billing#prepay. ,
Golf Cart Repair of South Walton |  |  | false | true,Golf Cart Repair of South Walton,,false,true,false,,,,,,,,,,,,,,,error,,,Your prepayment credits are depleted. Please go to AI Studio at https://ai.studio/projects to manage your project and billing. Learn more at https://ai.google.dev/gemini-api/docs/billing#prepay. ,
Emerald Coast Golf Cart Repair |  |  | false | true,Emerald Coast Golf Cart Repair,,false,true,false,,,,,,,,,,,,,,,error,,,Your prepayment credits are depleted. Please go to AI Studio at https://ai.studio/projects to manage your project and billing. Learn more at https://ai.google.dev/gemini-api/docs/billing#prepay. ,
Beachside Golf Cart Repair |  |  | false | true,Beachside Golf Cart Repair,,false,true,false,,,,,,,,,,,,,,,error,,,Your prepayment credits are depleted. Please go to AI Studio at https://ai.studio/projects to manage your project and billing. Learn more at https://ai.google.dev/gemini-api/docs/billing#prepay. ,
South Walton Golf Cart Service |  |  | false | true,South Walton Golf Cart Service,,false,true,false,,,,,,,,,,,,,,,error,,,Your prepayment credits are depleted. Please go to AI Studio at https://ai.studio/projects to manage your project and billing. Learn more at https://ai.google.dev/gemini-api/docs/billing#prepay. ,
30A Golf Cart Service |  |  | false | true,30A Golf Cart Service,,false,true,false,,,,,,,,,,,,,,,error,,,Your prepayment credits are depleted. Please go to AI Studio at https://ai.studio/projects to manage your project and billing. Learn more at https://ai.google.dev/gemini-api/docs/billing#prepay. ,
Destin Golf Cart Service |  |  | false | true,Destin Golf Cart Service,,false,true,false,,,,,,,,,,,,,,,error,,,Your prepayment credits are depleted. Please go to AI Studio at https://ai.studio/projects to manage your project and billing. Learn more at https://ai.google.dev/gemini-api/docs/billing#prepay. ,
Golf Cart Repair & Sales of Destin |  |  | false | true,Golf Cart Repair & Sales of Destin,,false,true,false,,,,,,,,,,,,,,,error,,,Your prepayment credits are depleted. Please go to AI Studio at https://ai.studio/projects to manage your project and billing. Learn more at https://ai.google.dev/gemini-api/docs/billing#prepay. ,
South Walton Golf Cart Rentals & Sales | Santa Rosa Beach |  | true | true,South Walton Golf Cart Rentals & Sales,,true,true,false,Santa Rosa Beach,,,,,,,,,,,,,,error,,,Your prepayment credits are depleted. Please go to AI Studio at https://ai.studio/projects to manage your project and billing. Learn more at https://ai.google.dev/gemini-api/docs/billing#prepay. ,
30A Golf Carts | Santa Rosa Beach |  | true | true,30A Golf Carts,,true,true,false,Santa Rosa Beach,,,,,,,,,,,,,,error,,,Your prepayment credits are depleted. Please go to AI Studio at https://ai.studio/projects to manage your project and billing. Learn more at https://ai.google.dev/gemini-api/docs/billing#prepay. ,
Destin Golf Cart Rentals & Sales |  |  | false | true,Destin Golf Cart Rentals & Sales,,false,true,false,,,,,,,,,,,,,,,error,,,Your prepayment credits are depleted. Please go to AI Studio at https://ai.studio/projects to manage your project and billing. Learn more at https://ai.google.dev/gemini-api/docs/billing#prepay. ,
Miramar Beach Golf Carts |  |  | false | true,Miramar Beach Golf Carts,,false,true,false,,,,,,,,,,,,,,,error,,,Your prepayment credits are depleted. Please go to AI Studio at https://ai.studio/projects to manage your project and billing. Learn more at https://ai.google.dev/gemini-api/docs/billing#prepay. ,
Gulf Coast Golf Carts |  |  | false | true,Gulf Coast Golf Carts,,false,true,false,,,,,,,,,,,,,,,error,,,Your prepayment credits are depleted. Please go to AI Studio at https://ai.studio/projects to manage your project and billing. Learn more at https://ai.google.dev/gemini-api/docs/billing#prepay. ,
Emerald Coast Golf Carts |  |  | false | true,Emerald Coast Golf Carts,,false,true,false,,,,,,,,,,,,,,,error,,,Your prepayment credits are depleted. Please go to AI Studio at https://ai.studio/projects to manage your project and billing. Learn more at https://ai.google.dev/gemini-api/docs/billing#prepay. ,
Coastal Golf Cart Sales & Service |  |  | false | true,Coastal Golf Cart Sales & Service,,false,true,false,,,,,,,,,,,,,,,error,,,Your prepayment credits are depleted. Please go to AI Studio at https://ai.studio/projects to manage your project and billing. Learn more at https://ai.google.dev/gemini-api/docs/billing#prepay. ,
Sandestin Golf Cart Rentals & Sales |  |  | false | true,Sandestin Golf Cart Rentals & Sales,,false,true,false,,,,,,,,,,,,,,,error,,,Your prepayment credits are depleted. Please go to AI Studio at https://ai.studio/projects to manage your project and billing. Learn more at https://ai.google.dev/gemini-api/docs/billing#prepay. ,
Florida Golf Cart Sales & Service |  |  | false | true,Florida Golf Cart Sales & Service,,false,true,false,,,,,,,,,,,,,,,error,,,Your prepayment credits are depleted. Please go to AI Studio at https://ai.studio/projects to manage your project and billing. Learn more at https://ai.google.dev/gemini-api/docs/billing#prepay. ,
Golf Cart Repair & Sales of South Walton |  |  | false | true,Golf Cart Repair & Sales of South Walton,,false,true,false,,,,,,,,,,,,,,,error,,,Your prepayment credits are depleted. Please go to AI Studio at https://ai.studio/projects to manage your project and billing. Learn more at https://ai.google.dev/gemini-api/docs/billing#prepay. ,
30A Golf Cart Repair & Sales |  |  | false | true,30A Golf Cart Repair & Sales,,false,true,false,,,,,,,,,,,,,,,error,,,Your prepayment credits are depleted. Please go to AI Studio at https://ai.studio/projects to manage your project and billing. Learn more at https://ai.google.dev/gemini-api/docs/billing#prepay. ,
Destin Golf Cart Repair & Sales |  |  | false | true,Destin Golf Cart Repair & Sales,,false,true,false,,,,,,,,,,,,,,,error,,,Your prepayment credits are depleted. Please go to AI Studio at https://ai.studio/projects to manage your project and billing. Learn more at https://ai.google.dev/gemini-api/docs/billing#prepay. ,
South Walton Golf Cart Repair |  |  | false | true,South Walton Golf Cart Repair,,false,true,false,,,,,,,,,,,,,,,error,,,Your prepayment credits are depleted. Please go to AI Studio at https://ai.studio/projects to manage your project and billing. Learn more at https://ai.google.dev/gemini-api/docs/billing#prepay. ,
Saltwater Creative |  |  | false | true,Saltwater Creative,,false,true,false,,,,,,,,,,,,,,,error,,,Your prepayment credits are depleted. Please go to AI Studio at https://ai.studio/projects to manage your project and billing. Learn more at https://ai.google.dev/gemini-api/docs/billing#prepay. ,
The Design Studio of South Walton | Santa Rosa Beach |  | true | true,The Design Studio of South Walton,,true,true,false,Santa Rosa Beach,,,,,,,,,,,,,,error,,,Your prepayment credits are depleted. Please go to AI Studio at https://ai.studio/projects to manage your project and billing. Learn more at https://ai.google.dev/gemini-api/docs/billing#prepay. ,
Bluewater Creative |  |  | false | true,Bluewater Creative,,false,true,false,,,,,,,,,,,,,,,error,,,Your prepayment credits are depleted. Please go to AI Studio at https://ai.studio/projects to manage your project and billing. Learn more at https://ai.google.dev/gemini-api/docs/billing#prepay. ,
Seaside Graphics | Seaside |  | true | false,Seaside Graphics,,true,false,false,Seaside,,,,,,,,,,,,,,error,,,Your prepayment credits are depleted. Please go to AI Studio at https://ai.studio/projects to manage your project and billing. Learn more at https://ai.google.dev/gemini-api/docs/billing#prepay. ,
Grayton Graphics | Grayton Beach |  | true | false,Grayton Graphics,,true,false,false,Grayton Beach,,,,,,,,,,,,,,error,,,Your prepayment credits are depleted. Please go to AI Studio at https://ai.studio/projects to manage your project and billing. Learn more at https://ai.google.dev/gemini-api/docs/billing#prepay. ,
South Walton Design Co. |  |  | false | true,South Walton Design Co.,,false,true,false,,,,,,,,,,,,,,,error,,,Your prepayment credits are depleted. Please go to AI Studio at https://ai.studio/projects to manage your project and billing. Learn more at https://ai.google.dev/gemini-api/docs/billing#prepay. ,
Beachside Branding |  |  | false | true,Beachside Branding,,false,true,false,,,,,,,,,,,,,,,error,,,Your prepayment credits are depleted. Please go to AI Studio at https://ai.studio/projects to manage your project and billing. Learn more at https://ai.google.dev/gemini-api/docs/billing#prepay. ,
Alys Beach Design | Alys Beach |  | true | false,Alys Beach Design,,true,false,false,Alys Beach,,,,,,,,,,,,,,error,,,Your prepayment credits are depleted. Please go to AI Studio at https://ai.studio/projects to manage your project and billing. Learn more at https://ai.google.dev/gemini-api/docs/billing#prepay. ,
Rosemary Beach Design Studio | Rosemary Beach |  | true | false,Rosemary Beach Design Studio,,true,false,false,Rosemary Beach,,,,,,,,,,,,,,error,,,Your prepayment credits are depleted. Please go to AI Studio at https://ai.studio/projects to manage your project and billing. Learn more at https://ai.google.dev/gemini-api/docs/billing#prepay. ,
Watersound Creative | Watersound |  | true | false,Watersound Creative,,true,false,false,Watersound,,,,,,,,,,,,,,error,,,Your prepayment credits are depleted. Please go to AI Studio at https://ai.studio/projects to manage your project and billing. Learn more at https://ai.google.dev/gemini-api/docs/billing#prepay. ,
Sandestin Graphic Arts | Sandestin |  | true | false,Sandestin Graphic Arts,,true,false,false,Sandestin,,,,,,,,,,,,,,error,,,Your prepayment credits are depleted. Please go to AI Studio at https://ai.studio/projects to manage your project and billing. Learn more at https://ai.google.dev/gemini-api/docs/billing#prepay. ,
Miramar Design Group |  |  | false | true,Miramar Design Group,,false,true,false,,,,,,,,,,,,,,,error,,,Your prepayment credits are depleted. Please go to AI Studio at https://ai.studio/projects to manage your project and billing. Learn more at https://ai.google.dev/gemini-api/docs/billing#prepay. ,
The Nest 30A | Santa Rosa Beach |  | true | false,The Nest 30A,,true,false,false,Santa Rosa Beach,,,,,,,,,,,,,,error,,,Your prepayment credits are depleted. Please go to AI Studio at https://ai.studio/projects to manage your project and billing. Learn more at https://ai.google.dev/gemini-api/docs/billing#prepay. ,
The Blue Giraffe Home | Seagrove Beach |  | true | false,The Blue Giraffe Home,,true,false,false,Seagrove Beach,,,,,,,,,,,,,,error,,,Your prepayment credits are depleted. Please go to AI Studio at https://ai.studio/projects to manage your project and billing. Learn more at https://ai.google.dev/gemini-api/docs/billing#prepay. ,
Grayton Beach Home | Grayton Beach |  | true | false,Grayton Beach Home,,true,false,false,Grayton Beach,,,,,,,,,,,,,,error,,,Your prepayment credits are depleted. Please go to AI Studio at https://ai.studio/projects to manage your project and billing. Learn more at https://ai.google.dev/gemini-api/docs/billing#prepay. ,
The Local Store | Seaside |  | true | false,The Local Store,,true,false,false,Seaside,,,,,,,,,,,,,,error,,,Your prepayment credits are depleted. Please go to AI Studio at https://ai.studio/projects to manage your project and billing. Learn more at https://ai.google.dev/gemini-api/docs/billing#prepay. ,
Coastal Living Interiors | Santa Rosa Beach |  | true | false,Coastal Living Interiors,,true,false,false,Santa Rosa Beach,,,,,,,,,,,,,,error,,,Your prepayment credits are depleted. Please go to AI Studio at https://ai.studio/projects to manage your project and billing. Learn more at https://ai.google.dev/gemini-api/docs/billing#prepay. ,
Nest Interiors | Santa Rosa Beach |  | true | false,Nest Interiors,,true,false,false,Santa Rosa Beach,,,,,,,,,,,,,,error,,,Your prepayment credits are depleted. Please go to AI Studio at https://ai.studio/projects to manage your project and billing. Learn more at https://ai.google.dev/gemini-api/docs/billing#prepay. ,
Home & Hearth |  |  | false | true,Home & Hearth,,false,true,false,,,,,,,,,,,,,,,error,,,Your prepayment credits are depleted. Please go to AI Studio at https://ai.studio/projects to manage your project and billing. Learn more at https://ai.google.dev/gemini-api/docs/billing#prepay. ,
Designs by Dana |  |  | false | true,Designs by Dana,,false,true,false,,,,,,,,,,,,,,,error,,,Your prepayment credits are depleted. Please go to AI Studio at https://ai.studio/projects to manage your project and billing. Learn more at https://ai.google.dev/gemini-api/docs/billing#prepay. ,
Coastal Home & Design |  |  | false | true,Coastal Home & Design,,false,true,false,,,,,,,,,,,,,,,error,,,Your prepayment credits are depleted. Please go to AI Studio at https://ai.studio/projects to manage your project and billing. Learn more at https://ai.google.dev/gemini-api/docs/billing#prepay. ,
Seaside Style Interiors |  |  | false | true,Seaside Style Interiors,,false,true,false,,,,,,,,,,,,,,,error,,,Your prepayment credits are depleted. Please go to AI Studio at https://ai.studio/projects to manage your project and billing. Learn more at https://ai.google.dev/gemini-api/docs/billing#prepay. ,
South Walton Home Services |  |  | false | true,South Walton Home Services,,false,true,false,,,,,,,,,,,,,,,error,,,Your prepayment credits are depleted. Please go to AI Studio at https://ai.studio/projects to manage your project and billing. Learn more at https://ai.google.dev/gemini-api/docs/billing#prepay. ,
Coastal Irrigation & Landscape |  |  | false | true,Coastal Irrigation & Landscape,,false,true,false,,,,,,,,,,,,,,,error,,,Your prepayment credits are depleted. Please go to AI Studio at https://ai.studio/projects to manage your project and billing. Learn more at https://ai.google.dev/gemini-api/docs/billing#prepay. ,
South Walton Irrigation |  |  | false | true,South Walton Irrigation,,false,true,false,,,,,,,,,,,,,,,error,,,Your prepayment credits are depleted. Please go to AI Studio at https://ai.studio/projects to manage your project and billing. Learn more at https://ai.google.dev/gemini-api/docs/billing#prepay. ,
Irrigation Solutions of NW Florida |  |  | false | true,Irrigation Solutions of NW Florida,,false,true,false,,,,,,,,,,,,,,,error,,,Your prepayment credits are depleted. Please go to AI Studio at https://ai.studio/projects to manage your project and billing. Learn more at https://ai.google.dev/gemini-api/docs/billing#prepay. ,
Bay Breeze Irrigation |  |  | false | true,Bay Breeze Irrigation,,false,true,false,,,,,,,,,,,,,,,error,,,Your prepayment credits are depleted. Please go to AI Studio at https://ai.studio/projects to manage your project and billing. Learn more at https://ai.google.dev/gemini-api/docs/billing#prepay. ,
Emerald Coast Irrigation |  |  | false | true,Emerald Coast Irrigation,,false,true,false,,,,,,,,,,,,,,,error,,,Your prepayment credits are depleted. Please go to AI Studio at https://ai.studio/projects to manage your project and billing. Learn more at https://ai.google.dev/gemini-api/docs/billing#prepay. ,
Aqua Tech Irrigation |  |  | false | true,Aqua Tech Irrigation,,false,true,false,,,,,,,,,,,,,,,error,,,Your prepayment credits are depleted. Please go to AI Studio at https://ai.studio/projects to manage your project and billing. Learn more at https://ai.google.dev/gemini-api/docs/billing#prepay. ,
Sunshine State Irrigation |  |  | false | true,Sunshine State Irrigation,,false,true,false,,,,,,,,,,,,,,,error,,,Your prepayment credits are depleted. Please go to AI Studio at https://ai.studio/projects to manage your project and billing. Learn more at https://ai.google.dev/gemini-api/docs/billing#prepay. ,
Seaside Irrigation Services | Seaside |  | true | true,Seaside Irrigation Services,,true,true,false,Seaside,,,,,,,,,,,,,,error,,,Your prepayment credits are depleted. Please go to AI Studio at https://ai.studio/projects to manage your project and billing. Learn more at https://ai.google.dev/gemini-api/docs/billing#prepay. ,
Gulf Coast Irrigation & Sprinklers |  |  | false | true,Gulf Coast Irrigation & Sprinklers,,false,true,false,,,,,,,,,,,,,,,error,,,Your prepayment credits are depleted. Please go to AI Studio at https://ai.studio/projects to manage your project and billing. Learn more at https://ai.google.dev/gemini-api/docs/billing#prepay. ,
Watersound Irrigation | Watersound |  | true | true,Watersound Irrigation,,true,true,false,Watersound,,,,,,,,,,,,,,error,,,Your prepayment credits are depleted. Please go to AI Studio at https://ai.studio/projects to manage your project and billing. Learn more at https://ai.google.dev/gemini-api/docs/billing#prepay. ,
Blue Mountain Irrigation | Blue Mountain Beach |  | true | true,Blue Mountain Irrigation,,true,true,false,Blue Mountain Beach,,,,,,,,,,,,,,error,,,Your prepayment credits are depleted. Please go to AI Studio at https://ai.studio/projects to manage your project and billing. Learn more at https://ai.google.dev/gemini-api/docs/billing#prepay. ,
Santa Rosa Irrigation | Santa Rosa Beach |  | true | true,Santa Rosa Irrigation,,true,true,false,Santa Rosa Beach,,,,,,,,,,,,,,error,,,Your prepayment credits are depleted. Please go to AI Studio at https://ai.studio/projects to manage your project and billing. Learn more at https://ai.google.dev/gemini-api/docs/billing#prepay. ,
Dune Allen Irrigation Services | Dune Allen Beach |  | true | true,Dune Allen Irrigation Services,,true,true,false,Dune Allen Beach,,,,,,,,,,,,,,error,,,Your prepayment credits are depleted. Please go to AI Studio at https://ai.studio/projects to manage your project and billing. Learn more at https://ai.google.dev/gemini-api/docs/billing#prepay. ,
Miramar Beach Sprinkler Repair |  |  | false | true,Miramar Beach Sprinkler Repair,,false,true,false,,,,,,,,,,,,,,,error,,,Your prepayment credits are depleted. Please go to AI Studio at https://ai.studio/projects to manage your project and billing. Learn more at https://ai.google.dev/gemini-api/docs/billing#prepay. ,
Destin Sprinkler & Irrigation |  |  | false | true,Destin Sprinkler & Irrigation,,false,true,false,,,,,,,,,,,,,,,error,,,Your prepayment credits are depleted. Please go to AI Studio at https://ai.studio/projects to manage your project and billing. Learn more at https://ai.google.dev/gemini-api/docs/billing#prepay. ,
Emerald Coast IT Solutions |  |  | false | true,Emerald Coast IT Solutions,,false,true,false,,,,,,,,,,,,,,,error,,,Your prepayment credits are depleted. Please go to AI Studio at https://ai.studio/projects to manage your project and billing. Learn more at https://ai.google.dev/gemini-api/docs/billing#prepay. ,
Tech Rescue 30A |  |  | false | true,Tech Rescue 30A,,false,true,false,,,,,,,,,,,,,,,error,,,Your prepayment credits are depleted. Please go to AI Studio at https://ai.studio/projects to manage your project and billing. Learn more at https://ai.google.dev/gemini-api/docs/billing#prepay. ,
Coastal IT Services |  |  | false | true,Coastal IT Services,,false,true,false,,,,,,,,,,,,,,,error,,,Your prepayment credits are depleted. Please go to AI Studio at https://ai.studio/projects to manage your project and billing. Learn more at https://ai.google.dev/gemini-api/docs/billing#prepay. ,
30A Tech Support |  |  | false | true,30A Tech Support,,false,true,false,,,,,,,,,,,,,,,error,,,Your prepayment credits are depleted. Please go to AI Studio at https://ai.studio/projects to manage your project and billing. Learn more at https://ai.google.dev/gemini-api/docs/billing#prepay. ,
Blue Mountain Beach Tech Services |  |  | false | true,Blue Mountain Beach Tech Services,,false,true,false,,,,,,,,,,,,,,,error,,,Your prepayment credits are depleted. Please go to AI Studio at https://ai.studio/projects to manage your project and billing. Learn more at https://ai.google.dev/gemini-api/docs/billing#prepay. ,
Seaside Computer Services | Seaside |  | true | true,Seaside Computer Services,,true,true,false,Seaside,,,,,,,,,,,,,,error,,,Your prepayment credits are depleted. Please go to AI Studio at https://ai.studio/projects to manage your project and billing. Learn more at https://ai.google.dev/gemini-api/docs/billing#prepay. ,
Gulf Coast IT Solutions |  |  | false | true,Gulf Coast IT Solutions,,false,true,false,,,,,,,,,,,,,,,error,,,Your prepayment credits are depleted. Please go to AI Studio at https://ai.studio/projects to manage your project and billing. Learn more at https://ai.google.dev/gemini-api/docs/billing#prepay. ,
Digital Fixers of Destin |  |  | false | true,Digital Fixers of Destin,,false,true,false,,,,,,,,,,,,,,,error,,,Your prepayment credits are depleted. Please go to AI Studio at https://ai.studio/projects to manage your project and billing. Learn more at https://ai.google.dev/gemini-api/docs/billing#prepay. ,
Santa Rosa Beach Tech Pros |  |  | false | true,Santa Rosa Beach Tech Pros,,false,true,false,,,,,,,,,,,,,,,error,,,Your prepayment credits are depleted. Please go to AI Studio at https://ai.studio/projects to manage your project and billing. Learn more at https://ai.google.dev/gemini-api/docs/billing#prepay. ,
Walton County IT Services |  |  | false | true,Walton County IT Services,,false,true,false,,,,,,,,,,,,,,,error,,,Your prepayment credits are depleted. Please go to AI Studio at https://ai.studio/projects to manage your project and billing. Learn more at https://ai.google.dev/gemini-api/docs/billing#prepay. ,
Destin Network Solutions |  |  | false | true,Destin Network Solutions,,false,true,false,,,,,,,,,,,,,,,error,,,Your prepayment credits are depleted. Please go to AI Studio at https://ai.studio/projects to manage your project and billing. Learn more at https://ai.google.dev/gemini-api/docs/billing#prepay. ,
South Walton Tech Repair |  |  | false | true,South Walton Tech Repair,,false,true,false,,,,,,,,,,,,,,,error,,,Your prepayment credits are depleted. Please go to AI Studio at https://ai.studio/projects to manage your project and billing. Learn more at https://ai.google.dev/gemini-api/docs/billing#prepay. ,
30A Jet Ski Rentals | Santa Rosa Beach |  | true | true,30A Jet Ski Rentals,,true,true,false,Santa Rosa Beach,,,,,,,,,,,,,,error,,,Your prepayment credits are depleted. Please go to AI Studio at https://ai.studio/projects to manage your project and billing. Learn more at https://ai.google.dev/gemini-api/docs/billing#prepay. ,
Destin Jet Ski Rentals |  |  | false | true,Destin Jet Ski Rentals,,false,true,false,,,,,,,,,,,,,,,error,,,Your prepayment credits are depleted. Please go to AI Studio at https://ai.studio/projects to manage your project and billing. Learn more at https://ai.google.dev/gemini-api/docs/billing#prepay. ,
Miramar Beach Jet Ski Rentals |  |  | false | true,Miramar Beach Jet Ski Rentals,,false,true,false,,,,,,,,,,,,,,,error,,,Your prepayment credits are depleted. Please go to AI Studio at https://ai.studio/projects to manage your project and billing. Learn more at https://ai.google.dev/gemini-api/docs/billing#prepay. ,
Gulf Coast Jet Ski Rentals |  |  | false | true,Gulf Coast Jet Ski Rentals,,false,true,false,,,,,,,,,,,,,,,error,,,Your prepayment credits are depleted. Please go to AI Studio at https://ai.studio/projects to manage your project and billing. Learn more at https://ai.google.dev/gemini-api/docs/billing#prepay. ,
Sea Blaster Jet Ski Rentals |  |  | false | true,Sea Blaster Jet Ski Rentals,,false,true,false,,,,,,,,,,,,,,,error,,,Your prepayment credits are depleted. Please go to AI Studio at https://ai.studio/projects to manage your project and billing. Learn more at https://ai.google.dev/gemini-api/docs/billing#prepay. ,
Coastal Watersports |  |  | false | true,Coastal Watersports,,false,true,false,,,,,,,,,,,,,,,error,,,Your prepayment credits are depleted. Please go to AI Studio at https://ai.studio/projects to manage your project and billing. Learn more at https://ai.google.dev/gemini-api/docs/billing#prepay. ,
30A Watersports | Santa Rosa Beach |  | true | true,30A Watersports,,true,true,false,Santa Rosa Beach,,,,,,,,,,,,,,error,,,Your prepayment credits are depleted. Please go to AI Studio at https://ai.studio/projects to manage your project and billing. Learn more at https://ai.google.dev/gemini-api/docs/billing#prepay. ,
Destin Water Sports |  |  | false | true,Destin Water Sports,,false,true,false,,,,,,,,,,,,,,,error,,,Your prepayment credits are depleted. Please go to AI Studio at https://ai.studio/projects to manage your project and billing. Learn more at https://ai.google.dev/gemini-api/docs/billing#prepay. ,
Sunset Watersports |  |  | false | true,Sunset Watersports,,false,true,false,,,,,,,,,,,,,,,error,,,Your prepayment credits are depleted. Please go to AI Studio at https://ai.studio/projects to manage your project and billing. Learn more at https://ai.google.dev/gemini-api/docs/billing#prepay. ,
Aqua Adventures 30A | Santa Rosa Beach |  | true | true,Aqua Adventures 30A,,true,true,false,Santa Rosa Beach,,,,,,,,,,,,,,error,,,Your prepayment credits are depleted. Please go to AI Studio at https://ai.studio/projects to manage your project and billing. Learn more at https://ai.google.dev/gemini-api/docs/billing#prepay. ,
Jet Ski Rentals 30A | Santa Rosa Beach |  | true | true,Jet Ski Rentals 30A,,true,true,false,Santa Rosa Beach,,,,,,,,,,,,,,error,,,Your prepayment credits are depleted. Please go to AI Studio at https://ai.studio/projects to manage your project and billing. Learn more at https://ai.google.dev/gemini-api/docs/billing#prepay. ,
Emerald Coast Jet Ski Rentals |  |  | false | true,Emerald Coast Jet Ski Rentals,,false,true,false,,,,,,,,,,,,,,,error,,,Your prepayment credits are depleted. Please go to AI Studio at https://ai.studio/projects to manage your project and billing. Learn more at https://ai.google.dev/gemini-api/docs/billing#prepay. ,
Beachside Jet Ski Rentals |  |  | false | true,Beachside Jet Ski Rentals,,false,true,false,,,,,,,,,,,,,,,error,,,Your prepayment credits are depleted. Please go to AI Studio at https://ai.studio/projects to manage your project and billing. Learn more at https://ai.google.dev/gemini-api/docs/billing#prepay. ,
Baytowne Jet Ski Rentals |  |  | false | true,Baytowne Jet Ski Rentals,,false,true,false,,,,,,,,,,,,,,,error,,,Your prepayment credits are depleted. Please go to AI Studio at https://ai.studio/projects to manage your project and billing. Learn more at https://ai.google.dev/gemini-api/docs/billing#prepay. ,
South Walton Jet Ski Rentals | Santa Rosa Beach |  | true | true,South Walton Jet Ski Rentals,,true,true,false,Santa Rosa Beach,,,,,,,,,,,,,,error,,,Your prepayment credits are depleted. Please go to AI Studio at https://ai.studio/projects to manage your project and billing. Learn more at https://ai.google.dev/gemini-api/docs/billing#prepay. ,
The Silver Shop |  |  | false | true,The Silver Shop,,false,true,false,,,,,,,,,,,,,,,error,,,Your prepayment credits are depleted. Please go to AI Studio at https://ai.studio/projects to manage your project and billing. Learn more at https://ai.google.dev/gemini-api/docs/billing#prepay. ,
The Jewelry Box |  |  | false | true,The Jewelry Box,,false,true,false,,,,,,,,,,,,,,,error,,,Your prepayment credits are depleted. Please go to AI Studio at https://ai.studio/projects to manage your project and billing. Learn more at https://ai.google.dev/gemini-api/docs/billing#prepay. ,
Seaside Jewelry | Seaside |  | true | false,Seaside Jewelry,,true,false,false,Seaside,,,,,,,,,,,,,,error,,,Your prepayment credits are depleted. Please go to AI Studio at https://ai.studio/projects to manage your project and billing. Learn more at https://ai.google.dev/gemini-api/docs/billing#prepay. ,
Gulf Coast Jewelry |  |  | false | true,Gulf Coast Jewelry,,false,true,false,,,,,,,,,,,,,,,error,,,Your prepayment credits are depleted. Please go to AI Studio at https://ai.studio/projects to manage your project and billing. Learn more at https://ai.google.dev/gemini-api/docs/billing#prepay. ,
Beachside Jewelers |  |  | false | true,Beachside Jewelers,,false,true,false,,,,,,,,,,,,,,,error,,,Your prepayment credits are depleted. Please go to AI Studio at https://ai.studio/projects to manage your project and billing. Learn more at https://ai.google.dev/gemini-api/docs/billing#prepay. ,
The Diamond Boutique |  |  | false | true,The Diamond Boutique,,false,true,false,,,,,,,,,,,,,,,error,,,Your prepayment credits are depleted. Please go to AI Studio at https://ai.studio/projects to manage your project and billing. Learn more at https://ai.google.dev/gemini-api/docs/billing#prepay. ,
Coastal Gems & Jewelry |  |  | false | true,Coastal Gems & Jewelry,,false,true,false,,,,,,,,,,,,,,,error,,,Your prepayment credits are depleted. Please go to AI Studio at https://ai.studio/projects to manage your project and billing. Learn more at https://ai.google.dev/gemini-api/docs/billing#prepay. ,
Sandy Toes Jewelry | Seagrove Beach |  | true | false,Sandy Toes Jewelry,,true,false,false,Seagrove Beach,,,,,,,,,,,,,,error,,,Your prepayment credits are depleted. Please go to AI Studio at https://ai.studio/projects to manage your project and billing. Learn more at https://ai.google.dev/gemini-api/docs/billing#prepay. ,
Island Time Jewelry |  |  | false | true,Island Time Jewelry,,false,true,false,,,,,,,,,,,,,,,error,,,Your prepayment credits are depleted. Please go to AI Studio at https://ai.studio/projects to manage your project and billing. Learn more at https://ai.google.dev/gemini-api/docs/billing#prepay. ,
Sunshine Jewelry Repair |  |  | false | true,Sunshine Jewelry Repair,,false,true,false,,,,,,,,,,,,,,,error,,,Your prepayment credits are depleted. Please go to AI Studio at https://ai.studio/projects to manage your project and billing. Learn more at https://ai.google.dev/gemini-api/docs/billing#prepay. ,
Emerald Coast Jewelry Repair |  |  | false | true,Emerald Coast Jewelry Repair,,false,true,false,,,,,,,,,,,,,,,error,,,Your prepayment credits are depleted. Please go to AI Studio at https://ai.studio/projects to manage your project and billing. Learn more at https://ai.google.dev/gemini-api/docs/billing#prepay. ,
Destin Jewelry Repair |  |  | false | true,Destin Jewelry Repair,,false,true,false,,,,,,,,,,,,,,,error,,,Your prepayment credits are depleted. Please go to AI Studio at https://ai.studio/projects to manage your project and billing. Learn more at https://ai.google.dev/gemini-api/docs/billing#prepay. ,
South Walton Jewelry Repair |  |  | false | true,South Walton Jewelry Repair,,false,true,false,,,,,,,,,,,,,,,error,,,Your prepayment credits are depleted. Please go to AI Studio at https://ai.studio/projects to manage your project and billing. Learn more at https://ai.google.dev/gemini-api/docs/billing#prepay. ,
Miramar Beach Jewelry Repair |  |  | false | true,Miramar Beach Jewelry Repair,,false,true,false,,,,,,,,,,,,,,,error,,,Your prepayment credits are depleted. Please go to AI Studio at https://ai.studio/projects to manage your project and billing. Learn more at https://ai.google.dev/gemini-api/docs/billing#prepay. ,
Seaside Jewelry Repair |  |  | false | true,Seaside Jewelry Repair,,false,true,false,,,,,,,,,,,,,,,error,,,Your prepayment credits are depleted. Please go to AI Studio at https://ai.studio/projects to manage your project and billing. Learn more at https://ai.google.dev/gemini-api/docs/billing#prepay. ,
Junk Dawgs Destin |  |  | false | true,Junk Dawgs Destin,,false,true,false,,,,,,,,,,,,,,,error,,,Your prepayment credits are depleted. Please go to AI Studio at https://ai.studio/projects to manage your project and billing. Learn more at https://ai.google.dev/gemini-api/docs/billing#prepay. ,
30A Junk Removal |  |  | false | true,30A Junk Removal,,false,true,false,,,,,,,,,,,,,,,error,,,Your prepayment credits are depleted. Please go to AI Studio at https://ai.studio/projects to manage your project and billing. Learn more at https://ai.google.dev/gemini-api/docs/billing#prepay. ,
Emerald Coast Junk Removal |  |  | false | true,Emerald Coast Junk Removal,,false,true,false,,,,,,,,,,,,,,,error,,,Your prepayment credits are depleted. Please go to AI Studio at https://ai.studio/projects to manage your project and billing. Learn more at https://ai.google.dev/gemini-api/docs/billing#prepay. ,
Destin Junk Removal |  |  | false | true,Destin Junk Removal,,false,true,false,,,,,,,,,,,,,,,error,,,Your prepayment credits are depleted. Please go to AI Studio at https://ai.studio/projects to manage your project and billing. Learn more at https://ai.google.dev/gemini-api/docs/billing#prepay. ,
Junk King Emerald Coast |  |  | false | true,Junk King Emerald Coast,,false,true,false,,,,,,,,,,,,,,,error,,,Your prepayment credits are depleted. Please go to AI Studio at https://ai.studio/projects to manage your project and billing. Learn more at https://ai.google.dev/gemini-api/docs/billing#prepay. ,
Junk Dawgs South Walton |  |  | false | true,Junk Dawgs South Walton,,false,true,false,,,,,,,,,,,,,,,error,,,Your prepayment credits are depleted. Please go to AI Studio at https://ai.studio/projects to manage your project and billing. Learn more at https://ai.google.dev/gemini-api/docs/billing#prepay. ,
All In One Junk Removal |  |  | false | true,All In One Junk Removal,,false,true,false,,,,,,,,,,,,,,,error,,,Your prepayment credits are depleted. Please go to AI Studio at https://ai.studio/projects to manage your project and billing. Learn more at https://ai.google.dev/gemini-api/docs/billing#prepay. ,
Junk Removal 30A |  |  | false | true,Junk Removal 30A,,false,true,false,,,,,,,,,,,,,,,error,,,Your prepayment credits are depleted. Please go to AI Studio at https://ai.studio/projects to manage your project and billing. Learn more at https://ai.google.dev/gemini-api/docs/billing#prepay. ,
Junk Pros of Destin |  |  | false | true,Junk Pros of Destin,,false,true,false,,,,,,,,,,,,,,,error,,,Your prepayment credits are depleted. Please go to AI Studio at https://ai.studio/projects to manage your project and billing. Learn more at https://ai.google.dev/gemini-api/docs/billing#prepay. ,
Bay Junk Removal |  |  | false | true,Bay Junk Removal,,false,true,false,,,,,,,,,,,,,,,error,,,Your prepayment credits are depleted. Please go to AI Studio at https://ai.studio/projects to manage your project and billing. Learn more at https://ai.google.dev/gemini-api/docs/billing#prepay. ,
Junk Busters |  |  | false | true,Junk Busters,,false,true,false,,,,,,,,,,,,,,,error,,,Your prepayment credits are depleted. Please go to AI Studio at https://ai.studio/projects to manage your project and billing. Learn more at https://ai.google.dev/gemini-api/docs/billing#prepay. ,
Junk Dawgs Panama City |  |  | false | true,Junk Dawgs Panama City,,false,true,false,,,,,,,,,,,,,,,error,,,Your prepayment credits are depleted. Please go to AI Studio at https://ai.studio/projects to manage your project and billing. Learn more at https://ai.google.dev/gemini-api/docs/billing#prepay. ,
Junk Dawgs Fort Walton Beach |  |  | false | true,Junk Dawgs Fort Walton Beach,,false,true,false,,,,,,,,,,,,,,,error,,,Your prepayment credits are depleted. Please go to AI Studio at https://ai.studio/projects to manage your project and billing. Learn more at https://ai.google.dev/gemini-api/docs/billing#prepay. ,
Junk Dawgs Niceville |  |  | false | true,Junk Dawgs Niceville,,false,true,false,,,,,,,,,,,,,,,error,,,Your prepayment credits are depleted. Please go to AI Studio at https://ai.studio/projects to manage your project and billing. Learn more at https://ai.google.dev/gemini-api/docs/billing#prepay. ,
Junk Dawgs Crestview |  |  | false | true,Junk Dawgs Crestview,,false,true,false,,,,,,,,,,,,,,,error,,,Your prepayment credits are depleted. Please go to AI Studio at https://ai.studio/projects to manage your project and billing. Learn more at https://ai.google.dev/gemini-api/docs/billing#prepay. ,
30A Lawn Care | Santa Rosa Beach |  | true | true,30A Lawn Care,,true,true,false,Santa Rosa Beach,,,,,,,,,,,,,,error,,,Your prepayment credits are depleted. Please go to AI Studio at https://ai.studio/projects to manage your project and billing. Learn more at https://ai.google.dev/gemini-api/docs/billing#prepay. ,
Emerald Coast Lawn Care |  |  | false | true,Emerald Coast Lawn Care,,false,true,false,,,,,,,,,,,,,,,error,,,Your prepayment credits are depleted. Please go to AI Studio at https://ai.studio/projects to manage your project and billing. Learn more at https://ai.google.dev/gemini-api/docs/billing#prepay. ,
Coastal Lawn & Landscape | Santa Rosa Beach |  | true | true,Coastal Lawn & Landscape,,true,true,false,Santa Rosa Beach,,,,,,,,,,,,,,error,,,Your prepayment credits are depleted. Please go to AI Studio at https://ai.studio/projects to manage your project and billing. Learn more at https://ai.google.dev/gemini-api/docs/billing#prepay. ,
Bay Lawn Care & Landscaping |  |  | false | true,Bay Lawn Care & Landscaping,,false,true,false,,,,,,,,,,,,,,,error,,,Your prepayment credits are depleted. Please go to AI Studio at https://ai.studio/projects to manage your project and billing. Learn more at https://ai.google.dev/gemini-api/docs/billing#prepay. ,
South Walton Lawn Care |  |  | false | true,South Walton Lawn Care,,false,true,false,,,,,,,,,,,,,,,error,,,Your prepayment credits are depleted. Please go to AI Studio at https://ai.studio/projects to manage your project and billing. Learn more at https://ai.google.dev/gemini-api/docs/billing#prepay. ,
Lawn Doctor of South Walton |  |  | false | true,Lawn Doctor of South Walton,,false,true,false,,,,,,,,,,,,,,,error,,,Your prepayment credits are depleted. Please go to AI Studio at https://ai.studio/projects to manage your project and billing. Learn more at https://ai.google.dev/gemini-api/docs/billing#prepay. ,
Green Thumb Lawn Care |  |  | false | true,Green Thumb Lawn Care,,false,true,false,,,,,,,,,,,,,,,error,,,Your prepayment credits are depleted. Please go to AI Studio at https://ai.studio/projects to manage your project and billing. Learn more at https://ai.google.dev/gemini-api/docs/billing#prepay. ,
Seaside Lawn & Landscape | Seaside |  | true | true,Seaside Lawn & Landscape,,true,true,false,Seaside,,,,,,,,,,,,,,error,,,Your prepayment credits are depleted. Please go to AI Studio at https://ai.studio/projects to manage your project and billing. Learn more at https://ai.google.dev/gemini-api/docs/billing#prepay. ,
Beachside Lawn Care |  |  | false | true,Beachside Lawn Care,,false,true,false,,,,,,,,,,,,,,,error,,,Your prepayment credits are depleted. Please go to AI Studio at https://ai.studio/projects to manage your project and billing. Learn more at https://ai.google.dev/gemini-api/docs/billing#prepay. ,
Destin Lawn & Landscape |  |  | false | true,Destin Lawn & Landscape,,false,true,false,,,,,,,,,,,,,,,error,,,Your prepayment credits are depleted. Please go to AI Studio at https://ai.studio/projects to manage your project and billing. Learn more at https://ai.google.dev/gemini-api/docs/billing#prepay. ,
Lawn & Leaf |  |  | false | true,Lawn & Leaf,,false,true,false,,,,,,,,,,,,,,,error,,,Your prepayment credits are depleted. Please go to AI Studio at https://ai.studio/projects to manage your project and billing. Learn more at https://ai.google.dev/gemini-api/docs/billing#prepay. ,
Southern Lawn Care |  |  | false | true,Southern Lawn Care,,false,true,false,,,,,,,,,,,,,,,error,,,Your prepayment credits are depleted. Please go to AI Studio at https://ai.studio/projects to manage your project and billing. Learn more at https://ai.google.dev/gemini-api/docs/billing#prepay. ,
Watersound Lawn Care |  |  | false | true,Watersound Lawn Care,,false,true,false,,,,,,,,,,,,,,,error,,,Your prepayment credits are depleted. Please go to AI Studio at https://ai.studio/projects to manage your project and billing. Learn more at https://ai.google.dev/gemini-api/docs/billing#prepay. ,
Gulf Coast Lawn Care |  |  | false | true,Gulf Coast Lawn Care,,false,true,false,,,,,,,,,,,,,,,error,,,Your prepayment credits are depleted. Please go to AI Studio at https://ai.studio/projects to manage your project and billing. Learn more at https://ai.google.dev/gemini-api/docs/billing#prepay. ,
Sandestin Lawn Care | Sandestin |  | true | true,Sandestin Lawn Care,,true,true,false,Sandestin,,,,,,,,,,,,,,error,,,Your prepayment credits are depleted. Please go to AI Studio at https://ai.studio/projects to manage your project and billing. Learn more at https://ai.google.dev/gemini-api/docs/billing#prepay. ,
Destin Marine & Boat Service |  |  | false | true,Destin Marine & Boat Service,,false,true,false,,,,,,,,,,,,,,,error,,,Your prepayment credits are depleted. Please go to AI Studio at https://ai.studio/projects to manage your project and billing. Learn more at https://ai.google.dev/gemini-api/docs/billing#prepay. ,
Destin Boat Rentals & Tours |  |  | false | true,Destin Boat Rentals & Tours,,false,true,false,,,,,,,,,,,,,,,error,,,Your prepayment credits are depleted. Please go to AI Studio at https://ai.studio/projects to manage your project and billing. Learn more at https://ai.google.dev/gemini-api/docs/billing#prepay. ,
South Walton Marine Service |  |  | false | true,South Walton Marine Service,,false,true,false,,,,,,,,,,,,,,,error,,,Your prepayment credits are depleted. Please go to AI Studio at https://ai.studio/projects to manage your project and billing. Learn more at https://ai.google.dev/gemini-api/docs/billing#prepay. ,
Miramar Beach Boat Repair |  |  | false | true,Miramar Beach Boat Repair,,false,true,false,,,,,,,,,,,,,,,error,,,Your prepayment credits are depleted. Please go to AI Studio at https://ai.studio/projects to manage your project and billing. Learn more at https://ai.google.dev/gemini-api/docs/billing#prepay. ,
Gulf Coast Marine Services |  |  | false | true,Gulf Coast Marine Services,,false,true,false,,,,,,,,,,,,,,,error,,,Your prepayment credits are depleted. Please go to AI Studio at https://ai.studio/projects to manage your project and billing. Learn more at https://ai.google.dev/gemini-api/docs/billing#prepay. ,
Alys Beach Boat Works | Alys Beach |  | true | true,Alys Beach Boat Works,,true,true,false,Alys Beach,,,,,,,,,,,,,,error,,,Your prepayment credits are depleted. Please go to AI Studio at https://ai.studio/projects to manage your project and billing. Learn more at https://ai.google.dev/gemini-api/docs/billing#prepay. ,
Grayton Beach Boat Rentals | Grayton Beach |  | true | true,Grayton Beach Boat Rentals,,true,true,false,Grayton Beach,,,,,,,,,,,,,,error,,,Your prepayment credits are depleted. Please go to AI Studio at https://ai.studio/projects to manage your project and billing. Learn more at https://ai.google.dev/gemini-api/docs/billing#prepay. ,
Sandestin Boat & Yacht Service | Sandestin |  | true | true,Sandestin Boat & Yacht Service,,true,true,false,Sandestin,,,,,,,,,,,,,,error,,,Your prepayment credits are depleted. Please go to AI Studio at https://ai.studio/projects to manage your project and billing. Learn more at https://ai.google.dev/gemini-api/docs/billing#prepay. ,
Seacrest Beach Marine Repair | Seacrest Beach |  | true | true,Seacrest Beach Marine Repair,,true,true,false,Seacrest Beach,,,,,,,,,,,,,,error,,,Your prepayment credits are depleted. Please go to AI Studio at https://ai.studio/projects to manage your project and billing. Learn more at https://ai.google.dev/gemini-api/docs/billing#prepay. ,
Blue Mountain Beach Marine Services |  |  | false | true,Blue Mountain Beach Marine Services,,false,true,false,,,,,,,,,,,,,,,error,,,Your prepayment credits are depleted. Please go to AI Studio at https://ai.studio/projects to manage your project and billing. Learn more at https://ai.google.dev/gemini-api/docs/billing#prepay. ,
Rosemary Beach Boat Maintenance | Rosemary Beach |  | true | true,Rosemary Beach Boat Maintenance,,true,true,false,Rosemary Beach,,,,,,,,,,,,,,error,,,Your prepayment credits are depleted. Please go to AI Studio at https://ai.studio/projects to manage your project and billing. Learn more at https://ai.google.dev/gemini-api/docs/billing#prepay. ,
The 30A Company | Santa Rosa Beach |  | true | false,The 30A Company,,true,false,false,Santa Rosa Beach,,,,,,,,,,,,,,error,,,Your prepayment credits are depleted. Please go to AI Studio at https://ai.studio/projects to manage your project and billing. Learn more at https://ai.google.dev/gemini-api/docs/billing#prepay. ,
Saltwater Media Group |  |  | false | true,Saltwater Media Group,,false,true,false,,,,,,,,,,,,,,,error,,,Your prepayment credits are depleted. Please go to AI Studio at https://ai.studio/projects to manage your project and billing. Learn more at https://ai.google.dev/gemini-api/docs/billing#prepay. ,
The Branding Agency |  |  | false | true,The Branding Agency,,false,true,false,,,,,,,,,,,,,,,error,,,Your prepayment credits are depleted. Please go to AI Studio at https://ai.studio/projects to manage your project and billing. Learn more at https://ai.google.dev/gemini-api/docs/billing#prepay. ,
Seaside Digital Marketing | Seaside |  | true | true,Seaside Digital Marketing,,true,true,false,Seaside,,,,,,,,,,,,,,error,,,Your prepayment credits are depleted. Please go to AI Studio at https://ai.studio/projects to manage your project and billing. Learn more at https://ai.google.dev/gemini-api/docs/billing#prepay. ,
Coastal Marketing Group |  |  | false | true,Coastal Marketing Group,,false,true,false,,,,,,,,,,,,,,,error,,,Your prepayment credits are depleted. Please go to AI Studio at https://ai.studio/projects to manage your project and billing. Learn more at https://ai.google.dev/gemini-api/docs/billing#prepay. ,
Bluewater Marketing |  |  | false | true,Bluewater Marketing,,false,true,false,,,,,,,,,,,,,,,error,,,Your prepayment credits are depleted. Please go to AI Studio at https://ai.studio/projects to manage your project and billing. Learn more at https://ai.google.dev/gemini-api/docs/billing#prepay. ,
South Walton Marketing |  |  | false | true,South Walton Marketing,,false,true,false,,,,,,,,,,,,,,,error,,,Your prepayment credits are depleted. Please go to AI Studio at https://ai.studio/projects to manage your project and billing. Learn more at https://ai.google.dev/gemini-api/docs/billing#prepay. ,
Beachside Creative |  |  | false | true,Beachside Creative,,false,true,false,,,,,,,,,,,,,,,error,,,Your prepayment credits are depleted. Please go to AI Studio at https://ai.studio/projects to manage your project and billing. Learn more at https://ai.google.dev/gemini-api/docs/billing#prepay. ,
Emerald Coast Marketing |  |  | false | true,Emerald Coast Marketing,,false,true,false,,,,,,,,,,,,,,,error,,,Your prepayment credits are depleted. Please go to AI Studio at https://ai.studio/projects to manage your project and billing. Learn more at https://ai.google.dev/gemini-api/docs/billing#prepay. ,
Mako Marketing |  |  | false | true,Mako Marketing,,false,true,false,,,,,,,,,,,,,,,error,,,Your prepayment credits are depleted. Please go to AI Studio at https://ai.studio/projects to manage your project and billing. Learn more at https://ai.google.dev/gemini-api/docs/billing#prepay. ,
30A Social Media |  |  | false | true,30A Social Media,,false,true,false,,,,,,,,,,,,,,,error,,,Your prepayment credits are depleted. Please go to AI Studio at https://ai.studio/projects to manage your project and billing. Learn more at https://ai.google.dev/gemini-api/docs/billing#prepay. ,
The Marketing Lab |  |  | false | true,The Marketing Lab,,false,true,false,,,,,,,,,,,,,,,error,,,Your prepayment credits are depleted. Please go to AI Studio at https://ai.studio/projects to manage your project and billing. Learn more at https://ai.google.dev/gemini-api/docs/billing#prepay. ,
Salt Marketing Group |  |  | false | true,Salt Marketing Group,,false,true,false,,,,,,,,,,,,,,,error,,,Your prepayment credits are depleted. Please go to AI Studio at https://ai.studio/projects to manage your project and billing. Learn more at https://ai.google.dev/gemini-api/docs/billing#prepay. ,
Seagrove Creative | Seagrove Beach |  | true | false,Seagrove Creative,,true,false,false,Seagrove Beach,,,,,,,,,,,,,,error,,,Your prepayment credits are depleted. Please go to AI Studio at https://ai.studio/projects to manage your project and billing. Learn more at https://ai.google.dev/gemini-api/docs/billing#prepay. ,
30A Mobile Detailing |  |  | false | true,30A Mobile Detailing,,false,true,false,,,,,,,,,,,,,,,error,,,Your prepayment credits are depleted. Please go to AI Studio at https://ai.studio/projects to manage your project and billing. Learn more at https://ai.google.dev/gemini-api/docs/billing#prepay. ,
Emerald Coast Mobile Detailing |  |  | false | true,Emerald Coast Mobile Detailing,,false,true,false,,,,,,,,,,,,,,,error,,,Your prepayment credits are depleted. Please go to AI Studio at https://ai.studio/projects to manage your project and billing. Learn more at https://ai.google.dev/gemini-api/docs/billing#prepay. ,
Coastal Mobile Detailing |  |  | false | true,Coastal Mobile Detailing,,false,true,false,,,,,,,,,,,,,,,error,,,Your prepayment credits are depleted. Please go to AI Studio at https://ai.studio/projects to manage your project and billing. Learn more at https://ai.google.dev/gemini-api/docs/billing#prepay. ,
Destin Mobile Detailing |  |  | false | true,Destin Mobile Detailing,,false,true,false,,,,,,,,,,,,,,,error,,,Your prepayment credits are depleted. Please go to AI Studio at https://ai.studio/projects to manage your project and billing. Learn more at https://ai.google.dev/gemini-api/docs/billing#prepay. ,
Beachside Mobile Detailing |  |  | false | true,Beachside Mobile Detailing,,false,true,false,,,,,,,,,,,,,,,error,,,Your prepayment credits are depleted. Please go to AI Studio at https://ai.studio/projects to manage your project and billing. Learn more at https://ai.google.dev/gemini-api/docs/billing#prepay. ,
Shoreline Mobile Detailing |  |  | false | true,Shoreline Mobile Detailing,,false,true,false,,,,,,,,,,,,,,,error,,,Your prepayment credits are depleted. Please go to AI Studio at https://ai.studio/projects to manage your project and billing. Learn more at https://ai.google.dev/gemini-api/docs/billing#prepay. ,
Gulf Coast Mobile Detailing |  |  | false | true,Gulf Coast Mobile Detailing,,false,true,false,,,,,,,,,,,,,,,error,,,Your prepayment credits are depleted. Please go to AI Studio at https://ai.studio/projects to manage your project and billing. Learn more at https://ai.google.dev/gemini-api/docs/billing#prepay. ,
Luxury Mobile Detailing |  |  | false | true,Luxury Mobile Detailing,,false,true,false,,,,,,,,,,,,,,,error,,,Your prepayment credits are depleted. Please go to AI Studio at https://ai.studio/projects to manage your project and billing. Learn more at https://ai.google.dev/gemini-api/docs/billing#prepay. ,
Aqua Mobile Detailing |  |  | false | true,Aqua Mobile Detailing,,false,true,false,,,,,,,,,,,,,,,error,,,Your prepayment credits are depleted. Please go to AI Studio at https://ai.studio/projects to manage your project and billing. Learn more at https://ai.google.dev/gemini-api/docs/billing#prepay. ,
Pro Mobile Detailing |  |  | false | true,Pro Mobile Detailing,,false,true,false,,,,,,,,,,,,,,,error,,,Your prepayment credits are depleted. Please go to AI Studio at https://ai.studio/projects to manage your project and billing. Learn more at https://ai.google.dev/gemini-api/docs/billing#prepay. ,
Detailing by the Bay |  |  | false | true,Detailing by the Bay,,false,true,false,,,,,,,,,,,,,,,error,,,Your prepayment credits are depleted. Please go to AI Studio at https://ai.studio/projects to manage your project and billing. Learn more at https://ai.google.dev/gemini-api/docs/billing#prepay. ,
Seaside Mobile Detailing |  |  | false | true,Seaside Mobile Detailing,,false,true,false,,,,,,,,,,,,,,,error,,,Your prepayment credits are depleted. Please go to AI Studio at https://ai.studio/projects to manage your project and billing. Learn more at https://ai.google.dev/gemini-api/docs/billing#prepay. ,
Bay Breeze Mobile Detailing |  |  | false | true,Bay Breeze Mobile Detailing,,false,true,false,,,,,,,,,,,,,,,error,,,Your prepayment credits are depleted. Please go to AI Studio at https://ai.studio/projects to manage your project and billing. Learn more at https://ai.google.dev/gemini-api/docs/billing#prepay. ,
Sandestin Mobile Detailing |  |  | false | true,Sandestin Mobile Detailing,,false,true,false,,,,,,,,,,,,,,,error,,,Your prepayment credits are depleted. Please go to AI Studio at https://ai.studio/projects to manage your project and billing. Learn more at https://ai.google.dev/gemini-api/docs/billing#prepay. ,
Coastal Shine Mobile Detailing |  |  | false | true,Coastal Shine Mobile Detailing,,false,true,false,,,,,,,,,,,,,,,error,,,Your prepayment credits are depleted. Please go to AI Studio at https://ai.studio/projects to manage your project and billing. Learn more at https://ai.google.dev/gemini-api/docs/billing#prepay. ,
30A Movers | Santa Rosa Beach |  | true | true,30A Movers,,true,true,false,Santa Rosa Beach,,,,,,,,,,,,,,error,,,Your prepayment credits are depleted. Please go to AI Studio at https://ai.studio/projects to manage your project and billing. Learn more at https://ai.google.dev/gemini-api/docs/billing#prepay. ,
Destin Moving & Storage |  |  | false | true,Destin Moving & Storage,,false,true,false,,,,,,,,,,,,,,,error,,,Your prepayment credits are depleted. Please go to AI Studio at https://ai.studio/projects to manage your project and billing. Learn more at https://ai.google.dev/gemini-api/docs/billing#prepay. ,
All My Sons Moving & Storage |  |  | false | true,All My Sons Moving & Storage,,false,true,false,,,,,,,,,,,,,,,,,,,
Two Men and a Truck Destin |  |  | false | true,Two Men and a Truck Destin,,false,true,false,,,,,,,,,,,,,,,,,,,
A-1 Moving & Storage |  |  | false | true,A-1 Moving & Storage,,false,true,false,,,,,,,,,,,,,,,,,,,
South Walton Moving & Storage | Santa Rosa Beach |  | true | true,South Walton Moving & Storage,,true,true,false,Santa Rosa Beach,,,,,,,,,,,,,,,,,,
Budget Movers of Destin |  |  | false | true,Budget Movers of Destin,,false,true,false,,,,,,,,,,,,,,,,,,,
Coastal Moving & Storage | Santa Rosa Beach |  | true | true,Coastal Moving & Storage,,true,true,false,Santa Rosa Beach,,,,,,,,,,,,,,,,,,
Gulf Coast Moving & Storage |  |  | false | true,Gulf Coast Moving & Storage,,false,true,false,,,,,,,,,,,,,,,,,,,
Destin Express Movers |  |  | false | true,Destin Express Movers,,false,true,false,,,,,,,,,,,,,,,,,,,
Movers of 30A |  |  | false | true,Movers of 30A,,false,true,false,,,,,,,,,,,,,,,,,,,
Destin Local Movers |  |  | false | true,Destin Local Movers,,false,true,false,,,,,,,,,,,,,,,,,,,
All Season Movers |  |  | false | true,All Season Movers,,false,true,false,,,,,,,,,,,,,,,,,,,
Emerald Coast Moving & Storage |  |  | false | true,Emerald Coast Moving & Storage,,false,true,false,,,,,,,,,,,,,,,,,,,
Big Easy Moving & Storage |  |  | false | true,Big Easy Moving & Storage,,false,true,false,,,,,,,,,,,,,,,,,,,
Destin Music Lessons |  |  | false | true,Destin Music Lessons,,false,true,false,,,,,,,,,,,,,,,,,,,
Music Makers of South Walton |  |  | false | true,Music Makers of South Walton,,false,true,false,,,,,,,,,,,,,,,,,,,
Seaside School of Music | Seaside |  | true | false,Seaside School of Music,,true,false,false,Seaside,,,,,,,,,,,,,,,,,,
Grayton Beach Music Studio | Grayton Beach |  | true | false,Grayton Beach Music Studio,,true,false,false,Grayton Beach,,,,,,,,,,,,,,,,,,
South Walton Music Academy |  |  | false | true,South Walton Music Academy,,false,true,false,,,,,,,,,,,,,,,,,,,
The Music Room at WaterColor | Watercolor |  | true | false,The Music Room at WaterColor,,true,false,false,Watercolor,,,,,,,,,,,,,,,,,,
Piano Lessons 30A |  |  | false | true,Piano Lessons 30A,,false,true,false,,,,,,,,,,,,,,,,,,,
Destin Guitar Lessons |  |  | false | true,Destin Guitar Lessons,,false,true,false,,,,,,,,,,,,,,,,,,,
Blue Mountain Music Studio | Blue Mountain Beach |  | true | false,Blue Mountain Music Studio,,true,false,false,Blue Mountain Beach,,,,,,,,,,,,,,,,,,
Rosemary Beach Music School | Rosemary Beach |  | true | false,Rosemary Beach Music School,,true,false,false,Rosemary Beach,,,,,,,,,,,,,,,,,,
Seagrove Music Lessons |  |  | false | true,Seagrove Music Lessons,,false,true,false,,,,,,,,,,,,,,,,,,,
Alys Beach Music Studio | Alys Beach |  | true | false,Alys Beach Music Studio,,true,false,false,Alys Beach,,,,,,,,,,,,,,,,,,
Miramar Beach Music School |  |  | false | true,Miramar Beach Music School,,false,true,false,,,,,,,,,,,,,,,,,,,
Santa Rosa Beach Guitar Lessons |  |  | false | true,Santa Rosa Beach Guitar Lessons,,false,true,false,,,,,,,,,,,,,,,,,,,
The Local Shoppes | Seaside |  | true | false,The Local Shoppes,,true,false,false,Seaside,,,,,,,,,,,,,,,,,,
The Market Shops | Watercolor |  | true | false,The Market Shops,,true,false,false,Watercolor,,,,,,,,,,,,,,,,,,
The Green Door | Seaside |  | true | false,The Green Door,,true,false,false,Seaside,,,,,,,,,,,,,,,,,,
The Nest | Seaside |  | true | false,The Nest,,true,false,false,Seaside,,,,,,,,,,,,,,,,,,
The Coastal Cottage | Santa Rosa Beach |  | true | false,The Coastal Cottage,,true,false,false,Santa Rosa Beach,,,,,,,,,,,,,,,,,,
The Surf Shop |  |  | false | true,The Surf Shop,,false,true,false,,,,,,,,,,,,,,,,,,,
Coastal Charm Online |  |  | false | true,Coastal Charm Online,,false,true,false,,,,,,,,,,,,,,,,,,,
Beach Bum Online Store |  |  | false | true,Beach Bum Online Store,,false,true,false,,,,,,,,,,,,,,,,,,,
Gulf Coast Gifts |  |  | false | true,Gulf Coast Gifts,,false,true,false,,,,,,,,,,,,,,,,,,,
The Pet Spot |  |  | false | true,The Pet Spot,,false,true,false,,,,,,,,,,,,,,,,,,,
30A Dog Walkers |  |  | false | true,30A Dog Walkers,,false,true,false,,,,,,,,,,,,,,,,,,,
Paws & Claws Veterinary Clinic |  |  | false | true,Paws & Claws Veterinary Clinic,,false,true,false,,,,,,,,,,,,,,,,,,,
Seaside Pets | Seaside |  | true | false,Seaside Pets,,true,false,false,Seaside,,,,,,,,,,,,,,,,,,
Bark Avenue Pet Grooming |  |  | false | true,Bark Avenue Pet Grooming,,false,true,false,,,,,,,,,,,,,,,,,,,
South Walton Veterinary Clinic | Santa Rosa Beach |  | true | true,South Walton Veterinary Clinic,,true,true,false,Santa Rosa Beach,,,,,,,,,,,,,,,,,,
The Dog House |  |  | false | true,The Dog House,,false,true,false,,,,,,,,,,,,,,,,,,,
Pet Paradise |  |  | false | true,Pet Paradise,,false,true,false,,,,,,,,,,,,,,,,,,,
Happy Tails Pet Sitting |  |  | false | true,Happy Tails Pet Sitting,,false,true,false,,,,,,,,,,,,,,,,,,,
Coastal Canine Care |  |  | false | true,Coastal Canine Care,,false,true,false,,,,,,,,,,,,,,,,,,,
Tail Waggers Pet Grooming |  |  | false | true,Tail Waggers Pet Grooming,,false,true,false,,,,,,,,,,,,,,,,,,,
Puppy Love Pet Sitting |  |  | false | true,Puppy Love Pet Sitting,,false,true,false,,,,,,,,,,,,,,,,,,,
The Groom Room |  |  | false | true,The Groom Room,,false,true,false,,,,,,,,,,,,,,,,,,,
Baytowne Pet Resort |  |  | false | true,Baytowne Pet Resort,,false,true,false,,,,,,,,,,,,,,,,,,,
Sunshine Pet Care |  |  | false | true,Sunshine Pet Care,,false,true,false,,,,,,,,,,,,,,,,,,,
Coastal Pool & Spa |  |  | false | true,Coastal Pool & Spa,,false,true,false,,,,,,,,,,,,,,,,,,,
Aqua Pool & Spa |  |  | false | true,Aqua Pool & Spa,,false,true,false,,,,,,,,,,,,,,,,,,,
Blue Water Pool & Spa |  |  | false | true,Blue Water Pool & Spa,,false,true,false,,,,,,,,,,,,,,,,,,,
Emerald Coast Pool & Spa |  |  | false | true,Emerald Coast Pool & Spa,,false,true,false,,,,,,,,,,,,,,,,,,,
Baytowne Pool & Spa |  |  | false | true,Baytowne Pool & Spa,,false,true,false,,,,,,,,,,,,,,,,,,,
Gulf Coast Pool & Spa |  |  | false | true,Gulf Coast Pool & Spa,,false,true,false,,,,,,,,,,,,,,,,,,,
South Walton Pool & Spa |  |  | false | true,South Walton Pool & Spa,,false,true,false,,,,,,,,,,,,,,,,,,,
Destin Pool Service |  |  | false | true,Destin Pool Service,,false,true,false,,,,,,,,,,,,,,,,,,,
Alys Beach Pool & Spa | Alys Beach |  | true | true,Alys Beach Pool & Spa,,true,true,false,Alys Beach,,,,,,,,,,,,,,,,,,
Seaside Pool & Spa | Seaside |  | true | true,Seaside Pool & Spa,,true,true,false,Seaside,,,,,,,,,,,,,,,,,,
Watersound Pool & Spa | Watersound |  | true | true,Watersound Pool & Spa,,true,true,false,Watersound,,,,,,,,,,,,,,,,,,
Grayton Beach Pool Service |  |  | false | true,Grayton Beach Pool Service,,false,true,false,,,,,,,,,,,,,,,,,,,
Miramar Beach Pool Service |  |  | false | true,Miramar Beach Pool Service,,false,true,false,,,,,,,,,,,,,,,,,,,
Santa Rosa Pool & Spa | Santa Rosa Beach |  | true | true,Santa Rosa Pool & Spa,,true,true,false,Santa Rosa Beach,,,,,,,,,,,,,,,,,,
Dune Allen Pool & Spa | Dune Allen Beach |  | true | true,Dune Allen Pool & Spa,,true,true,false,Dune Allen Beach,,,,,,,,,,,,,,,,,,
30A Pressure Washing | Santa Rosa Beach |  | true | true,30A Pressure Washing,,true,true,false,Santa Rosa Beach,,,,,,,,,,,,,,,,,,
Emerald Coast Pressure Washing |  |  | false | true,Emerald Coast Pressure Washing,,false,true,false,,,,,,,,,,,,,,,,,,,
Destin Pressure Washing |  |  | false | true,Destin Pressure Washing,,false,true,false,,,,,,,,,,,,,,,,,,,
Gulf Coast Pressure Washing |  |  | false | true,Gulf Coast Pressure Washing,,false,true,false,,,,,,,,,,,,,,,,,,,
Coastal Clean Pressure Washing |  |  | false | true,Coastal Clean Pressure Washing,,false,true,false,,,,,,,,,,,,,,,,,,,
All Pro Pressure Washing |  |  | false | true,All Pro Pressure Washing,,false,true,false,,,,,,,,,,,,,,,,,,,
Beachside Pressure Washing |  |  | false | true,Beachside Pressure Washing,,false,true,false,,,,,,,,,,,,,,,,,,,
Pressure Washing 30A |  |  | false | true,Pressure Washing 30A,,false,true,false,,,,,,,,,,,,,,,,,,,
Sunshine Pressure Washing |  |  | false | true,Sunshine Pressure Washing,,false,true,false,,,,,,,,,,,,,,,,,,,
Aqua Clean Pressure Washing |  |  | false | true,Aqua Clean Pressure Washing,,false,true,false,,,,,,,,,,,,,,,,,,,
Destin Printing & Copy Center |  |  | false | true,Destin Printing & Copy Center,,false,true,false,,,,,,,,,,,,,,,,,,,
Pro Copy Printing |  |  | false | true,Pro Copy Printing,,false,true,false,,,,,,,,,,,,,,,,,,,
Print Shop of Destin |  |  | false | true,Print Shop of Destin,,false,true,false,,,,,,,,,,,,,,,,,,,
Copy & Print Solutions |  |  | false | true,Copy & Print Solutions,,false,true,false,,,,,,,,,,,,,,,,,,,
South Walton Printing | Santa Rosa Beach |  | true | true,South Walton Printing,,true,true,false,Santa Rosa Beach,,,,,,,,,,,,,,,,,,
Alys Beach Print Shop | Alys Beach |  | true | true,Alys Beach Print Shop,,true,true,false,Alys Beach,,,,,,,,,,,,,,,,,,
Seaside Printing | Seaside |  | true | true,Seaside Printing,,true,true,false,Seaside,,,,,,,,,,,,,,,,,,
Grayton Beach Print Shop | Grayton Beach |  | true | true,Grayton Beach Print Shop,,true,true,false,Grayton Beach,,,,,,,,,,,,,,,,,,
Watersound Print & Copy | Watersound |  | true | true,Watersound Print & Copy,,true,true,false,Watersound,,,,,,,,,,,,,,,,,,
Ink & Paper Printing Services |  |  | false | true,Ink & Paper Printing Services,,false,true,false,,,,,,,,,,,,,,,,,,,
Coastal Print Solutions |  |  | false | true,Coastal Print Solutions,,false,true,false,,,,,,,,,,,,,,,,,,,
Emerald Coast Printing |  |  | false | true,Emerald Coast Printing,,false,true,false,,,,,,,,,,,,,,,,,,,
30A Print & Design |  |  | false | true,30A Print & Design,,false,true,false,,,,,,,,,,,,,,,,,,,
Beachside Printing & Graphics |  |  | false | true,Beachside Printing & Graphics,,false,true,false,,,,,,,,,,,,,,,,,,,
30A Property Management | Santa Rosa Beach |  | true | true,30A Property Management,,true,true,false,Santa Rosa Beach,,,,,,,,,,,,,,,,,,
Bluewater Property Management |  |  | false | true,Bluewater Property Management,,false,true,false,,,,,,,,,,,,,,,,,,,
Seaside Property Management | Seaside |  | true | true,Seaside Property Management,,true,true,false,Seaside,,,,,,,,,,,,,,,,,,
WaterColor Property Management | Watercolor |  | true | true,WaterColor Property Management,,true,true,false,Watercolor,,,,,,,,,,,,,,,,,,
Destin Vacation Properties |  |  | false | true,Destin Vacation Properties,,false,true,false,,,,,,,,,,,,,,,,,,,
Beachside Property Management |  |  | false | true,Beachside Property Management,,false,true,false,,,,,,,,,,,,,,,,,,,
South Walton Property Management | Santa Rosa Beach |  | true | true,South Walton Property Management,,true,true,false,Santa Rosa Beach,,,,,,,,,,,,,,,,,,
Alys Beach Property Management | Alys Beach |  | true | true,Alys Beach Property Management,,true,true,false,Alys Beach,,,,,,,,,,,,,,,,,,
Grayton Beach Property Management | Grayton Beach |  | true | true,Grayton Beach Property Management,,true,true,false,Grayton Beach,,,,,,,,,,,,,,,,,,
Seagrove Property Management | Seagrove Beach |  | true | true,Seagrove Property Management,,true,true,false,Seagrove Beach,,,,,,,,,,,,,,,,,,
Sandestin Property Management | Sandestin |  | true | true,Sandestin Property Management,,true,true,false,Sandestin,,,,,,,,,,,,,,,,,,
Coastal Property Management Group |  |  | false | true,Coastal Property Management Group,,false,true,false,,,,,,,,,,,,,,,,,,,
Emerald Coast Property Management |  |  | false | true,Emerald Coast Property Management,,false,true,false,,,,,,,,,,,,,,,,,,,
Gulf Coast Property Management |  |  | false | true,Gulf Coast Property Management,,false,true,false,,,,,,,,,,,,,,,,,,,
30A Vacation Rentals Property Management | Santa Rosa Beach |  | true | true,30A Vacation Rentals Property Management,,true,true,false,Santa Rosa Beach,,,,,,,,,,,,,,,,,,
30A Roofing & Construction | Santa Rosa Beach |  | true | true,30A Roofing & Construction,,true,true,false,Santa Rosa Beach,,,,,,,,,,,,,,,,,,
Emerald Coast Roofing & Construction |  |  | false | true,Emerald Coast Roofing & Construction,,false,true,false,,,,,,,,,,,,,,,,,,,
Gulf Coast Roofing & Construction |  |  | false | true,Gulf Coast Roofing & Construction,,false,true,false,,,,,,,,,,,,,,,,,,,
Roofing Solutions of Northwest Florida |  |  | false | true,Roofing Solutions of Northwest Florida,,false,true,false,,,,,,,,,,,,,,,,,,,
South Walton Roofing & Construction | Santa Rosa Beach |  | true | true,South Walton Roofing & Construction,,true,true,false,Santa Rosa Beach,,,,,,,,,,,,,,,,,,
Destin Roofing Company |  |  | false | true,Destin Roofing Company,,false,true,false,,,,,,,,,,,,,,,,,,,
A+ Roofing & Construction |  |  | false | true,A+ Roofing & Construction,,false,true,false,,,,,,,,,,,,,,,,,,,
All Weather Roofing & Construction |  |  | false | true,All Weather Roofing & Construction,,false,true,false,,,,,,,,,,,,,,,,,,,
Coastal Roofing & Construction | Santa Rosa Beach |  | true | true,Coastal Roofing & Construction,,true,true,false,Santa Rosa Beach,,,,,,,,,,,,,,,,,,
Bay Breeze Roofing |  |  | false | true,Bay Breeze Roofing,,false,true,false,,,,,,,,,,,,,,,,,,,
Florida Roof Pros |  |  | false | true,Florida Roof Pros,,false,true,false,,,,,,,,,,,,,,,,,,,
Seaside Roofing | Seaside |  | true | true,Seaside Roofing,,true,true,false,Seaside,,,,,,,,,,,,,,,,,,
Watersound Roofing | Watersound |  | true | true,Watersound Roofing,,true,true,false,Watersound,,,,,,,,,,,,,,,,,,
Sunshine State Roofing |  |  | false | true,Sunshine State Roofing,,false,true,false,,,,,,,,,,,,,,,,,,,
Beachside Roofing & Construction |  |  | false | true,Beachside Roofing & Construction,,false,true,false,,,,,,,,,,,,,,,,,,,
Emerald Coast Solar |  |  | false | true,Emerald Coast Solar,,false,true,false,,,,,,,,,,,,,,,,,,,
SunSmart Solar Solutions |  |  | false | true,SunSmart Solar Solutions,,false,true,false,,,,,,,,,,,,,,,,,,,
Florida Solar Energy Solutions |  |  | false | true,Florida Solar Energy Solutions,,false,true,false,,,,,,,,,,,,,,,,,,,
Solar Energy World |  |  | false | true,Solar Energy World,,false,true,false,,,,,,,,,,,,,,,,,,,
Sunshine Solar Power |  |  | false | true,Sunshine Solar Power,,false,true,false,,,,,,,,,,,,,,,,,,,
South Walton Solar |  |  | false | true,South Walton Solar,,false,true,false,,,,,,,,,,,,,,,,,,,
Gulf Coast Solar |  |  | false | true,Gulf Coast Solar,,false,true,false,,,,,,,,,,,,,,,,,,,
Solar Tech of Northwest Florida |  |  | false | true,Solar Tech of Northwest Florida,,false,true,false,,,,,,,,,,,,,,,,,,,
SunPro Solar |  |  | false | true,SunPro Solar,,false,true,false,,,,,,,,,,,,,,,,,,,
Blue Sky Solar |  |  | false | true,Blue Sky Solar,,false,true,false,,,,,,,,,,,,,,,,,,,
Energy Wise Solar |  |  | false | true,Energy Wise Solar,,false,true,false,,,,,,,,,,,,,,,,,,,
Solar Source |  |  | false | true,Solar Source,,false,true,false,,,,,,,,,,,,,,,,,,,
Suncoast Solar |  |  | false | true,Suncoast Solar,,false,true,false,,,,,,,,,,,,,,,,,,,
Solar Solutions of Northwest Florida |  |  | false | true,Solar Solutions of Northwest Florida,,false,true,false,,,,,,,,,,,,,,,,,,,
Coastal Solar Solutions |  |  | false | true,Coastal Solar Solutions,,false,true,false,,,,,,,,,,,,,,,,,,,
South Walton Towing | Santa Rosa Beach |  | true | true,South Walton Towing,,true,true,false,Santa Rosa Beach,,,,,,,,,,,,,,,,,,
A & B Towing & Recovery |  |  | false | true,A & B Towing & Recovery,,false,true,false,,,,,,,,,,,,,,,,,,,
Destin Towing & Recovery |  |  | false | true,Destin Towing & Recovery,,false,true,false,,,,,,,,,,,,,,,,,,,
Miramar Beach Towing |  |  | false | true,Miramar Beach Towing,,false,true,false,,,,,,,,,,,,,,,,,,,
Emerald Coast Towing | Santa Rosa Beach |  | true | true,Emerald Coast Towing,,true,true,false,Santa Rosa Beach,,,,,,,,,,,,,,,,,,
Coastal Towing & Recovery |  |  | false | true,Coastal Towing & Recovery,,false,true,false,,,,,,,,,,,,,,,,,,,
Baytowne Towing |  |  | false | true,Baytowne Towing,,false,true,false,,,,,,,,,,,,,,,,,,,
All Pro Towing |  |  | false | true,All Pro Towing,,false,true,false,,,,,,,,,,,,,,,,,,,
24/7 Towing & Recovery | Santa Rosa Beach |  | true | true,24/7 Towing & Recovery,,true,true,false,Santa Rosa Beach,,,,,,,,,,,,,,,,,,
Gulf Coast Towing & Recovery |  |  | false | true,Gulf Coast Towing & Recovery,,false,true,false,,,,,,,,,,,,,,,,,,,
A1 Towing & Recovery | Santa Rosa Beach |  | true | true,A1 Towing & Recovery,,true,true,false,Santa Rosa Beach,,,,,,,,,,,,,,,,,,
T & T Towing & Recovery |  |  | false | true,T & T Towing & Recovery,,false,true,false,,,,,,,,,,,,,,,,,,,
Destin Roadside Assistance & Towing |  |  | false | true,Destin Roadside Assistance & Towing,,false,true,false,,,,,,,,,,,,,,,,,,,
South Walton Roadside & Towing |  |  | false | true,South Walton Roadside & Towing,,false,true,false,,,,,,,,,,,,,,,,,,,
Emerald Coast Roadside & Towing |  |  | false | true,Emerald Coast Roadside & Towing,,false,true,false,,,,,,,,,,,,,,,,,,,
The Learning Tree Tutoring | Santa Rosa Beach |  | true | false,The Learning Tree Tutoring,,true,false,false,Santa Rosa Beach,,,,,,,,,,,,,,,,,,
Mathnasium of Destin |  |  | false | true,Mathnasium of Destin,,false,true,false,,,,,,,,,,,,,,,,,,,
Sylvan Learning of Destin |  |  | false | true,Sylvan Learning of Destin,,false,true,false,,,,,,,,,,,,,,,,,,,
Kumon Math and Reading Center of Destin |  |  | false | true,Kumon Math and Reading Center of Destin,,false,true,false,,,,,,,,,,,,,,,,,,,
Destin Tutoring Services |  |  | false | true,Destin Tutoring Services,,false,true,false,,,,,,,,,,,,,,,,,,,
Tutor Doctor of South Walton |  |  | false | true,Tutor Doctor of South Walton,,false,true,false,,,,,,,,,,,,,,,,,,,
Bright Minds Tutoring | Santa Rosa Beach |  | true | false,Bright Minds Tutoring,,true,false,false,Santa Rosa Beach,,,,,,,,,,,,,,,,,,
A+ Tutoring and Test Prep |  |  | false | true,A+ Tutoring and Test Prep,,false,true,false,,,,,,,,,,,,,,,,,,,
The Tutoring Center of Destin |  |  | false | true,The Tutoring Center of Destin,,false,true,false,,,,,,,,,,,,,,,,,,,
South Walton Tutoring |  |  | false | true,South Walton Tutoring,,false,true,false,,,,,,,,,,,,,,,,,,,
Brain Balance Achievement Center of Destin |  |  | false | true,Brain Balance Achievement Center of Destin,,false,true,false,,,,,,,,,,,,,,,,,,,
Mathnasium of Miramar Beach |  |  | false | true,Mathnasium of Miramar Beach,,false,true,false,,,,,,,,,,,,,,,,,,,
Sylvan Learning Center of Miramar Beach |  |  | false | true,Sylvan Learning Center of Miramar Beach,,false,true,false,,,,,,,,,,,,,,,,,,,
Tutor Time Learning Center of Destin |  |  | false | true,Tutor Time Learning Center of Destin,,false,true,false,,,,,,,,,,,,,,,,,,,
South Walton Animal Hospital | Santa Rosa Beach |  | true | true,South Walton Animal Hospital,,true,true,false,Santa Rosa Beach,,,,,,,,,,,,,,,,,,
Seaside Animal Hospital | Seaside |  | true | true,Seaside Animal Hospital,,true,true,false,Seaside,,,,,,,,,,,,,,,,,,
Destin Veterinary Clinic |  |  | false | true,Destin Veterinary Clinic,,false,true,false,,,,,,,,,,,,,,,,,,,
Miramar Beach Animal Hospital |  |  | false | true,Miramar Beach Animal Hospital,,false,true,false,,,,,,,,,,,,,,,,,,,
Grayton Beach Veterinary Clinic | Grayton Beach |  | true | true,Grayton Beach Veterinary Clinic,,true,true,false,Grayton Beach,,,,,,,,,,,,,,,,,,
Watercolor Veterinary Clinic | Watercolor |  | true | true,Watercolor Veterinary Clinic,,true,true,false,Watercolor,,,,,,,,,,,,,,,,,,
Santa Rosa Beach Veterinary Clinic | Santa Rosa Beach |  | true | true,Santa Rosa Beach Veterinary Clinic,,true,true,false,Santa Rosa Beach,,,,,,,,,,,,,,,,,,
Emerald Coast Veterinary Hospital |  |  | false | true,Emerald Coast Veterinary Hospital,,false,true,false,,,,,,,,,,,,,,,,,,,
30A Pet Care |  |  | false | true,30A Pet Care,,false,true,false,,,,,,,,,,,,,,,,,,,
Baytowne Veterinary Clinic |  |  | false | true,Baytowne Veterinary Clinic,,false,true,false,,,,,,,,,,,,,,,,,,,
Gulf Coast Animal Hospital |  |  | false | true,Gulf Coast Animal Hospital,,false,true,false,,,,,,,,,,,,,,,,,,,
Seagrove Animal Clinic | Seagrove Beach |  | true | true,Seagrove Animal Clinic,,true,true,false,Seagrove Beach,,,,,,,,,,,,,,,,,,
Alys Beach Veterinary Services | Alys Beach |  | true | true,Alys Beach Veterinary Services,,true,true,false,Alys Beach,,,,,,,,,,,,,,,,,,
Dune Allen Veterinary Clinic | Dune Allen Beach |  | true | true,Dune Allen Veterinary Clinic,,true,true,false,Dune Allen Beach,,,,,,,,,,,,,,,,,,
Sandestin Animal Hospital | Sandestin |  | true | true,Sandestin Animal Hospital,,true,true,false,Sandestin,,,,,,,,,,,,,,,,,,
30A Video Productions | Santa Rosa Beach |  | true | true,30A Video Productions,,true,true,false,Santa Rosa Beach,,,,,,,,,,,,,,,,,,
Coastal Lens Media |  |  | false | true,Coastal Lens Media,,false,true,false,,,,,,,,,,,,,,,,,,,
Seaside Cinematography | Seaside |  | true | true,Seaside Cinematography,,true,true,false,Seaside,,,,,,,,,,,,,,,,,,
South Walton Films |  |  | false | true,South Walton Films,,false,true,false,,,,,,,,,,,,,,,,,,,
Emerald Coast Videography |  |  | false | true,Emerald Coast Videography,,false,true,false,,,,,,,,,,,,,,,,,,,
Blue Mountain Beach Video | Blue Mountain Beach |  | true | true,Blue Mountain Beach Video,,true,true,false,Blue Mountain Beach,,,,,,,,,,,,,,,,,,
Watercolor Video Services | Watercolor |  | true | true,Watercolor Video Services,,true,true,false,Watercolor,,,,,,,,,,,,,,,,,,
Rosemary Beach Video | Rosemary Beach |  | true | true,Rosemary Beach Video,,true,true,false,Rosemary Beach,,,,,,,,,,,,,,,,,,
Sandestin Video Productions | Sandestin |  | true | true,Sandestin Video Productions,,true,true,false,Sandestin,,,,,,,,,,,,,,,,,,
Dune Allen Beach Videography | Dune Allen Beach |  | true | true,Dune Allen Beach Videography,,true,true,false,Dune Allen Beach,,,,,,,,,,,,,,,,,,
Gulf Place Video Creations | Gulf Place |  | true | true,Gulf Place Video Creations,,true,true,false,Gulf Place,,,,,,,,,,,,,,,,,,
Destin Wedding Videography |  |  | false | true,Destin Wedding Videography,,false,true,false,,,,,,,,,,,,,,,,,,,
South Walton Aerial Video |  |  | false | true,South Walton Aerial Video,,false,true,false,,,,,,,,,,,,,,,,,,,
Grayton Beach Film Co. | Grayton Beach |  | true | true,Grayton Beach Film Co.,,true,true,false,Grayton Beach,,,,,,,,,,,,,,,,,,
30A Paddleboards | Santa Rosa Beach |  | true | true,30A Paddleboards,,true,true,false,Santa Rosa Beach,,,,,,,,,,,,,,,,,,
Grayton Beach Paddle | Santa Rosa Beach |  | true | true,Grayton Beach Paddle,,true,true,false,Santa Rosa Beach,,,,,,,,,,,,,,,,,,
Gulf Coast Paddleboards |  |  | false | true,Gulf Coast Paddleboards,,false,true,false,,,,,,,,,,,,,,,,,,,
South Walton Watersports | Santa Rosa Beach |  | true | true,South Walton Watersports,,true,true,false,Santa Rosa Beach,,,,,,,,,,,,,,,,,,
Seaside WaterSports | Seaside |  | true | true,Seaside WaterSports,,true,true,false,Seaside,,,,,,,,,,,,,,,,,,
Aqua Ventures Kayak Rentals | Grayton Beach |  | true | true,Aqua Ventures Kayak Rentals,,true,true,false,Grayton Beach,,,,,,,,,,,,,,,,,,
Coastal Kayak Company | Santa Rosa Beach |  | true | true,Coastal Kayak Company,,true,true,false,Santa Rosa Beach,,,,,,,,,,,,,,,,,,
Sunset Paddleboarding |  |  | false | true,Sunset Paddleboarding,,false,true,false,,,,,,,,,,,,,,,,,,,
Beach Bum Paddleboards | Seagrove Beach |  | true | true,Beach Bum Paddleboards,,true,true,false,Seagrove Beach,,,,,,,,,,,,,,,,,,
30A Kayak Rentals | Seagrove Beach |  | true | true,30A Kayak Rentals,,true,true,false,Seagrove Beach,,,,,,,,,,,,,,,,,,
Watersound Paddle Company | Watersound |  | true | true,Watersound Paddle Company,,true,true,false,Watersound,,,,,,,,,,,,,,,,,,
Miramar Beach Paddleboards |  |  | false | true,Miramar Beach Paddleboards,,false,true,false,,,,,,,,,,,,,,,,,,,
30A Web Design |  |  | false | true,30A Web Design,,false,true,false,,,,,,,,,,,,,,,,,,,
Emerald Coast Web Design |  |  | false | true,Emerald Coast Web Design,,false,true,false,,,,,,,,,,,,,,,,,,,
Seaside Web Studio | Seaside |  | true | true,Seaside Web Studio,,true,true,false,Seaside,,,,,,,,,,,,,,,,,,
Blue Mountain Digital |  |  | false | true,Blue Mountain Digital,,false,true,false,,,,,,,,,,,,,,,,,,,
South Walton Creative |  |  | false | true,South Walton Creative,,false,true,false,,,,,,,,,,,,,,,,,,,
Coastal Web Solutions |  |  | false | true,Coastal Web Solutions,,false,true,false,,,,,,,,,,,,,,,,,,,
Grayton Beach Web Design | Grayton Beach |  | true | true,Grayton Beach Web Design,,true,true,false,Grayton Beach,,,,,,,,,,,,,,,,,,
30A Digital Marketing |  |  | false | true,30A Digital Marketing,,false,true,false,,,,,,,,,,,,,,,,,,,
Destin Web Pros |  |  | false | true,Destin Web Pros,,false,true,false,,,,,,,,,,,,,,,,,,,
Watercolor Web Design | Watercolor |  | true | true,Watercolor Web Design,,true,true,false,Watercolor,,,,,,,,,,,,,,,,,,
Seagrove Web Services | Seagrove Beach |  | true | true,Seagrove Web Services,,true,true,false,Seagrove Beach,,,,,,,,,,,,,,,,,,
Alys Beach Web Studio | Alys Beach |  | true | true,Alys Beach Web Studio,,true,true,false,Alys Beach,,,,,,,,,,,,,,,,,,
Rosemary Beach Web Design | Rosemary Beach |  | true | true,Rosemary Beach Web Design,,true,true,false,Rosemary Beach,,,,,,,,,,,,,,,,,,
Gulf Place Web Design | Gulf Place |  | true | true,Gulf Place Web Design,,true,true,false,Gulf Place,,,,,,,,,,,,,,,,,,
Dune Allen Web Design | Dune Allen Beach |  | true | true,Dune Allen Web Design,,true,true,false,Dune Allen Beach,,,,,,,,,,,,,,,,,,
30A Wedding & Event Rentals | Santa Rosa Beach |  | true | true,30A Wedding & Event Rentals,,true,true,false,Santa Rosa Beach,,,,,,,,,,,,,,,,,,
The Wedding Planner 30A |  |  | false | true,The Wedding Planner 30A,,false,true,false,,,,,,,,,,,,,,,,,,,
Southern Charm Weddings & Events |  |  | false | true,Southern Charm Weddings & Events,,false,true,false,,,,,,,,,,,,,,,,,,,
Seaside Wedding Chapel | Seaside |  | true | true,Seaside Wedding Chapel,,true,true,false,Seaside,,,,,,,,,,,,,,,,,,
Beach Bliss Weddings |  |  | false | true,Beach Bliss Weddings,,false,true,false,,,,,,,,,,,,,,,,,,,
Destin Wedding & Event Rentals |  |  | false | true,Destin Wedding & Event Rentals,,false,true,false,,,,,,,,,,,,,,,,,,,
Forever After Weddings |  |  | false | true,Forever After Weddings,,false,true,false,,,,,,,,,,,,,,,,,,,
Elegant Occasions Wedding Planning |  |  | false | true,Elegant Occasions Wedding Planning,,false,true,false,,,,,,,,,,,,,,,,,,,
Bella Bridesmaid Boutique |  |  | false | true,Bella Bridesmaid Boutique,,false,true,false,,,,,,,,,,,,,,,,,,,
The Bridal Boutique of South Walton |  |  | false | true,The Bridal Boutique of South Walton,,false,true,false,,,,,,,,,,,,,,,,,,,
Simply Elegant Weddings & Events |  |  | false | true,Simply Elegant Weddings & Events,,false,true,false,,,,,,,,,,,,,,,,,,,
Coastal Wedding Designs |  |  | false | true,Coastal Wedding Designs,,false,true,false,,,,,,,,,,,,,,,,,,,
Weddings by the Sea |  |  | false | true,Weddings by the Sea,,false,true,false,,,,,,,,,,,,,,,,,,,
Southern Weddings & Events |  |  | false | true,Southern Weddings & Events,,false,true,false,,,,,,,,,,,,,,,,,,,
Studio H Architecture |  |  | false | true,Studio H Architecture,,false,true,false,,,,,,,,,,,,,,,,,,,
Design Workshop |  |  | false | true,Design Workshop,,false,true,false,,,,,,,,,,,,,,,,,,,
Baldwin Architects |  |  | false | true,Baldwin Architects,,false,true,false,,,,,,,,,,,,,,,,,,,
Morris Architecture |  |  | false | true,Morris Architecture,,false,true,false,,,,,,,,,,,,,,,,,,,
Baldwin & Associates Architects |  |  | false | true,Baldwin & Associates Architects,,false,true,false,,,,,,,,,,,,,,,,,,,
Baldwin Design Group |  |  | false | true,Baldwin Design Group,,false,true,false,,,,,,,,,,,,,,,,,,,
Baldwin Architecture |  |  | false | true,Baldwin Architecture,,false,true,false,,,,,,,,,,,,,,,,,,,
The Gifted Seahorse | Seagrove Beach |  | true | false,The Gifted Seahorse,,true,false,false,Seagrove Beach,,,,,,,,,,,,,,,,,,
The Local Catch | Watercolor |  | true | false,The Local Catch,,true,false,false,Watercolor,,,,,,,,,,,,,,,,,,
Saltwater Boutique |  |  | false | true,Saltwater Boutique,,false,true,false,,,,,,,,,,,,,,,,,,,
The Beach House | Seaside |  | true | false,The Beach House,,true,false,false,Seaside,,,,,,,,,,,,,,,,,,
Coastal Bliss | Seacrest Beach |  | true | false,Coastal Bliss,,true,false,false,Seacrest Beach,,,,,,,,,,,,,,,,,,
Seaside Sundries | Seaside |  | true | false,Seaside Sundries,,true,false,false,Seaside,,,,,,,,,,,,,,,,,,
The Painted Fish | Grayton Beach |  | true | false,The Painted Fish,,true,false,false,Grayton Beach,,,,,,,,,,,,,,,,,,
The Seaside Shop | Seaside |  | true | false,The Seaside Shop,,true,false,false,Seaside,,,,,,,,,,,,,,,,,,
Beachy Keen Gifts |  |  | false | true,Beachy Keen Gifts,,false,true,false,,,,,,,,,,,,,,,,,,,
Coastal Charm |  |  | false | true,Coastal Charm,,false,true,false,,,,,,,,,,,,,,,,,,,
Baldwin Construction |  |  | false | true,Baldwin Construction,,false,true,false,,,,,,,,,,,,,,,,,,,
Redfish Builders | Santa Rosa Beach |  | true | true,Redfish Builders,,true,true,false,Santa Rosa Beach,,,,,,,,,,,,,,,,,,
Coastal Construction & Design |  |  | false | true,Coastal Construction & Design,,false,true,false,,,,,,,,,,,,,,,,,,,
Sandy Toes Construction | Seaside |  | true | true,Sandy Toes Construction,,true,true,false,Seaside,,,,,,,,,,,,,,,,,,
C & C Construction |  |  | false | true,C & C Construction,,false,true,false,,,,,,,,,,,,,,,,,,,
Gulf Coast Builders |  |  | false | true,Gulf Coast Builders,,false,true,false,,,,,,,,,,,,,,,,,,,
B & B Construction |  |  | false | true,B & B Construction,,false,true,false,,,,,,,,,,,,,,,,,,,
South Walton Builders |  |  | false | true,South Walton Builders,,false,true,false,,,,,,,,,,,,,,,,,,,
Beachside Construction |  |  | false | true,Beachside Construction,,false,true,false,,,,,,,,,,,,,,,,,,,
Bay Breeze Builders |  |  | false | true,Bay Breeze Builders,,false,true,false,,,,,,,,,,,,,,,,,,,
Seaside Home Improvements | Seaside |  | true | true,Seaside Home Improvements,,true,true,false,Seaside,,,,,,,,,,,,,,,,,,
Emerald Coast Builders |  |  | false | true,Emerald Coast Builders,,false,true,false,,,,,,,,,,,,,,,,,,,
Coastal Renovations |  |  | false | true,Coastal Renovations,,false,true,false,,,,,,,,,,,,,,,,,,,
South Walton Remodeling |  |  | false | true,South Walton Remodeling,,false,true,false,,,,,,,,,,,,,,,,,,,
The Perfect Petal | Seaside |  | true | false,The Perfect Petal,,true,false,false,Seaside,,,,,,,,,,,,,,,,,,
The Gifted Nook | Seagrove Beach |  | true | false,The Gifted Nook,,true,false,false,Seagrove Beach,,,,,,,,,,,,,,,,,,
The Painted Pig | Seaside |  | true | false,The Painted Pig,,true,false,false,Seaside,,,,,,,,,,,,,,,,,,
The White Magnolia | Seaside |  | true | false,The White Magnolia,,true,false,false,Seaside,,,,,,,,,,,,,,,,,,
The Shoppes at WaterColor | Watercolor |  | true | false,The Shoppes at WaterColor,,true,false,false,Watercolor,,,,,,,,,,,,,,,,,,
The Market Shops at Grand Boulevard |  |  | false | true,The Market Shops at Grand Boulevard,,false,true,false,,,,,,,,,,,,,,,,,,,
Emerald Coast Home Inspections |  |  | false | true,Emerald Coast Home Inspections,,false,true,false,,,,,,,,,,,,,,,,,,,
Coastal Home Inspections |  |  | false | true,Coastal Home Inspections,,false,true,false,,,,,,,,,,,,,,,,,,,
Beachside Home Inspections |  |  | false | true,Beachside Home Inspections,,false,true,false,,,,,,,,,,,,,,,,,,,
Gulf Coast Home Inspections |  |  | false | true,Gulf Coast Home Inspections,,false,true,false,,,,,,,,,,,,,,,,,,,
Home Team Inspection Service |  |  | false | true,Home Team Inspection Service,,false,true,false,,,,,,,,,,,,,,,,,,,
Inspect 30A |  |  | false | true,Inspect 30A,,false,true,false,,,,,,,,,,,,,,,,,,,
Seaside Home Inspections | Seaside |  | true | true,Seaside Home Inspections,,true,true,false,Seaside,,,,,,,,,,,,,,,,,,
South Walton Home Inspections |  |  | false | true,South Walton Home Inspections,,false,true,false,,,,,,,,,,,,,,,,,,,
Destin Home Inspections |  |  | false | true,Destin Home Inspections,,false,true,false,,,,,,,,,,,,,,,,,,,
Coastal Painting & Renovations | Santa Rosa Beach |  | true | true,Coastal Painting & Renovations,,true,true,false,Santa Rosa Beach,,,,,,,,,,,,,,,,,,
Emerald Coast Painting |  |  | false | true,Emerald Coast Painting,,false,true,false,,,,,,,,,,,,,,,,,,,
Bay Breeze Painting |  |  | false | true,Bay Breeze Painting,,false,true,false,,,,,,,,,,,,,,,,,,,
South Walton Painting & Pressure Washing |  |  | false | true,South Walton Painting & Pressure Washing,,false,true,false,,,,,,,,,,,,,,,,,,,
Gulf Coast Painting & Restoration |  |  | false | true,Gulf Coast Painting & Restoration,,false,true,false,,,,,,,,,,,,,,,,,,,
A+ Painting & Drywall |  |  | false | true,A+ Painting & Drywall,,false,true,false,,,,,,,,,,,,,,,,,,,
Beachside Painting & Decorating | Santa Rosa Beach |  | true | true,Beachside Painting & Decorating,,true,true,false,Santa Rosa Beach,,,,,,,,,,,,,,,,,,
Destin Pro Painters |  |  | false | true,Destin Pro Painters,,false,true,false,,,,,,,,,,,,,,,,,,,
Seaside Painting & Home Services | Seaside |  | true | true,Seaside Painting & Home Services,,true,true,false,Seaside,,,,,,,,,,,,,,,,,,
Blue Mountain Painting | Blue Mountain Beach |  | true | true,Blue Mountain Painting,,true,true,false,Blue Mountain Beach,,,,,,,,,,,,,,,,,,
Sunset Painting Services |  |  | false | true,Sunset Painting Services,,false,true,false,,,,,,,,,,,,,,,,,,,
Walton County Painting |  |  | false | true,Walton County Painting,,false,true,false,,,,,,,,,,,,,,,,,,,
Emerald Coast Elite Painting |  |  | false | true,Emerald Coast Elite Painting,,false,true,false,,,,,,,,,,,,,,,,,,,
Coastal Colors Painting |  |  | false | true,Coastal Colors Painting,,false,true,false,,,,,,,,,,,,,,,,,,,
South Walton Restoration |  |  | false | true,South Walton Restoration,,false,true,false,,,,,,,,,,,,,,,,,,,
Emerald Coast Restoration |  |  | false | true,Emerald Coast Restoration,,false,true,false,,,,,,,,,,,,,,,,,,,
Coastal Water Damage Restoration |  |  | false | true,Coastal Water Damage Restoration,,false,true,false,,,,,,,,,,,,,,,,,,,
SERVPRO of South Walton |  |  | false | true,SERVPRO of South Walton,,false,true,false,,,,,,,,,,,,,,,,,,,
Restoration 1 of South Walton |  |  | false | true,Restoration 1 of South Walton,,false,true,false,,,,,,,,,,,,,,,,,,,
PuroClean of South Walton |  |  | false | true,PuroClean of South Walton,,false,true,false,,,,,,,,,,,,,,,,,,,
Dry Force Restoration |  |  | false | true,Dry Force Restoration,,false,true,false,,,,,,,,,,,,,,,,,,,
All Pro Restoration |  |  | false | true,All Pro Restoration,,false,true,false,,,,,,,,,,,,,,,,,,,
Advantage Restoration |  |  | false | true,Advantage Restoration,,false,true,false,,,,,,,,,,,,,,,,,,,
First Response Restoration |  |  | false | true,First Response Restoration,,false,true,false,,,,,,,,,,,,,,,,,,,
AquaGuard Restoration |  |  | false | true,AquaGuard Restoration,,false,true,false,,,,,,,,,,,,,,,,,,,
South Walton Mold & Water Damage |  |  | false | true,South Walton Mold & Water Damage,,false,true,false,,,,,,,,,,,,,,,,,,,
Coastal Mold & Water Damage |  |  | false | true,Coastal Mold & Water Damage,,false,true,false,,,,,,,,,,,,,,,,,,,
Water Damage Experts of South Walton |  |  | false | true,Water Damage Experts of South Walton,,false,true,false,,,,,,,,,,,,,,,,,,,
Guardian Security Solutions |  |  | false | true,Guardian Security Solutions,,false,true,false,,,,,,,,,,,,,,,,,,,
Bay Watch Security |  |  | false | true,Bay Watch Security,,false,true,false,,,,,,,,,,,,,,,,,,,
Emerald Coast Security |  |  | false | true,Emerald Coast Security,,false,true,false,,,,,,,,,,,,,,,,,,,
Safe Home Security |  |  | false | true,Safe Home Security,,false,true,false,,,,,,,,,,,,,,,,,,,
A1 Alarm Systems |  |  | false | true,A1 Alarm Systems,,false,true,false,,,,,,,,,,,,,,,,,,,
Gulf Coast Security Systems |  |  | false | true,Gulf Coast Security Systems,,false,true,false,,,,,,,,,,,,,,,,,,,
All Secure Alarm Systems |  |  | false | true,All Secure Alarm Systems,,false,true,false,,,,,,,,,,,,,,,,,,,
Security Solutions of the Emerald Coast |  |  | false | true,Security Solutions of the Emerald Coast,,false,true,false,,,,,,,,,,,,,,,,,,,
Coastal Alarm Systems |  |  | false | true,Coastal Alarm Systems,,false,true,false,,,,,,,,,,,,,,,,,,,
30A Escapes | Santa Rosa Beach |  | true | true,30A Escapes,,true,true,false,Santa Rosa Beach,,,,,,,,,,,,,,,,,,
Beachy Beach Rentals | Seagrove Beach |  | true | true,Beachy Beach Rentals,,true,true,false,Seagrove Beach,,,,,,,,,,,,,,,,,,
Blue Mountain Beach Rentals | Blue Mountain Beach |  | true | true,Blue Mountain Beach Rentals,,true,true,false,Blue Mountain Beach,,,,,,,,,,,,,,,,,,
Carillon Beach Rentals | Carillon Beach |  | true | true,Carillon Beach Rentals,,true,true,false,Carillon Beach,,,,,,,,,,,,,,,,,,
Destin West Vacations |  |  | false | true,Destin West Vacations,,false,true,false,,,,,,,,,,,,,,,,,,,
Henderson Beach Vacations |  |  | false | true,Henderson Beach Vacations,,false,true,false,,,,,,,,,,,,,,,,,,,
Luxury Coastal Vacations |  |  | false | true,Luxury Coastal Vacations,,false,true,false,,,,,,,,,,,,,,,,,,,
Miramar Beach Rentals |  |  | false | true,Miramar Beach Rentals,,false,true,false,,,,,,,,,,,,,,,,,,,
Palmer Properties | Seagrove Beach |  | true | true,Palmer Properties,,true,true,false,Seagrove Beach,,,,,,,,,,,,,,,,,,
Seaside Vacation Rentals | Seaside |  | true | true,Seaside Vacation Rentals,,true,true,false,Seaside,,,,,,,,,,,,,,,,,,
South Walton Vacation Rentals |  |  | false | true,South Walton Vacation Rentals,,false,true,false,,,,,,,,,,,,,,,,,,,
Digital Logic Web Design | Santa Rosa Beach |  | true | true,Digital Logic Web Design,,true,true,false,Santa Rosa Beach,,,,,,,,,,,,,,,,,,
Seaside Web Design | Seaside |  | true | true,Seaside Web Design,,true,true,false,Seaside,,,,,,,,,,,,,,,,,,
South Walton Web Design |  |  | false | true,South Walton Web Design,,false,true,false,,,,,,,,,,,,,,,,,,,
Beachside Web Services |  |  | false | true,Beachside Web Services,,false,true,false,,,,,,,,,,,,,,,,,,,
Gulf Coast Web Design |  |  | false | true,Gulf Coast Web Design,,false,true,false,,,,,,,,,,,,,,,,,,,
Blue Mountain Web Design | Blue Mountain Beach |  | true | true,Blue Mountain Web Design,,true,true,false,Blue Mountain Beach,,,,,,,,,,,,,,,,,,
The Hub 30A | Seagrove Beach |  | true | false,The Hub 30A,,true,false,false,Seagrove Beach,,,,,,,,,,,,,,,,,,
The Work Room | Seaside |  | true | false,The Work Room,,true,false,false,Seaside,,,,,,,,,,,,,,,,,,
CoWork 30A | Grayton Beach |  | true | false,CoWork 30A,,true,false,false,Grayton Beach,,,,,,,,,,,,,,,,,,
The Collective 30A | Seagrove Beach |  | true | false,The Collective 30A,,true,false,false,Seagrove Beach,,,,,,,,,,,,,,,,,,
The Studio 30A | Seaside |  | true | false,The Studio 30A,,true,false,false,Seaside,,,,,,,,,,,,,,,,,,
Destin Coworking |  |  | false | true,Destin Coworking,,false,true,false,,,,,,,,,,,,,,,,,,,
Miramar Beach Coworking |  |  | false | true,Miramar Beach Coworking,,false,true,false,,,,,,,,,,,,,,,,,,,
South Walton Tech Services |  |  | false | true,South Walton Tech Services,,false,true,false,,,,,,,,,,,,,,,,,,,
30A Digital Workspace | Seagrove Beach |  | true | false,30A Digital Workspace,,true,false,false,Seagrove Beach,,,,,,,,,,,,,,,,,,
Beachside Tech Hub | Santa Rosa Beach |  | true | false,Beachside Tech Hub,,true,false,false,Santa Rosa Beach,,,,,,,,,,,,,,,,,,
Walton County Remote Work Services |  |  | false | true,Walton County Remote Work Services,,false,true,false,,,,,,,,,,,,,,,,,,,
Flooring America of Destin |  |  | false | true,Flooring America of Destin,,false,true,false,,,,,,,,,,,,,,,,,,,
The Floor Store of South Walton | Santa Rosa Beach |  | true | true,The Floor Store of South Walton,,true,true,false,Santa Rosa Beach,,,,,,,,,,,,,,,,,,
South Walton Flooring |  |  | false | true,South Walton Flooring,,false,true,false,,,,,,,,,,,,,,,,,,,
Destin Carpet One Floor & Home |  |  | false | true,Destin Carpet One Floor & Home,,false,true,false,,,,,,,,,,,,,,,,,,,
Coastal Flooring & Interiors |  |  | false | true,Coastal Flooring & Interiors,,false,true,false,,,,,,,,,,,,,,,,,,,
Beachside Flooring |  |  | false | true,Beachside Flooring,,false,true,false,,,,,,,,,,,,,,,,,,,
Emerald Coast Flooring |  |  | false | true,Emerald Coast Flooring,,false,true,false,,,,,,,,,,,,,,,,,,,
Flooring Solutions of South Walton |  |  | false | true,Flooring Solutions of South Walton,,false,true,false,,,,,,,,,,,,,,,,,,,
Handyman Connection of Destin |  |  | false | true,Handyman Connection of Destin,,false,true,false,,,,,,,,,,,,,,,,,,,
South Walton Handyman |  |  | false | true,South Walton Handyman,,false,true,false,,,,,,,,,,,,,,,,,,,
Coastal Handyman Services |  |  | false | true,Coastal Handyman Services,,false,true,false,,,,,,,,,,,,,,,,,,,
The Handy Guys |  |  | false | true,The Handy Guys,,false,true,false,,,,,,,,,,,,,,,,,,,
Emerald Coast Handyman |  |  | false | true,Emerald Coast Handyman,,false,true,false,,,,,,,,,,,,,,,,,,,
Bay Area Handyman Services |  |  | false | true,Bay Area Handyman Services,,false,true,false,,,,,,,,,,,,,,,,,,,
Handyman Pro of South Walton |  |  | false | true,Handyman Pro of South Walton,,false,true,false,,,,,,,,,,,,,,,,,,,
Destin Home Repair |  |  | false | true,Destin Home Repair,,false,true,false,,,,,,,,,,,,,,,,,,,
Destin Counseling Center |  |  | false | true,Destin Counseling Center,,false,true,false,,,,,,,,,,,,,,,,,,,
The Counseling Center at WaterColor | Watercolor |  | true | false,The Counseling Center at WaterColor,,true,false,false,Watercolor,,,,,,,,,,,,,,,,,,
Coastal Counseling Services |  |  | false | true,Coastal Counseling Services,,false,true,false,,,,,,,,,,,,,,,,,,,
South Walton Counseling | Santa Rosa Beach |  | true | false,South Walton Counseling,,true,false,false,Santa Rosa Beach,,,,,,,,,,,,,,,,,,
Gulf Coast Therapy Services |  |  | false | true,Gulf Coast Therapy Services,,false,true,false,,,,,,,,,,,,,,,,,,,
Destin Psychological Services |  |  | false | true,Destin Psychological Services,,false,true,false,,,,,,,,,,,,,,,,,,,
Mindful Path Counseling | Seagrove Beach |  | true | false,Mindful Path Counseling,,true,false,false,Seagrove Beach,,,,,,,,,,,,,,,,,,
Serenity Counseling & Wellness |  |  | false | true,Serenity Counseling & Wellness,,false,true,false,,,,,,,,,,,,,,,,,,,
Emerald Coast Therapy Group |  |  | false | true,Emerald Coast Therapy Group,,false,true,false,,,,,,,,,,,,,,,,,,,
Healing Hearts Therapy |  |  | false | true,Healing Hearts Therapy,,false,true,false,,,,,,,,,,,,,,,,,,,
Walton Counseling Group | Santa Rosa Beach |  | true | false,Walton Counseling Group,,true,false,false,Santa Rosa Beach,,,,,,,,,,,,,,,,,,
Destin Behavioral Health Services |  |  | false | true,Destin Behavioral Health Services,,false,true,false,,,,,,,,,,,,,,,,,,,
30A Photography | Santa Rosa Beach |  | true | true,30A Photography,,true,true,false,Santa Rosa Beach,,,,,,,,,,,,,,,,,,
Beach Bum Photography |  |  | false | true,Beach Bum Photography,,false,true,false,,,,,,,,,,,,,,,,,,,
Captured Moments Photography |  |  | false | true,Captured Moments Photography,,false,true,false,,,,,,,,,,,,,,,,,,,
Lindsey Leigh Photography |  |  | false | true,Lindsey Leigh Photography,,false,true,false,,,,,,,,,,,,,,,,,,,
Jenna Leigh Photography |  |  | false | true,Jenna Leigh Photography,,false,true,false,,,,,,,,,,,,,,,,,,,
Coastal Lens Photography |  |  | false | true,Coastal Lens Photography,,false,true,false,,,,,,,,,,,,,,,,,,,
Seaside Portraits | Seaside |  | true | true,Seaside Portraits,,true,true,false,Seaside,,,,,,,,,,,,,,,,,,
Sunshine State Photography |  |  | false | true,Sunshine State Photography,,false,true,false,,,,,,,,,,,,,,,,,,,
Blue Sky Photography |  |  | false | true,Blue Sky Photography,,false,true,false,,,,,,,,,,,,,,,,,,,
Shutter & Snap Photography |  |  | false | true,Shutter & Snap Photography,,false,true,false,,,,,,,,,,,,,,,,,,,
Emerald Coast Photography |  |  | false | true,Emerald Coast Photography,,false,true,false,,,,,,,,,,,,,,,,,,,
Destin Chiropractic |  |  | false | true,Destin Chiropractic,,false,true,false,,,,,,,,,,,,,,,,,,,
Miramar Beach Chiropractic |  |  | false | true,Miramar Beach Chiropractic,,false,true,false,,,,,,,,,,,,,,,,,,,
Coastal Chiropractic & Wellness | Santa Rosa Beach |  | true | true,Coastal Chiropractic & Wellness,,true,true,false,Santa Rosa Beach,,,,,,,,,,,,,,,,,,
Grayton Beach Chiropractic | Grayton Beach |  | true | true,Grayton Beach Chiropractic,,true,true,false,Grayton Beach,,,,,,,,,,,,,,,,,,
Seaside Chiropractic | Seaside |  | true | true,Seaside Chiropractic,,true,true,false,Seaside,,,,,,,,,,,,,,,,,,
Chiropractic Solutions of South Walton |  |  | false | true,Chiropractic Solutions of South Walton,,false,true,false,,,,,,,,,,,,,,,,,,,
Chiropractic Care of South Walton |  |  | false | true,Chiropractic Care of South Walton,,false,true,false,,,,,,,,,,,,,,,,,,,
Back in Motion Chiropractic |  |  | false | true,Back in Motion Chiropractic,,false,true,false,,,,,,,,,,,,,,,,,,,
Chiropractic Health Center of Destin |  |  | false | true,Chiropractic Health Center of Destin,,false,true,false,,,,,,,,,,,,,,,,,,,
Chiropractic Wellness Center of Miramar Beach |  |  | false | true,Chiropractic Wellness Center of Miramar Beach,,false,true,false,,,,,,,,,,,,,,,,,,,
South Walton Chiropractic & Rehab | Santa Rosa Beach |  | true | true,South Walton Chiropractic & Rehab,,true,true,false,Santa Rosa Beach,,,,,,,,,,,,,,,,,,
The Cleaning Authority Santa Rosa Beach | Santa Rosa Beach |  | true | true,The Cleaning Authority Santa Rosa Beach,,true,true,false,Santa Rosa Beach,,,,,,,,,,,,,,,,,,
MaidPro South Walton |  |  | false | true,MaidPro South Walton,,false,true,false,,,,,,,,,,,,,,,,,,,
30A Cleaning Service |  |  | false | true,30A Cleaning Service,,false,true,false,,,,,,,,,,,,,,,,,,,
Sparkle & Shine Cleaning Services |  |  | false | true,Sparkle & Shine Cleaning Services,,false,true,false,,,,,,,,,,,,,,,,,,,
Destin Maid Service |  |  | false | true,Destin Maid Service,,false,true,false,,,,,,,,,,,,,,,,,,,
Coastal Cleaning Services |  |  | false | true,Coastal Cleaning Services,,false,true,false,,,,,,,,,,,,,,,,,,,
Clean Sweep of South Walton |  |  | false | true,Clean Sweep of South Walton,,false,true,false,,,,,,,,,,,,,,,,,,,
Beach Bum Cleaning Service |  |  | false | true,Beach Bum Cleaning Service,,false,true,false,,,,,,,,,,,,,,,,,,,
A+ Cleaning Service |  |  | false | true,A+ Cleaning Service,,false,true,false,,,,,,,,,,,,,,,,,,,
Southern Shine Cleaning |  |  | false | true,Southern Shine Cleaning,,false,true,false,,,,,,,,,,,,,,,,,,,
Emerald Coast Cleaning Services |  |  | false | true,Emerald Coast Cleaning Services,,false,true,false,,,,,,,,,,,,,,,,,,,
The Green Scene Landscaping | Santa Rosa Beach |  | true | true,The Green Scene Landscaping,,true,true,false,Santa Rosa Beach,,,,,,,,,,,,,,,,,,
Southern Lawn & Landscape |  |  | false | true,Southern Lawn & Landscape,,false,true,false,,,,,,,,,,,,,,,,,,,
Emerald Coast Lawn & Landscape |  |  | false | true,Emerald Coast Lawn & Landscape,,false,true,false,,,,,,,,,,,,,,,,,,,
Baytowne Lawn & Landscape | Sandestin |  | true | true,Baytowne Lawn & Landscape,,true,true,false,Sandestin,,,,,,,,,,,,,,,,,,
Seaside Landscaping | Seaside |  | true | true,Seaside Landscaping,,true,true,false,Seaside,,,,,,,,,,,,,,,,,,
South Walton Lawn & Landscape |  |  | false | true,South Walton Lawn & Landscape,,false,true,false,,,,,,,,,,,,,,,,,,,
Beachside Lawn & Landscape |  |  | false | true,Beachside Lawn & Landscape,,false,true,false,,,,,,,,,,,,,,,,,,,
The Spa at Grayton Beach | Grayton Beach |  | true | false,The Spa at Grayton Beach,,true,false,false,Grayton Beach,,,,,,,,,,,,,,,,,,
30A Massage Therapy |  |  | false | true,30A Massage Therapy,,false,true,false,,,,,,,,,,,,,,,,,,,
Seaside Wellness Center | Seaside |  | true | false,Seaside Wellness Center,,true,false,false,Seaside,,,,,,,,,,,,,,,,,,
Destin Healing Arts Center |  |  | false | true,Destin Healing Arts Center,,false,true,false,,,,,,,,,,,,,,,,,,,
Blue Mountain Yoga & Wellness | Blue Mountain Beach |  | true | false,Blue Mountain Yoga & Wellness,,true,false,false,Blue Mountain Beach,,,,,,,,,,,,,,,,,,
Saltwater Spa & Wellness |  |  | false | true,Saltwater Spa & Wellness,,false,true,false,,,,,,,,,,,,,,,,,,,
Body & Soul Wellness | Seagrove Beach |  | true | false,Body & Soul Wellness,,true,false,false,Seagrove Beach,,,,,,,,,,,,,,,,,,
30A Acupuncture & Wellness | Santa Rosa Beach |  | true | false,30A Acupuncture & Wellness,,true,false,false,Santa Rosa Beach,,,,,,,,,,,,,,,,,,
Serenity Day Spa | Seaside |  | true | false,Serenity Day Spa,,true,false,false,Seaside,,,,,,,,,,,,,,,,,,
Healing Hands Massage Therapy |  |  | false | true,Healing Hands Massage Therapy,,false,true,false,,,,,,,,,,,,,,,,,,,
The Perfect Pearl | Seaside |  | true | false,The Perfect Pearl,,true,false,false,Seaside,,,,,,,,,,,,,,,,,,
Salt & Stone Boutique | Seagrove Beach |  | true | false,Salt & Stone Boutique,,true,false,false,Seagrove Beach,,,,,,,,,,,,,,,,,,
The Blue Store | Seaside |  | true | false,The Blue Store,,true,false,false,Seaside,,,,,,,,,,,,,,,,,,
The Pink Shell Boutique |  |  | false | true,The Pink Shell Boutique,,false,true,false,,,,,,,,,,,,,,,,,,,
The Southern Shirt Company | Seaside |  | true | false,The Southern Shirt Company,,true,false,false,Seaside,,,,,,,,,,,,,,,,,,
Beachy Keen Boutique | Grayton Beach |  | true | false,Beachy Keen Boutique,,true,false,false,Grayton Beach,,,,,,,,,,,,,,,,,,
Coastal Bliss Boutique | Seagrove Beach |  | true | false,Coastal Bliss Boutique,,true,false,false,Seagrove Beach,,,,,,,,,,,,,,,,,,
The Law Office of Michael J. O'Connor | Santa Rosa Beach |  | true | true,The Law Office of Michael J. O'Connor,,true,true,false,Santa Rosa Beach,,,,,,,,,,,,,,,,,,
Law Office of David L. Brown |  |  | false | true,Law Office of David L. Brown,,false,true,false,,,,,,,,,,,,,,,,,,,
The Law Office of John M. McDonald |  |  | false | true,The Law Office of John M. McDonald,,false,true,false,,,,,,,,,,,,,,,,,,,
Law Office of Richard A. Smith |  |  | false | true,Law Office of Richard A. Smith,,false,true,false,,,,,,,,,,,,,,,,,,,
The Law Office of James M. McLemore |  |  | false | true,The Law Office of James M. McLemore,,false,true,false,,,,,,,,,,,,,,,,,,,
Law Office of Michael J. McDonald |  |  | false | true,Law Office of Michael J. McDonald,,false,true,false,,,,,,,,,,,,,,,,,,,
Law Office of Robert W. Smith |  |  | false | true,Law Office of Robert W. Smith,,false,true,false,,,,,,,,,,,,,,,,,,,
The Law Office of William H. Johnson |  |  | false | true,The Law Office of William H. Johnson,,false,true,false,,,,,,,,,,,,,,,,,,,
Law Office of Thomas J. Brown |  |  | false | true,Law Office of Thomas J. Brown,,false,true,false,,,,,,,,,,,,,,,,,,,
Destin Dental Group |  |  | false | true,Destin Dental Group,,false,true,false,,,,,,,,,,,,,,,,,,,
Emerald Coast Family Dentistry |  |  | false | true,Emerald Coast Family Dentistry,,false,true,false,,,,,,,,,,,,,,,,,,,
Sandestin Dental Care | Sandestin |  | true | false,Sandestin Dental Care,,true,false,false,Sandestin,,,,,,,,,,,,,,,,,,
Destin Pediatric Dentistry |  |  | false | true,Destin Pediatric Dentistry,,false,true,false,,,,,,,,,,,,,,,,,,,
South Walton Pediatric Dentistry | Santa Rosa Beach |  | true | false,South Walton Pediatric Dentistry,,true,false,false,Santa Rosa Beach,,,,,,,,,,,,,,,,,,
Beachside Dental |  |  | false | true,Beachside Dental,,false,true,false,,,,,,,,,,,,,,,,,,,
Coastal Dental Care |  |  | false | true,Coastal Dental Care,,false,true,false,,,,,,,,,,,,,,,,,,,
Destin Smile Center |  |  | false | true,Destin Smile Center,,false,true,false,,,,,,,,,,,,,,,,,,,
The Henderson |  |  | false | true,The Henderson,,false,true,false,,,,,,,,,,,,,,,,,,,
The Design Group |  |  | false | true,The Design Group,,false,true,false,,,,,,,,,,,,,,,,,,,
Luxe Interiors + Design |  |  | false | true,Luxe Interiors + Design,,false,true,false,,,,,,,,,,,,,,,,,,,
Beachy Keen Interiors | Seaside |  | true | true,Beachy Keen Interiors,,true,true,false,Seaside,,,,,,,,,,,,,,,,,,
Seagrove Interiors | Seagrove Beach |  | true | true,Seagrove Interiors,,true,true,false,Seagrove Beach,,,,,,,,,,,,,,,,,,
Interior Motives |  |  | false | true,Interior Motives,,false,true,false,,,,,,,,,,,,,,,,,,,
Designs by Linda |  |  | false | true,Designs by Linda,,false,true,false,,,,,,,,,,,,,,,,,,,
The Nail Bar Santa Rosa Beach | Santa Rosa Beach |  | true | false,The Nail Bar Santa Rosa Beach,,true,false,false,Santa Rosa Beach,,,,,,,,,,,,,,,,,,
Polished Nail Bar & Spa |  |  | false | true,Polished Nail Bar & Spa,,false,true,false,,,,,,,,,,,,,,,,,,,
Nail Studio 30A | Seagrove Beach |  | true | false,Nail Studio 30A,,true,false,false,Seagrove Beach,,,,,,,,,,,,,,,,,,
Nail Art Studio |  |  | false | true,Nail Art Studio,,false,true,false,,,,,,,,,,,,,,,,,,,
Luxe Nails & Spa |  |  | false | true,Luxe Nails & Spa,,false,true,false,,,,,,,,,,,,,,,,,,,
Nail Lounge 30A | Seaside |  | true | false,Nail Lounge 30A,,true,false,false,Seaside,,,,,,,,,,,,,,,,,,
Beach Nails & Spa | Santa Rosa Beach |  | true | false,Beach Nails & Spa,,true,false,false,Santa Rosa Beach,,,,,,,,,,,,,,,,,,
Nail & Spa 30A |  |  | false | true,Nail & Spa 30A,,false,true,false,,,,,,,,,,,,,,,,,,,
Emerald Coast Pest Control |  |  | false | true,Emerald Coast Pest Control,,false,true,false,,,,,,,,,,,,,,,,,,,
Coastal Pest Control of NW Florida |  |  | false | true,Coastal Pest Control of NW Florida,,false,true,false,,,,,,,,,,,,,,,,,,,
Beachside Pest Control | Santa Rosa Beach |  | true | true,Beachside Pest Control,,true,true,false,Santa Rosa Beach,,,,,,,,,,,,,,,,,,
Gulf Coast Pest Control |  |  | false | true,Gulf Coast Pest Control,,false,true,false,,,,,,,,,,,,,,,,,,,
Pest Pro of Northwest Florida |  |  | false | true,Pest Pro of Northwest Florida,,false,true,false,,,,,,,,,,,,,,,,,,,
All Pro Pest Control |  |  | false | true,All Pro Pest Control,,false,true,false,,,,,,,,,,,,,,,,,,,
WaterColor Realty | Santa Rosa Beach |  | true | true,WaterColor Realty,,true,true,false,Santa Rosa Beach,,,,,,,,,,,,,,,,,,
Paradise Properties |  |  | false | true,Paradise Properties,,false,true,false,,,,,,,,,,,,,,,,,,,
Southern Vacation Rentals |  |  | false | true,Southern Vacation Rentals,,false,true,false,,,,,,,,,,,,,,,,,,,
Blue Sky Vacation Rentals |  |  | false | true,Blue Sky Vacation Rentals,,false,true,false,,,,,,,,,,,,,,,,,,,
Coastal Comfort Heating & Air |  |  | false | true,Coastal Comfort Heating & Air,,false,true,false,,,,,,,,,,,,,,,,,,,
Emerald Coast Air Conditioning |  |  | false | true,Emerald Coast Air Conditioning,,false,true,false,,,,,,,,,,,,,,,,,,,
Bay Breeze Heating & Air |  |  | false | true,Bay Breeze Heating & Air,,false,true,false,,,,,,,,,,,,,,,,,,,
Gulf Coast Heating & Air |  |  | false | true,Gulf Coast Heating & Air,,false,true,false,,,,,,,,,,,,,,,,,,,
Aqua Air Conditioning & Heating |  |  | false | true,Aqua Air Conditioning & Heating,,false,true,false,,,,,,,,,,,,,,,,,,,
Suncoast Air Conditioning & Heating |  |  | false | true,Suncoast Air Conditioning & Heating,,false,true,false,,,,,,,,,,,,,,,,,,,
All About Insurance |  |  | false | true,All About Insurance,,false,true,false,,,,,,,,,,,,,,,,,,,
Coastal Insurance Group |  |  | false | true,Coastal Insurance Group,,false,true,false,,,,,,,,,,,,,,,,,,,
Beach Insurance Agency | Santa Rosa Beach |  | true | false,Beach Insurance Agency,,true,false,false,Santa Rosa Beach,,,,,,,,,,,,,,,,,,
Gulf Coast Insurance Group |  |  | false | true,Gulf Coast Insurance Group,,false,true,false,,,,,,,,,,,,,,,,,,,
Watersound Insurance Agency | Watersound |  | true | false,Watersound Insurance Agency,,true,false,false,Watersound,,,,,,,,,,,,,,,,,,
The Jewelry Box of Destin |  |  | false | true,The Jewelry Box of Destin,,false,true,false,,,,,,,,,,,,,,,,,,,
Blue Mountain Jewelry | Blue Mountain Beach |  | true | false,Blue Mountain Jewelry,,true,false,false,Blue Mountain Beach,,,,,,,,,,,,,,,,,,
Coastal Jewelry Repair |  |  | false | true,Coastal Jewelry Repair,,false,true,false,,,,,,,,,,,,,,,,,,,
The Spa at WaterColor | WaterColor |  | true | false,The Spa at WaterColor,,true,false,false,Watercolor,,,,,,,,,,,,,,,,,,
The Pearl Spa at The Pearl Hotel | Rosemary Beach |  | true | false,The Pearl Spa at The Pearl Hotel,,true,false,false,Rosemary Beach,,,,,,,,,,,,,,,,,,
Serenity Spa at Sandestin | Sandestin |  | true | false,Serenity Spa at Sandestin,,true,false,false,Sandestin,,,,,,,,,,,,,,,,,,
The Spa at Emerald Grande |  |  | false | true,The Spa at Emerald Grande,,false,true,false,,,,,,,,,,,,,,,,,,,
Island Massage Therapy |  |  | false | true,Island Massage Therapy,,false,true,false,,,,,,,,,,,,,,,,,,,
30A Massage |  |  | false | true,30A Massage,,false,true,false,,,,,,,,,,,,,,,,,,,
Salon 30A | Santa Rosa Beach |  | true | false,Salon 30A,,true,false,false,Santa Rosa Beach,,,,,,,,,,,,,,,,,,
The Hair Loft Miramar Beach |  |  | false | true,The Hair Loft Miramar Beach,,false,true,false,,,,,,,,,,,,,,,,,,,
The Strand Salon & Spa |  |  | false | true,The Strand Salon & Spa,,false,true,false,,,,,,,,,,,,,,,,,,,
Emerald Coast Home Solutions |  |  | false | true,Emerald Coast Home Solutions,,false,true,false,,,,,,,,,,,,,,,,,,,
South Walton Home Repair |  |  | false | true,South Walton Home Repair,,false,true,false,,,,,,,,,,,,,,,,,,,
Beachside Renovations |  |  | false | true,Beachside Renovations,,false,true,false,,,,,,,,,,,,,,,,,,,
Bay Plumbing & Drain |  |  | false | true,Bay Plumbing & Drain,,false,true,false,,,,,,,,,,,,,,,,,,,
Coastal Plumbing & Drain |  |  | false | true,Coastal Plumbing & Drain,,false,true,false,,,,,,,,,,,,,,,,,,,
Suncoast Window & Door |  |  | false | true,Suncoast Window & Door,,false,true,false,,,,,,,,,,,,,,,,,,,
Coastal Windows & Doors |  |  | false | true,Coastal Windows & Doors,,false,true,false,,,,,,,,,,,,,,,,,,,
Bay Breeze Windows & Doors | Santa Rosa Beach |  | true | true,Bay Breeze Windows & Doors,,true,true,false,Santa Rosa Beach,,,,,,,,,,,,,,,,,,
The Village Door | Seaside |  | true | false,The Village Door,,true,false,false,Seaside,,,,,,,,,,,,,,,,,,
WaterColor Golf Cart Rentals | Watercolor |  | true | true,WaterColor Golf Cart Rentals,,true,true,false,Watercolor,,,,,,,,,,,,,,,,,,
Seagrove Golf Cart Rentals | Seagrove Beach |  | true | true,Seagrove Golf Cart Rentals,,true,true,false,Seagrove Beach,,,,,,,,,,,,,,,,,,
Watercolor Market | Watercolor |  | true | false,Watercolor Market,,true,false,false,Watercolor,,,,,,,,,,,,,,,,,,
Baldwin Krystyn Sherman Architects | Santa Rosa Beach |  | true | false,Baldwin Krystyn Sherman Architects,,true,false,false,Santa Rosa Beach,,,,,,,,,,,,,,,,,,
Studio 30A Architecture |  |  | false | true,Studio 30A Architecture,,false,true,false,,,,,,,,,,,,,,,,,,,
Baldwin Architects & Associates | Santa Rosa Beach |  | true | false,Baldwin Architects & Associates,,true,false,false,Santa Rosa Beach,,,,,,,,,,,,,,,,,,
Seaside Soap Company | Seaside |  | true | false,Seaside Soap Company,,true,false,false,Seaside,,,,,,,,,,,,,,,,,,
The Market at Grayton | Grayton Beach |  | true | false,The Market at Grayton,,true,false,false,Grayton Beach,,,,,,,,,,,,,,,,,,
30A Web Solutions | Santa Rosa Beach |  | true | true,30A Web Solutions,,true,true,false,Santa Rosa Beach,,,,,,,,,,,,,,,,,,
Coastal Web Design |  |  | false | true,Coastal Web Design,,false,true,false,,,,,,,,,,,,,,,,,,,
Saltwater Web Studio | Seaside |  | true | true,Saltwater Web Studio,,true,true,false,Seaside,,,,,,,,,,,,,,,,,,
South Walton Digital |  |  | false | true,South Walton Digital,,false,true,false,,,,,,,,,,,,,,,,,,,
Watercolor Web Services | Watercolor |  | true | true,Watercolor Web Services,,true,true,false,Watercolor,,,,,,,,,,,,,,,,,,
Seaside Inn | Seaside |  | true | false,Seaside Inn,,true,false,false,Seaside,,,,,,,,,,,,,,,,,,
