title,slug,town_or_area,shopping_area,category,description,excerpt,seo_title,seo_description,search_keywords,contact_information,website,source_url,markdown_writeup,business_type,item_tags,dietary_tags,meal_period_tags,atmosphere_tags,occasion_tags,qa_document,search_profile,price_level
3 Sons Bar-B-Q,3-sons-bar-b-q,Santa Rosa Beach,,"Food, Events & Hospitality","3 Sons Bar-B-Q is a barbecue restaurant listed for the food, events & hospitality category serving Santa Rosa Beach.","3 Sons Bar-B-Q is a barbecue restaurant listed for the food, events & hospitality category serving Santa Rosa Beach.",3 Sons Bar-B-Q | WhereTo30A,"3 Sons Bar-B-Q is a barbecue restaurant listed for the food, events & hospitality category serving Santa Rosa Beach.","3 Sons Bar-B-Q, barbecue restaurant, Food, Events & Hospitality, Santa Rosa Beach, 30A, South Walton, restaurant dining, barbecue",6931 W County Hwy 30A Santa Rosa Beach FL 32459; (850) 278-6082,,https://business.waltonareachamber.com/list/ql/restaurants-food-beverages-22,"## What It Is

3 Sons Bar-B-Q is a barbecue restaurant listed for the food, events & hospitality category serving Santa Rosa Beach.

## What You Can Find

restaurant dining, barbecue.

## What to Know

This entry was regenerated from local directory source data and should be checked before publishing.",barbecue restaurant,"[""restaurant dining"", ""barbecue""]",[],"[""lunch"", ""dinner"", ""late_night""]","[""casual"", ""airy"", ""lively""]","[""quick_bite"", ""family_outing"", ""date_night"", ""locals_favorite""]","What type of place is this?
Barbecue restaurant in Santa Rosa Beach.
What can you get here?
restaurant dining, barbecue.
Who is it for?
Locals, homeowners, visitors, and people searching for barbecue restaurant options around 30A.
What occasion or situation fits?
quick bite, family outing, date night, locals favorite.
What's the atmosphere like?
The vibe is casual, airy, lively. It is a practical directory fit for people comparing local options.
What's the price range?
$$ based on typical category expectations.","barbecue restaurant restaurant dining barbecue

3 Sons Bar-B-Q is a barbecue restaurant listed for the food, events & hospitality category serving Santa Rosa Beach. This profile is useful for people searching by service type, category, and nearby 30A area.",2
Acme Oyster House,acme-oyster-house,Miramar Beach,,"Food, Events & Hospitality","Acme Oyster House is a seafood restaurant listed for the food, events & hospitality category serving Miramar Beach.","Acme Oyster House is a seafood restaurant listed for the food, events & hospitality category serving Miramar Beach.",Acme Oyster House | WhereTo30A,"Acme Oyster House is a seafood restaurant listed for the food, events & hospitality category serving Miramar Beach.","Acme Oyster House, seafood restaurant, Food, Events & Hospitality, Miramar Beach, 30A, South Walton, seafood, restaurant dining",90 Seascape Drive Miramar Beach FL 32550; (850) 460-7773,,https://business.waltonareachamber.com/list/ql/restaurants-food-beverages-22,"## What It Is

Acme Oyster House is a seafood restaurant listed for the food, events & hospitality category serving Miramar Beach.

## What You Can Find

seafood, restaurant dining.

## What to Know

This entry was regenerated from local directory source data and should be checked before publishing.",seafood restaurant,"[""seafood"", ""restaurant dining""]",[],"[""lunch"", ""dinner""]","[""casual"", ""airy"", ""lively""]","[""quick_bite"", ""family_outing"", ""date_night"", ""locals_favorite""]","What type of place is this?
Seafood restaurant in Miramar Beach.
What can you get here?
seafood, restaurant dining.
Who is it for?
Locals, homeowners, visitors, and people searching for seafood restaurant options around 30A.
What occasion or situation fits?
quick bite, family outing, date night, locals favorite.
What's the atmosphere like?
The vibe is casual, airy, lively. It is a practical directory fit for people comparing local options.
What's the price range?
$$ based on typical category expectations.","seafood restaurant seafood restaurant dining

Acme Oyster House is a seafood restaurant listed for the food, events & hospitality category serving Miramar Beach. This profile is useful for people searching by service type, category, and nearby 30A area.",2
Aegean Restaurant,aegean-restaurant,Miramar Beach,,"Food, Events & Hospitality","Greek restaurant open daily serving breakfast, lunch, and dinner with fresh healthy options, full bar, and patio seating.","Greek restaurant open daily serving breakfast, lunch, and dinner with fresh healthy options, full bar, and patio seating.",Aegean Restaurant | WhereTo30A,"Greek restaurant open daily serving breakfast, lunch, and dinner with fresh healthy options, full bar, and patio seating.","Aegean Restaurant, greek restaurant, Food, Events & Hospitality, Miramar Beach, 30A, South Walton, restaurant dining, greek food",12889 US HWY 98 Suite 114B Miramar Beach FL 32550; (850) 460-2728,,https://business.waltonareachamber.com/list/ql/restaurants-food-beverages-22,"## What It Is

Greek restaurant open daily serving breakfast, lunch, and dinner with fresh healthy options, full bar, and patio seating.

## What You Can Find

restaurant dining, greek food.

## What to Know

This entry was regenerated from local directory source data and should be checked before publishing.",greek restaurant,"[""restaurant dining"", ""greek food""]","[""vegetarian""]","[""breakfast"", ""brunch"", ""lunch"", ""dinner"", ""late_night""]","[""casual"", ""airy"", ""outdoor_seating"", ""lively""]","[""quick_bite"", ""family_outing"", ""date_night"", ""locals_favorite""]","What type of place is this?
Greek restaurant in Miramar Beach.
What can you get here?
restaurant dining, greek food.
Who is it for?
Locals, homeowners, visitors, and people searching for greek restaurant options around 30A.
What occasion or situation fits?
quick bite, family outing, date night, locals favorite.
What's the atmosphere like?
The vibe is casual, airy, outdoor seating, lively. It is a practical directory fit for people comparing local options.
What's the price range?
$$ based on typical category expectations.","greek restaurant restaurant dining greek food

Greek restaurant open daily serving breakfast, lunch, and dinner with fresh healthy options, full bar, and patio seating. This profile is useful for people searching by service type, category, and nearby 30A area.",2
AJ's Grayton Beach,aj-s-grayton-beach,Santa Rosa Beach,Grayton Beach,"Food, Events & Hospitality","AJ's Grayton Beach is a restaurant listed for the food, events & hospitality category serving Santa Rosa Beach.","AJ's Grayton Beach is a restaurant listed for the food, events & hospitality category serving Santa Rosa Beach.",AJ's Grayton Beach | WhereTo30A,"AJ's Grayton Beach is a restaurant listed for the food, events & hospitality category serving Santa Rosa Beach.","AJ's Grayton Beach, restaurant, Food, Events & Hospitality, Santa Rosa Beach, 30A, South Walton, restaurant dining",63 DeFuniak Street Santa Rosa Beach FL 32459; (850) 231-4102,,https://business.waltonareachamber.com/list/ql/restaurants-food-beverages-22,"## What It Is

AJ's Grayton Beach is a restaurant listed for the food, events & hospitality category serving Santa Rosa Beach.

## What You Can Find

restaurant dining.

## What to Know

This entry was regenerated from local directory source data and should be checked before publishing.",restaurant,"[""restaurant dining""]",[],"[""lunch"", ""dinner""]","[""casual"", ""airy""]","[""quick_bite"", ""family_outing"", ""date_night"", ""locals_favorite""]","What type of place is this?
Restaurant in Santa Rosa Beach.
What can you get here?
restaurant dining.
Who is it for?
Locals, homeowners, visitors, and people searching for restaurant options around 30A.
What occasion or situation fits?
quick bite, family outing, date night, locals favorite.
What's the atmosphere like?
The vibe is casual, airy. It is a practical directory fit for people comparing local options.
What's the price range?
$$ based on typical category expectations.","restaurant restaurant dining

AJ's Grayton Beach is a restaurant listed for the food, events & hospitality category serving Santa Rosa Beach. This profile is useful for people searching by service type, category, and nearby 30A area.",2
AJ's Oyster Shanty,aj-s-oyster-shanty,Fort Walton Beach,,"Food, Events & Hospitality","AJ's Oyster Shanty is a seafood restaurant listed for the food, events & hospitality category serving Fort Walton Beach.","AJ's Oyster Shanty is a seafood restaurant listed for the food, events & hospitality category serving Fort Walton Beach.",AJ's Oyster Shanty | WhereTo30A,"AJ's Oyster Shanty is a seafood restaurant listed for the food, events & hospitality category serving Fort Walton Beach.","AJ's Oyster Shanty, seafood restaurant, Food, Events & Hospitality, Fort Walton Beach, 30A, South Walton, seafood, restaurant dining",108 Santa Rosa Blvd Fort Walton Beach FL 32541; (850) 226-8108,,https://business.waltonareachamber.com/list/ql/restaurants-food-beverages-22,"## What It Is

AJ's Oyster Shanty is a seafood restaurant listed for the food, events & hospitality category serving Fort Walton Beach.

## What You Can Find

seafood, restaurant dining.

## What to Know

This entry was regenerated from local directory source data and should be checked before publishing.",seafood restaurant,"[""seafood"", ""restaurant dining""]",[],"[""lunch"", ""dinner""]","[""casual"", ""airy"", ""lively""]","[""quick_bite"", ""family_outing"", ""date_night"", ""locals_favorite""]","What type of place is this?
Seafood restaurant in Fort Walton Beach.
What can you get here?
seafood, restaurant dining.
Who is it for?
Locals, homeowners, visitors, and people searching for seafood restaurant options around 30A.
What occasion or situation fits?
quick bite, family outing, date night, locals favorite.
What's the atmosphere like?
The vibe is casual, airy, lively. It is a practical directory fit for people comparing local options.
What's the price range?
$$ based on typical category expectations.","seafood restaurant seafood restaurant dining

AJ's Oyster Shanty is a seafood restaurant listed for the food, events & hospitality category serving Fort Walton Beach. This profile is useful for people searching by service type, category, and nearby 30A area.",2
AJ's Seafood & Oyster Bar,aj-s-seafood-and-oyster-bar,Destin,,"Food, Events & Hospitality","AJ's Seafood & Oyster Bar is a seafood restaurant listed for the food, events & hospitality category serving Destin.","AJ's Seafood & Oyster Bar is a seafood restaurant listed for the food, events & hospitality category serving Destin.",AJ's Seafood & Oyster Bar | WhereTo30A,"AJ's Seafood & Oyster Bar is a seafood restaurant listed for the food, events & hospitality category serving Destin.","AJ's Seafood & Oyster Bar, seafood restaurant, Food, Events & Hospitality, Destin, 30A, South Walton, seafood, restaurant dining",116 Harbor Blvd Destin FL 32541; (850) 837-1913,,https://business.waltonareachamber.com/list/ql/restaurants-food-beverages-22,"## What It Is

AJ's Seafood & Oyster Bar is a seafood restaurant listed for the food, events & hospitality category serving Destin.

## What You Can Find

seafood, restaurant dining.

## What to Know

This entry was regenerated from local directory source data and should be checked before publishing.",seafood restaurant,"[""seafood"", ""restaurant dining""]",[],"[""lunch"", ""dinner"", ""late_night""]","[""casual"", ""lively""]","[""quick_bite"", ""family_outing"", ""date_night"", ""locals_favorite""]","What type of place is this?
Seafood restaurant in Destin.
What can you get here?
seafood, restaurant dining.
Who is it for?
Locals, homeowners, visitors, and people searching for seafood restaurant options around 30A.
What occasion or situation fits?
quick bite, family outing, date night, locals favorite.
What's the atmosphere like?
The vibe is casual, lively. It is a practical directory fit for people comparing local options.
What's the price range?
$$ based on typical category expectations.","seafood restaurant seafood restaurant dining

AJ's Seafood & Oyster Bar is a seafood restaurant listed for the food, events & hospitality category serving Destin. This profile is useful for people searching by service type, category, and nearby 30A area.",2
Alsies 30A,alsies-30a,Watersound,Watersound Town Center,"Food, Events & Hospitality","Alsies 30A is a restaurant listed for the food, events & hospitality category serving Watersound.","Alsies 30A is a restaurant listed for the food, events & hospitality category serving Watersound.",Alsies 30A | WhereTo30A,"Alsies 30A is a restaurant listed for the food, events & hospitality category serving Watersound.","Alsies 30A, restaurant, Food, Events & Hospitality, Watersound, 30A, South Walton, restaurant dining",Watersound FL; (313) 418-0704,,https://business.waltonareachamber.com/list/ql/restaurants-food-beverages-22,"## What It Is

Alsies 30A is a restaurant listed for the food, events & hospitality category serving Watersound.

## What You Can Find

restaurant dining.

## What to Know

This entry was regenerated from local directory source data and should be checked before publishing.",restaurant,"[""restaurant dining""]",[],"[""lunch"", ""dinner""]","[""casual"", ""airy""]","[""quick_bite"", ""family_outing"", ""date_night"", ""locals_favorite""]","What type of place is this?
Restaurant in Watersound.
What can you get here?
restaurant dining.
Who is it for?
Locals, homeowners, visitors, and people searching for restaurant options around 30A.
What occasion or situation fits?
quick bite, family outing, date night, locals favorite.
What's the atmosphere like?
The vibe is casual, airy. It is a practical directory fit for people comparing local options.
What's the price range?
$$ based on typical category expectations.","restaurant restaurant dining

Alsies 30A is a restaurant listed for the food, events & hospitality category serving Watersound. This profile is useful for people searching by service type, category, and nearby 30A area.",2
amici 30A Italian Kitchen,amici-30a-italian-kitchen,Inlet Beach,30Avenue,"Food, Events & Hospitality","amici 30A Italian Kitchen is a italian restaurant listed for the food, events & hospitality category serving Inlet Beach.","amici 30A Italian Kitchen is a italian restaurant listed for the food, events & hospitality category serving Inlet Beach.",amici 30A Italian Kitchen | WhereTo30A,"amici 30A Italian Kitchen is a italian restaurant listed for the food, events & hospitality category serving Inlet Beach.","amici 30A Italian Kitchen, italian restaurant, Food, Events & Hospitality, Inlet Beach, 30A, South Walton, restaurant dining, italian food",12805 US Highway 98 East - Suite R 101 Inlet Beach FL 32461; 850-909-0555,,https://business.waltonareachamber.com/list/ql/restaurants-food-beverages-22,"## What It Is

amici 30A Italian Kitchen is a italian restaurant listed for the food, events & hospitality category serving Inlet Beach.

## What You Can Find

restaurant dining, italian food.

## What to Know

This entry was regenerated from local directory source data and should be checked before publishing.",italian restaurant,"[""restaurant dining"", ""italian food""]",[],"[""lunch"", ""dinner""]","[""casual"", ""airy""]","[""quick_bite"", ""family_outing"", ""date_night"", ""locals_favorite""]","What type of place is this?
Italian restaurant in Inlet Beach.
What can you get here?
restaurant dining, italian food.
Who is it for?
Locals, homeowners, visitors, and people searching for italian restaurant options around 30A.
What occasion or situation fits?
quick bite, family outing, date night, locals favorite.
What's the atmosphere like?
The vibe is casual, airy. It is a practical directory fit for people comparing local options.
What's the price range?
$$ based on typical category expectations.","italian restaurant restaurant dining italian food

amici 30A Italian Kitchen is a italian restaurant listed for the food, events & hospitality category serving Inlet Beach. This profile is useful for people searching by service type, category, and nearby 30A area.",2
Bar Cups,bar-cups,Panama City Beach,,"Food, Events & Hospitality","Bar Cups is a bar and grill listed for the food, events & hospitality category serving Panama City Beach.","Bar Cups is a bar and grill listed for the food, events & hospitality category serving Panama City Beach.",Bar Cups | WhereTo30A,"Bar Cups is a bar and grill listed for the food, events & hospitality category serving Panama City Beach.","Bar Cups, bar and grill, Food, Events & Hospitality, Panama City Beach, 30A, South Walton, bar, grill",Panama City Beach FL 32407; (850) 527-7435,,https://business.waltonareachamber.com/list/ql/restaurants-food-beverages-22,"## What It Is

Bar Cups is a bar and grill listed for the food, events & hospitality category serving Panama City Beach.

## What You Can Find

bar, grill.

## What to Know

This entry was regenerated from local directory source data and should be checked before publishing.",bar and grill,"[""bar"", ""grill""]",[],"[""lunch"", ""dinner"", ""late_night""]","[""casual"", ""airy"", ""lively""]","[""date_night"", ""locals_favorite"", ""rainy_day""]","What type of place is this?
Bar and grill in Panama City Beach.
What can you get here?
bar, grill.
Who is it for?
Locals, homeowners, visitors, and people searching for bar and grill options around 30A.
What occasion or situation fits?
date night, locals favorite, rainy day.
What's the atmosphere like?
The vibe is casual, airy, lively. It is a practical directory fit for people comparing local options.
What's the price range?
$$ based on typical category expectations.","bar and grill bar grill

Bar Cups is a bar and grill listed for the food, events & hospitality category serving Panama City Beach. This profile is useful for people searching by service type, category, and nearby 30A area.",2
Barefoot's Beachside Bar & Grill - Hilton Sandestin Beach Golf Resort & Spa,barefoot-s-beachside-bar-and-grill-hilton-sandestin-beach-golf-resort-and-spa,Destin,,"Food, Events & Hospitality","Barefoot's Beachside Bar & Grill - Hilton Sandestin Beach Golf Resort & Spa is a bar and grill listed for the food, events & hospitality category serving Destin.","Barefoot's Beachside Bar & Grill - Hilton Sandestin Beach Golf Resort & Spa is a bar and grill listed for the food, events & hospitality category serving Destin.",Barefoot's Beachside Bar & Grill - Hilton Sandestin Beach Go,"Barefoot's Beachside Bar & Grill - Hilton Sandestin Beach Golf Resort & Spa is a bar and grill listed for the food, events & hospitality category serv.","Barefoot's Beachside Bar & Grill - Hilton Sandestin Beach Golf Resort & Spa, bar and grill, Food, Events & Hospitality, Destin, 30A, South Walton, resort lodging, bar, grill, golf",4000 Sandestin Blvd S Destin FL 32550; (850) 267-9600,,https://business.waltonareachamber.com/list/ql/restaurants-food-beverages-22,"## What It Is

Barefoot's Beachside Bar & Grill - Hilton Sandestin Beach Golf Resort & Spa is a bar and grill listed for the food, events & hospitality category serving Destin.

## What You Can Find

resort lodging, bar, grill, golf.

## What to Know

This entry was regenerated from local directory source data and should be checked before publishing.",bar and grill,"[""resort lodging"", ""bar"", ""grill"", ""golf""]",[],"[""lunch"", ""dinner"", ""late_night""]","[""casual"", ""upscale"", ""airy"", ""lively""]","[""date_night"", ""family_outing"", ""tourist_attraction"", ""locals_favorite""]","What type of place is this?
Bar and grill in Destin.
What can you get here?
resort lodging, bar, grill, golf.
Who is it for?
Locals, homeowners, visitors, and people searching for bar and grill options around 30A.
What occasion or situation fits?
date night, family outing, tourist attraction, locals favorite.
What's the atmosphere like?
The vibe is casual, upscale, airy, lively. It is a practical directory fit for people comparing local options.
What's the price range?
$$ based on typical category expectations.","bar and grill resort lodging bar grill golf

Barefoot's Beachside Bar & Grill - Hilton Sandestin Beach Golf Resort & Spa is a bar and grill listed for the food, events & hospitality category serving Destin. This profile is useful for people searching by service type, category, and nearby 30A area.",2
Beach Weekend Coffee,beach-weekend-coffee,Santa Rosa Beach,,"Food, Events & Hospitality","Beach Weekend Coffee is a coffee shop listed for the food, events & hospitality category serving Santa Rosa Beach.","Beach Weekend Coffee is a coffee shop listed for the food, events & hospitality category serving Santa Rosa Beach.",Beach Weekend Coffee | WhereTo30A,"Beach Weekend Coffee is a coffee shop listed for the food, events & hospitality category serving Santa Rosa Beach.","Beach Weekend Coffee, coffee shop, Food, Events & Hospitality, Santa Rosa Beach, 30A, South Walton, coffee",3170 Hwy 98 Suite 401 Santa Rosa Beach FL 32459; (850) 374-3368,,https://business.waltonareachamber.com/list/ql/restaurants-food-beverages-22,"## What It Is

Beach Weekend Coffee is a coffee shop listed for the food, events & hospitality category serving Santa Rosa Beach.

## What You Can Find

coffee.

## What to Know

This entry was regenerated from local directory source data and should be checked before publishing.",coffee shop,"[""coffee""]",[],"[""breakfast"", ""brunch""]","[""casual"", ""airy"", ""cozy""]","[""quick_bite"", ""family_outing"", ""locals_favorite"", ""rainy_day""]","What type of place is this?
Coffee shop in Santa Rosa Beach.
What can you get here?
coffee.
Who is it for?
Locals, homeowners, visitors, and people searching for coffee shop options around 30A.
What occasion or situation fits?
quick bite, family outing, locals favorite, rainy day.
What's the atmosphere like?
The vibe is casual, airy, cozy. It is a practical directory fit for people comparing local options.
What's the price range?
$$ based on typical category expectations.","coffee shop coffee

Beach Weekend Coffee is a coffee shop listed for the food, events & hospitality category serving Santa Rosa Beach. This profile is useful for people searching by service type, category, and nearby 30A area.",2
Beignets and Brew- Grayton Beach,beignets-and-brew-grayton-beach,Santa Rosa Beach,Grayton Beach,"Food, Events & Hospitality","Beignets and Brew- Grayton Beach is a bakery listed for the food, events & hospitality category serving Santa Rosa Beach.","Beignets and Brew- Grayton Beach is a bakery listed for the food, events & hospitality category serving Santa Rosa Beach.",Beignets and Brew- Grayton Beach | WhereTo30A,"Beignets and Brew- Grayton Beach is a bakery listed for the food, events & hospitality category serving Santa Rosa Beach.","Beignets and Brew- Grayton Beach, bakery, Food, Events & Hospitality, Santa Rosa Beach, 30A, South Walton, baked goods",32 East County Hwy 30A Santa Rosa Beach FL 32459; (850) 213-0136,,https://business.waltonareachamber.com/list/ql/restaurants-food-beverages-22,"## What It Is

Beignets and Brew- Grayton Beach is a bakery listed for the food, events & hospitality category serving Santa Rosa Beach.

## What You Can Find

baked goods.

## What to Know

This entry was regenerated from local directory source data and should be checked before publishing.",bakery,"[""baked goods""]",[],"[""breakfast"", ""brunch""]","[""casual"", ""airy"", ""cozy""]","[""quick_bite"", ""family_outing"", ""locals_favorite"", ""rainy_day""]","What type of place is this?
Bakery in Santa Rosa Beach.
What can you get here?
baked goods.
Who is it for?
Locals, homeowners, visitors, and people searching for bakery options around 30A.
What occasion or situation fits?
quick bite, family outing, locals favorite, rainy day.
What's the atmosphere like?
The vibe is casual, airy, cozy. It is a practical directory fit for people comparing local options.
What's the price range?
$$ based on typical category expectations.","bakery baked goods

Beignets and Brew- Grayton Beach is a bakery listed for the food, events & hospitality category serving Santa Rosa Beach. This profile is useful for people searching by service type, category, and nearby 30A area.",2
Beignets and Brew- Santa Rosa Beach,beignets-and-brew-santa-rosa-beach,Santa Rosa Beach,,"Food, Events & Hospitality","Beignets and Brew- Santa Rosa Beach is a bakery listed for the food, events & hospitality category serving Santa Rosa Beach.","Beignets and Brew- Santa Rosa Beach is a bakery listed for the food, events & hospitality category serving Santa Rosa Beach.",Beignets and Brew- Santa Rosa Beach | WhereTo30A,"Beignets and Brew- Santa Rosa Beach is a bakery listed for the food, events & hospitality category serving Santa Rosa Beach.","Beignets and Brew- Santa Rosa Beach, bakery, Food, Events & Hospitality, Santa Rosa Beach, 30A, South Walton, baked goods",4688 US Highway 98W 1A Santa Rosa Beach FL 32459; (850) 660-1557,,https://business.waltonareachamber.com/list/ql/restaurants-food-beverages-22,"## What It Is

Beignets and Brew- Santa Rosa Beach is a bakery listed for the food, events & hospitality category serving Santa Rosa Beach.

## What You Can Find

baked goods.

## What to Know

This entry was regenerated from local directory source data and should be checked before publishing.",bakery,"[""baked goods""]",[],"[""breakfast"", ""brunch""]","[""casual"", ""airy"", ""cozy""]","[""quick_bite"", ""family_outing"", ""locals_favorite"", ""rainy_day""]","What type of place is this?
Bakery in Santa Rosa Beach.
What can you get here?
baked goods.
Who is it for?
Locals, homeowners, visitors, and people searching for bakery options around 30A.
What occasion or situation fits?
quick bite, family outing, locals favorite, rainy day.
What's the atmosphere like?
The vibe is casual, airy, cozy. It is a practical directory fit for people comparing local options.
What's the price range?
$$ based on typical category expectations.","bakery baked goods

Beignets and Brew- Santa Rosa Beach is a bakery listed for the food, events & hospitality category serving Santa Rosa Beach. This profile is useful for people searching by service type, category, and nearby 30A area.",2
Black Bear Bread Company,black-bear-bread-company,Santa Rosa Beach,,"Food, Events & Hospitality","Black Bear Bread Company is a bakery listed for the food, events & hospitality category serving Santa Rosa Beach.","Black Bear Bread Company is a bakery listed for the food, events & hospitality category serving Santa Rosa Beach.",Black Bear Bread Company | WhereTo30A,"Black Bear Bread Company is a bakery listed for the food, events & hospitality category serving Santa Rosa Beach.","Black Bear Bread Company, bakery, Food, Events & Hospitality, Santa Rosa Beach, 30A, South Walton, baked goods",54 Logan Lane Santa Rosa Beach FL 32459; (850) 499-9551,,https://business.waltonareachamber.com/list/ql/restaurants-food-beverages-22,"## What It Is

Black Bear Bread Company is a bakery listed for the food, events & hospitality category serving Santa Rosa Beach.

## What You Can Find

baked goods.

## What to Know

This entry was regenerated from local directory source data and should be checked before publishing.",bakery,"[""baked goods""]",[],"[""breakfast"", ""brunch""]","[""casual"", ""airy"", ""cozy""]","[""quick_bite"", ""family_outing"", ""locals_favorite"", ""rainy_day""]","What type of place is this?
Bakery in Santa Rosa Beach.
What can you get here?
baked goods.
Who is it for?
Locals, homeowners, visitors, and people searching for bakery options around 30A.
What occasion or situation fits?
quick bite, family outing, locals favorite, rainy day.
What's the atmosphere like?
The vibe is casual, airy, cozy. It is a practical directory fit for people comparing local options.
What's the price range?
$$ based on typical category expectations.","bakery baked goods

Black Bear Bread Company is a bakery listed for the food, events & hospitality category serving Santa Rosa Beach. This profile is useful for people searching by service type, category, and nearby 30A area.",2
Bud and Alley's Restaurant,bud-and-alley-s-restaurant,Seaside,Seaside Town Square,"Food, Events & Hospitality","Bud and Alley's Restaurant is a restaurant listed for the food, events & hospitality category serving Seaside.","Bud and Alley's Restaurant is a restaurant listed for the food, events & hospitality category serving Seaside.",Bud and Alley's Restaurant | WhereTo30A,"Bud and Alley's Restaurant is a restaurant listed for the food, events & hospitality category serving Seaside.","Bud and Alley's Restaurant, restaurant, Food, Events & Hospitality, Seaside, 30A, South Walton, restaurant dining",2236 County Hwy 30A Seaside FL 32459; (850) 231-5900,,https://business.waltonareachamber.com/list/ql/restaurants-food-beverages-22,"## What It Is

Bud and Alley's Restaurant is a restaurant listed for the food, events & hospitality category serving Seaside.

## What You Can Find

restaurant dining.

## What to Know

This entry was regenerated from local directory source data and should be checked before publishing.",restaurant,"[""restaurant dining""]",[],"[""lunch"", ""dinner""]","[""casual"", ""airy""]","[""quick_bite"", ""family_outing"", ""date_night"", ""locals_favorite""]","What type of place is this?
Restaurant in Seaside.
What can you get here?
restaurant dining.
Who is it for?
Locals, homeowners, visitors, and people searching for restaurant options around 30A.
What occasion or situation fits?
quick bite, family outing, date night, locals favorite.
What's the atmosphere like?
The vibe is casual, airy. It is a practical directory fit for people comparing local options.
What's the price range?
$$ based on typical category expectations.","restaurant restaurant dining

Bud and Alley's Restaurant is a restaurant listed for the food, events & hospitality category serving Seaside. This profile is useful for people searching by service type, category, and nearby 30A area.",2
Cafe' Thirty-A,cafe-thirty-a,Seagrove,,"Food, Events & Hospitality","Cafe' Thirty-A is a restaurant listed for the food, events & hospitality category serving Seagrove.","Cafe' Thirty-A is a restaurant listed for the food, events & hospitality category serving Seagrove.",Cafe' Thirty-A | WhereTo30A,"Cafe' Thirty-A is a restaurant listed for the food, events & hospitality category serving Seagrove.","Cafe' Thirty-A, restaurant, Food, Events & Hospitality, Seagrove, 30A, South Walton, restaurant dining",3899 E County Hwy 30A Seagrove Beach FL 32459; (850) 231-2166,,https://business.waltonareachamber.com/list/ql/restaurants-food-beverages-22,"## What It Is

Cafe' Thirty-A is a restaurant listed for the food, events & hospitality category serving Seagrove.

## What You Can Find

restaurant dining.

## What to Know

This entry was regenerated from local directory source data and should be checked before publishing.",restaurant,"[""restaurant dining""]",[],"[""lunch"", ""dinner""]","[""casual"", ""airy""]","[""quick_bite"", ""family_outing"", ""date_night"", ""locals_favorite""]","What type of place is this?
Restaurant in Seagrove.
What can you get here?
restaurant dining.
Who is it for?
Locals, homeowners, visitors, and people searching for restaurant options around 30A.
What occasion or situation fits?
quick bite, family outing, date night, locals favorite.
What's the atmosphere like?
The vibe is casual, airy. It is a practical directory fit for people comparing local options.
What's the price range?
$$ based on typical category expectations.","restaurant restaurant dining

Cafe' Thirty-A is a restaurant listed for the food, events & hospitality category serving Seagrove. This profile is useful for people searching by service type, category, and nearby 30A area.",2
Capt Dave's on the Gulf,capt-dave-s-on-the-gulf,Destin,,"Food, Events & Hospitality","Capt Dave's on the Gulf is a restaurant listed for the food, events & hospitality category serving Destin.","Capt Dave's on the Gulf is a restaurant listed for the food, events & hospitality category serving Destin.",Capt Dave's on the Gulf | WhereTo30A,"Capt Dave's on the Gulf is a restaurant listed for the food, events & hospitality category serving Destin.","Capt Dave's on the Gulf, restaurant, Food, Events & Hospitality, Destin, 30A, South Walton, restaurant dining",3796 Scenic Old 98 Destin FL 32541; (850) 837-2627,,https://business.waltonareachamber.com/list/ql/restaurants-food-beverages-22,"## What It Is

Capt Dave's on the Gulf is a restaurant listed for the food, events & hospitality category serving Destin.

## What You Can Find

restaurant dining.

## What to Know

This entry was regenerated from local directory source data and should be checked before publishing.",restaurant,"[""restaurant dining""]",[],"[""lunch"", ""dinner""]","[""casual"", ""airy""]","[""quick_bite"", ""family_outing"", ""date_night"", ""locals_favorite""]","What type of place is this?
Restaurant in Destin.
What can you get here?
restaurant dining.
Who is it for?
Locals, homeowners, visitors, and people searching for restaurant options around 30A.
What occasion or situation fits?
quick bite, family outing, date night, locals favorite.
What's the atmosphere like?
The vibe is casual, airy. It is a practical directory fit for people comparing local options.
What's the price range?
$$ based on typical category expectations.","restaurant restaurant dining

Capt Dave's on the Gulf is a restaurant listed for the food, events & hospitality category serving Destin. This profile is useful for people searching by service type, category, and nearby 30A area.",2
Chautauqua Winery,chautauqua-winery,DeFuniak Springs,,"Food, Events & Hospitality","Chautauqua Winery is a winery listed for the food, events & hospitality category serving DeFuniak Springs.","Chautauqua Winery is a winery listed for the food, events & hospitality category serving DeFuniak Springs.",Chautauqua Winery | WhereTo30A,"Chautauqua Winery is a winery listed for the food, events & hospitality category serving DeFuniak Springs.","Chautauqua Winery, winery, Food, Events & Hospitality, DeFuniak Springs, 30A, South Walton, wine",364 Hugh Adams Rd DeFuniak Springs FL 32435; (850) 892-5887,https://www.chautauquawinery.com,https://business.waltonareachamber.com/list/ql/restaurants-food-beverages-22,"## What It Is

Chautauqua Winery is a winery listed for the food, events & hospitality category serving DeFuniak Springs.

## What You Can Find

wine.

## What to Know

This entry was regenerated from local directory source data and should be checked before publishing.",winery,"[""wine""]",[],[],"[""casual""]","[""date_night"", ""locals_favorite"", ""rainy_day""]","What type of place is this?
Winery in DeFuniak Springs.
What can you get here?
wine.
Who is it for?
Locals, homeowners, visitors, and people searching for winery options around 30A.
What occasion or situation fits?
date night, locals favorite, rainy day.
What's the atmosphere like?
The vibe is casual. It is a practical directory fit for people comparing local options.
What's the price range?
$$ based on typical category expectations.","winery wine

Chautauqua Winery is a winery listed for the food, events & hospitality category serving DeFuniak Springs. This profile is useful for people searching by service type, category, and nearby 30A area.",2
Coca-Cola Bottling Company,coca-cola-bottling-company,Valpariso,,"Food, Events & Hospitality","Coca-Cola Bottling Company is a restaurant listed for the food, events & hospitality category serving Valpariso.","Coca-Cola Bottling Company is a restaurant listed for the food, events & hospitality category serving Valpariso.",Coca-Cola Bottling Company | WhereTo30A,"Coca-Cola Bottling Company is a restaurant listed for the food, events & hospitality category serving Valpariso.","Coca-Cola Bottling Company, restaurant, Food, Events & Hospitality, Valpariso, 30A, South Walton, restaurant dining",647 Valpariso Valpariso FL 32580; (850) 501-8855,,https://business.waltonareachamber.com/list/ql/restaurants-food-beverages-22,"## What It Is

Coca-Cola Bottling Company is a restaurant listed for the food, events & hospitality category serving Valpariso.

## What You Can Find

restaurant dining.

## What to Know

This entry was regenerated from local directory source data and should be checked before publishing.",restaurant,"[""restaurant dining""]",[],"[""lunch"", ""dinner""]","[""casual""]","[""quick_bite"", ""family_outing"", ""date_night"", ""locals_favorite""]","What type of place is this?
Restaurant in Valpariso.
What can you get here?
restaurant dining.
Who is it for?
Locals, homeowners, visitors, and people searching for restaurant options around 30A.
What occasion or situation fits?
quick bite, family outing, date night, locals favorite.
What's the atmosphere like?
The vibe is casual. It is a practical directory fit for people comparing local options.
What's the price range?
$$ based on typical category expectations.","restaurant restaurant dining

Coca-Cola Bottling Company is a restaurant listed for the food, events & hospitality category serving Valpariso. This profile is useful for people searching by service type, category, and nearby 30A area.",2
Corchis Hospitality Group,corchis-hospitality-group,Inlet Beach,30Avenue,"Food, Events & Hospitality","Corchis Hospitality Group is a restaurant listed for the food, events & hospitality category serving Inlet Beach.","Corchis Hospitality Group is a restaurant listed for the food, events & hospitality category serving Inlet Beach.",Corchis Hospitality Group | WhereTo30A,"Corchis Hospitality Group is a restaurant listed for the food, events & hospitality category serving Inlet Beach.","Corchis Hospitality Group, restaurant, Food, Events & Hospitality, Inlet Beach, 30A, South Walton, restaurant dining, emergency care",12805 US Highway 98 East - Suite R 101 Inlet Beach FL 32461,,https://business.waltonareachamber.com/list/ql/restaurants-food-beverages-22,"## What It Is

Corchis Hospitality Group is a restaurant listed for the food, events & hospitality category serving Inlet Beach.

## What You Can Find

restaurant dining, emergency care.

## What to Know

This entry was regenerated from local directory source data and should be checked before publishing.",restaurant,"[""restaurant dining"", ""emergency care""]",[],"[""lunch"", ""dinner""]","[""casual"", ""airy""]","[""quick_bite"", ""family_outing"", ""date_night"", ""locals_favorite""]","What type of place is this?
Restaurant in Inlet Beach.
What can you get here?
restaurant dining, emergency care.
Who is it for?
Locals, homeowners, visitors, and people searching for restaurant options around 30A.
What occasion or situation fits?
quick bite, family outing, date night, locals favorite.
What's the atmosphere like?
The vibe is casual, airy. It is a practical directory fit for people comparing local options.
What's the price range?
$$ based on typical category expectations.","restaurant restaurant dining emergency care

Corchis Hospitality Group is a restaurant listed for the food, events & hospitality category serving Inlet Beach. This profile is useful for people searching by service type, category, and nearby 30A area.",2
Covenant Cookie Creations LLC,covenant-cookie-creations-llc,Miramar Beach,,"Food, Events & Hospitality","Covenant Cookie Creations LLC is a bakery listed for the food, events & hospitality category serving Miramar Beach.","Covenant Cookie Creations LLC is a bakery listed for the food, events & hospitality category serving Miramar Beach.",Covenant Cookie Creations LLC | WhereTo30A,"Covenant Cookie Creations LLC is a bakery listed for the food, events & hospitality category serving Miramar Beach.","Covenant Cookie Creations LLC, bakery, Food, Events & Hospitality, Miramar Beach, 30A, South Walton, baked goods",110 Indigo Loop Miramar Beach FL 32550; (850) 257-6467,,https://business.waltonareachamber.com/list/ql/restaurants-food-beverages-22,"## What It Is

Covenant Cookie Creations LLC is a bakery listed for the food, events & hospitality category serving Miramar Beach.

## What You Can Find

baked goods.

## What to Know

This entry was regenerated from local directory source data and should be checked before publishing.",bakery,"[""baked goods""]",[],"[""breakfast"", ""brunch""]","[""casual"", ""airy"", ""cozy""]","[""quick_bite"", ""family_outing"", ""locals_favorite"", ""rainy_day""]","What type of place is this?
Bakery in Miramar Beach.
What can you get here?
baked goods.
Who is it for?
Locals, homeowners, visitors, and people searching for bakery options around 30A.
What occasion or situation fits?
quick bite, family outing, locals favorite, rainy day.
What's the atmosphere like?
The vibe is casual, airy, cozy. It is a practical directory fit for people comparing local options.
What's the price range?
$$ based on typical category expectations.","bakery baked goods

Covenant Cookie Creations LLC is a bakery listed for the food, events & hospitality category serving Miramar Beach. This profile is useful for people searching by service type, category, and nearby 30A area.",2
Crab Trap,crab-trap,Destin,,"Food, Events & Hospitality","Crab Trap is a seafood restaurant listed for the food, events & hospitality category serving Destin.","Crab Trap is a seafood restaurant listed for the food, events & hospitality category serving Destin.",Crab Trap | WhereTo30A,"Crab Trap is a seafood restaurant listed for the food, events & hospitality category serving Destin.","Crab Trap, seafood restaurant, Food, Events & Hospitality, Destin, 30A, South Walton, seafood, restaurant dining",3500 Scenic Highway 98E Destin FL 32541; (850) 654-2722,,https://business.waltonareachamber.com/list/ql/restaurants-food-beverages-22,"## What It Is

Crab Trap is a seafood restaurant listed for the food, events & hospitality category serving Destin.

## What You Can Find

seafood, restaurant dining.

## What to Know

This entry was regenerated from local directory source data and should be checked before publishing.",seafood restaurant,"[""seafood"", ""restaurant dining""]",[],"[""lunch"", ""dinner""]","[""casual""]","[""quick_bite"", ""family_outing"", ""date_night"", ""locals_favorite""]","What type of place is this?
Seafood restaurant in Destin.
What can you get here?
seafood, restaurant dining.
Who is it for?
Locals, homeowners, visitors, and people searching for seafood restaurant options around 30A.
What occasion or situation fits?
quick bite, family outing, date night, locals favorite.
What's the atmosphere like?
The vibe is casual. It is a practical directory fit for people comparing local options.
What's the price range?
$$ based on typical category expectations.","seafood restaurant seafood restaurant dining

Crab Trap is a seafood restaurant listed for the food, events & hospitality category serving Destin. This profile is useful for people searching by service type, category, and nearby 30A area.",2
Down Island Gulf Seafood Restaurant,down-island-gulf-seafood-restaurant,Santa Rosa Beach,,"Food, Events & Hospitality","Down Island Gulf Seafood Restaurant is a seafood restaurant listed for the food, events & hospitality category serving Santa Rosa Beach.","Down Island Gulf Seafood Restaurant is a seafood restaurant listed for the food, events & hospitality category serving Santa Rosa Beach.",Down Island Gulf Seafood Restaurant | WhereTo30A,"Down Island Gulf Seafood Restaurant is a seafood restaurant listed for the food, events & hospitality category serving Santa Rosa Beach.","Down Island Gulf Seafood Restaurant, seafood restaurant, Food, Events & Hospitality, Santa Rosa Beach, 30A, South Walton, seafood, restaurant dining",2780 US Hwy 98 W Santa Rosa Beach FL 32459; (850) 777-3385,,https://business.waltonareachamber.com/list/ql/restaurants-food-beverages-22,"## What It Is

Down Island Gulf Seafood Restaurant is a seafood restaurant listed for the food, events & hospitality category serving Santa Rosa Beach.

## What You Can Find

seafood, restaurant dining.

## What to Know

This entry was regenerated from local directory source data and should be checked before publishing.",seafood restaurant,"[""seafood"", ""restaurant dining""]",[],"[""lunch"", ""dinner""]","[""casual"", ""airy""]","[""quick_bite"", ""family_outing"", ""date_night"", ""locals_favorite""]","What type of place is this?
Seafood restaurant in Santa Rosa Beach.
What can you get here?
seafood, restaurant dining.
Who is it for?
Locals, homeowners, visitors, and people searching for seafood restaurant options around 30A.
What occasion or situation fits?
quick bite, family outing, date night, locals favorite.
What's the atmosphere like?
The vibe is casual, airy. It is a practical directory fit for people comparing local options.
What's the price range?
$$ based on typical category expectations.","seafood restaurant seafood restaurant dining

Down Island Gulf Seafood Restaurant is a seafood restaurant listed for the food, events & hospitality category serving Santa Rosa Beach. This profile is useful for people searching by service type, category, and nearby 30A area.",2
The Bay,the-bay,Santa Rosa Beach,,"Food, Events & Hospitality","The Bay is a restaurant listed for the food, events & hospitality category serving Santa Rosa Beach.","The Bay is a restaurant listed for the food, events & hospitality category serving Santa Rosa Beach.",The Bay | WhereTo30A,"The Bay is a restaurant listed for the food, events & hospitality category serving Santa Rosa Beach.","The Bay, restaurant, Food, Events & Hospitality, Santa Rosa Beach, 30A, South Walton, restaurant dining",Santa Rosa Beach FL; (850) 622-2291,,uploaded report / regenerated source notes,"## What It Is

The Bay is a restaurant listed for the food, events & hospitality category serving Santa Rosa Beach.

## What You Can Find

restaurant dining.

## What to Know

This entry was regenerated from local directory source data and should be checked before publishing.",restaurant,"[""restaurant dining""]",[],"[""lunch"", ""dinner""]","[""casual"", ""airy""]","[""quick_bite"", ""family_outing"", ""date_night"", ""locals_favorite""]","What type of place is this?
Restaurant in Santa Rosa Beach.
What can you get here?
restaurant dining.
Who is it for?
Locals, homeowners, visitors, and people searching for restaurant options around 30A.
What occasion or situation fits?
quick bite, family outing, date night, locals favorite.
What's the atmosphere like?
The vibe is casual, airy. It is a practical directory fit for people comparing local options.
What's the price range?
$$ based on typical category expectations.","restaurant restaurant dining

The Bay is a restaurant listed for the food, events & hospitality category serving Santa Rosa Beach. This profile is useful for people searching by service type, category, and nearby 30A area.",2
Aesthetic Artistry Med Spa 30A,aesthetic-artistry-med-spa-30a,Santa Rosa Beach,,"Health, Beauty & Wellness","Aesthetic Artistry Med Spa 30A is a medical spa listed for the health, beauty & wellness category serving Santa Rosa Beach.","Aesthetic Artistry Med Spa 30A is a medical spa listed for the health, beauty & wellness category serving Santa Rosa Beach.",Aesthetic Artistry Med Spa 30A | WhereTo30A,"Aesthetic Artistry Med Spa 30A is a medical spa listed for the health, beauty & wellness category serving Santa Rosa Beach.","Aesthetic Artistry Med Spa 30A, medical spa, Health, Beauty & Wellness, Santa Rosa Beach, 30A, South Walton, med spa services",111 North County Highway 393 Suite 305 Santa Rosa Beach FL 32459; (850) 716-0582,,https://business.waltonareachamber.com/list/ql/health-care-11,"## What It Is

Aesthetic Artistry Med Spa 30A is a medical spa listed for the health, beauty & wellness category serving Santa Rosa Beach.

## What You Can Find

med spa services.

## What to Know

This entry was regenerated from local directory source data and should be checked before publishing.",medical spa,"[""med spa services""]",[],[],"[""upscale"", ""airy""]","[""locals_favorite""]","What type of place is this?
Medical spa in Santa Rosa Beach.
What can you get here?
med spa services.
Who is it for?
Locals, homeowners, visitors, and people searching for medical spa options around 30A.
What occasion or situation fits?
locals favorite.
What's the atmosphere like?
The vibe is upscale, airy. It is a practical directory fit for people comparing local options.
What's the price range?
$$$ based on typical category expectations.","medical spa med spa services

Aesthetic Artistry Med Spa 30A is a medical spa listed for the health, beauty & wellness category serving Santa Rosa Beach. This profile is useful for people searching by service type, category, and nearby 30A area.",3
Ascension Sacred Heart Hospital on the Emerald Coast,ascension-sacred-heart-hospital-on-the-emerald-coast,Miramar Beach,,"Health, Beauty & Wellness",Full-service 76-bed hospital with 24/7 emergency care.,Full-service 76-bed hospital with 24/7 emergency care.,Ascension Sacred Heart Hospital on the Emerald Coast | Where,Full-service 76-bed hospital with 24/7 emergency care.,"Ascension Sacred Heart Hospital on the Emerald Coast, hospital, Health, Beauty & Wellness, Miramar Beach, 30A, South Walton, emergency care",7800 US Hwy 98 W Miramar Beach FL 32550; (850) 278-3000,,https://business.waltonareachamber.com/list/ql/health-care-11,"## What It Is

Full-service 76-bed hospital with 24/7 emergency care.

## What You Can Find

emergency care.

## What to Know

This entry was regenerated from local directory source data and should be checked before publishing.",hospital,"[""emergency care""]",[],[],"[""airy""]","[""locals_favorite"", ""rainy_day""]","What type of place is this?
Hospital in Miramar Beach.
What can you get here?
emergency care.
Who is it for?
Locals, homeowners, visitors, and people searching for hospital options around 30A.
What occasion or situation fits?
locals favorite, rainy day.
What's the atmosphere like?
The vibe is airy. It is a practical directory fit for people comparing local options.
What's the price range?
$$$$ based on typical category expectations.","hospital emergency care

Full-service 76-bed hospital with 24/7 emergency care. This profile is useful for people searching by service type, category, and nearby 30A area.",4
Aspen Dental Defuniak Springs,aspen-dental-defuniak-springs,DeFuniak Springs,,"Health, Beauty & Wellness","Aspen Dental Defuniak Springs is a healthcare provider listed for the health, beauty & wellness category serving DeFuniak Springs.","Aspen Dental Defuniak Springs is a healthcare provider listed for the health, beauty & wellness category serving DeFuniak Springs.",Aspen Dental Defuniak Springs | WhereTo30A,"Aspen Dental Defuniak Springs is a healthcare provider listed for the health, beauty & wellness category serving DeFuniak Springs.","Aspen Dental Defuniak Springs, healthcare provider, Health, Beauty & Wellness, DeFuniak Springs, 30A, South Walton","1497 US Highway 331 N, Unit A DeFuniak Springs FL 32435; (617) 504-6070",,https://business.waltonareachamber.com/list/ql/health-care-11,"## What It Is

Aspen Dental Defuniak Springs is a healthcare provider listed for the health, beauty & wellness category serving DeFuniak Springs.

## What You Can Find

healthcare provider.

## What to Know

This entry was regenerated from local directory source data and should be checked before publishing.",healthcare provider,"[""healthcare provider""]",[],[],"[""casual""]","[""locals_favorite""]","What type of place is this?
Healthcare provider in DeFuniak Springs.
What can you get here?
healthcare provider.
Who is it for?
Locals, homeowners, visitors, and people searching for healthcare provider options around 30A.
What occasion or situation fits?
locals favorite.
What's the atmosphere like?
The vibe is casual. It is a practical directory fit for people comparing local options.
What's the price range?
$$$ based on typical category expectations.","healthcare provider healthcare provider

Aspen Dental Defuniak Springs is a healthcare provider listed for the health, beauty & wellness category serving DeFuniak Springs. This profile is useful for people searching by service type, category, and nearby 30A area.",3
Beverly McManus Counseling,beverly-mcmanus-counseling,Santa Rosa Beach,,"Health, Beauty & Wellness","Beverly McManus Counseling is a counselor listed for the health, beauty & wellness category serving Santa Rosa Beach.","Beverly McManus Counseling is a counselor listed for the health, beauty & wellness category serving Santa Rosa Beach.",Beverly McManus Counseling | WhereTo30A,"Beverly McManus Counseling is a counselor listed for the health, beauty & wellness category serving Santa Rosa Beach.","Beverly McManus Counseling, counselor, Health, Beauty & Wellness, Santa Rosa Beach, 30A, South Walton",Santa Rosa Beach FL 32459; (615) 293-5812,,https://business.waltonareachamber.com/list/ql/health-care-11,"## What It Is

Beverly McManus Counseling is a counselor listed for the health, beauty & wellness category serving Santa Rosa Beach.

## What You Can Find

counselor.

## What to Know

This entry was regenerated from local directory source data and should be checked before publishing.",counselor,"[""counselor""]",[],[],"[""airy""]","[""locals_favorite""]","What type of place is this?
Counselor in Santa Rosa Beach.
What can you get here?
counselor.
Who is it for?
Locals, homeowners, visitors, and people searching for counselor options around 30A.
What occasion or situation fits?
locals favorite.
What's the atmosphere like?
The vibe is airy. It is a practical directory fit for people comparing local options.
What's the price range?
$$$ based on typical category expectations.","counselor counselor

Beverly McManus Counseling is a counselor listed for the health, beauty & wellness category serving Santa Rosa Beach. This profile is useful for people searching by service type, category, and nearby 30A area.",3
Coastal Skin Surgery & Dermatology,coastal-skin-surgery-and-dermatology,Miramar Beach,,"Health, Beauty & Wellness","Coastal Skin Surgery & Dermatology is a dermatologist listed for the health, beauty & wellness category serving Miramar Beach.","Coastal Skin Surgery & Dermatology is a dermatologist listed for the health, beauty & wellness category serving Miramar Beach.",Coastal Skin Surgery & Dermatology | WhereTo30A,"Coastal Skin Surgery & Dermatology is a dermatologist listed for the health, beauty & wellness category serving Miramar Beach.","Coastal Skin Surgery & Dermatology, dermatologist, Health, Beauty & Wellness, Miramar Beach, 30A, South Walton, dermatology",12469 Emerald Coast Pkwy Ste101 Miramar Beach FL 32550; (850) 654-3376,,https://business.waltonareachamber.com/list/ql/health-care-11,"## What It Is

Coastal Skin Surgery & Dermatology is a dermatologist listed for the health, beauty & wellness category serving Miramar Beach.

## What You Can Find

dermatology.

## What to Know

This entry was regenerated from local directory source data and should be checked before publishing.",dermatologist,"[""dermatology""]",[],[],"[""airy""]","[""locals_favorite""]","What type of place is this?
Dermatologist in Miramar Beach.
What can you get here?
dermatology.
Who is it for?
Locals, homeowners, visitors, and people searching for dermatologist options around 30A.
What occasion or situation fits?
locals favorite.
What's the atmosphere like?
The vibe is airy. It is a practical directory fit for people comparing local options.
What's the price range?
$$$ based on typical category expectations.","dermatologist dermatology

Coastal Skin Surgery & Dermatology is a dermatologist listed for the health, beauty & wellness category serving Miramar Beach. This profile is useful for people searching by service type, category, and nearby 30A area.",3
"Cook Family Dentistry, P.A.",cook-family-dentistry-p-a,Santa Rosa Beach,,"Health, Beauty & Wellness","Cook Family Dentistry, P.A. is a healthcare provider listed for the health, beauty & wellness category serving Santa Rosa Beach.","Cook Family Dentistry, P.A. is a healthcare provider listed for the health, beauty & wellness category serving Santa Rosa Beach.","Cook Family Dentistry, P.A. | WhereTo30A","Cook Family Dentistry, P.A. is a healthcare provider listed for the health, beauty & wellness category serving Santa Rosa Beach.","Cook Family Dentistry, P.A., healthcare provider, Health, Beauty & Wellness, Santa Rosa Beach, 30A, South Walton, dental care",2441 Hwy 98 W Ste 107 Santa Rosa Beach FL 32459; (850) 622-2226,,https://business.waltonareachamber.com/list/ql/health-care-11,"## What It Is

Cook Family Dentistry, P.A. is a healthcare provider listed for the health, beauty & wellness category serving Santa Rosa Beach.

## What You Can Find

dental care.

## What to Know

This entry was regenerated from local directory source data and should be checked before publishing.",healthcare provider,"[""dental care""]",[],[],"[""family_friendly"", ""kid_friendly"", ""airy""]","[""locals_favorite"", ""rainy_day""]","What type of place is this?
Healthcare provider in Santa Rosa Beach.
What can you get here?
dental care.
Who is it for?
Locals, homeowners, visitors, and people searching for healthcare provider options around 30A.
What occasion or situation fits?
locals favorite, rainy day.
What's the atmosphere like?
The vibe is family friendly, kid friendly, airy. It is a practical directory fit for people comparing local options.
What's the price range?
$$$ based on typical category expectations.","healthcare provider dental care

Cook Family Dentistry, P.A. is a healthcare provider listed for the health, beauty & wellness category serving Santa Rosa Beach. This profile is useful for people searching by service type, category, and nearby 30A area.",3
Dermatology Specialists of Florida,dermatology-specialists-of-florida,Santa Rosa Beach,,"Health, Beauty & Wellness",Dermatologist and medical spa in Walton County.,Dermatologist and medical spa in Walton County.,Dermatology Specialists of Florida | WhereTo30A,Dermatologist and medical spa in Walton County.,"Dermatology Specialists of Florida, dermatologist, Health, Beauty & Wellness, Santa Rosa Beach, 30A, South Walton, med spa services, dermatology",82 Mack Bayou Loop Santa Rosa Beach FL 32459; (850) 622-0600,,https://business.waltonareachamber.com/list/ql/health-care-11,"## What It Is

Dermatologist and medical spa in Walton County.

## What You Can Find

med spa services, dermatology.

## What to Know

This entry was regenerated from local directory source data and should be checked before publishing.",dermatologist,"[""med spa services"", ""dermatology""]",[],[],"[""upscale"", ""airy""]","[""locals_favorite""]","What type of place is this?
Dermatologist in Santa Rosa Beach.
What can you get here?
med spa services, dermatology.
Who is it for?
Locals, homeowners, visitors, and people searching for dermatologist options around 30A.
What occasion or situation fits?
locals favorite.
What's the atmosphere like?
The vibe is upscale, airy. It is a practical directory fit for people comparing local options.
What's the price range?
$$$ based on typical category expectations.","dermatologist med spa services dermatology

Dermatologist and medical spa in Walton County. This profile is useful for people searching by service type, category, and nearby 30A area.",3
Dermatology Specialists of Florida- DeFuniak Springs,dermatology-specialists-of-florida-defuniak-springs,DeFuniak Springs,,"Health, Beauty & Wellness","Dermatology Specialists of Florida- DeFuniak Springs is a dermatologist listed for the health, beauty & wellness category serving DeFuniak Springs.","Dermatology Specialists of Florida- DeFuniak Springs is a dermatologist listed for the health, beauty & wellness category serving DeFuniak Springs.",Dermatology Specialists of Florida- DeFuniak Springs | Where,"Dermatology Specialists of Florida- DeFuniak Springs is a dermatologist listed for the health, beauty & wellness category serving DeFuniak Springs.","Dermatology Specialists of Florida- DeFuniak Springs, dermatologist, Health, Beauty & Wellness, DeFuniak Springs, 30A, South Walton, dermatology","4415 US Hwy 331 South, Suite A, DeFuniak Springs FL 32435; (850) 601-5870",,https://business.waltonareachamber.com/list/ql/health-care-11,"## What It Is

Dermatology Specialists of Florida- DeFuniak Springs is a dermatologist listed for the health, beauty & wellness category serving DeFuniak Springs.

## What You Can Find

dermatology.

## What to Know

This entry was regenerated from local directory source data and should be checked before publishing.",dermatologist,"[""dermatology""]",[],[],"[""casual""]","[""locals_favorite""]","What type of place is this?
Dermatologist in DeFuniak Springs.
What can you get here?
dermatology.
Who is it for?
Locals, homeowners, visitors, and people searching for dermatologist options around 30A.
What occasion or situation fits?
locals favorite.
What's the atmosphere like?
The vibe is casual. It is a practical directory fit for people comparing local options.
What's the price range?
$$$ based on typical category expectations.","dermatologist dermatology

Dermatology Specialists of Florida- DeFuniak Springs is a dermatologist listed for the health, beauty & wellness category serving DeFuniak Springs. This profile is useful for people searching by service type, category, and nearby 30A area.",3
Destination Health and Rehab,destination-health-and-rehab,Destin,,"Health, Beauty & Wellness",Rehabilitation center in Destin.,Rehabilitation center in Destin.,Destination Health and Rehab | WhereTo30A,Rehabilitation center in Destin.,"Destination Health and Rehab, rehabilitation center, Health, Beauty & Wellness, Destin, 30A, South Walton",195 Mattie M Kelly Blvd Destin FL 32541; (850) 654-4588,,https://business.waltonareachamber.com/list/ql/health-care-11,"## What It Is

Rehabilitation center in Destin.

## What You Can Find

rehabilitation center.

## What to Know

This entry was regenerated from local directory source data and should be checked before publishing.",rehabilitation center,"[""rehabilitation center""]",[],[],"[""casual""]","[""locals_favorite""]","What type of place is this?
Rehabilitation center in Destin.
What can you get here?
rehabilitation center.
Who is it for?
Locals, homeowners, visitors, and people searching for rehabilitation center options around 30A.
What occasion or situation fits?
locals favorite.
What's the atmosphere like?
The vibe is casual. It is a practical directory fit for people comparing local options.
What's the price range?
$$$ based on typical category expectations.","rehabilitation center rehabilitation center

Rehabilitation center in Destin. This profile is useful for people searching by service type, category, and nearby 30A area.",3
Emerald Coast Hospice,emerald-coast-hospice,Miramar Beach,,"Health, Beauty & Wellness","Emerald Coast Hospice is a hospice provider listed for the health, beauty & wellness category serving Miramar Beach.","Emerald Coast Hospice is a hospice provider listed for the health, beauty & wellness category serving Miramar Beach.",Emerald Coast Hospice | WhereTo30A,"Emerald Coast Hospice is a hospice provider listed for the health, beauty & wellness category serving Miramar Beach.","Emerald Coast Hospice, hospice provider, Health, Beauty & Wellness, Miramar Beach, 30A, South Walton, hospice care",200 Grand Blvd Suite 205A Miramar Beach FL 32550; (850) 837-2589,,https://business.waltonareachamber.com/list/ql/health-care-11,"## What It Is

Emerald Coast Hospice is a hospice provider listed for the health, beauty & wellness category serving Miramar Beach.

## What You Can Find

hospice care.

## What to Know

This entry was regenerated from local directory source data and should be checked before publishing.",hospice provider,"[""hospice care""]",[],[],"[""airy""]","[""locals_favorite""]","What type of place is this?
Hospice provider in Miramar Beach.
What can you get here?
hospice care.
Who is it for?
Locals, homeowners, visitors, and people searching for hospice provider options around 30A.
What occasion or situation fits?
locals favorite.
What's the atmosphere like?
The vibe is airy. It is a practical directory fit for people comparing local options.
What's the price range?
$$$ based on typical category expectations.","hospice provider hospice care

Emerald Coast Hospice is a hospice provider listed for the health, beauty & wellness category serving Miramar Beach. This profile is useful for people searching by service type, category, and nearby 30A area.",3
Emerald Coast Mental Wellness,emerald-coast-mental-wellness,Santa Rosa Beach,,"Health, Beauty & Wellness","Emerald Coast Mental Wellness is a mental health practice listed for the health, beauty & wellness category serving Santa Rosa Beach.","Emerald Coast Mental Wellness is a mental health practice listed for the health, beauty & wellness category serving Santa Rosa Beach.",Emerald Coast Mental Wellness | WhereTo30A,"Emerald Coast Mental Wellness is a mental health practice listed for the health, beauty & wellness category serving Santa Rosa Beach.","Emerald Coast Mental Wellness, mental health practice, Health, Beauty & Wellness, Santa Rosa Beach, 30A, South Walton, mental health",141 Mack Bayou Loop Suite 301 Santa Rosa Beach FL 32459; (850) 353-3205,,https://business.waltonareachamber.com/list/ql/health-care-11,"## What It Is

Emerald Coast Mental Wellness is a mental health practice listed for the health, beauty & wellness category serving Santa Rosa Beach.

## What You Can Find

mental health.

## What to Know

This entry was regenerated from local directory source data and should be checked before publishing.",mental health practice,"[""mental health""]",[],[],"[""airy""]","[""locals_favorite""]","What type of place is this?
Mental health practice in Santa Rosa Beach.
What can you get here?
mental health.
Who is it for?
Locals, homeowners, visitors, and people searching for mental health practice options around 30A.
What occasion or situation fits?
locals favorite.
What's the atmosphere like?
The vibe is airy. It is a practical directory fit for people comparing local options.
What's the price range?
$$$ based on typical category expectations.","mental health practice mental health

Emerald Coast Mental Wellness is a mental health practice listed for the health, beauty & wellness category serving Santa Rosa Beach. This profile is useful for people searching by service type, category, and nearby 30A area.",3
Gentiva Hospice,gentiva-hospice,DeFuniak Springs,,"Health, Beauty & Wellness","Hospice, palliative, and home health provider.","Hospice, palliative, and home health provider.",Gentiva Hospice | WhereTo30A,"Hospice, palliative, and home health provider.","Gentiva Hospice, hospice provider, Health, Beauty & Wellness, DeFuniak Springs, 30A, South Walton, hospice care",732 Baldwin Ave Defuniak Springs FL 32435; 1-888-GENTIVA,,https://business.waltonareachamber.com/list/ql/health-care-11,"## What It Is

Hospice, palliative, and home health provider.

## What You Can Find

hospice care.

## What to Know

This entry was regenerated from local directory source data and should be checked before publishing.",hospice provider,"[""hospice care""]",[],[],"[""casual""]","[""locals_favorite""]","What type of place is this?
Hospice provider in DeFuniak Springs.
What can you get here?
hospice care.
Who is it for?
Locals, homeowners, visitors, and people searching for hospice provider options around 30A.
What occasion or situation fits?
locals favorite.
What's the atmosphere like?
The vibe is casual. It is a practical directory fit for people comparing local options.
What's the price range?
$$$ based on typical category expectations.","hospice provider hospice care

Hospice, palliative, and home health provider. This profile is useful for people searching by service type, category, and nearby 30A area.",3
HCA Florida DeFuniak Springs Emergency,hca-florida-defuniak-springs-emergency,DeFuniak Springs,,"Health, Beauty & Wellness",Full-service emergency care.,Full-service emergency care.,HCA Florida DeFuniak Springs Emergency | WhereTo30A,Full-service emergency care.,"HCA Florida DeFuniak Springs Emergency, healthcare provider, Health, Beauty & Wellness, DeFuniak Springs, 30A, South Walton",160 Twins Way Defuniak Springs FL 32435; (850) 389-6955,,https://business.waltonareachamber.com/list/ql/health-care-11,"## What It Is

Full-service emergency care.

## What You Can Find

healthcare provider.

## What to Know

This entry was regenerated from local directory source data and should be checked before publishing.",healthcare provider,"[""healthcare provider""]",[],[],"[""casual""]","[""locals_favorite""]","What type of place is this?
Healthcare provider in DeFuniak Springs.
What can you get here?
healthcare provider.
Who is it for?
Locals, homeowners, visitors, and people searching for healthcare provider options around 30A.
What occasion or situation fits?
locals favorite.
What's the atmosphere like?
The vibe is casual. It is a practical directory fit for people comparing local options.
What's the price range?
$$$ based on typical category expectations.","healthcare provider healthcare provider

Full-service emergency care. This profile is useful for people searching by service type, category, and nearby 30A area.",3
HCA Florida Fort Walton-Destin Hospital,hca-florida-fort-walton-destin-hospital,Fort Walton Beach,,"Health, Beauty & Wellness",Hospital and emergency services.,Hospital and emergency services.,HCA Florida Fort Walton-Destin Hospital | WhereTo30A,Hospital and emergency services.,"HCA Florida Fort Walton-Destin Hospital, hospital, Health, Beauty & Wellness, Fort Walton Beach, 30A, South Walton, emergency care",1000 Mar Walt Drive Fort Walton Beach FL 32547; (850) 862-1111,,https://business.waltonareachamber.com/list/ql/health-care-11,"## What It Is

Hospital and emergency services.

## What You Can Find

emergency care.

## What to Know

This entry was regenerated from local directory source data and should be checked before publishing.",hospital,"[""emergency care""]",[],[],"[""airy""]","[""locals_favorite"", ""rainy_day""]","What type of place is this?
Hospital in Fort Walton Beach.
What can you get here?
emergency care.
Who is it for?
Locals, homeowners, visitors, and people searching for hospital options around 30A.
What occasion or situation fits?
locals favorite, rainy day.
What's the atmosphere like?
The vibe is airy. It is a practical directory fit for people comparing local options.
What's the price range?
$$$$ based on typical category expectations.","hospital emergency care

Hospital and emergency services. This profile is useful for people searching by service type, category, and nearby 30A area.",4
Home Helpers of the Gulf Coast,home-helpers-of-the-gulf-coast,,,"Health, Beauty & Wellness","Home Helpers of the Gulf Coast is a healthcare provider listed for the health, beauty & wellness category serving the 30A and South Walton area.","Home Helpers of the Gulf Coast is a healthcare provider listed for the health, beauty & wellness category serving the 30A and South Walton area.",Home Helpers of the Gulf Coast | WhereTo30A,"Home Helpers of the Gulf Coast is a healthcare provider listed for the health, beauty & wellness category serving the 30A and South Walton area.","Home Helpers of the Gulf Coast, healthcare provider, Health, Beauty & Wellness, 30A, South Walton",1846 US 90 West Unit B Defunik Springs FL 32433; (850) 391-6247,,https://business.waltonareachamber.com/list/ql/health-care-11,"## What It Is

Home Helpers of the Gulf Coast is a healthcare provider listed for the health, beauty & wellness category serving the 30A and South Walton area.

## What You Can Find

healthcare provider.

## What to Know

This entry was regenerated from local directory source data and should be checked before publishing.",healthcare provider,"[""healthcare provider""]",[],[],"[""airy""]","[""locals_favorite""]","What type of place is this?
Healthcare provider in the 30A area.
What can you get here?
healthcare provider.
Who is it for?
Locals, homeowners, visitors, and people searching for healthcare provider options around 30A.
What occasion or situation fits?
locals favorite.
What's the atmosphere like?
The vibe is airy. It is a practical directory fit for people comparing local options.
What's the price range?
$$$ based on typical category expectations.","healthcare provider healthcare provider

Home Helpers of the Gulf Coast is a healthcare provider listed for the health, beauty & wellness category serving the 30A and South Walton area. This profile is useful for people searching by service type, category, and nearby 30A area.",3
Hope Talks LLC,hope-talks-llc,Miramar Beach,,"Health, Beauty & Wellness","Speech, language, and learning support for toddlers to teens.","Speech, language, and learning support for toddlers to teens.",Hope Talks LLC | WhereTo30A,"Speech, language, and learning support for toddlers to teens.","Hope Talks LLC, healthcare provider, Health, Beauty & Wellness, Miramar Beach, 30A, South Walton",Miramar Beach FL 32550; (832) 657-1776,,https://business.waltonareachamber.com/list/ql/health-care-11,"## What It Is

Speech, language, and learning support for toddlers to teens.

## What You Can Find

healthcare provider.

## What to Know

This entry was regenerated from local directory source data and should be checked before publishing.",healthcare provider,"[""healthcare provider""]",[],[],"[""airy""]","[""locals_favorite""]","What type of place is this?
Healthcare provider in Miramar Beach.
What can you get here?
healthcare provider.
Who is it for?
Locals, homeowners, visitors, and people searching for healthcare provider options around 30A.
What occasion or situation fits?
locals favorite.
What's the atmosphere like?
The vibe is airy. It is a practical directory fit for people comparing local options.
What's the price range?
$$$ based on typical category expectations.","healthcare provider healthcare provider

Speech, language, and learning support for toddlers to teens. This profile is useful for people searching by service type, category, and nearby 30A area.",3
Lifeview Group Inc,lifeview-group-inc,DeFuniak Springs,,"Health, Beauty & Wellness","Lifeview Group Inc is a healthcare provider listed for the health, beauty & wellness category serving DeFuniak Springs.","Lifeview Group Inc is a healthcare provider listed for the health, beauty & wellness category serving DeFuniak Springs.",Lifeview Group Inc | WhereTo30A,"Lifeview Group Inc is a healthcare provider listed for the health, beauty & wellness category serving DeFuniak Springs.","Lifeview Group Inc, healthcare provider, Health, Beauty & Wellness, DeFuniak Springs, 30A, South Walton",3686 US Hwy 331 S DeFuniak Springs FL 32435; (850) 892-8045,,https://business.waltonareachamber.com/list/ql/health-care-11,"## What It Is

Lifeview Group Inc is a healthcare provider listed for the health, beauty & wellness category serving DeFuniak Springs.

## What You Can Find

healthcare provider.

## What to Know

This entry was regenerated from local directory source data and should be checked before publishing.",healthcare provider,"[""healthcare provider""]",[],[],"[""casual""]","[""locals_favorite""]","What type of place is this?
Healthcare provider in DeFuniak Springs.
What can you get here?
healthcare provider.
Who is it for?
Locals, homeowners, visitors, and people searching for healthcare provider options around 30A.
What occasion or situation fits?
locals favorite.
What's the atmosphere like?
The vibe is casual. It is a practical directory fit for people comparing local options.
What's the price range?
$$$ based on typical category expectations.","healthcare provider healthcare provider

Lifeview Group Inc is a healthcare provider listed for the health, beauty & wellness category serving DeFuniak Springs. This profile is useful for people searching by service type, category, and nearby 30A area.",3
North Walton Doctors Hospital,north-walton-doctors-hospital,DeFuniak Springs,,"Health, Beauty & Wellness",Hospital in DeFuniak Springs.,Hospital in DeFuniak Springs.,North Walton Doctors Hospital | WhereTo30A,Hospital in DeFuniak Springs.,"North Walton Doctors Hospital, hospital, Health, Beauty & Wellness, DeFuniak Springs, 30A, South Walton, emergency care",4413 US Highway 331 S. Defuniak Springs FL 32435; (850) 920-2065,,https://business.waltonareachamber.com/list/ql/health-care-11,"## What It Is

Hospital in DeFuniak Springs.

## What You Can Find

emergency care.

## What to Know

This entry was regenerated from local directory source data and should be checked before publishing.",hospital,"[""emergency care""]",[],[],"[""casual""]","[""locals_favorite"", ""rainy_day""]","What type of place is this?
Hospital in DeFuniak Springs.
What can you get here?
emergency care.
Who is it for?
Locals, homeowners, visitors, and people searching for hospital options around 30A.
What occasion or situation fits?
locals favorite, rainy day.
What's the atmosphere like?
The vibe is casual. It is a practical directory fit for people comparing local options.
What's the price range?
$$$$ based on typical category expectations.","hospital emergency care

Hospital in DeFuniak Springs. This profile is useful for people searching by service type, category, and nearby 30A area.",4
"Pancare of Florida, Inc.",pancare-of-florida-inc,Panama City,,"Health, Beauty & Wellness","Pancare of Florida, Inc. is a healthcare provider listed for the health, beauty & wellness category serving Panama City.","Pancare of Florida, Inc. is a healthcare provider listed for the health, beauty & wellness category serving Panama City.","Pancare of Florida, Inc. | WhereTo30A","Pancare of Florida, Inc. is a healthcare provider listed for the health, beauty & wellness category serving Panama City.","Pancare of Florida, Inc., healthcare provider, Health, Beauty & Wellness, Panama City, 30A, South Walton",403 E 11th St Panama City FL 32401; (850) 880-6568,,https://business.waltonareachamber.com/list/ql/health-care-11,"## What It Is

Pancare of Florida, Inc. is a healthcare provider listed for the health, beauty & wellness category serving Panama City.

## What You Can Find

healthcare provider.

## What to Know

This entry was regenerated from local directory source data and should be checked before publishing.",healthcare provider,"[""healthcare provider""]",[],[],"[""casual""]","[""locals_favorite""]","What type of place is this?
Healthcare provider in Panama City.
What can you get here?
healthcare provider.
Who is it for?
Locals, homeowners, visitors, and people searching for healthcare provider options around 30A.
What occasion or situation fits?
locals favorite.
What's the atmosphere like?
The vibe is casual. It is a practical directory fit for people comparing local options.
What's the price range?
$$$ based on typical category expectations.","healthcare provider healthcare provider

Pancare of Florida, Inc. is a healthcare provider listed for the health, beauty & wellness category serving Panama City. This profile is useful for people searching by service type, category, and nearby 30A area.",3
Panhandle Assistant Care,panhandle-assistant-care,Santa Rosa Beach,,"Health, Beauty & Wellness","Panhandle Assistant Care is a healthcare provider listed for the health, beauty & wellness category serving Santa Rosa Beach.","Panhandle Assistant Care is a healthcare provider listed for the health, beauty & wellness category serving Santa Rosa Beach.",Panhandle Assistant Care | WhereTo30A,"Panhandle Assistant Care is a healthcare provider listed for the health, beauty & wellness category serving Santa Rosa Beach.","Panhandle Assistant Care, healthcare provider, Health, Beauty & Wellness, Santa Rosa Beach, 30A, South Walton",292 Robert Ellis St Santa Rosa Beach FL 32459; (850) 517-5745,,https://business.waltonareachamber.com/list/ql/health-care-11,"## What It Is

Panhandle Assistant Care is a healthcare provider listed for the health, beauty & wellness category serving Santa Rosa Beach.

## What You Can Find

healthcare provider.

## What to Know

This entry was regenerated from local directory source data and should be checked before publishing.",healthcare provider,"[""healthcare provider""]",[],[],"[""airy""]","[""locals_favorite""]","What type of place is this?
Healthcare provider in Santa Rosa Beach.
What can you get here?
healthcare provider.
Who is it for?
Locals, homeowners, visitors, and people searching for healthcare provider options around 30A.
What occasion or situation fits?
locals favorite.
What's the atmosphere like?
The vibe is airy. It is a practical directory fit for people comparing local options.
What's the price range?
$$$ based on typical category expectations.","healthcare provider healthcare provider

Panhandle Assistant Care is a healthcare provider listed for the health, beauty & wellness category serving Santa Rosa Beach. This profile is useful for people searching by service type, category, and nearby 30A area.",3
Panhandle Pediatric Dentistry,panhandle-pediatric-dentistry,Santa Rosa Beach,,"Health, Beauty & Wellness","Panhandle Pediatric Dentistry is a pediatric dentist listed for the health, beauty & wellness category serving Santa Rosa Beach.","Panhandle Pediatric Dentistry is a pediatric dentist listed for the health, beauty & wellness category serving Santa Rosa Beach.",Panhandle Pediatric Dentistry | WhereTo30A,"Panhandle Pediatric Dentistry is a pediatric dentist listed for the health, beauty & wellness category serving Santa Rosa Beach.","Panhandle Pediatric Dentistry, pediatric dentist, Health, Beauty & Wellness, Santa Rosa Beach, 30A, South Walton, dental care",870 Mack Bayou Road Suite A Santa Rosa Beach FL 32459; (850) 481-1969,,https://business.waltonareachamber.com/list/ql/health-care-11,"## What It Is

Panhandle Pediatric Dentistry is a pediatric dentist listed for the health, beauty & wellness category serving Santa Rosa Beach.

## What You Can Find

dental care.

## What to Know

This entry was regenerated from local directory source data and should be checked before publishing.",pediatric dentist,"[""dental care""]",[],[],"[""family_friendly"", ""kid_friendly"", ""airy""]","[""locals_favorite"", ""rainy_day""]","What type of place is this?
Pediatric dentist in Santa Rosa Beach.
What can you get here?
dental care.
Who is it for?
Locals, homeowners, visitors, and people searching for pediatric dentist options around 30A.
What occasion or situation fits?
locals favorite, rainy day.
What's the atmosphere like?
The vibe is family friendly, kid friendly, airy. It is a practical directory fit for people comparing local options.
What's the price range?
$$$ based on typical category expectations.","pediatric dentist dental care

Panhandle Pediatric Dentistry is a pediatric dentist listed for the health, beauty & wellness category serving Santa Rosa Beach. This profile is useful for people searching by service type, category, and nearby 30A area.",3
Point Washington Medical Clinic,point-washington-medical-clinic,Santa Rosa Beach,,"Health, Beauty & Wellness",Primary care for the community in a non-traditional setting.,Primary care for the community in a non-traditional setting.,Point Washington Medical Clinic | WhereTo30A,Primary care for the community in a non-traditional setting.,"Point Washington Medical Clinic, medical clinic, Health, Beauty & Wellness, Santa Rosa Beach, 30A, South Walton, primary care",1321 N Co Hwy 395 Santa Rosa Beach FL 32459; (850) 213-1133,,https://business.waltonareachamber.com/list/ql/health-care-11,"## What It Is

Primary care for the community in a non-traditional setting.

## What You Can Find

primary care.

## What to Know

This entry was regenerated from local directory source data and should be checked before publishing.",medical clinic,"[""primary care""]",[],[],"[""airy""]","[""locals_favorite"", ""rainy_day""]","What type of place is this?
Medical clinic in Santa Rosa Beach.
What can you get here?
primary care.
Who is it for?
Locals, homeowners, visitors, and people searching for medical clinic options around 30A.
What occasion or situation fits?
locals favorite, rainy day.
What's the atmosphere like?
The vibe is airy. It is a practical directory fit for people comparing local options.
What's the price range?
$$$ based on typical category expectations.","medical clinic primary care

Primary care for the community in a non-traditional setting. This profile is useful for people searching by service type, category, and nearby 30A area.",3
Rehabilitation Institute of Northwest Florida,rehabilitation-institute-of-northwest-florida,Destin,,"Health, Beauty & Wellness","Rehabilitation Institute of Northwest Florida is a rehabilitation center listed for the health, beauty & wellness category serving Destin.","Rehabilitation Institute of Northwest Florida is a rehabilitation center listed for the health, beauty & wellness category serving Destin.",Rehabilitation Institute of Northwest Florida | WhereTo30A,"Rehabilitation Institute of Northwest Florida is a rehabilitation center listed for the health, beauty & wellness category serving Destin.","Rehabilitation Institute of Northwest Florida, rehabilitation center, Health, Beauty & Wellness, Destin, 30A, South Walton",996 Airport Road Destin FL 32541; (850) 863-7651,,https://business.waltonareachamber.com/list/ql/health-care-11,"## What It Is

Rehabilitation Institute of Northwest Florida is a rehabilitation center listed for the health, beauty & wellness category serving Destin.

## What You Can Find

rehabilitation center.

## What to Know

This entry was regenerated from local directory source data and should be checked before publishing.",rehabilitation center,"[""rehabilitation center""]",[],[],"[""casual""]","[""locals_favorite""]","What type of place is this?
Rehabilitation center in Destin.
What can you get here?
rehabilitation center.
Who is it for?
Locals, homeowners, visitors, and people searching for rehabilitation center options around 30A.
What occasion or situation fits?
locals favorite.
What's the atmosphere like?
The vibe is casual. It is a practical directory fit for people comparing local options.
What's the price range?
$$$ based on typical category expectations.","rehabilitation center rehabilitation center

Rehabilitation Institute of Northwest Florida is a rehabilitation center listed for the health, beauty & wellness category serving Destin. This profile is useful for people searching by service type, category, and nearby 30A area.",3
Restore Skin & Wellness,restore-skin-and-wellness,Santa Rosa Beach,,"Health, Beauty & Wellness","Restore Skin & Wellness is a healthcare provider listed for the health, beauty & wellness category serving Santa Rosa Beach.","Restore Skin & Wellness is a healthcare provider listed for the health, beauty & wellness category serving Santa Rosa Beach.",Restore Skin & Wellness | WhereTo30A,"Restore Skin & Wellness is a healthcare provider listed for the health, beauty & wellness category serving Santa Rosa Beach.","Restore Skin & Wellness, healthcare provider, Health, Beauty & Wellness, Santa Rosa Beach, 30A, South Walton",141 Mack Bayou Loop #303 Santa Rosa Beach FL 32459; (850) 490-0364,,https://business.waltonareachamber.com/list/ql/health-care-11,"## What It Is

Restore Skin & Wellness is a healthcare provider listed for the health, beauty & wellness category serving Santa Rosa Beach.

## What You Can Find

healthcare provider.

## What to Know

This entry was regenerated from local directory source data and should be checked before publishing.",healthcare provider,"[""healthcare provider""]",[],[],"[""airy""]","[""locals_favorite""]","What type of place is this?
Healthcare provider in Santa Rosa Beach.
What can you get here?
healthcare provider.
Who is it for?
Locals, homeowners, visitors, and people searching for healthcare provider options around 30A.
What occasion or situation fits?
locals favorite.
What's the atmosphere like?
The vibe is airy. It is a practical directory fit for people comparing local options.
What's the price range?
$$$ based on typical category expectations.","healthcare provider healthcare provider

Restore Skin & Wellness is a healthcare provider listed for the health, beauty & wellness category serving Santa Rosa Beach. This profile is useful for people searching by service type, category, and nearby 30A area.",3
Sacred Heart Foundation - Emerald Coast,sacred-heart-foundation-emerald-coast,Miramar Beach,Grand Boulevard,"Health, Beauty & Wellness","Sacred Heart Foundation - Emerald Coast is a healthcare provider listed for the health, beauty & wellness category serving Miramar Beach.","Sacred Heart Foundation - Emerald Coast is a healthcare provider listed for the health, beauty & wellness category serving Miramar Beach.",Sacred Heart Foundation - Emerald Coast | WhereTo30A,"Sacred Heart Foundation - Emerald Coast is a healthcare provider listed for the health, beauty & wellness category serving Miramar Beach.","Sacred Heart Foundation - Emerald Coast, healthcare provider, Health, Beauty & Wellness, Miramar Beach, 30A, South Walton",625 Grand Boulevard Suite 201 Miramar Beach FL 32550; (850) 278-3704,https://givesacredheart.org,https://business.waltonareachamber.com/list/ql/health-care-11,"## What It Is

Sacred Heart Foundation - Emerald Coast is a healthcare provider listed for the health, beauty & wellness category serving Miramar Beach.

## What You Can Find

healthcare provider.

## What to Know

This entry was regenerated from local directory source data and should be checked before publishing.",healthcare provider,"[""healthcare provider""]",[],[],"[""upscale"", ""airy""]","[""locals_favorite""]","What type of place is this?
Healthcare provider in Miramar Beach.
What can you get here?
healthcare provider.
Who is it for?
Locals, homeowners, visitors, and people searching for healthcare provider options around 30A.
What occasion or situation fits?
locals favorite.
What's the atmosphere like?
The vibe is upscale, airy. It is a practical directory fit for people comparing local options.
What's the price range?
$$$ based on typical category expectations.","healthcare provider healthcare provider

Sacred Heart Foundation - Emerald Coast is a healthcare provider listed for the health, beauty & wellness category serving Miramar Beach. This profile is useful for people searching by service type, category, and nearby 30A area.",3
Sacred Heart Medical Group at Mack Bayou,sacred-heart-medical-group-at-mack-bayou,Santa Rosa Beach,,"Health, Beauty & Wellness","Sacred Heart Medical Group at Mack Bayou is a medical clinic listed for the health, beauty & wellness category serving Santa Rosa Beach.","Sacred Heart Medical Group at Mack Bayou is a medical clinic listed for the health, beauty & wellness category serving Santa Rosa Beach.",Sacred Heart Medical Group at Mack Bayou | WhereTo30A,"Sacred Heart Medical Group at Mack Bayou is a medical clinic listed for the health, beauty & wellness category serving Santa Rosa Beach.","Sacred Heart Medical Group at Mack Bayou, medical clinic, Health, Beauty & Wellness, Santa Rosa Beach, 30A, South Walton, primary care",23 Mack Bayou Loop STE 200 Santa Rosa Beach FL 32459; (850) 267-1784,,https://business.waltonareachamber.com/list/ql/health-care-11,"## What It Is

Sacred Heart Medical Group at Mack Bayou is a medical clinic listed for the health, beauty & wellness category serving Santa Rosa Beach.

## What You Can Find

primary care.

## What to Know

This entry was regenerated from local directory source data and should be checked before publishing.",medical clinic,"[""primary care""]",[],[],"[""airy""]","[""locals_favorite"", ""rainy_day""]","What type of place is this?
Medical clinic in Santa Rosa Beach.
What can you get here?
primary care.
Who is it for?
Locals, homeowners, visitors, and people searching for medical clinic options around 30A.
What occasion or situation fits?
locals favorite, rainy day.
What's the atmosphere like?
The vibe is airy. It is a practical directory fit for people comparing local options.
What's the price range?
$$$ based on typical category expectations.","medical clinic primary care

Sacred Heart Medical Group at Mack Bayou is a medical clinic listed for the health, beauty & wellness category serving Santa Rosa Beach. This profile is useful for people searching by service type, category, and nearby 30A area.",3
Sacred Heart Medical Group-Destin,sacred-heart-medical-group-destin,Destin,,"Health, Beauty & Wellness","Sacred Heart Medical Group-Destin is a medical clinic listed for the health, beauty & wellness category serving Destin.","Sacred Heart Medical Group-Destin is a medical clinic listed for the health, beauty & wellness category serving Destin.",Sacred Heart Medical Group-Destin | WhereTo30A,"Sacred Heart Medical Group-Destin is a medical clinic listed for the health, beauty & wellness category serving Destin.","Sacred Heart Medical Group-Destin, medical clinic, Health, Beauty & Wellness, Destin, 30A, South Walton, primary care",36500 Emerald Coast PKWY Destin FL 32541; (850) 837-0032,,https://business.waltonareachamber.com/list/ql/health-care-11,"## What It Is

Sacred Heart Medical Group-Destin is a medical clinic listed for the health, beauty & wellness category serving Destin.

## What You Can Find

primary care.

## What to Know

This entry was regenerated from local directory source data and should be checked before publishing.",medical clinic,"[""primary care""]",[],[],"[""casual""]","[""locals_favorite"", ""rainy_day""]","What type of place is this?
Medical clinic in Destin.
What can you get here?
primary care.
Who is it for?
Locals, homeowners, visitors, and people searching for medical clinic options around 30A.
What occasion or situation fits?
locals favorite, rainy day.
What's the atmosphere like?
The vibe is casual. It is a practical directory fit for people comparing local options.
What's the price range?
$$$ based on typical category expectations.","medical clinic primary care

Sacred Heart Medical Group-Destin is a medical clinic listed for the health, beauty & wellness category serving Destin. This profile is useful for people searching by service type, category, and nearby 30A area.",3
Sacred Heart Medical Group-Miramar Beach,sacred-heart-medical-group-miramar-beach,Miramar Beach,,"Health, Beauty & Wellness","Sacred Heart Medical Group-Miramar Beach is a medical clinic listed for the health, beauty & wellness category serving Miramar Beach.","Sacred Heart Medical Group-Miramar Beach is a medical clinic listed for the health, beauty & wellness category serving Miramar Beach.",Sacred Heart Medical Group-Miramar Beach | WhereTo30A,"Sacred Heart Medical Group-Miramar Beach is a medical clinic listed for the health, beauty & wellness category serving Miramar Beach.","Sacred Heart Medical Group-Miramar Beach, medical clinic, Health, Beauty & Wellness, Miramar Beach, 30A, South Walton, primary care",7720 US Hwy 98 W Miramar Beach FL 32550; (850) 278-3600,,https://business.waltonareachamber.com/list/ql/health-care-11,"## What It Is

Sacred Heart Medical Group-Miramar Beach is a medical clinic listed for the health, beauty & wellness category serving Miramar Beach.

## What You Can Find

primary care.

## What to Know

This entry was regenerated from local directory source data and should be checked before publishing.",medical clinic,"[""primary care""]",[],[],"[""airy""]","[""locals_favorite"", ""rainy_day""]","What type of place is this?
Medical clinic in Miramar Beach.
What can you get here?
primary care.
Who is it for?
Locals, homeowners, visitors, and people searching for medical clinic options around 30A.
What occasion or situation fits?
locals favorite, rainy day.
What's the atmosphere like?
The vibe is airy. It is a practical directory fit for people comparing local options.
What's the price range?
$$$ based on typical category expectations.","medical clinic primary care

Sacred Heart Medical Group-Miramar Beach is a medical clinic listed for the health, beauty & wellness category serving Miramar Beach. This profile is useful for people searching by service type, category, and nearby 30A area.",3
Stubbs Orthodontics,stubbs-orthodontics,Miramar Beach,,"Health, Beauty & Wellness",Orthodontist specializing in braces and Invisalign for children and adults.,Orthodontist specializing in braces and Invisalign for children and adults.,Stubbs Orthodontics | WhereTo30A,Orthodontist specializing in braces and Invisalign for children and adults.,"Stubbs Orthodontics, orthodontist, Health, Beauty & Wellness, Miramar Beach, 30A, South Walton, braces, invisalign",11394 US Highway 98 Miramar Beach FL 32550; (850) 678-8338,,https://business.waltonareachamber.com/list/ql/health-care-11,"## What It Is

Orthodontist specializing in braces and Invisalign for children and adults.

## What You Can Find

braces, invisalign.

## What to Know

This entry was regenerated from local directory source data and should be checked before publishing.",orthodontist,"[""braces"", ""invisalign""]",[],[],"[""airy""]","[""locals_favorite""]","What type of place is this?
Orthodontist in Miramar Beach.
What can you get here?
braces, invisalign.
Who is it for?
Locals, homeowners, visitors, and people searching for orthodontist options around 30A.
What occasion or situation fits?
locals favorite.
What's the atmosphere like?
The vibe is airy. It is a practical directory fit for people comparing local options.
What's the price range?
$$$ based on typical category expectations.","orthodontist braces invisalign

Orthodontist specializing in braces and Invisalign for children and adults. This profile is useful for people searching by service type, category, and nearby 30A area.",3
The Prescription Place,the-prescription-place,DeFuniak Springs,,"Health, Beauty & Wellness","The Prescription Place is a healthcare provider listed for the health, beauty & wellness category serving DeFuniak Springs.","The Prescription Place is a healthcare provider listed for the health, beauty & wellness category serving DeFuniak Springs.",The Prescription Place | WhereTo30A,"The Prescription Place is a healthcare provider listed for the health, beauty & wellness category serving DeFuniak Springs.","The Prescription Place, healthcare provider, Health, Beauty & Wellness, DeFuniak Springs, 30A, South Walton",1337 US Hwy 90 W DeFuniak Springs FL 32433; (850) 892-6898,,https://business.waltonareachamber.com/list/ql/health-care-11,"## What It Is

The Prescription Place is a healthcare provider listed for the health, beauty & wellness category serving DeFuniak Springs.

## What You Can Find

healthcare provider.

## What to Know

This entry was regenerated from local directory source data and should be checked before publishing.",healthcare provider,"[""healthcare provider""]",[],[],"[""casual""]","[""locals_favorite""]","What type of place is this?
Healthcare provider in DeFuniak Springs.
What can you get here?
healthcare provider.
Who is it for?
Locals, homeowners, visitors, and people searching for healthcare provider options around 30A.
What occasion or situation fits?
locals favorite.
What's the atmosphere like?
The vibe is casual. It is a practical directory fit for people comparing local options.
What's the price range?
$$$ based on typical category expectations.","healthcare provider healthcare provider

The Prescription Place is a healthcare provider listed for the health, beauty & wellness category serving DeFuniak Springs. This profile is useful for people searching by service type, category, and nearby 30A area.",3
YOGO Spine Co.,yogo-spine-co,Santa Rosa Beach,,"Health, Beauty & Wellness","YOGO Spine Co. is a healthcare provider listed for the health, beauty & wellness category serving Santa Rosa Beach.","YOGO Spine Co. is a healthcare provider listed for the health, beauty & wellness category serving Santa Rosa Beach.",YOGO Spine Co. | WhereTo30A,"YOGO Spine Co. is a healthcare provider listed for the health, beauty & wellness category serving Santa Rosa Beach.","YOGO Spine Co., healthcare provider, Health, Beauty & Wellness, Santa Rosa Beach, 30A, South Walton",2441 US-98 STE 103 Santa Rosa Beach FL 32459; (850) 407-2218,,https://business.waltonareachamber.com/list/ql/health-care-11,"## What It Is

YOGO Spine Co. is a healthcare provider listed for the health, beauty & wellness category serving Santa Rosa Beach.

## What You Can Find

healthcare provider.

## What to Know

This entry was regenerated from local directory source data and should be checked before publishing.",healthcare provider,"[""healthcare provider""]",[],[],"[""airy""]","[""locals_favorite""]","What type of place is this?
Healthcare provider in Santa Rosa Beach.
What can you get here?
healthcare provider.
Who is it for?
Locals, homeowners, visitors, and people searching for healthcare provider options around 30A.
What occasion or situation fits?
locals favorite.
What's the atmosphere like?
The vibe is airy. It is a practical directory fit for people comparing local options.
What's the price range?
$$$ based on typical category expectations.","healthcare provider healthcare provider

YOGO Spine Co. is a healthcare provider listed for the health, beauty & wellness category serving Santa Rosa Beach. This profile is useful for people searching by service type, category, and nearby 30A area.",3
A Superior Mechanical,a-superior-mechanical,Santa Rosa Beach,,Home Repair & Trades,Air conditioning and heating repair with 24 hour emergency availability.,Air conditioning and heating repair with 24 hour emergency availability.,A Superior Mechanical | WhereTo30A,Air conditioning and heating repair with 24 hour emergency availability.,"A Superior Mechanical, hvac company, Home Repair & Trades, Santa Rosa Beach, 30A, South Walton, air conditioning, heating",605 N County Hwy 393 Unit 5-C Santa Rosa Beach FL 32459; (850) 258-3225,https://asuperiorac.com,https://business.waltonareachamber.com/list/ql/home-garden-12.htm,"## What It Is

Air conditioning and heating repair with 24 hour emergency availability.

## What You Can Find

air conditioning, heating.

## What to Know

This entry was regenerated from local directory source data and should be checked before publishing.",hvac company,"[""air conditioning"", ""heating""]",[],[],"[""airy""]","[""locals_favorite"", ""rainy_day""]","What type of place is this?
Hvac company in Santa Rosa Beach.
What can you get here?
air conditioning, heating.
Who is it for?
Locals, homeowners, visitors, and people searching for hvac company options around 30A.
What occasion or situation fits?
locals favorite, rainy day.
What's the atmosphere like?
The vibe is airy. It is a practical directory fit for people comparing local options.
What's the price range?
$$$ based on typical category expectations.","hvac company air conditioning heating

Air conditioning and heating repair with 24 hour emergency availability. This profile is useful for people searching by service type, category, and nearby 30A area.",3
Ace Handyman Services - Panama City,ace-handyman-services-panama-city,Panama City Beach,,Home Repair & Trades,An Ace Hardware Company.,An Ace Hardware Company.,Ace Handyman Services - Panama City | WhereTo30A,An Ace Hardware Company.,"Ace Handyman Services - Panama City, handyman service, Home Repair & Trades, Panama City Beach, 30A, South Walton, hardware",107 Estes Place Suite 101 Panama City Beach FL 32413; (850) 610-0778,,https://business.waltonareachamber.com/list/ql/home-garden-12.htm,"## What It Is

An Ace Hardware Company.

## What You Can Find

hardware.

## What to Know

This entry was regenerated from local directory source data and should be checked before publishing.",handyman service,"[""hardware""]",[],[],"[""family_friendly"", ""kid_friendly"", ""airy""]","[""locals_favorite""]","What type of place is this?
Handyman service in Panama City Beach.
What can you get here?
hardware.
Who is it for?
Locals, homeowners, visitors, and people searching for handyman service options around 30A.
What occasion or situation fits?
locals favorite.
What's the atmosphere like?
The vibe is family friendly, kid friendly, airy. It is a practical directory fit for people comparing local options.
What's the price range?
$$$ based on typical category expectations.","handyman service hardware

An Ace Hardware Company. This profile is useful for people searching by service type, category, and nearby 30A area.",3
"Advantage HVAC, Plumbing and Electrical",advantage-hvac-plumbing-and-electrical,Fort Walton Beach,,Home Repair & Trades,"HVAC, plumbing and electrical services in Santa Rosa Beach, Miramar Beach and 30A.","HVAC, plumbing and electrical services in Santa Rosa Beach, Miramar Beach and 30A.","Advantage HVAC, Plumbing and Electrical | WhereTo30A","HVAC, plumbing and electrical services in Santa Rosa Beach, Miramar Beach and 30A.","Advantage HVAC, Plumbing and Electrical, plumber, Home Repair & Trades, Fort Walton Beach, 30A, South Walton, plumbing, repairs, air conditioning, heating",113 4th Street S.E. Fort Walton Beach FL 32548; (850) 438-2639,,https://business.waltonareachamber.com/list/ql/home-garden-12.htm,"## What It Is

HVAC, plumbing and electrical services in Santa Rosa Beach, Miramar Beach and 30A.

## What You Can Find

plumbing, repairs, air conditioning, heating.

## What to Know

This entry was regenerated from local directory source data and should be checked before publishing.",plumber,"[""plumbing"", ""repairs"", ""air conditioning"", ""heating""]",[],[],"[""airy""]","[""locals_favorite"", ""rainy_day""]","What type of place is this?
Plumber in Fort Walton Beach.
What can you get here?
plumbing, repairs, air conditioning, heating.
Who is it for?
Locals, homeowners, visitors, and people searching for plumber options around 30A.
What occasion or situation fits?
locals favorite, rainy day.
What's the atmosphere like?
The vibe is airy. It is a practical directory fit for people comparing local options.
What's the price range?
$$$ based on typical category expectations.","plumber plumbing repairs air conditioning heating

HVAC, plumbing and electrical services in Santa Rosa Beach, Miramar Beach and 30A. This profile is useful for people searching by service type, category, and nearby 30A area.",3
"Affordable Air Service, Inc",affordable-air-service-inc,Santa Rosa Beach,,Home Repair & Trades,Offering HVAC and plumbing services.,Offering HVAC and plumbing services.,"Affordable Air Service, Inc | WhereTo30A",Offering HVAC and plumbing services.,"Affordable Air Service, Inc, plumber, Home Repair & Trades, Santa Rosa Beach, 30A, South Walton, plumbing, repairs, air conditioning, heating",116 Bishop-Tolbert Road Santa Rosa Beach FL 32459; (850) 460-2648,,https://business.waltonareachamber.com/list/ql/home-garden-12.htm,"## What It Is

Offering HVAC and plumbing services.

## What You Can Find

plumbing, repairs, air conditioning, heating.

## What to Know

This entry was regenerated from local directory source data and should be checked before publishing.",plumber,"[""plumbing"", ""repairs"", ""air conditioning"", ""heating""]",[],[],"[""airy""]","[""locals_favorite"", ""rainy_day""]","What type of place is this?
Plumber in Santa Rosa Beach.
What can you get here?
plumbing, repairs, air conditioning, heating.
Who is it for?
Locals, homeowners, visitors, and people searching for plumber options around 30A.
What occasion or situation fits?
locals favorite, rainy day.
What's the atmosphere like?
The vibe is airy. It is a practical directory fit for people comparing local options.
What's the price range?
$$$ based on typical category expectations.","plumber plumbing repairs air conditioning heating

Offering HVAC and plumbing services. This profile is useful for people searching by service type, category, and nearby 30A area.",3
"Barineau Heating and Air Conditioning, Inc.",barineau-heating-and-air-conditioning-inc,Miramar Beach,,Home Repair & Trades,"Residential and commercial HVAC service, installation, and maintenance.","Residential and commercial HVAC service, installation, and maintenance.","Barineau Heating and Air Conditioning, Inc. | WhereTo30A","Residential and commercial HVAC service, installation, and maintenance.","Barineau Heating and Air Conditioning, Inc., hvac company, Home Repair & Trades, Miramar Beach, 30A, South Walton, air conditioning, heating",8505 Turnberry Ct Miramar Beach FL 32550; (850) 660-5001,,https://business.waltonareachamber.com/list/ql/home-garden-12.htm,"## What It Is

Residential and commercial HVAC service, installation, and maintenance.

## What You Can Find

air conditioning, heating.

## What to Know

This entry was regenerated from local directory source data and should be checked before publishing.",hvac company,"[""air conditioning"", ""heating""]",[],"[""late_night""]","[""casual"", ""airy"", ""lively""]","[""date_night"", ""locals_favorite"", ""rainy_day""]","What type of place is this?
Hvac company in Miramar Beach.
What can you get here?
air conditioning, heating.
Who is it for?
Locals, homeowners, visitors, and people searching for hvac company options around 30A.
What occasion or situation fits?
date night, locals favorite, rainy day.
What's the atmosphere like?
The vibe is casual, airy, lively. It is a practical directory fit for people comparing local options.
What's the price range?
$$$ based on typical category expectations.","hvac company air conditioning heating

Residential and commercial HVAC service, installation, and maintenance. This profile is useful for people searching by service type, category, and nearby 30A area.",3
Bella Cabinet Depot,bella-cabinet-depot,Panama City Beach,,Home Repair & Trades,Bella Cabinet Depot is a cabinet company listed for the home repair & trades category serving Panama City Beach.,Bella Cabinet Depot is a cabinet company listed for the home repair & trades category serving Panama City Beach.,Bella Cabinet Depot | WhereTo30A,Bella Cabinet Depot is a cabinet company listed for the home repair & trades category serving Panama City Beach.,"Bella Cabinet Depot, cabinet company, Home Repair & Trades, Panama City Beach, 30A, South Walton, custom cabinets",19806 Panama City Beach Parkway Panama City Beach FL 32413; (850) 588-7524,,https://business.waltonareachamber.com/list/ql/home-garden-12.htm,"## What It Is

Bella Cabinet Depot is a cabinet company listed for the home repair & trades category serving Panama City Beach.

## What You Can Find

custom cabinets.

## What to Know

This entry was regenerated from local directory source data and should be checked before publishing.",cabinet company,"[""custom cabinets""]",[],[],"[""airy""]","[""locals_favorite""]","What type of place is this?
Cabinet company in Panama City Beach.
What can you get here?
custom cabinets.
Who is it for?
Locals, homeowners, visitors, and people searching for cabinet company options around 30A.
What occasion or situation fits?
locals favorite.
What's the atmosphere like?
The vibe is airy. It is a practical directory fit for people comparing local options.
What's the price range?
$$$ based on typical category expectations.","cabinet company custom cabinets

Bella Cabinet Depot is a cabinet company listed for the home repair & trades category serving Panama City Beach. This profile is useful for people searching by service type, category, and nearby 30A area.",3
BRIGHTVIEW LANDSCAPE SERVICES,brightview-landscape-services,Freeport,,Home Repair & Trades,BRIGHTVIEW LANDSCAPE SERVICES is a landscaping company listed for the home repair & trades category serving Freeport.,BRIGHTVIEW LANDSCAPE SERVICES is a landscaping company listed for the home repair & trades category serving Freeport.,BRIGHTVIEW LANDSCAPE SERVICES | WhereTo30A,BRIGHTVIEW LANDSCAPE SERVICES is a landscaping company listed for the home repair & trades category serving Freeport.,"BRIGHTVIEW LANDSCAPE SERVICES, landscaping company, Home Repair & Trades, Freeport, 30A, South Walton, landscaping",9986 State Hwy 20 W Freeport FL 32439; (850) 419-0655,,https://business.waltonareachamber.com/list/ql/home-garden-12.htm,"## What It Is

BRIGHTVIEW LANDSCAPE SERVICES is a landscaping company listed for the home repair & trades category serving Freeport.

## What You Can Find

landscaping.

## What to Know

This entry was regenerated from local directory source data and should be checked before publishing.",landscaping company,"[""landscaping""]",[],[],"[""casual""]","[""locals_favorite""]","What type of place is this?
Landscaping company in Freeport.
What can you get here?
landscaping.
Who is it for?
Locals, homeowners, visitors, and people searching for landscaping company options around 30A.
What occasion or situation fits?
locals favorite.
What's the atmosphere like?
The vibe is casual. It is a practical directory fit for people comparing local options.
What's the price range?
$$$ based on typical category expectations.","landscaping company landscaping

BRIGHTVIEW LANDSCAPE SERVICES is a landscaping company listed for the home repair & trades category serving Freeport. This profile is useful for people searching by service type, category, and nearby 30A area.",3
Brooke Williams Interiors,brooke-williams-interiors,Santa Rosa Beach,,Home Repair & Trades,"Interior design focused on remodels, new construction, furnishings, and decor.","Interior design focused on remodels, new construction, furnishings, and decor.",Brooke Williams Interiors | WhereTo30A,"Interior design focused on remodels, new construction, furnishings, and decor.","Brooke Williams Interiors, interior designer, Home Repair & Trades, Santa Rosa Beach, 30A, South Walton, interior design, remodels",Santa Rosa Beach FL 32459; (229) 894-5262,,https://business.waltonareachamber.com/list/ql/home-garden-12.htm,"## What It Is

Interior design focused on remodels, new construction, furnishings, and decor.

## What You Can Find

interior design, remodels.

## What to Know

This entry was regenerated from local directory source data and should be checked before publishing.",interior designer,"[""interior design"", ""remodels""]",[],[],"[""upscale"", ""airy""]","[""locals_favorite""]","What type of place is this?
Interior designer in Santa Rosa Beach.
What can you get here?
interior design, remodels.
Who is it for?
Locals, homeowners, visitors, and people searching for interior designer options around 30A.
What occasion or situation fits?
locals favorite.
What's the atmosphere like?
The vibe is upscale, airy. It is a practical directory fit for people comparing local options.
What's the price range?
$$$ based on typical category expectations.","interior designer interior design remodels

Interior design focused on remodels, new construction, furnishings, and decor. This profile is useful for people searching by service type, category, and nearby 30A area.",3
Bryan Pest Control,bryan-pest-control,Fort Walton Beach,,Home Repair & Trades,Bryan Pest Control is a pest control listed for the home repair & trades category serving Fort Walton Beach.,Bryan Pest Control is a pest control listed for the home repair & trades category serving Fort Walton Beach.,Bryan Pest Control | WhereTo30A,Bryan Pest Control is a pest control listed for the home repair & trades category serving Fort Walton Beach.,"Bryan Pest Control, pest control, Home Repair & Trades, Fort Walton Beach, 30A, South Walton",911 Don Drive Fort Walton Beach FL 32547; (850) 862-3955,,https://business.waltonareachamber.com/list/ql/home-garden-12.htm,"## What It Is

Bryan Pest Control is a pest control listed for the home repair & trades category serving Fort Walton Beach.

## What You Can Find

pest control.

## What to Know

This entry was regenerated from local directory source data and should be checked before publishing.",pest control,"[""pest control""]",[],[],"[""airy""]","[""locals_favorite""]","What type of place is this?
Pest control in Fort Walton Beach.
What can you get here?
pest control.
Who is it for?
Locals, homeowners, visitors, and people searching for pest control options around 30A.
What occasion or situation fits?
locals favorite.
What's the atmosphere like?
The vibe is airy. It is a practical directory fit for people comparing local options.
What's the price range?
$$$ based on typical category expectations.","pest control pest control

Bryan Pest Control is a pest control listed for the home repair & trades category serving Fort Walton Beach. This profile is useful for people searching by service type, category, and nearby 30A area.",3
California Closets,california-closets,Santa Rosa Beach,,Home Repair & Trades,Custom closet and storage showroom in Santa Rosa Beach.,Custom closet and storage showroom in Santa Rosa Beach.,California Closets | WhereTo30A,Custom closet and storage showroom in Santa Rosa Beach.,"California Closets, closet company, Home Repair & Trades, Santa Rosa Beach, 30A, South Walton",111 North County Highway 393 Suite 304 Santa Rosa Beach FL 32459; (850) 660-5222,,https://business.waltonareachamber.com/list/ql/home-garden-12.htm,"## What It Is

Custom closet and storage showroom in Santa Rosa Beach.

## What You Can Find

closet company.

## What to Know

This entry was regenerated from local directory source data and should be checked before publishing.",closet company,"[""closet company""]",[],[],"[""airy""]","[""locals_favorite""]","What type of place is this?
Closet company in Santa Rosa Beach.
What can you get here?
closet company.
Who is it for?
Locals, homeowners, visitors, and people searching for closet company options around 30A.
What occasion or situation fits?
locals favorite.
What's the atmosphere like?
The vibe is airy. It is a practical directory fit for people comparing local options.
What's the price range?
$$$ based on typical category expectations.","closet company closet company

Custom closet and storage showroom in Santa Rosa Beach. This profile is useful for people searching by service type, category, and nearby 30A area.",3
Coastal Cabinets and Countertops,coastal-cabinets-and-countertops,Miramar Beach,,Home Repair & Trades,Coastal Cabinets and Countertops is a cabinet company listed for the home repair & trades category serving Miramar Beach.,Coastal Cabinets and Countertops is a cabinet company listed for the home repair & trades category serving Miramar Beach.,Coastal Cabinets and Countertops | WhereTo30A,Coastal Cabinets and Countertops is a cabinet company listed for the home repair & trades category serving Miramar Beach.,"Coastal Cabinets and Countertops, cabinet company, Home Repair & Trades, Miramar Beach, 30A, South Walton, custom cabinets",12889 Emerald Coast Pkwy Suite 109-A Miramar Beach FL 32550; (850) 424-3940,,https://business.waltonareachamber.com/list/ql/home-garden-12.htm,"## What It Is

Coastal Cabinets and Countertops is a cabinet company listed for the home repair & trades category serving Miramar Beach.

## What You Can Find

custom cabinets.

## What to Know

This entry was regenerated from local directory source data and should be checked before publishing.",cabinet company,"[""custom cabinets""]",[],[],"[""airy""]","[""locals_favorite""]","What type of place is this?
Cabinet company in Miramar Beach.
What can you get here?
custom cabinets.
Who is it for?
Locals, homeowners, visitors, and people searching for cabinet company options around 30A.
What occasion or situation fits?
locals favorite.
What's the atmosphere like?
The vibe is airy. It is a practical directory fit for people comparing local options.
What's the price range?
$$$ based on typical category expectations.","cabinet company custom cabinets

Coastal Cabinets and Countertops is a cabinet company listed for the home repair & trades category serving Miramar Beach. This profile is useful for people searching by service type, category, and nearby 30A area.",3
"Coastal Protection, Inc.",coastal-protection-inc,Santa Rosa Beach,,Home Repair & Trades,"Alarm systems, monitoring, security cameras, access control, home automation, audio video, WiFi, security systems, locksmith, and PointCentral.","Alarm systems, monitoring, security cameras, access control, home automation, audio video, WiFi, security systems, locksmith, and PointCentral.","Coastal Protection, Inc. | WhereTo30A","Alarm systems, monitoring, security cameras, access control, home automation, audio video, WiFi, security systems, locksmith, and PointCentral.","Coastal Protection, Inc., security company, Home Repair & Trades, Santa Rosa Beach, 30A, South Walton, security cameras, alarm systems",3906 US Hwy 98W Unit 25 Santa Rosa Beach FL 32459; (850) 622-1667,,https://business.waltonareachamber.com/list/ql/home-garden-12.htm,"## What It Is

Alarm systems, monitoring, security cameras, access control, home automation, audio video, WiFi, security systems, locksmith, and PointCentral.

## What You Can Find

security cameras, alarm systems.

## What to Know

This entry was regenerated from local directory source data and should be checked before publishing.",security company,"[""security cameras"", ""alarm systems""]",[],[],"[""airy""]","[""locals_favorite""]","What type of place is this?
Security company in Santa Rosa Beach.
What can you get here?
security cameras, alarm systems.
Who is it for?
Locals, homeowners, visitors, and people searching for security company options around 30A.
What occasion or situation fits?
locals favorite.
What's the atmosphere like?
The vibe is airy. It is a practical directory fit for people comparing local options.
What's the price range?
$$$ based on typical category expectations.","security company security cameras alarm systems

Alarm systems, monitoring, security cameras, access control, home automation, audio video, WiFi, security systems, locksmith, and PointCentral. This profile is useful for people searching by service type, category, and nearby 30A area.",3
Cornerstone Home Inspectors,cornerstone-home-inspectors,Santa Rosa Beach,,Home Repair & Trades,"Home inspections in Santa Rosa Beach and 30A with reports, guidance, and local expertise.","Home inspections in Santa Rosa Beach and 30A with reports, guidance, and local expertise.",Cornerstone Home Inspectors | WhereTo30A,"Home inspections in Santa Rosa Beach and 30A with reports, guidance, and local expertise.","Cornerstone Home Inspectors, home inspector, Home Repair & Trades, Santa Rosa Beach, 30A, South Walton, home inspections, dance lessons",Santa Rosa Beach FL 32459; (850) 608-9697,,https://business.waltonareachamber.com/list/ql/home-garden-12.htm,"## What It Is

Home inspections in Santa Rosa Beach and 30A with reports, guidance, and local expertise.

## What You Can Find

home inspections, dance lessons.

## What to Know

This entry was regenerated from local directory source data and should be checked before publishing.",home inspector,"[""home inspections"", ""dance lessons""]",[],[],"[""airy""]","[""locals_favorite""]","What type of place is this?
Home inspector in Santa Rosa Beach.
What can you get here?
home inspections, dance lessons.
Who is it for?
Locals, homeowners, visitors, and people searching for home inspector options around 30A.
What occasion or situation fits?
locals favorite.
What's the atmosphere like?
The vibe is airy. It is a practical directory fit for people comparing local options.
What's the price range?
$$$ based on typical category expectations.","home inspector home inspections dance lessons

Home inspections in Santa Rosa Beach and 30A with reports, guidance, and local expertise. This profile is useful for people searching by service type, category, and nearby 30A area.",3
Elite Cabinet Designs,elite-cabinet-designs,Miramar Beach,,Home Repair & Trades,Private cabinet company offering cabinet buying experience and custom designs.,Private cabinet company offering cabinet buying experience and custom designs.,Elite Cabinet Designs | WhereTo30A,Private cabinet company offering cabinet buying experience and custom designs.,"Elite Cabinet Designs, cabinet company, Home Repair & Trades, Miramar Beach, 30A, South Walton, custom cabinets",11662 Emerald Coast Pkwy Miramar Beach FL 32550; (850) 502-4957,,https://business.waltonareachamber.com/list/ql/home-garden-12.htm,"## What It Is

Private cabinet company offering cabinet buying experience and custom designs.

## What You Can Find

custom cabinets.

## What to Know

This entry was regenerated from local directory source data and should be checked before publishing.",cabinet company,"[""custom cabinets""]",[],[],"[""airy""]","[""locals_favorite""]","What type of place is this?
Cabinet company in Miramar Beach.
What can you get here?
custom cabinets.
Who is it for?
Locals, homeowners, visitors, and people searching for cabinet company options around 30A.
What occasion or situation fits?
locals favorite.
What's the atmosphere like?
The vibe is airy. It is a practical directory fit for people comparing local options.
What's the price range?
$$$ based on typical category expectations.","cabinet company custom cabinets

Private cabinet company offering cabinet buying experience and custom designs. This profile is useful for people searching by service type, category, and nearby 30A area.",3
Elizabeth Erin Designs,elizabeth-erin-designs,,,Home Repair & Trades,Elizabeth Erin Designs is a home service company listed for the home repair & trades category serving the 30A and South Walton area.,Elizabeth Erin Designs is a home service company listed for the home repair & trades category serving the 30A and South Walton area.,Elizabeth Erin Designs | WhereTo30A,Elizabeth Erin Designs is a home service company listed for the home repair & trades category serving the 30A and South Walton area.,"Elizabeth Erin Designs, home service company, Home Repair & Trades, 30A, South Walton",(515) 986-1895,,https://business.waltonareachamber.com/list/ql/home-garden-12.htm,"## What It Is

Elizabeth Erin Designs is a home service company listed for the home repair & trades category serving the 30A and South Walton area.

## What You Can Find

home service company.

## What to Know

This entry was regenerated from local directory source data and should be checked before publishing.",home service company,"[""home service company""]",[],[],"[""casual""]","[""locals_favorite""]","What type of place is this?
Home service company in the 30A area.
What can you get here?
home service company.
Who is it for?
Locals, homeowners, visitors, and people searching for home service company options around 30A.
What occasion or situation fits?
locals favorite.
What's the atmosphere like?
The vibe is casual. It is a practical directory fit for people comparing local options.
What's the price range?
$$$ based on typical category expectations.","home service company home service company

Elizabeth Erin Designs is a home service company listed for the home repair & trades category serving the 30A and South Walton area. This profile is useful for people searching by service type, category, and nearby 30A area.",3
"Emerald Bay Plumbing, Inc.",emerald-bay-plumbing-inc,Destin,,Home Repair & Trades,"Emerald Bay Plumbing, Inc. is a plumber listed for the home repair & trades category serving Destin.","Emerald Bay Plumbing, Inc. is a plumber listed for the home repair & trades category serving Destin.","Emerald Bay Plumbing, Inc. | WhereTo30A","Emerald Bay Plumbing, Inc. is a plumber listed for the home repair & trades category serving Destin.","Emerald Bay Plumbing, Inc., plumber, Home Repair & Trades, Destin, 30A, South Walton, plumbing, repairs",1209 Airport Rd #10 Destin FL 32541; (850) 837-1979,,https://business.waltonareachamber.com/list/ql/home-garden-12.htm,"## What It Is

Emerald Bay Plumbing, Inc. is a plumber listed for the home repair & trades category serving Destin.

## What You Can Find

plumbing, repairs.

## What to Know

This entry was regenerated from local directory source data and should be checked before publishing.",plumber,"[""plumbing"", ""repairs""]",[],[],"[""casual""]","[""locals_favorite"", ""rainy_day""]","What type of place is this?
Plumber in Destin.
What can you get here?
plumbing, repairs.
Who is it for?
Locals, homeowners, visitors, and people searching for plumber options around 30A.
What occasion or situation fits?
locals favorite, rainy day.
What's the atmosphere like?
The vibe is casual. It is a practical directory fit for people comparing local options.
What's the price range?
$$$ based on typical category expectations.","plumber plumbing repairs

Emerald Bay Plumbing, Inc. is a plumber listed for the home repair & trades category serving Destin. This profile is useful for people searching by service type, category, and nearby 30A area.",3
Founders Flooring Company,founders-flooring-company,Freeport,,Home Repair & Trades,Founders Flooring Company is a flooring company listed for the home repair & trades category serving Freeport.,Founders Flooring Company is a flooring company listed for the home repair & trades category serving Freeport.,Founders Flooring Company | WhereTo30A,Founders Flooring Company is a flooring company listed for the home repair & trades category serving Freeport.,"Founders Flooring Company, flooring company, Home Repair & Trades, Freeport, 30A, South Walton, flooring",1255 Old Jolly Bay Road Unit B104 Freeport FL 32439; (850) 787-1052,,https://business.waltonareachamber.com/list/ql/home-garden-12.htm,"## What It Is

Founders Flooring Company is a flooring company listed for the home repair & trades category serving Freeport.

## What You Can Find

flooring.

## What to Know

This entry was regenerated from local directory source data and should be checked before publishing.",flooring company,"[""flooring""]",[],[],"[""casual""]","[""locals_favorite""]","What type of place is this?
Flooring company in Freeport.
What can you get here?
flooring.
Who is it for?
Locals, homeowners, visitors, and people searching for flooring company options around 30A.
What occasion or situation fits?
locals favorite.
What's the atmosphere like?
The vibe is casual. It is a practical directory fit for people comparing local options.
What's the price range?
$$$ based on typical category expectations.","flooring company flooring

Founders Flooring Company is a flooring company listed for the home repair & trades category serving Freeport. This profile is useful for people searching by service type, category, and nearby 30A area.",3
Good Windows & Doors,good-windows-and-doors,Miramar Beach,,Home Repair & Trades,Florida-approved impact-rated windows with online pricing.,Florida-approved impact-rated windows with online pricing.,Good Windows & Doors | WhereTo30A,Florida-approved impact-rated windows with online pricing.,"Good Windows & Doors, window company, Home Repair & Trades, Miramar Beach, 30A, South Walton, windows, doors",80 South Geronimo Street Suite 1 Miramar Beach FL 32550; (850) 660-0049,,https://business.waltonareachamber.com/list/ql/home-garden-12.htm,"## What It Is

Florida-approved impact-rated windows with online pricing.

## What You Can Find

windows, doors.

## What to Know

This entry was regenerated from local directory source data and should be checked before publishing.",window company,"[""windows"", ""doors""]",[],[],"[""airy""]","[""locals_favorite""]","What type of place is this?
Window company in Miramar Beach.
What can you get here?
windows, doors.
Who is it for?
Locals, homeowners, visitors, and people searching for window company options around 30A.
What occasion or situation fits?
locals favorite.
What's the atmosphere like?
The vibe is airy. It is a practical directory fit for people comparing local options.
What's the price range?
$$$ based on typical category expectations.","window company windows doors

Florida-approved impact-rated windows with online pricing. This profile is useful for people searching by service type, category, and nearby 30A area.",3
Gotcha Covered of Santa Rosa Beach,gotcha-covered-of-santa-rosa-beach,Santa Rosa Beach,,Home Repair & Trades,Gotcha Covered of Santa Rosa Beach is a home service company listed for the home repair & trades category serving Santa Rosa Beach.,Gotcha Covered of Santa Rosa Beach is a home service company listed for the home repair & trades category serving Santa Rosa Beach.,Gotcha Covered of Santa Rosa Beach | WhereTo30A,Gotcha Covered of Santa Rosa Beach is a home service company listed for the home repair & trades category serving Santa Rosa Beach.,"Gotcha Covered of Santa Rosa Beach, home service company, Home Repair & Trades, Santa Rosa Beach, 30A, South Walton",3925 West County Highway 30A Unit F Santa Rosa Beach FL 32459; (850) 865-7353,,https://business.waltonareachamber.com/list/ql/home-garden-12.htm,"## What It Is

Gotcha Covered of Santa Rosa Beach is a home service company listed for the home repair & trades category serving Santa Rosa Beach.

## What You Can Find

home service company.

## What to Know

This entry was regenerated from local directory source data and should be checked before publishing.",home service company,"[""home service company""]",[],[],"[""airy""]","[""locals_favorite""]","What type of place is this?
Home service company in Santa Rosa Beach.
What can you get here?
home service company.
Who is it for?
Locals, homeowners, visitors, and people searching for home service company options around 30A.
What occasion or situation fits?
locals favorite.
What's the atmosphere like?
The vibe is airy. It is a practical directory fit for people comparing local options.
What's the price range?
$$$ based on typical category expectations.","home service company home service company

Gotcha Covered of Santa Rosa Beach is a home service company listed for the home repair & trades category serving Santa Rosa Beach. This profile is useful for people searching by service type, category, and nearby 30A area.",3
Gulf Coast Shutter,gulf-coast-shutter,Freeport,,Home Repair & Trades,Gulf Coast Shutter is a home service company listed for the home repair & trades category serving Freeport.,Gulf Coast Shutter is a home service company listed for the home repair & trades category serving Freeport.,Gulf Coast Shutter | WhereTo30A,Gulf Coast Shutter is a home service company listed for the home repair & trades category serving Freeport.,"Gulf Coast Shutter, home service company, Home Repair & Trades, Freeport, 30A, South Walton",3820 FL-20 Freeport FL 32439; (850) 269-1066,,https://business.waltonareachamber.com/list/ql/home-garden-12.htm,"## What It Is

Gulf Coast Shutter is a home service company listed for the home repair & trades category serving Freeport.

## What You Can Find

home service company.

## What to Know

This entry was regenerated from local directory source data and should be checked before publishing.",home service company,"[""home service company""]",[],[],"[""airy""]","[""locals_favorite""]","What type of place is this?
Home service company in Freeport.
What can you get here?
home service company.
Who is it for?
Locals, homeowners, visitors, and people searching for home service company options around 30A.
What occasion or situation fits?
locals favorite.
What's the atmosphere like?
The vibe is airy. It is a practical directory fit for people comparing local options.
What's the price range?
$$$ based on typical category expectations.","home service company home service company

Gulf Coast Shutter is a home service company listed for the home repair & trades category serving Freeport. This profile is useful for people searching by service type, category, and nearby 30A area.",3
Holiday Beach Mechanical,holiday-beach-mechanical,Panama City Beach,,Home Repair & Trades,"A/C, heating, plumbing, and electrical company servicing Bay County and 30A.","A/C, heating, plumbing, and electrical company servicing Bay County and 30A.",Holiday Beach Mechanical | WhereTo30A,"A/C, heating, plumbing, and electrical company servicing Bay County and 30A.","Holiday Beach Mechanical, plumber, Home Repair & Trades, Panama City Beach, 30A, South Walton, plumbing, repairs",151 Griffin Blvd Panama City Beach FL 32413; (850) 271-5999,,https://business.waltonareachamber.com/list/ql/home-garden-12.htm,"## What It Is

A/C, heating, plumbing, and electrical company servicing Bay County and 30A.

## What You Can Find

plumbing, repairs.

## What to Know

This entry was regenerated from local directory source data and should be checked before publishing.",plumber,"[""plumbing"", ""repairs""]",[],[],"[""airy""]","[""locals_favorite"", ""rainy_day""]","What type of place is this?
Plumber in Panama City Beach.
What can you get here?
plumbing, repairs.
Who is it for?
Locals, homeowners, visitors, and people searching for plumber options around 30A.
What occasion or situation fits?
locals favorite, rainy day.
What's the atmosphere like?
The vibe is airy. It is a practical directory fit for people comparing local options.
What's the price range?
$$$ based on typical category expectations.","plumber plumbing repairs

A/C, heating, plumbing, and electrical company servicing Bay County and 30A. This profile is useful for people searching by service type, category, and nearby 30A area.",3
"MetroPower, Inc.",metropower-inc,Freeport,,Home Repair & Trades,"Electricians, electrical contractors, plumbers, plumbing contractors, and Generac generator sales, service, and repairs.","Electricians, electrical contractors, plumbers, plumbing contractors, and Generac generator sales, service, and repairs.","MetroPower, Inc. | WhereTo30A","Electricians, electrical contractors, plumbers, plumbing contractors, and Generac generator sales, service, and repairs.","MetroPower, Inc., plumber, Home Repair & Trades, Freeport, 30A, South Walton, plumbing, repairs, electrical service, generators",60 Washington St. Freeport FL 32439; (850) 622-4099,https://www.metropower.com,https://business.waltonareachamber.com/list/ql/home-garden-12.htm,"## What It Is

Electricians, electrical contractors, plumbers, plumbing contractors, and Generac generator sales, service, and repairs.

## What You Can Find

plumbing, repairs, electrical service, generators.

## What to Know

This entry was regenerated from local directory source data and should be checked before publishing.",plumber,"[""plumbing"", ""repairs"", ""electrical service"", ""generators""]",[],[],"[""casual""]","[""locals_favorite"", ""rainy_day""]","What type of place is this?
Plumber in Freeport.
What can you get here?
plumbing, repairs, electrical service, generators.
Who is it for?
Locals, homeowners, visitors, and people searching for plumber options around 30A.
What occasion or situation fits?
locals favorite, rainy day.
What's the atmosphere like?
The vibe is casual. It is a practical directory fit for people comparing local options.
What's the price range?
$$$ based on typical category expectations.","plumber plumbing repairs electrical service generators

Electricians, electrical contractors, plumbers, plumbing contractors, and Generac generator sales, service, and repairs. This profile is useful for people searching by service type, category, and nearby 30A area.",3
Mills Heating & Air,mills-heating-and-air,Fort Walton Beach,,Home Repair & Trades,Mills Heating & Air is a hvac company listed for the home repair & trades category serving Fort Walton Beach.,Mills Heating & Air is a hvac company listed for the home repair & trades category serving Fort Walton Beach.,Mills Heating & Air | WhereTo30A,Mills Heating & Air is a hvac company listed for the home repair & trades category serving Fort Walton Beach.,"Mills Heating & Air, hvac company, Home Repair & Trades, Fort Walton Beach, 30A, South Walton, air conditioning, heating",225 Green Acres Road Fort Walton Beach FL 32547; (850) 862-4796,,https://business.waltonareachamber.com/list/ql/home-garden-12.htm,"## What It Is

Mills Heating & Air is a hvac company listed for the home repair & trades category serving Fort Walton Beach.

## What You Can Find

air conditioning, heating.

## What to Know

This entry was regenerated from local directory source data and should be checked before publishing.",hvac company,"[""air conditioning"", ""heating""]",[],[],"[""airy""]","[""locals_favorite"", ""rainy_day""]","What type of place is this?
Hvac company in Fort Walton Beach.
What can you get here?
air conditioning, heating.
Who is it for?
Locals, homeowners, visitors, and people searching for hvac company options around 30A.
What occasion or situation fits?
locals favorite, rainy day.
What's the atmosphere like?
The vibe is airy. It is a practical directory fit for people comparing local options.
What's the price range?
$$$ based on typical category expectations.","hvac company air conditioning heating

Mills Heating & Air is a hvac company listed for the home repair & trades category serving Fort Walton Beach. This profile is useful for people searching by service type, category, and nearby 30A area.",3
"Murphys Home Services, Inc",murphys-home-services-inc,Destin,,Home Repair & Trades,"Murphys Home Services, Inc is a home service company listed for the home repair & trades category serving Destin.","Murphys Home Services, Inc is a home service company listed for the home repair & trades category serving Destin.","Murphys Home Services, Inc | WhereTo30A","Murphys Home Services, Inc is a home service company listed for the home repair & trades category serving Destin.","Murphys Home Services, Inc, home service company, Home Repair & Trades, Destin, 30A, South Walton",200 Industrial Park Rd Unit B Destin FL 32541; (850) 650-1699,,https://business.waltonareachamber.com/list/ql/home-garden-12.htm,"## What It Is

Murphys Home Services, Inc is a home service company listed for the home repair & trades category serving Destin.

## What You Can Find

home service company.

## What to Know

This entry was regenerated from local directory source data and should be checked before publishing.",home service company,"[""home service company""]",[],[],"[""casual""]","[""locals_favorite""]","What type of place is this?
Home service company in Destin.
What can you get here?
home service company.
Who is it for?
Locals, homeowners, visitors, and people searching for home service company options around 30A.
What occasion or situation fits?
locals favorite.
What's the atmosphere like?
The vibe is casual. It is a practical directory fit for people comparing local options.
What's the price range?
$$$ based on typical category expectations.","home service company home service company

Murphys Home Services, Inc is a home service company listed for the home repair & trades category serving Destin. This profile is useful for people searching by service type, category, and nearby 30A area.",3
N-Hance of the Emerald Coast,n-hance-of-the-emerald-coast,Santa Rosa Beach,,Home Repair & Trades,N-Hance of the Emerald Coast is a home service company listed for the home repair & trades category serving Santa Rosa Beach.,N-Hance of the Emerald Coast is a home service company listed for the home repair & trades category serving Santa Rosa Beach.,N-Hance of the Emerald Coast | WhereTo30A,N-Hance of the Emerald Coast is a home service company listed for the home repair & trades category serving Santa Rosa Beach.,"N-Hance of the Emerald Coast, home service company, Home Repair & Trades, Santa Rosa Beach, 30A, South Walton",Santa Rosa Beach FL 32541; (850) 963-4131,,https://business.waltonareachamber.com/list/ql/home-garden-12.htm,"## What It Is

N-Hance of the Emerald Coast is a home service company listed for the home repair & trades category serving Santa Rosa Beach.

## What You Can Find

home service company.

## What to Know

This entry was regenerated from local directory source data and should be checked before publishing.",home service company,"[""home service company""]",[],[],"[""airy""]","[""locals_favorite""]","What type of place is this?
Home service company in Santa Rosa Beach.
What can you get here?
home service company.
Who is it for?
Locals, homeowners, visitors, and people searching for home service company options around 30A.
What occasion or situation fits?
locals favorite.
What's the atmosphere like?
The vibe is airy. It is a practical directory fit for people comparing local options.
What's the price range?
$$$ based on typical category expectations.","home service company home service company

N-Hance of the Emerald Coast is a home service company listed for the home repair & trades category serving Santa Rosa Beach. This profile is useful for people searching by service type, category, and nearby 30A area.",3
Overhead Door Company of Northwest Florida,overhead-door-company-of-northwest-florida,Freeport,,Home Repair & Trades,Overhead Door Company of Northwest Florida is a door company listed for the home repair & trades category serving Freeport.,Overhead Door Company of Northwest Florida is a door company listed for the home repair & trades category serving Freeport.,Overhead Door Company of Northwest Florida | WhereTo30A,Overhead Door Company of Northwest Florida is a door company listed for the home repair & trades category serving Freeport.,"Overhead Door Company of Northwest Florida, door company, Home Repair & Trades, Freeport, 30A, South Walton",3820 FL-20 Freeport FL 32439; (850) 269-1066,,https://business.waltonareachamber.com/list/ql/home-garden-12.htm,"## What It Is

Overhead Door Company of Northwest Florida is a door company listed for the home repair & trades category serving Freeport.

## What You Can Find

door company.

## What to Know

This entry was regenerated from local directory source data and should be checked before publishing.",door company,"[""door company""]",[],[],"[""casual""]","[""locals_favorite""]","What type of place is this?
Door company in Freeport.
What can you get here?
door company.
Who is it for?
Locals, homeowners, visitors, and people searching for door company options around 30A.
What occasion or situation fits?
locals favorite.
What's the atmosphere like?
The vibe is casual. It is a practical directory fit for people comparing local options.
What's the price range?
$$$ based on typical category expectations.","door company door company

Overhead Door Company of Northwest Florida is a door company listed for the home repair & trades category serving Freeport. This profile is useful for people searching by service type, category, and nearby 30A area.",3
"P & P Heating and Cooling Specialists, Inc",p-and-p-heating-and-cooling-specialists-inc,Bonifay,,Home Repair & Trades,"P & P Heating and Cooling Specialists, Inc is a hvac company listed for the home repair & trades category serving Bonifay.","P & P Heating and Cooling Specialists, Inc is a hvac company listed for the home repair & trades category serving Bonifay.","P & P Heating and Cooling Specialists, Inc | WhereTo30A","P & P Heating and Cooling Specialists, Inc is a hvac company listed for the home repair & trades category serving Bonifay.","P & P Heating and Cooling Specialists, Inc, hvac company, Home Repair & Trades, Bonifay, 30A, South Walton, air conditioning, heating",1075 N Highway 79 Bonifay FL 32425; (850) 263-2823,,https://business.waltonareachamber.com/list/ql/home-garden-12.htm,"## What It Is

P & P Heating and Cooling Specialists, Inc is a hvac company listed for the home repair & trades category serving Bonifay.

## What You Can Find

air conditioning, heating.

## What to Know

This entry was regenerated from local directory source data and should be checked before publishing.",hvac company,"[""air conditioning"", ""heating""]",[],[],"[""casual""]","[""locals_favorite"", ""rainy_day""]","What type of place is this?
Hvac company in Bonifay.
What can you get here?
air conditioning, heating.
Who is it for?
Locals, homeowners, visitors, and people searching for hvac company options around 30A.
What occasion or situation fits?
locals favorite, rainy day.
What's the atmosphere like?
The vibe is casual. It is a practical directory fit for people comparing local options.
What's the price range?
$$$ based on typical category expectations.","hvac company air conditioning heating

P & P Heating and Cooling Specialists, Inc is a hvac company listed for the home repair & trades category serving Bonifay. This profile is useful for people searching by service type, category, and nearby 30A area.",3
"Peaden Air Conditioning, Heating & Plumbing",peaden-air-conditioning-heating-and-plumbing,Fort Walton Beach,,Home Repair & Trades,"Peaden Air Conditioning, Heating & Plumbing is a plumber listed for the home repair & trades category serving Fort Walton Beach.","Peaden Air Conditioning, Heating & Plumbing is a plumber listed for the home repair & trades category serving Fort Walton Beach.","Peaden Air Conditioning, Heating & Plumbing | WhereTo30A","Peaden Air Conditioning, Heating & Plumbing is a plumber listed for the home repair & trades category serving Fort Walton Beach.","Peaden Air Conditioning, Heating & Plumbing, plumber, Home Repair & Trades, Fort Walton Beach, 30A, South Walton, plumbing, repairs",35 Miracle Strip Parkway W Fort Walton Beach FL 32548; (850) 837-2058,,https://business.waltonareachamber.com/list/ql/home-garden-12.htm,"## What It Is

Peaden Air Conditioning, Heating & Plumbing is a plumber listed for the home repair & trades category serving Fort Walton Beach.

## What You Can Find

plumbing, repairs.

## What to Know

This entry was regenerated from local directory source data and should be checked before publishing.",plumber,"[""plumbing"", ""repairs""]",[],[],"[""airy""]","[""locals_favorite"", ""rainy_day""]","What type of place is this?
Plumber in Fort Walton Beach.
What can you get here?
plumbing, repairs.
Who is it for?
Locals, homeowners, visitors, and people searching for plumber options around 30A.
What occasion or situation fits?
locals favorite, rainy day.
What's the atmosphere like?
The vibe is airy. It is a practical directory fit for people comparing local options.
What's the price range?
$$$ based on typical category expectations.","plumber plumbing repairs

Peaden Air Conditioning, Heating & Plumbing is a plumber listed for the home repair & trades category serving Fort Walton Beach. This profile is useful for people searching by service type, category, and nearby 30A area.",3
Planetsecure IP Cameras LLC,planetsecure-ip-cameras-llc,Santa Rosa Beach,,Home Repair & Trades,Planetsecure IP Cameras LLC is a home service company listed for the home repair & trades category serving Santa Rosa Beach.,Planetsecure IP Cameras LLC is a home service company listed for the home repair & trades category serving Santa Rosa Beach.,Planetsecure IP Cameras LLC | WhereTo30A,Planetsecure IP Cameras LLC is a home service company listed for the home repair & trades category serving Santa Rosa Beach.,"Planetsecure IP Cameras LLC, home service company, Home Repair & Trades, Santa Rosa Beach, 30A, South Walton",5008 Us Highway 98 West Unit #3 Santa Rosa Beach FL 32459; (850) 278-6226,,https://business.waltonareachamber.com/list/ql/home-garden-12.htm,"## What It Is

Planetsecure IP Cameras LLC is a home service company listed for the home repair & trades category serving Santa Rosa Beach.

## What You Can Find

home service company.

## What to Know

This entry was regenerated from local directory source data and should be checked before publishing.",home service company,"[""home service company""]",[],[],"[""airy""]","[""locals_favorite""]","What type of place is this?
Home service company in Santa Rosa Beach.
What can you get here?
home service company.
Who is it for?
Locals, homeowners, visitors, and people searching for home service company options around 30A.
What occasion or situation fits?
locals favorite.
What's the atmosphere like?
The vibe is airy. It is a practical directory fit for people comparing local options.
What's the price range?
$$$ based on typical category expectations.","home service company home service company

Planetsecure IP Cameras LLC is a home service company listed for the home repair & trades category serving Santa Rosa Beach. This profile is useful for people searching by service type, category, and nearby 30A area.",3
Prime Plumbing Services,prime-plumbing-services,Freeport,,Home Repair & Trades,Prime Plumbing Services is a plumber listed for the home repair & trades category serving Freeport.,Prime Plumbing Services is a plumber listed for the home repair & trades category serving Freeport.,Prime Plumbing Services | WhereTo30A,Prime Plumbing Services is a plumber listed for the home repair & trades category serving Freeport.,"Prime Plumbing Services, plumber, Home Repair & Trades, Freeport, 30A, South Walton, plumbing, repairs","413 Bulldog Rd, Freeport, FL 32439; (850) 201-1808",,https://business.waltonareachamber.com/list/ql/home-garden-12.htm,"## What It Is

Prime Plumbing Services is a plumber listed for the home repair & trades category serving Freeport.

## What You Can Find

plumbing, repairs.

## What to Know

This entry was regenerated from local directory source data and should be checked before publishing.",plumber,"[""plumbing"", ""repairs""]",[],[],"[""casual""]","[""locals_favorite"", ""rainy_day""]","What type of place is this?
Plumber in Freeport.
What can you get here?
plumbing, repairs.
Who is it for?
Locals, homeowners, visitors, and people searching for plumber options around 30A.
What occasion or situation fits?
locals favorite, rainy day.
What's the atmosphere like?
The vibe is casual. It is a practical directory fit for people comparing local options.
What's the price range?
$$$ based on typical category expectations.","plumber plumbing repairs

Prime Plumbing Services is a plumber listed for the home repair & trades category serving Freeport. This profile is useful for people searching by service type, category, and nearby 30A area.",3
Red Road Remodel and Gutter,red-road-remodel-and-gutter,Panama City Beach,,Home Repair & Trades,Red Road Remodel and Gutter is a gutter company listed for the home repair & trades category serving Panama City Beach.,Red Road Remodel and Gutter is a gutter company listed for the home repair & trades category serving Panama City Beach.,Red Road Remodel and Gutter | WhereTo30A,Red Road Remodel and Gutter is a gutter company listed for the home repair & trades category serving Panama City Beach.,"Red Road Remodel and Gutter, gutter company, Home Repair & Trades, Panama City Beach, 30A, South Walton",300 Cabana Cay Circle Unit 525 Panama City Beach FL 32413; (850) 775-6364,,https://business.waltonareachamber.com/list/ql/home-garden-12.htm,"## What It Is

Red Road Remodel and Gutter is a gutter company listed for the home repair & trades category serving Panama City Beach.

## What You Can Find

gutter company.

## What to Know

This entry was regenerated from local directory source data and should be checked before publishing.",gutter company,"[""gutter company""]",[],[],"[""airy""]","[""locals_favorite""]","What type of place is this?
Gutter company in Panama City Beach.
What can you get here?
gutter company.
Who is it for?
Locals, homeowners, visitors, and people searching for gutter company options around 30A.
What occasion or situation fits?
locals favorite.
What's the atmosphere like?
The vibe is airy. It is a practical directory fit for people comparing local options.
What's the price range?
$$$ based on typical category expectations.","gutter company gutter company

Red Road Remodel and Gutter is a gutter company listed for the home repair & trades category serving Panama City Beach. This profile is useful for people searching by service type, category, and nearby 30A area.",3
Renovation Flooring,renovation-flooring,Miramar Beach,,Home Repair & Trades,"Flooring and design center serving Destin, Miramar Beach, and Santa Rosa Beach.","Flooring and design center serving Destin, Miramar Beach, and Santa Rosa Beach.",Renovation Flooring | WhereTo30A,"Flooring and design center serving Destin, Miramar Beach, and Santa Rosa Beach.","Renovation Flooring, flooring company, Home Repair & Trades, Miramar Beach, 30A, South Walton, flooring",11714 Emerald Coast Parkway Miramar Beach FL 32550; (850) 460-7295,,https://business.waltonareachamber.com/list/ql/home-garden-12.htm,"## What It Is

Flooring and design center serving Destin, Miramar Beach, and Santa Rosa Beach.

## What You Can Find

flooring.

## What to Know

This entry was regenerated from local directory source data and should be checked before publishing.",flooring company,"[""flooring""]",[],[],"[""airy""]","[""locals_favorite""]","What type of place is this?
Flooring company in Miramar Beach.
What can you get here?
flooring.
Who is it for?
Locals, homeowners, visitors, and people searching for flooring company options around 30A.
What occasion or situation fits?
locals favorite.
What's the atmosphere like?
The vibe is airy. It is a practical directory fit for people comparing local options.
What's the price range?
$$$ based on typical category expectations.","flooring company flooring

Flooring and design center serving Destin, Miramar Beach, and Santa Rosa Beach. This profile is useful for people searching by service type, category, and nearby 30A area.",3
Salt Water Snow Design Studio,salt-water-snow-design-studio,Santa Rosa Beach,,Home Repair & Trades,"Residential interior design studio specializing in new builds, remodels, and custom interiors.","Residential interior design studio specializing in new builds, remodels, and custom interiors.",Salt Water Snow Design Studio | WhereTo30A,"Residential interior design studio specializing in new builds, remodels, and custom interiors.","Salt Water Snow Design Studio, interior designer, Home Repair & Trades, Santa Rosa Beach, 30A, South Walton, interior design, remodels",Santa Rosa Beach FL; (770) 335-6870,,https://business.waltonareachamber.com/list/ql/home-garden-12.htm,"## What It Is

Residential interior design studio specializing in new builds, remodels, and custom interiors.

## What You Can Find

interior design, remodels.

## What to Know

This entry was regenerated from local directory source data and should be checked before publishing.",interior designer,"[""interior design"", ""remodels""]",[],[],"[""upscale"", ""airy""]","[""locals_favorite""]","What type of place is this?
Interior designer in Santa Rosa Beach.
What can you get here?
interior design, remodels.
Who is it for?
Locals, homeowners, visitors, and people searching for interior designer options around 30A.
What occasion or situation fits?
locals favorite.
What's the atmosphere like?
The vibe is upscale, airy. It is a practical directory fit for people comparing local options.
What's the price range?
$$$ based on typical category expectations.","interior designer interior design remodels

Residential interior design studio specializing in new builds, remodels, and custom interiors. This profile is useful for people searching by service type, category, and nearby 30A area.",3
"Sea Side Maintenance, LLC",sea-side-maintenance-llc,Santa Rosa Beach,,Home Repair & Trades,"Sea Side Maintenance, LLC is a home maintenance listed for the home repair & trades category serving Santa Rosa Beach.","Sea Side Maintenance, LLC is a home maintenance listed for the home repair & trades category serving Santa Rosa Beach.","Sea Side Maintenance, LLC | WhereTo30A","Sea Side Maintenance, LLC is a home maintenance listed for the home repair & trades category serving Santa Rosa Beach.","Sea Side Maintenance, LLC, home maintenance, Home Repair & Trades, Santa Rosa Beach, 30A, South Walton",P.O. Box 1264 Santa Rosa Beach FL 32459; (850) 829-0669,,https://business.waltonareachamber.com/list/ql/home-garden-12.htm,"## What It Is

Sea Side Maintenance, LLC is a home maintenance listed for the home repair & trades category serving Santa Rosa Beach.

## What You Can Find

home maintenance.

## What to Know

This entry was regenerated from local directory source data and should be checked before publishing.",home maintenance,"[""home maintenance""]",[],[],"[""airy""]","[""locals_favorite""]","What type of place is this?
Home maintenance in Santa Rosa Beach.
What can you get here?
home maintenance.
Who is it for?
Locals, homeowners, visitors, and people searching for home maintenance options around 30A.
What occasion or situation fits?
locals favorite.
What's the atmosphere like?
The vibe is airy. It is a practical directory fit for people comparing local options.
What's the price range?
$$$ based on typical category expectations.","home maintenance home maintenance

Sea Side Maintenance, LLC is a home maintenance listed for the home repair & trades category serving Santa Rosa Beach. This profile is useful for people searching by service type, category, and nearby 30A area.",3
ShelfGenie of Pensacola - Panama City,shelfgenie-of-pensacola-panama-city,Crestview,,Home Repair & Trades,ShelfGenie of Pensacola - Panama City is a home service company listed for the home repair & trades category serving Crestview.,ShelfGenie of Pensacola - Panama City is a home service company listed for the home repair & trades category serving Crestview.,ShelfGenie of Pensacola - Panama City | WhereTo30A,ShelfGenie of Pensacola - Panama City is a home service company listed for the home repair & trades category serving Crestview.,"ShelfGenie of Pensacola - Panama City, home service company, Home Repair & Trades, Crestview, 30A, South Walton",4862 Leyland Ln Crestview FL 32536-6417; (850) 985-3376,,https://business.waltonareachamber.com/list/ql/home-garden-12.htm,"## What It Is

ShelfGenie of Pensacola - Panama City is a home service company listed for the home repair & trades category serving Crestview.

## What You Can Find

home service company.

## What to Know

This entry was regenerated from local directory source data and should be checked before publishing.",home service company,"[""home service company""]",[],[],"[""casual""]","[""locals_favorite""]","What type of place is this?
Home service company in Crestview.
What can you get here?
home service company.
Who is it for?
Locals, homeowners, visitors, and people searching for home service company options around 30A.
What occasion or situation fits?
locals favorite.
What's the atmosphere like?
The vibe is casual. It is a practical directory fit for people comparing local options.
What's the price range?
$$$ based on typical category expectations.","home service company home service company

ShelfGenie of Pensacola - Panama City is a home service company listed for the home repair & trades category serving Crestview. This profile is useful for people searching by service type, category, and nearby 30A area.",3
SiteOne Landscape Supply,siteone-landscape-supply,Santa Rosa Beach,,Home Repair & Trades,Wholesale distributor of landscaping products serving green industry professionals.,Wholesale distributor of landscaping products serving green industry professionals.,SiteOne Landscape Supply | WhereTo30A,Wholesale distributor of landscaping products serving green industry professionals.,"SiteOne Landscape Supply, landscaping company, Home Repair & Trades, Santa Rosa Beach, 30A, South Walton, landscaping",77 Shannon Lane Santa Rosa Beach FL 32459; (850) 527-1963,,https://business.waltonareachamber.com/list/ql/home-garden-12.htm,"## What It Is

Wholesale distributor of landscaping products serving green industry professionals.

## What You Can Find

landscaping.

## What to Know

This entry was regenerated from local directory source data and should be checked before publishing.",landscaping company,"[""landscaping""]",[],[],"[""airy""]","[""locals_favorite""]","What type of place is this?
Landscaping company in Santa Rosa Beach.
What can you get here?
landscaping.
Who is it for?
Locals, homeowners, visitors, and people searching for landscaping company options around 30A.
What occasion or situation fits?
locals favorite.
What's the atmosphere like?
The vibe is airy. It is a practical directory fit for people comparing local options.
What's the price range?
$$$ based on typical category expectations.","landscaping company landscaping

Wholesale distributor of landscaping products serving green industry professionals. This profile is useful for people searching by service type, category, and nearby 30A area.",3
The Green Air Group LLC,the-green-air-group-llc,Freeport,,Home Repair & Trades,"Air conditioning, heating, plumbing, hot-side, and refrigeration services.","Air conditioning, heating, plumbing, hot-side, and refrigeration services.",The Green Air Group LLC | WhereTo30A,"Air conditioning, heating, plumbing, hot-side, and refrigeration services.","The Green Air Group LLC, plumber, Home Repair & Trades, Freeport, 30A, South Walton, plumbing, repairs",5917 State Highway-20 East Freeport FL 32439; (850) 608-3065,,https://business.waltonareachamber.com/list/ql/home-garden-12.htm,"## What It Is

Air conditioning, heating, plumbing, hot-side, and refrigeration services.

## What You Can Find

plumbing, repairs.

## What to Know

This entry was regenerated from local directory source data and should be checked before publishing.",plumber,"[""plumbing"", ""repairs""]",[],[],"[""casual""]","[""locals_favorite"", ""rainy_day""]","What type of place is this?
Plumber in Freeport.
What can you get here?
plumbing, repairs.
Who is it for?
Locals, homeowners, visitors, and people searching for plumber options around 30A.
What occasion or situation fits?
locals favorite, rainy day.
What's the atmosphere like?
The vibe is casual. It is a practical directory fit for people comparing local options.
What's the price range?
$$$ based on typical category expectations.","plumber plumbing repairs

Air conditioning, heating, plumbing, hot-side, and refrigeration services. This profile is useful for people searching by service type, category, and nearby 30A area.",3
TruNorth Pest Control,trunorth-pest-control,Panama City Beach,,Home Repair & Trades,TruNorth Pest Control is a pest control listed for the home repair & trades category serving Panama City Beach.,TruNorth Pest Control is a pest control listed for the home repair & trades category serving Panama City Beach.,TruNorth Pest Control | WhereTo30A,TruNorth Pest Control is a pest control listed for the home repair & trades category serving Panama City Beach.,"TruNorth Pest Control, pest control, Home Repair & Trades, Panama City Beach, 30A, South Walton",22602 Panama City Beach Pkwy Panama City Beach FL 32413; (850) 988-1852,,https://business.waltonareachamber.com/list/ql/home-garden-12.htm,"## What It Is

TruNorth Pest Control is a pest control listed for the home repair & trades category serving Panama City Beach.

## What You Can Find

pest control.

## What to Know

This entry was regenerated from local directory source data and should be checked before publishing.",pest control,"[""pest control""]",[],[],"[""airy""]","[""locals_favorite""]","What type of place is this?
Pest control in Panama City Beach.
What can you get here?
pest control.
Who is it for?
Locals, homeowners, visitors, and people searching for pest control options around 30A.
What occasion or situation fits?
locals favorite.
What's the atmosphere like?
The vibe is airy. It is a practical directory fit for people comparing local options.
What's the price range?
$$$ based on typical category expectations.","pest control pest control

TruNorth Pest Control is a pest control listed for the home repair & trades category serving Panama City Beach. This profile is useful for people searching by service type, category, and nearby 30A area.",3
Waltz Cabinetry,waltz-cabinetry,,,Home Repair & Trades,"Custom cabinetry design, manufacturing, and installation for kitchens, bathrooms, closets, built-ins, and specialty spaces.","Custom cabinetry design, manufacturing, and installation for kitchens, bathrooms, closets, built-ins, and specialty spaces.",Waltz Cabinetry | WhereTo30A,"Custom cabinetry design, manufacturing, and installation for kitchens, bathrooms, closets, built-ins, and specialty spaces.","Waltz Cabinetry, cabinet company, Home Repair & Trades, 30A, South Walton, custom cabinets",,,https://business.waltonareachamber.com/list/ql/home-garden-12.htm,"## What It Is

Custom cabinetry design, manufacturing, and installation for kitchens, bathrooms, closets, built-ins, and specialty spaces.

## What You Can Find

custom cabinets.

## What to Know

This entry was regenerated from local directory source data and should be checked before publishing.",cabinet company,"[""custom cabinets""]",[],[],"[""casual""]","[""locals_favorite""]","What type of place is this?
Cabinet company in the 30A area.
What can you get here?
custom cabinets.
Who is it for?
Locals, homeowners, visitors, and people searching for cabinet company options around 30A.
What occasion or situation fits?
locals favorite.
What's the atmosphere like?
The vibe is casual. It is a practical directory fit for people comparing local options.
What's the price range?
$$$ based on typical category expectations.","cabinet company custom cabinets

Custom cabinetry design, manufacturing, and installation for kitchens, bathrooms, closets, built-ins, and specialty spaces. This profile is useful for people searching by service type, category, and nearby 30A area.",3
Clay 30A,clay-30a,Santa Rosa Beach,,"Home Repair & Trades; Retail, Errands & Local Convenience",Clay 30A is a home service company listed for the home repair & trades category serving Santa Rosa Beach.,Clay 30A is a home service company listed for the home repair & trades category serving Santa Rosa Beach.,Clay 30A | WhereTo30A,Clay 30A is a home service company listed for the home repair & trades category serving Santa Rosa Beach.,"Clay 30A, home service company, Home Repair & Trades, Santa Rosa Beach, 30A, South Walton",4808 East Co. Hwy 30A Santa Rosa Beach FL 32459; (850) 231-2150,,https://business.waltonareachamber.com/list/ql/home-garden-12.htm,"## What It Is

Clay 30A is a home service company listed for the home repair & trades category serving Santa Rosa Beach.

## What You Can Find

home service company.

## What to Know

This entry was regenerated from local directory source data and should be checked before publishing.",home service company,"[""home service company""]",[],[],"[""airy""]","[""locals_favorite""]","What type of place is this?
Home service company in Santa Rosa Beach.
What can you get here?
home service company.
Who is it for?
Locals, homeowners, visitors, and people searching for home service company options around 30A.
What occasion or situation fits?
locals favorite.
What's the atmosphere like?
The vibe is airy. It is a practical directory fit for people comparing local options.
What's the price range?
$$$ based on typical category expectations.","home service company home service company

Clay 30A is a home service company listed for the home repair & trades category serving Santa Rosa Beach. This profile is useful for people searching by service type, category, and nearby 30A area.",3
30A Flexspace,30a-flexspace,Santa Rosa Beach,,"Professional, Financial & Legal","Co-working space with flex desks, private offices, virtual offices, conference room, wifi, coffee, printing, and parking.","Co-working space with flex desks, private offices, virtual offices, conference room, wifi, coffee, printing, and parking.",30A Flexspace | WhereTo30A,"Co-working space with flex desks, private offices, virtual offices, conference room, wifi, coffee, printing, and parking.","30A Flexspace, financial advisor, Professional, Financial & Legal, Santa Rosa Beach, 30A, South Walton, financial planning, coffee",5417 E County Hwy 30A Santa Rosa Beach FL 32459; (850) 655-7112,,https://business.waltonareachamber.com/list/ql/business-professional-services-5,"## What It Is

Co-working space with flex desks, private offices, virtual offices, conference room, wifi, coffee, printing, and parking.

## What You Can Find

financial planning, coffee.

## What to Know

This entry was regenerated from local directory source data and should be checked before publishing.",financial advisor,"[""financial planning"", ""coffee""]",[],"[""breakfast"", ""brunch""]","[""casual"", ""airy"", ""cozy""]","[""quick_bite"", ""family_outing""]","What type of place is this?
Financial advisor in Santa Rosa Beach.
What can you get here?
financial planning, coffee.
Who is it for?
Locals, homeowners, visitors, and people searching for financial advisor options around 30A.
What occasion or situation fits?
quick bite, family outing.
What's the atmosphere like?
The vibe is casual, airy, cozy. It is a practical directory fit for people comparing local options.
What's the price range?
$$$ based on typical category expectations.","financial advisor financial planning coffee

Co-working space with flex desks, private offices, virtual offices, conference room, wifi, coffee, printing, and parking. This profile is useful for people searching by service type, category, and nearby 30A area.",3
850 Title,850-title,Santa Rosa Beach,,"Professional, Financial & Legal","850 Title is a title company listed for the professional, financial & legal category serving Santa Rosa Beach.","850 Title is a title company listed for the professional, financial & legal category serving Santa Rosa Beach.",850 Title | WhereTo30A,"850 Title is a title company listed for the professional, financial & legal category serving Santa Rosa Beach.","850 Title, title company, Professional, Financial & Legal, Santa Rosa Beach, 30A, South Walton, title services, real estate closings",18 Pine Lake Dr Santa Rosa Beach FL 32459; (850) 213-0736,,https://business.waltonareachamber.com/list/ql/business-professional-services-5,"## What It Is

850 Title is a title company listed for the professional, financial & legal category serving Santa Rosa Beach.

## What You Can Find

title services, real estate closings.

## What to Know

This entry was regenerated from local directory source data and should be checked before publishing.",title company,"[""title services"", ""real estate closings""]",[],[],"[""airy""]","[""locals_favorite"", ""rainy_day""]","What type of place is this?
Title company in Santa Rosa Beach.
What can you get here?
title services, real estate closings.
Who is it for?
Locals, homeowners, visitors, and people searching for title company options around 30A.
What occasion or situation fits?
locals favorite, rainy day.
What's the atmosphere like?
The vibe is airy. It is a practical directory fit for people comparing local options.
What's the price range?
$$$ based on typical category expectations.","title company title services real estate closings

850 Title is a title company listed for the professional, financial & legal category serving Santa Rosa Beach. This profile is useful for people searching by service type, category, and nearby 30A area.",3
Accounting by Maryann Inc,accounting-by-maryann-inc,Panama City Beach,,"Professional, Financial & Legal","Bookkeeping, tax preparation, payroll, sales tax, and bed tax reporting for small businesses and individuals.","Bookkeeping, tax preparation, payroll, sales tax, and bed tax reporting for small businesses and individuals.",Accounting by Maryann Inc | WhereTo30A,"Bookkeeping, tax preparation, payroll, sales tax, and bed tax reporting for small businesses and individuals.","Accounting by Maryann Inc, accounting service, Professional, Financial & Legal, Panama City Beach, 30A, South Walton, tax preparation, bookkeeping, payroll, payments",Panama City Beach FL 32413; (850) 814-6585,,https://business.waltonareachamber.com/list/ql/business-professional-services-5,"## What It Is

Bookkeeping, tax preparation, payroll, sales tax, and bed tax reporting for small businesses and individuals.

## What You Can Find

tax preparation, bookkeeping, payroll, payments.

## What to Know

This entry was regenerated from local directory source data and should be checked before publishing.",accounting service,"[""tax preparation"", ""bookkeeping"", ""payroll"", ""payments""]",[],[],"[""airy""]","[""locals_favorite"", ""rainy_day""]","What type of place is this?
Accounting service in Panama City Beach.
What can you get here?
tax preparation, bookkeeping, payroll, payments.
Who is it for?
Locals, homeowners, visitors, and people searching for accounting service options around 30A.
What occasion or situation fits?
locals favorite, rainy day.
What's the atmosphere like?
The vibe is airy. It is a practical directory fit for people comparing local options.
What's the price range?
$$$ based on typical category expectations.","accounting service tax preparation bookkeeping payroll payments

Bookkeeping, tax preparation, payroll, sales tax, and bed tax reporting for small businesses and individuals. This profile is useful for people searching by service type, category, and nearby 30A area.",3
"Adam Long, Florida Farm Bureau Insurance",adam-long-florida-farm-bureau-insurance,DeFuniak Springs,,"Professional, Financial & Legal","Auto, home, and life insurance.","Auto, home, and life insurance.","Adam Long, Florida Farm Bureau Insurance | WhereTo30A","Auto, home, and life insurance.","Adam Long, Florida Farm Bureau Insurance, insurance agency, Professional, Financial & Legal, DeFuniak Springs, 30A, South Walton, home insurance, auto insurance",501 US Highway 90 W Defuniak Springs FL 32433; (850) 208-1507,,https://business.waltonareachamber.com/list/ql/business-professional-services-5,"## What It Is

Auto, home, and life insurance.

## What You Can Find

home insurance, auto insurance.

## What to Know

This entry was regenerated from local directory source data and should be checked before publishing.",insurance agency,"[""home insurance"", ""auto insurance""]",[],[],"[""casual""]","[""locals_favorite"", ""rainy_day""]","What type of place is this?
Insurance agency in DeFuniak Springs.
What can you get here?
home insurance, auto insurance.
Who is it for?
Locals, homeowners, visitors, and people searching for insurance agency options around 30A.
What occasion or situation fits?
locals favorite, rainy day.
What's the atmosphere like?
The vibe is casual. It is a practical directory fit for people comparing local options.
What's the price range?
$$$ based on typical category expectations.","insurance agency home insurance auto insurance

Auto, home, and life insurance. This profile is useful for people searching by service type, category, and nearby 30A area.",3
"AvinnaCFO, LLC",avinnacfo-llc,Santa Rosa Beach,,"Professional, Financial & Legal","AvinnaCFO, LLC is a financial advisor listed for the professional, financial & legal category serving Santa Rosa Beach.","AvinnaCFO, LLC is a financial advisor listed for the professional, financial & legal category serving Santa Rosa Beach.","AvinnaCFO, LLC | WhereTo30A","AvinnaCFO, LLC is a financial advisor listed for the professional, financial & legal category serving Santa Rosa Beach.","AvinnaCFO, LLC, financial advisor, Professional, Financial & Legal, Santa Rosa Beach, 30A, South Walton, financial planning",1027A Bay Drive Santa Rosa Beach FL 32459; (334) 300-9925,,https://business.waltonareachamber.com/list/ql/business-professional-services-5,"## What It Is

AvinnaCFO, LLC is a financial advisor listed for the professional, financial & legal category serving Santa Rosa Beach.

## What You Can Find

financial planning.

## What to Know

This entry was regenerated from local directory source data and should be checked before publishing.",financial advisor,"[""financial planning""]",[],[],"[""airy""]","[""locals_favorite""]","What type of place is this?
Financial advisor in Santa Rosa Beach.
What can you get here?
financial planning.
Who is it for?
Locals, homeowners, visitors, and people searching for financial advisor options around 30A.
What occasion or situation fits?
locals favorite.
What's the atmosphere like?
The vibe is airy. It is a practical directory fit for people comparing local options.
What's the price range?
$$$ based on typical category expectations.","financial advisor financial planning

AvinnaCFO, LLC is a financial advisor listed for the professional, financial & legal category serving Santa Rosa Beach. This profile is useful for people searching by service type, category, and nearby 30A area.",3
"Barker Williams, PLLC",barker-williams-pllc,Santa Rosa Beach,,"Professional, Financial & Legal","Barker Williams, PLLC is a financial advisor listed for the professional, financial & legal category serving Santa Rosa Beach.","Barker Williams, PLLC is a financial advisor listed for the professional, financial & legal category serving Santa Rosa Beach.","Barker Williams, PLLC | WhereTo30A","Barker Williams, PLLC is a financial advisor listed for the professional, financial & legal category serving Santa Rosa Beach.","Barker Williams, PLLC, financial advisor, Professional, Financial & Legal, Santa Rosa Beach, 30A, South Walton, financial planning",60 Clayton Lane Suite B Santa Rosa Beach Florida 32459; 850-308-7033,,https://business.waltonareachamber.com/list/ql/business-professional-services-5,"## What It Is

Barker Williams, PLLC is a financial advisor listed for the professional, financial & legal category serving Santa Rosa Beach.

## What You Can Find

financial planning.

## What to Know

This entry was regenerated from local directory source data and should be checked before publishing.",financial advisor,"[""financial planning""]",[],"[""late_night""]","[""casual"", ""airy"", ""lively""]","[""date_night""]","What type of place is this?
Financial advisor in Santa Rosa Beach.
What can you get here?
financial planning.
Who is it for?
Locals, homeowners, visitors, and people searching for financial advisor options around 30A.
What occasion or situation fits?
date night.
What's the atmosphere like?
The vibe is casual, airy, lively. It is a practical directory fit for people comparing local options.
What's the price range?
$$$ based on typical category expectations.","financial advisor financial planning

Barker Williams, PLLC is a financial advisor listed for the professional, financial & legal category serving Santa Rosa Beach. This profile is useful for people searching by service type, category, and nearby 30A area.",3
BayView Private Wealth,bayview-private-wealth,Destin,,"Professional, Financial & Legal","BayView Private Wealth is a financial advisor listed for the professional, financial & legal category serving Destin.","BayView Private Wealth is a financial advisor listed for the professional, financial & legal category serving Destin.",BayView Private Wealth | WhereTo30A,"BayView Private Wealth is a financial advisor listed for the professional, financial & legal category serving Destin.","BayView Private Wealth, financial advisor, Professional, Financial & Legal, Destin, 30A, South Walton, financial planning","1234 Airport Road, Suite 121 Destin FL 32541; (850) 990-0618",,https://business.waltonareachamber.com/list/ql/business-professional-services-5,"## What It Is

BayView Private Wealth is a financial advisor listed for the professional, financial & legal category serving Destin.

## What You Can Find

financial planning.

## What to Know

This entry was regenerated from local directory source data and should be checked before publishing.",financial advisor,"[""financial planning""]",[],[],"[""casual""]","[""locals_favorite""]","What type of place is this?
Financial advisor in Destin.
What can you get here?
financial planning.
Who is it for?
Locals, homeowners, visitors, and people searching for financial advisor options around 30A.
What occasion or situation fits?
locals favorite.
What's the atmosphere like?
The vibe is casual. It is a practical directory fit for people comparing local options.
What's the price range?
$$$ based on typical category expectations.","financial advisor financial planning

BayView Private Wealth is a financial advisor listed for the professional, financial & legal category serving Destin. This profile is useful for people searching by service type, category, and nearby 30A area.",3
"Beachworx, LLC",beachworx-llc,Destin,,"Professional, Financial & Legal","Beachworx, LLC is a financial advisor listed for the professional, financial & legal category serving Destin.","Beachworx, LLC is a financial advisor listed for the professional, financial & legal category serving Destin.","Beachworx, LLC | WhereTo30A","Beachworx, LLC is a financial advisor listed for the professional, financial & legal category serving Destin.","Beachworx, LLC, financial advisor, Professional, Financial & Legal, Destin, 30A, South Walton, financial planning",34990 Emerald Coast Pkwy Ste 300 Destin FL 32541; (850) 974-3435,,https://business.waltonareachamber.com/list/ql/business-professional-services-5,"## What It Is

Beachworx, LLC is a financial advisor listed for the professional, financial & legal category serving Destin.

## What You Can Find

financial planning.

## What to Know

This entry was regenerated from local directory source data and should be checked before publishing.",financial advisor,"[""financial planning""]",[],[],"[""airy""]","[""locals_favorite""]","What type of place is this?
Financial advisor in Destin.
What can you get here?
financial planning.
Who is it for?
Locals, homeowners, visitors, and people searching for financial advisor options around 30A.
What occasion or situation fits?
locals favorite.
What's the atmosphere like?
The vibe is airy. It is a practical directory fit for people comparing local options.
What's the price range?
$$$ based on typical category expectations.","financial advisor financial planning

Beachworx, LLC is a financial advisor listed for the professional, financial & legal category serving Destin. This profile is useful for people searching by service type, category, and nearby 30A area.",3
Brandon Cervenka: Allstate Insurance,brandon-cervenka-allstate-insurance,Santa Rosa Beach,,"Professional, Financial & Legal","Brandon Cervenka: Allstate Insurance is a insurance agency listed for the professional, financial & legal category serving Santa Rosa Beach.","Brandon Cervenka: Allstate Insurance is a insurance agency listed for the professional, financial & legal category serving Santa Rosa Beach.",Brandon Cervenka: Allstate Insurance | WhereTo30A,"Brandon Cervenka: Allstate Insurance is a insurance agency listed for the professional, financial & legal category serving Santa Rosa Beach.","Brandon Cervenka: Allstate Insurance, insurance agency, Professional, Financial & Legal, Santa Rosa Beach, 30A, South Walton, home insurance, auto insurance",2441 US Hwy 98 W Suite 105 Santa Rosa Beach FL 32459; (850) 622-0448,,https://business.waltonareachamber.com/list/ql/business-professional-services-5,"## What It Is

Brandon Cervenka: Allstate Insurance is a insurance agency listed for the professional, financial & legal category serving Santa Rosa Beach.

## What You Can Find

home insurance, auto insurance.

## What to Know

This entry was regenerated from local directory source data and should be checked before publishing.",insurance agency,"[""home insurance"", ""auto insurance""]",[],[],"[""airy""]","[""locals_favorite"", ""rainy_day""]","What type of place is this?
Insurance agency in Santa Rosa Beach.
What can you get here?
home insurance, auto insurance.
Who is it for?
Locals, homeowners, visitors, and people searching for insurance agency options around 30A.
What occasion or situation fits?
locals favorite, rainy day.
What's the atmosphere like?
The vibe is airy. It is a practical directory fit for people comparing local options.
What's the price range?
$$$ based on typical category expectations.","insurance agency home insurance auto insurance

Brandon Cervenka: Allstate Insurance is a insurance agency listed for the professional, financial & legal category serving Santa Rosa Beach. This profile is useful for people searching by service type, category, and nearby 30A area.",3
Burke Blue,burke-blue,Panama City,,"Professional, Financial & Legal","Burke Blue is a financial advisor listed for the professional, financial & legal category serving Panama City.","Burke Blue is a financial advisor listed for the professional, financial & legal category serving Panama City.",Burke Blue | WhereTo30A,"Burke Blue is a financial advisor listed for the professional, financial & legal category serving Panama City.","Burke Blue, financial advisor, Professional, Financial & Legal, Panama City, 30A, South Walton, financial planning",221 McKenzie Avenue Panama City FL 32401; (850) 769-1414,,https://business.waltonareachamber.com/list/ql/business-professional-services-5,"## What It Is

Burke Blue is a financial advisor listed for the professional, financial & legal category serving Panama City.

## What You Can Find

financial planning.

## What to Know

This entry was regenerated from local directory source data and should be checked before publishing.",financial advisor,"[""financial planning""]",[],[],"[""casual""]","[""locals_favorite""]","What type of place is this?
Financial advisor in Panama City.
What can you get here?
financial planning.
Who is it for?
Locals, homeowners, visitors, and people searching for financial advisor options around 30A.
What occasion or situation fits?
locals favorite.
What's the atmosphere like?
The vibe is casual. It is a practical directory fit for people comparing local options.
What's the price range?
$$$ based on typical category expectations.","financial advisor financial planning

Burke Blue is a financial advisor listed for the professional, financial & legal category serving Panama City. This profile is useful for people searching by service type, category, and nearby 30A area.",3
Burst & Bloom,burst-and-bloom,Freeport,,"Professional, Financial & Legal","Burst & Bloom is a financial advisor listed for the professional, financial & legal category serving Freeport.","Burst & Bloom is a financial advisor listed for the professional, financial & legal category serving Freeport.",Burst & Bloom | WhereTo30A,"Burst & Bloom is a financial advisor listed for the professional, financial & legal category serving Freeport.","Burst & Bloom, financial advisor, Professional, Financial & Legal, Freeport, 30A, South Walton, financial planning",264 Johns Lane Freeport FL 32439; (850) 585-3553,,https://business.waltonareachamber.com/list/ql/business-professional-services-5,"## What It Is

Burst & Bloom is a financial advisor listed for the professional, financial & legal category serving Freeport.

## What You Can Find

financial planning.

## What to Know

This entry was regenerated from local directory source data and should be checked before publishing.",financial advisor,"[""financial planning""]",[],[],"[""casual""]","[""locals_favorite""]","What type of place is this?
Financial advisor in Freeport.
What can you get here?
financial planning.
Who is it for?
Locals, homeowners, visitors, and people searching for financial advisor options around 30A.
What occasion or situation fits?
locals favorite.
What's the atmosphere like?
The vibe is casual. It is a practical directory fit for people comparing local options.
What's the price range?
$$$ based on typical category expectations.","financial advisor financial planning

Burst & Bloom is a financial advisor listed for the professional, financial & legal category serving Freeport. This profile is useful for people searching by service type, category, and nearby 30A area.",3
Byron Pelt Insurance,byron-pelt-insurance,Santa Rosa Beach,,"Professional, Financial & Legal","Byron Pelt Insurance is a insurance agency listed for the professional, financial & legal category serving Santa Rosa Beach.","Byron Pelt Insurance is a insurance agency listed for the professional, financial & legal category serving Santa Rosa Beach.",Byron Pelt Insurance | WhereTo30A,"Byron Pelt Insurance is a insurance agency listed for the professional, financial & legal category serving Santa Rosa Beach.","Byron Pelt Insurance, insurance agency, Professional, Financial & Legal, Santa Rosa Beach, 30A, South Walton, home insurance, auto insurance",5417 E County Hwy 30A Ste 302 Santa Rosa Beach FL 32459; (850) 213-6380,,https://business.waltonareachamber.com/list/ql/business-professional-services-5,"## What It Is

Byron Pelt Insurance is a insurance agency listed for the professional, financial & legal category serving Santa Rosa Beach.

## What You Can Find

home insurance, auto insurance.

## What to Know

This entry was regenerated from local directory source data and should be checked before publishing.",insurance agency,"[""home insurance"", ""auto insurance""]",[],[],"[""airy""]","[""locals_favorite"", ""rainy_day""]","What type of place is this?
Insurance agency in Santa Rosa Beach.
What can you get here?
home insurance, auto insurance.
Who is it for?
Locals, homeowners, visitors, and people searching for insurance agency options around 30A.
What occasion or situation fits?
locals favorite, rainy day.
What's the atmosphere like?
The vibe is airy. It is a practical directory fit for people comparing local options.
What's the price range?
$$$ based on typical category expectations.","insurance agency home insurance auto insurance

Byron Pelt Insurance is a insurance agency listed for the professional, financial & legal category serving Santa Rosa Beach. This profile is useful for people searching by service type, category, and nearby 30A area.",3
"Carr, Riggs & Ingram, LLC - Miramar Beach",carr-riggs-and-ingram-llc-miramar-beach,Miramar Beach,,"Professional, Financial & Legal","Carr, Riggs & Ingram, LLC - Miramar Beach is a financial advisor listed for the professional, financial & legal category serving Miramar Beach.","Carr, Riggs & Ingram, LLC - Miramar Beach is a financial advisor listed for the professional, financial & legal category serving Miramar Beach.","Carr, Riggs & Ingram, LLC - Miramar Beach | WhereTo30A","Carr, Riggs & Ingram, LLC - Miramar Beach is a financial advisor listed for the professional, financial & legal category serving Miramar Beach.","Carr, Riggs & Ingram, LLC - Miramar Beach, financial advisor, Professional, Financial & Legal, Miramar Beach, 30A, South Walton, financial planning","500 Grand Blvd, Ste 210 Miramar Beach FL 32550; (850) 837-3141",,https://business.waltonareachamber.com/list/ql/business-professional-services-5,"## What It Is

Carr, Riggs & Ingram, LLC - Miramar Beach is a financial advisor listed for the professional, financial & legal category serving Miramar Beach.

## What You Can Find

financial planning.

## What to Know

This entry was regenerated from local directory source data and should be checked before publishing.",financial advisor,"[""financial planning""]",[],[],"[""airy""]","[""locals_favorite""]","What type of place is this?
Financial advisor in Miramar Beach.
What can you get here?
financial planning.
Who is it for?
Locals, homeowners, visitors, and people searching for financial advisor options around 30A.
What occasion or situation fits?
locals favorite.
What's the atmosphere like?
The vibe is airy. It is a practical directory fit for people comparing local options.
What's the price range?
$$$ based on typical category expectations.","financial advisor financial planning

Carr, Riggs & Ingram, LLC - Miramar Beach is a financial advisor listed for the professional, financial & legal category serving Miramar Beach. This profile is useful for people searching by service type, category, and nearby 30A area.",3
Clark Partington Attorneys at Law (Destin),clark-partington-attorneys-at-law-destin,Destin,,"Professional, Financial & Legal","Full-service law firm with offices across the Gulf Coast, including Destin and Grayton Beach.","Full-service law firm with offices across the Gulf Coast, including Destin and Grayton Beach.",Clark Partington Attorneys at Law (Destin) | WhereTo30A,"Full-service law firm with offices across the Gulf Coast, including Destin and Grayton Beach.","Clark Partington Attorneys at Law (Destin), law firm, Professional, Financial & Legal, Destin, 30A, South Walton, legal services",4100 Legendary Drive Ste 200 Destin FL 32541; (850) 650-3304,,https://business.waltonareachamber.com/list/ql/business-professional-services-5,"## What It Is

Full-service law firm with offices across the Gulf Coast, including Destin and Grayton Beach.

## What You Can Find

legal services.

## What to Know

This entry was regenerated from local directory source data and should be checked before publishing.",law firm,"[""legal services""]",[],[],"[""airy""]","[""locals_favorite"", ""rainy_day""]","What type of place is this?
Law firm in Destin.
What can you get here?
legal services.
Who is it for?
Locals, homeowners, visitors, and people searching for law firm options around 30A.
What occasion or situation fits?
locals favorite, rainy day.
What's the atmosphere like?
The vibe is airy. It is a practical directory fit for people comparing local options.
What's the price range?
$$$ based on typical category expectations.","law firm legal services

Full-service law firm with offices across the Gulf Coast, including Destin and Grayton Beach. This profile is useful for people searching by service type, category, and nearby 30A area.",3
Clear Title & Escrow 30A,clear-title-and-escrow-30a,Alys Beach,Alys Beach Town Center,"Professional, Financial & Legal",Real estate title and development services.,Real estate title and development services.,Clear Title & Escrow 30A | WhereTo30A,Real estate title and development services.,"Clear Title & Escrow 30A, title company, Professional, Financial & Legal, Alys Beach, 30A, South Walton, title services, real estate closings","9961 E County Hwy 30A, Ste 6 Alys Beach FL 32461; (850) 909-0082",,https://business.waltonareachamber.com/list/ql/business-professional-services-5,"## What It Is

Real estate title and development services.

## What You Can Find

title services, real estate closings.

## What to Know

This entry was regenerated from local directory source data and should be checked before publishing.",title company,"[""title services"", ""real estate closings""]",[],[],"[""airy""]","[""locals_favorite"", ""rainy_day""]","What type of place is this?
Title company in Alys Beach.
What can you get here?
title services, real estate closings.
Who is it for?
Locals, homeowners, visitors, and people searching for title company options around 30A.
What occasion or situation fits?
locals favorite, rainy day.
What's the atmosphere like?
The vibe is airy. It is a practical directory fit for people comparing local options.
What's the price range?
$$$ based on typical category expectations.","title company title services real estate closings

Real estate title and development services. This profile is useful for people searching by service type, category, and nearby 30A area.",3
Coast 2 Coast Payroll & Payments,coast-2-coast-payroll-and-payments,Miramar Beach,,"Professional, Financial & Legal","Payroll, credit card processing, and POS.","Payroll, credit card processing, and POS.",Coast 2 Coast Payroll & Payments | WhereTo30A,"Payroll, credit card processing, and POS.","Coast 2 Coast Payroll & Payments, payroll service, Professional, Financial & Legal, Miramar Beach, 30A, South Walton, payroll, payments",319 L'Atrium Dr Miramar Beach FL 32550; (586) 260-7453,,https://business.waltonareachamber.com/list/ql/business-professional-services-5,"## What It Is

Payroll, credit card processing, and POS.

## What You Can Find

payroll, payments.

## What to Know

This entry was regenerated from local directory source data and should be checked before publishing.",payroll service,"[""payroll"", ""payments""]",[],[],"[""airy""]","[""locals_favorite""]","What type of place is this?
Payroll service in Miramar Beach.
What can you get here?
payroll, payments.
Who is it for?
Locals, homeowners, visitors, and people searching for payroll service options around 30A.
What occasion or situation fits?
locals favorite.
What's the atmosphere like?
The vibe is airy. It is a practical directory fit for people comparing local options.
What's the price range?
$$$ based on typical category expectations.","payroll service payroll payments

Payroll, credit card processing, and POS. This profile is useful for people searching by service type, category, and nearby 30A area.",3
Coastal Accounting,coastal-accounting,Destin,,"Professional, Financial & Legal","Coastal Accounting is a accounting service listed for the professional, financial & legal category serving Destin.","Coastal Accounting is a accounting service listed for the professional, financial & legal category serving Destin.",Coastal Accounting | WhereTo30A,"Coastal Accounting is a accounting service listed for the professional, financial & legal category serving Destin.","Coastal Accounting, accounting service, Professional, Financial & Legal, Destin, 30A, South Walton, tax preparation, bookkeeping",1150 Airport RD Unit 172 Destin FL 32541; (850) 267-0002,,https://business.waltonareachamber.com/list/ql/business-professional-services-5,"## What It Is

Coastal Accounting is a accounting service listed for the professional, financial & legal category serving Destin.

## What You Can Find

tax preparation, bookkeeping.

## What to Know

This entry was regenerated from local directory source data and should be checked before publishing.",accounting service,"[""tax preparation"", ""bookkeeping""]",[],[],"[""casual""]","[""locals_favorite"", ""rainy_day""]","What type of place is this?
Accounting service in Destin.
What can you get here?
tax preparation, bookkeeping.
Who is it for?
Locals, homeowners, visitors, and people searching for accounting service options around 30A.
What occasion or situation fits?
locals favorite, rainy day.
What's the atmosphere like?
The vibe is casual. It is a practical directory fit for people comparing local options.
What's the price range?
$$$ based on typical category expectations.","accounting service tax preparation bookkeeping

Coastal Accounting is a accounting service listed for the professional, financial & legal category serving Destin. This profile is useful for people searching by service type, category, and nearby 30A area.",3
Contractors Connect,contractors-connect,Santa Rosa Beach,,"Professional, Financial & Legal","Contractors Connect is a financial advisor listed for the professional, financial & legal category serving Santa Rosa Beach.","Contractors Connect is a financial advisor listed for the professional, financial & legal category serving Santa Rosa Beach.",Contractors Connect | WhereTo30A,"Contractors Connect is a financial advisor listed for the professional, financial & legal category serving Santa Rosa Beach.","Contractors Connect, financial advisor, Professional, Financial & Legal, Santa Rosa Beach, 30A, South Walton, financial planning",Santa Rosa Beach FL 32459; (850) 876-5059,,https://business.waltonareachamber.com/list/ql/business-professional-services-5,"## What It Is

Contractors Connect is a financial advisor listed for the professional, financial & legal category serving Santa Rosa Beach.

## What You Can Find

financial planning.

## What to Know

This entry was regenerated from local directory source data and should be checked before publishing.",financial advisor,"[""financial planning""]",[],[],"[""airy""]","[""locals_favorite""]","What type of place is this?
Financial advisor in Santa Rosa Beach.
What can you get here?
financial planning.
Who is it for?
Locals, homeowners, visitors, and people searching for financial advisor options around 30A.
What occasion or situation fits?
locals favorite.
What's the atmosphere like?
The vibe is airy. It is a practical directory fit for people comparing local options.
What's the price range?
$$$ based on typical category expectations.","financial advisor financial planning

Contractors Connect is a financial advisor listed for the professional, financial & legal category serving Santa Rosa Beach. This profile is useful for people searching by service type, category, and nearby 30A area.",3
Cowen and Company CPA,cowen-and-company-cpa,Santa Rosa Beach,,"Professional, Financial & Legal","Cowen and Company CPA is a accounting firm listed for the professional, financial & legal category serving Santa Rosa Beach.","Cowen and Company CPA is a accounting firm listed for the professional, financial & legal category serving Santa Rosa Beach.",Cowen and Company CPA | WhereTo30A,"Cowen and Company CPA is a accounting firm listed for the professional, financial & legal category serving Santa Rosa Beach.","Cowen and Company CPA, accounting firm, Professional, Financial & Legal, Santa Rosa Beach, 30A, South Walton, tax preparation, bookkeeping",2050 W County Hwy 30a #214 Santa Rosa Beach FL 32459; (850) 622-2280,,https://business.waltonareachamber.com/list/ql/business-professional-services-5,"## What It Is

Cowen and Company CPA is a accounting firm listed for the professional, financial & legal category serving Santa Rosa Beach.

## What You Can Find

tax preparation, bookkeeping.

## What to Know

This entry was regenerated from local directory source data and should be checked before publishing.",accounting firm,"[""tax preparation"", ""bookkeeping""]",[],[],"[""airy""]","[""locals_favorite"", ""rainy_day""]","What type of place is this?
Accounting firm in Santa Rosa Beach.
What can you get here?
tax preparation, bookkeeping.
Who is it for?
Locals, homeowners, visitors, and people searching for accounting firm options around 30A.
What occasion or situation fits?
locals favorite, rainy day.
What's the atmosphere like?
The vibe is airy. It is a practical directory fit for people comparing local options.
What's the price range?
$$$ based on typical category expectations.","accounting firm tax preparation bookkeeping

Cowen and Company CPA is a accounting firm listed for the professional, financial & legal category serving Santa Rosa Beach. This profile is useful for people searching by service type, category, and nearby 30A area.",3
"Crescent Advisory & Accounting, LLC",crescent-advisory-and-accounting-llc,DeFuniak Springs,,"Professional, Financial & Legal","Crescent Advisory & Accounting, LLC is a accounting service listed for the professional, financial & legal category serving DeFuniak Springs.","Crescent Advisory & Accounting, LLC is a accounting service listed for the professional, financial & legal category serving DeFuniak Springs.","Crescent Advisory & Accounting, LLC | WhereTo30A","Crescent Advisory & Accounting, LLC is a accounting service listed for the professional, financial & legal category serving DeFuniak Springs.","Crescent Advisory & Accounting, LLC, accounting service, Professional, Financial & Legal, DeFuniak Springs, 30A, South Walton, tax preparation, bookkeeping",694 Baldwin Ave Ste 1 DeFuniak Springs FL 32435; (850) 892-5558,,https://business.waltonareachamber.com/list/ql/business-professional-services-5,"## What It Is

Crescent Advisory & Accounting, LLC is a accounting service listed for the professional, financial & legal category serving DeFuniak Springs.

## What You Can Find

tax preparation, bookkeeping.

## What to Know

This entry was regenerated from local directory source data and should be checked before publishing.",accounting service,"[""tax preparation"", ""bookkeeping""]",[],[],"[""casual""]","[""locals_favorite"", ""rainy_day""]","What type of place is this?
Accounting service in DeFuniak Springs.
What can you get here?
tax preparation, bookkeeping.
Who is it for?
Locals, homeowners, visitors, and people searching for accounting service options around 30A.
What occasion or situation fits?
locals favorite, rainy day.
What's the atmosphere like?
The vibe is casual. It is a practical directory fit for people comparing local options.
What's the price range?
$$$ based on typical category expectations.","accounting service tax preparation bookkeeping

Crescent Advisory & Accounting, LLC is a accounting service listed for the professional, financial & legal category serving DeFuniak Springs. This profile is useful for people searching by service type, category, and nearby 30A area.",3
Dewberry,dewberry,Santa Rosa Beach,,"Professional, Financial & Legal","Dewberry is a financial advisor listed for the professional, financial & legal category serving Santa Rosa Beach.","Dewberry is a financial advisor listed for the professional, financial & legal category serving Santa Rosa Beach.",Dewberry | WhereTo30A,"Dewberry is a financial advisor listed for the professional, financial & legal category serving Santa Rosa Beach.","Dewberry, financial advisor, Professional, Financial & Legal, Santa Rosa Beach, 30A, South Walton, financial planning",877 N County Highway 393 Santa Rosa Beach FL 32459; (850) 571-1248,https://www.dewberry.com,https://business.waltonareachamber.com/list/ql/business-professional-services-5,"## What It Is

Dewberry is a financial advisor listed for the professional, financial & legal category serving Santa Rosa Beach.

## What You Can Find

financial planning.

## What to Know

This entry was regenerated from local directory source data and should be checked before publishing.",financial advisor,"[""financial planning""]",[],[],"[""airy""]","[""locals_favorite""]","What type of place is this?
Financial advisor in Santa Rosa Beach.
What can you get here?
financial planning.
Who is it for?
Locals, homeowners, visitors, and people searching for financial advisor options around 30A.
What occasion or situation fits?
locals favorite.
What's the atmosphere like?
The vibe is airy. It is a practical directory fit for people comparing local options.
What's the price range?
$$$ based on typical category expectations.","financial advisor financial planning

Dewberry is a financial advisor listed for the professional, financial & legal category serving Santa Rosa Beach. This profile is useful for people searching by service type, category, and nearby 30A area.",3
DG Accounting,dg-accounting,Freeport,,"Professional, Financial & Legal","DG Accounting is a accounting service listed for the professional, financial & legal category serving Freeport.","DG Accounting is a accounting service listed for the professional, financial & legal category serving Freeport.",DG Accounting | WhereTo30A,"DG Accounting is a accounting service listed for the professional, financial & legal category serving Freeport.","DG Accounting, accounting service, Professional, Financial & Legal, Freeport, 30A, South Walton, tax preparation, bookkeeping",293 Lilly Bell Lane Freeport FL 32439; (856) 296-4174,,https://business.waltonareachamber.com/list/ql/business-professional-services-5,"## What It Is

DG Accounting is a accounting service listed for the professional, financial & legal category serving Freeport.

## What You Can Find

tax preparation, bookkeeping.

## What to Know

This entry was regenerated from local directory source data and should be checked before publishing.",accounting service,"[""tax preparation"", ""bookkeeping""]",[],[],"[""casual""]","[""locals_favorite"", ""rainy_day""]","What type of place is this?
Accounting service in Freeport.
What can you get here?
tax preparation, bookkeeping.
Who is it for?
Locals, homeowners, visitors, and people searching for accounting service options around 30A.
What occasion or situation fits?
locals favorite, rainy day.
What's the atmosphere like?
The vibe is casual. It is a practical directory fit for people comparing local options.
What's the price range?
$$$ based on typical category expectations.","accounting service tax preparation bookkeeping

DG Accounting is a accounting service listed for the professional, financial & legal category serving Freeport. This profile is useful for people searching by service type, category, and nearby 30A area.",3
"Dixon Injury Law, PLLC",dixon-injury-law-pllc,Freeport,,"Professional, Financial & Legal","Dixon Injury Law, PLLC is a law firm listed for the professional, financial & legal category serving Freeport.","Dixon Injury Law, PLLC is a law firm listed for the professional, financial & legal category serving Freeport.","Dixon Injury Law, PLLC | WhereTo30A","Dixon Injury Law, PLLC is a law firm listed for the professional, financial & legal category serving Freeport.","Dixon Injury Law, PLLC, law firm, Professional, Financial & Legal, Freeport, 30A, South Walton, legal services",77 Breckyn Loop #424 Freeport FL 32439; (850) 778-1009,,https://business.waltonareachamber.com/list/ql/business-professional-services-5,"## What It Is

Dixon Injury Law, PLLC is a law firm listed for the professional, financial & legal category serving Freeport.

## What You Can Find

legal services.

## What to Know

This entry was regenerated from local directory source data and should be checked before publishing.",law firm,"[""legal services""]",[],[],"[""casual""]","[""locals_favorite"", ""rainy_day""]","What type of place is this?
Law firm in Freeport.
What can you get here?
legal services.
Who is it for?
Locals, homeowners, visitors, and people searching for law firm options around 30A.
What occasion or situation fits?
locals favorite, rainy day.
What's the atmosphere like?
The vibe is casual. It is a practical directory fit for people comparing local options.
What's the price range?
$$$ based on typical category expectations.","law firm legal services

Dixon Injury Law, PLLC is a law firm listed for the professional, financial & legal category serving Freeport. This profile is useful for people searching by service type, category, and nearby 30A area.",3
"Dunlap & Shipman, P.A.",dunlap-and-shipman-p-a,Santa Rosa Beach,,"Professional, Financial & Legal","Dunlap & Shipman, P.A. is a financial advisor listed for the professional, financial & legal category serving Santa Rosa Beach.","Dunlap & Shipman, P.A. is a financial advisor listed for the professional, financial & legal category serving Santa Rosa Beach.","Dunlap & Shipman, P.A. | WhereTo30A","Dunlap & Shipman, P.A. is a financial advisor listed for the professional, financial & legal category serving Santa Rosa Beach.","Dunlap & Shipman, P.A., financial advisor, Professional, Financial & Legal, Santa Rosa Beach, 30A, South Walton, financial planning",2063 County Hwy 395 Santa Rosa Beach FL 32459; (850) 231-3315,https://www.dunlapshipman.com,https://business.waltonareachamber.com/list/ql/business-professional-services-5,"## What It Is

Dunlap & Shipman, P.A. is a financial advisor listed for the professional, financial & legal category serving Santa Rosa Beach.

## What You Can Find

financial planning.

## What to Know

This entry was regenerated from local directory source data and should be checked before publishing.",financial advisor,"[""financial planning""]",[],[],"[""airy""]","[""locals_favorite""]","What type of place is this?
Financial advisor in Santa Rosa Beach.
What can you get here?
financial planning.
Who is it for?
Locals, homeowners, visitors, and people searching for financial advisor options around 30A.
What occasion or situation fits?
locals favorite.
What's the atmosphere like?
The vibe is airy. It is a practical directory fit for people comparing local options.
What's the price range?
$$$ based on typical category expectations.","financial advisor financial planning

Dunlap & Shipman, P.A. is a financial advisor listed for the professional, financial & legal category serving Santa Rosa Beach. This profile is useful for people searching by service type, category, and nearby 30A area.",3
"Earl Bacon Agency, Inc.",earl-bacon-agency-inc,Seaside,Seaside Town Square,"Professional, Financial & Legal","Earl Bacon Agency, Inc. is a financial advisor listed for the professional, financial & legal category serving Seaside.","Earl Bacon Agency, Inc. is a financial advisor listed for the professional, financial & legal category serving Seaside.","Earl Bacon Agency, Inc. | WhereTo30A","Earl Bacon Agency, Inc. is a financial advisor listed for the professional, financial & legal category serving Seaside.","Earl Bacon Agency, Inc., financial advisor, Professional, Financial & Legal, Seaside, 30A, South Walton, financial planning",25 Central Sq Seaside FL 32459; (800) 369-0161,,https://business.waltonareachamber.com/list/ql/business-professional-services-5,"## What It Is

Earl Bacon Agency, Inc. is a financial advisor listed for the professional, financial & legal category serving Seaside.

## What You Can Find

financial planning.

## What to Know

This entry was regenerated from local directory source data and should be checked before publishing.",financial advisor,"[""financial planning""]",[],[],"[""airy""]","[""locals_favorite""]","What type of place is this?
Financial advisor in Seaside.
What can you get here?
financial planning.
Who is it for?
Locals, homeowners, visitors, and people searching for financial advisor options around 30A.
What occasion or situation fits?
locals favorite.
What's the atmosphere like?
The vibe is airy. It is a practical directory fit for people comparing local options.
What's the price range?
$$$ based on typical category expectations.","financial advisor financial planning

Earl Bacon Agency, Inc. is a financial advisor listed for the professional, financial & legal category serving Seaside. This profile is useful for people searching by service type, category, and nearby 30A area.",3
Emerald Coast Association of Realtors,emerald-coast-association-of-realtors,Fort Walton Beach,,"Professional, Financial & Legal","Emerald Coast Association of Realtors is a financial advisor listed for the professional, financial & legal category serving Fort Walton Beach.","Emerald Coast Association of Realtors is a financial advisor listed for the professional, financial & legal category serving Fort Walton Beach.",Emerald Coast Association of Realtors | WhereTo30A,"Emerald Coast Association of Realtors is a financial advisor listed for the professional, financial & legal category serving Fort Walton Beach.","Emerald Coast Association of Realtors, financial advisor, Professional, Financial & Legal, Fort Walton Beach, 30A, South Walton, financial planning",10 Hollywood Blvd SE Fort Walton Beach FL 32548; (850) 243-6145,,https://business.waltonareachamber.com/list/ql/business-professional-services-5,"## What It Is

Emerald Coast Association of Realtors is a financial advisor listed for the professional, financial & legal category serving Fort Walton Beach.

## What You Can Find

financial planning.

## What to Know

This entry was regenerated from local directory source data and should be checked before publishing.",financial advisor,"[""financial planning""]",[],[],"[""airy""]","[""locals_favorite""]","What type of place is this?
Financial advisor in Fort Walton Beach.
What can you get here?
financial planning.
Who is it for?
Locals, homeowners, visitors, and people searching for financial advisor options around 30A.
What occasion or situation fits?
locals favorite.
What's the atmosphere like?
The vibe is airy. It is a practical directory fit for people comparing local options.
What's the price range?
$$$ based on typical category expectations.","financial advisor financial planning

Emerald Coast Association of Realtors is a financial advisor listed for the professional, financial & legal category serving Fort Walton Beach. This profile is useful for people searching by service type, category, and nearby 30A area.",3
Emerald Coast Title Services,emerald-coast-title-services,Santa Rosa Beach,,"Professional, Financial & Legal","Emerald Coast Title Services is a title company listed for the professional, financial & legal category serving Santa Rosa Beach.","Emerald Coast Title Services is a title company listed for the professional, financial & legal category serving Santa Rosa Beach.",Emerald Coast Title Services | WhereTo30A,"Emerald Coast Title Services is a title company listed for the professional, financial & legal category serving Santa Rosa Beach.","Emerald Coast Title Services, title company, Professional, Financial & Legal, Santa Rosa Beach, 30A, South Walton, title services, real estate closings",111 N County Highway 393 Suite 202 Santa Rosa Beach FL 32459; (850) 650-0077,,https://business.waltonareachamber.com/list/ql/business-professional-services-5,"## What It Is

Emerald Coast Title Services is a title company listed for the professional, financial & legal category serving Santa Rosa Beach.

## What You Can Find

title services, real estate closings.

## What to Know

This entry was regenerated from local directory source data and should be checked before publishing.",title company,"[""title services"", ""real estate closings""]",[],[],"[""airy""]","[""locals_favorite"", ""rainy_day""]","What type of place is this?
Title company in Santa Rosa Beach.
What can you get here?
title services, real estate closings.
Who is it for?
Locals, homeowners, visitors, and people searching for title company options around 30A.
What occasion or situation fits?
locals favorite, rainy day.
What's the atmosphere like?
The vibe is airy. It is a practical directory fit for people comparing local options.
What's the price range?
$$$ based on typical category expectations.","title company title services real estate closings

Emerald Coast Title Services is a title company listed for the professional, financial & legal category serving Santa Rosa Beach. This profile is useful for people searching by service type, category, and nearby 30A area.",3
Emmanuel Sheppard & Condon,emmanuel-sheppard-and-condon,Miramar Beach,Grand Boulevard,"Professional, Financial & Legal","Emmanuel Sheppard & Condon is a financial advisor listed for the professional, financial & legal category serving Miramar Beach.","Emmanuel Sheppard & Condon is a financial advisor listed for the professional, financial & legal category serving Miramar Beach.",Emmanuel Sheppard & Condon | WhereTo30A,"Emmanuel Sheppard & Condon is a financial advisor listed for the professional, financial & legal category serving Miramar Beach.","Emmanuel Sheppard & Condon, financial advisor, Professional, Financial & Legal, Miramar Beach, 30A, South Walton, financial planning",195 Grand Boulevard Suite 101 Miramar Beach FL 32550; (850) 460-8000,,https://business.waltonareachamber.com/list/ql/business-professional-services-5,"## What It Is

Emmanuel Sheppard & Condon is a financial advisor listed for the professional, financial & legal category serving Miramar Beach.

## What You Can Find

financial planning.

## What to Know

This entry was regenerated from local directory source data and should be checked before publishing.",financial advisor,"[""financial planning""]",[],[],"[""upscale"", ""airy""]","[""locals_favorite""]","What type of place is this?
Financial advisor in Miramar Beach.
What can you get here?
financial planning.
Who is it for?
Locals, homeowners, visitors, and people searching for financial advisor options around 30A.
What occasion or situation fits?
locals favorite.
What's the atmosphere like?
The vibe is upscale, airy. It is a practical directory fit for people comparing local options.
What's the price range?
$$$ based on typical category expectations.","financial advisor financial planning

Emmanuel Sheppard & Condon is a financial advisor listed for the professional, financial & legal category serving Miramar Beach. This profile is useful for people searching by service type, category, and nearby 30A area.",3
FirstService Residential,firstservice-residential,Miramar Beach,,"Professional, Financial & Legal","FirstService Residential is a financial advisor listed for the professional, financial & legal category serving Miramar Beach.","FirstService Residential is a financial advisor listed for the professional, financial & legal category serving Miramar Beach.",FirstService Residential | WhereTo30A,"FirstService Residential is a financial advisor listed for the professional, financial & legal category serving Miramar Beach.","FirstService Residential, financial advisor, Professional, Financial & Legal, Miramar Beach, 30A, South Walton, financial planning",185 Grand Blvd Miramar Beach FL 32550; (850) 622-6222,,https://business.waltonareachamber.com/list/ql/business-professional-services-5,"## What It Is

FirstService Residential is a financial advisor listed for the professional, financial & legal category serving Miramar Beach.

## What You Can Find

financial planning.

## What to Know

This entry was regenerated from local directory source data and should be checked before publishing.",financial advisor,"[""financial planning""]",[],[],"[""airy""]","[""locals_favorite""]","What type of place is this?
Financial advisor in Miramar Beach.
What can you get here?
financial planning.
Who is it for?
Locals, homeowners, visitors, and people searching for financial advisor options around 30A.
What occasion or situation fits?
locals favorite.
What's the atmosphere like?
The vibe is airy. It is a practical directory fit for people comparing local options.
What's the price range?
$$$ based on typical category expectations.","financial advisor financial planning

FirstService Residential is a financial advisor listed for the professional, financial & legal category serving Miramar Beach. This profile is useful for people searching by service type, category, and nearby 30A area.",3
Five-Star Audiovisual,five-star-audiovisual,Miramar Beach,,"Professional, Financial & Legal","Five-Star Audiovisual is a financial advisor listed for the professional, financial & legal category serving Miramar Beach.","Five-Star Audiovisual is a financial advisor listed for the professional, financial & legal category serving Miramar Beach.",Five-Star Audiovisual | WhereTo30A,"Five-Star Audiovisual is a financial advisor listed for the professional, financial & legal category serving Miramar Beach.","Five-Star Audiovisual, financial advisor, Professional, Financial & Legal, Miramar Beach, 30A, South Walton, financial planning",4000 Sandestin Blvd South Miramar Beach FL 32550; (850) 267-6922,,https://business.waltonareachamber.com/list/ql/business-professional-services-5,"## What It Is

Five-Star Audiovisual is a financial advisor listed for the professional, financial & legal category serving Miramar Beach.

## What You Can Find

financial planning.

## What to Know

This entry was regenerated from local directory source data and should be checked before publishing.",financial advisor,"[""financial planning""]",[],[],"[""airy""]","[""locals_favorite""]","What type of place is this?
Financial advisor in Miramar Beach.
What can you get here?
financial planning.
Who is it for?
Locals, homeowners, visitors, and people searching for financial advisor options around 30A.
What occasion or situation fits?
locals favorite.
What's the atmosphere like?
The vibe is airy. It is a practical directory fit for people comparing local options.
What's the price range?
$$$ based on typical category expectations.","financial advisor financial planning

Five-Star Audiovisual is a financial advisor listed for the professional, financial & legal category serving Miramar Beach. This profile is useful for people searching by service type, category, and nearby 30A area.",3
Fly Forward LLC,fly-forward-llc,Panama City Beach,,"Professional, Financial & Legal","Fly Forward LLC is a financial advisor listed for the professional, financial & legal category serving Panama City Beach.","Fly Forward LLC is a financial advisor listed for the professional, financial & legal category serving Panama City Beach.",Fly Forward LLC | WhereTo30A,"Fly Forward LLC is a financial advisor listed for the professional, financial & legal category serving Panama City Beach.","Fly Forward LLC, financial advisor, Professional, Financial & Legal, Panama City Beach, 30A, South Walton, financial planning",Panama City Beach FL 32413; (614) 800-7028,,https://business.waltonareachamber.com/list/ql/business-professional-services-5,"## What It Is

Fly Forward LLC is a financial advisor listed for the professional, financial & legal category serving Panama City Beach.

## What You Can Find

financial planning.

## What to Know

This entry was regenerated from local directory source data and should be checked before publishing.",financial advisor,"[""financial planning""]",[],[],"[""airy""]","[""locals_favorite""]","What type of place is this?
Financial advisor in Panama City Beach.
What can you get here?
financial planning.
Who is it for?
Locals, homeowners, visitors, and people searching for financial advisor options around 30A.
What occasion or situation fits?
locals favorite.
What's the atmosphere like?
The vibe is airy. It is a practical directory fit for people comparing local options.
What's the price range?
$$$ based on typical category expectations.","financial advisor financial planning

Fly Forward LLC is a financial advisor listed for the professional, financial & legal category serving Panama City Beach. This profile is useful for people searching by service type, category, and nearby 30A area.",3
Freeport Merchants Association,freeport-merchants-association,Freeport,,"Professional, Financial & Legal",Merchant association serving Freeport businesses.,Merchant association serving Freeport businesses.,Freeport Merchants Association | WhereTo30A,Merchant association serving Freeport businesses.,"Freeport Merchants Association, financial advisor, Professional, Financial & Legal, Freeport, 30A, South Walton, financial planning",16400 US Hwy 331S Suite B2 #280 Freeport FL 32439,,https://business.waltonareachamber.com/list/ql/business-professional-services-5,"## What It Is

Merchant association serving Freeport businesses.

## What You Can Find

financial planning.

## What to Know

This entry was regenerated from local directory source data and should be checked before publishing.",financial advisor,"[""financial planning""]",[],[],"[""casual""]","[""locals_favorite""]","What type of place is this?
Financial advisor in Freeport.
What can you get here?
financial planning.
Who is it for?
Locals, homeowners, visitors, and people searching for financial advisor options around 30A.
What occasion or situation fits?
locals favorite.
What's the atmosphere like?
The vibe is casual. It is a practical directory fit for people comparing local options.
What's the price range?
$$$ based on typical category expectations.","financial advisor financial planning

Merchant association serving Freeport businesses. This profile is useful for people searching by service type, category, and nearby 30A area.",3
GeoPoint Surveying,geopoint-surveying,Freeport,,"Professional, Financial & Legal","GeoPoint Surveying is a financial advisor listed for the professional, financial & legal category serving Freeport.","GeoPoint Surveying is a financial advisor listed for the professional, financial & legal category serving Freeport.",GeoPoint Surveying | WhereTo30A,"GeoPoint Surveying is a financial advisor listed for the professional, financial & legal category serving Freeport.","GeoPoint Surveying, financial advisor, Professional, Financial & Legal, Freeport, 30A, South Walton, financial planning",67 Joe Campbell Rd #101 Freeport FL 32439; (850) 740-0650,,https://business.waltonareachamber.com/list/ql/business-professional-services-5,"## What It Is

GeoPoint Surveying is a financial advisor listed for the professional, financial & legal category serving Freeport.

## What You Can Find

financial planning.

## What to Know

This entry was regenerated from local directory source data and should be checked before publishing.",financial advisor,"[""financial planning""]",[],[],"[""casual""]","[""locals_favorite""]","What type of place is this?
Financial advisor in Freeport.
What can you get here?
financial planning.
Who is it for?
Locals, homeowners, visitors, and people searching for financial advisor options around 30A.
What occasion or situation fits?
locals favorite.
What's the atmosphere like?
The vibe is casual. It is a practical directory fit for people comparing local options.
What's the price range?
$$$ based on typical category expectations.","financial advisor financial planning

GeoPoint Surveying is a financial advisor listed for the professional, financial & legal category serving Freeport. This profile is useful for people searching by service type, category, and nearby 30A area.",3
Gulf Financial Group,gulf-financial-group,Panama City Beach,,"Professional, Financial & Legal","Gulf Financial Group is a financial advisor listed for the professional, financial & legal category serving Panama City Beach.","Gulf Financial Group is a financial advisor listed for the professional, financial & legal category serving Panama City Beach.",Gulf Financial Group | WhereTo30A,"Gulf Financial Group is a financial advisor listed for the professional, financial & legal category serving Panama City Beach.","Gulf Financial Group, financial advisor, Professional, Financial & Legal, Panama City Beach, 30A, South Walton, financial planning","7104 Laird St., Suite 300 Panama City Beach FL 32408; (833) 403-4041",,https://business.waltonareachamber.com/list/ql/business-professional-services-5,"## What It Is

Gulf Financial Group is a financial advisor listed for the professional, financial & legal category serving Panama City Beach.

## What You Can Find

financial planning.

## What to Know

This entry was regenerated from local directory source data and should be checked before publishing.",financial advisor,"[""financial planning""]",[],[],"[""airy""]","[""locals_favorite""]","What type of place is this?
Financial advisor in Panama City Beach.
What can you get here?
financial planning.
Who is it for?
Locals, homeowners, visitors, and people searching for financial advisor options around 30A.
What occasion or situation fits?
locals favorite.
What's the atmosphere like?
The vibe is airy. It is a practical directory fit for people comparing local options.
What's the price range?
$$$ based on typical category expectations.","financial advisor financial planning

Gulf Financial Group is a financial advisor listed for the professional, financial & legal category serving Panama City Beach. This profile is useful for people searching by service type, category, and nearby 30A area.",3
High Definition Coaching,high-definition-coaching,Panama City Beach,,"Professional, Financial & Legal","High Definition Coaching is a financial advisor listed for the professional, financial & legal category serving Panama City Beach.","High Definition Coaching is a financial advisor listed for the professional, financial & legal category serving Panama City Beach.",High Definition Coaching | WhereTo30A,"High Definition Coaching is a financial advisor listed for the professional, financial & legal category serving Panama City Beach.","High Definition Coaching, financial advisor, Professional, Financial & Legal, Panama City Beach, 30A, South Walton, financial planning",7940 Front Beach Road #1006 Panama City Beach FL 32407; (423) 593-8003,,https://business.waltonareachamber.com/list/ql/business-professional-services-5,"## What It Is

High Definition Coaching is a financial advisor listed for the professional, financial & legal category serving Panama City Beach.

## What You Can Find

financial planning.

## What to Know

This entry was regenerated from local directory source data and should be checked before publishing.",financial advisor,"[""financial planning""]",[],[],"[""airy""]","[""locals_favorite""]","What type of place is this?
Financial advisor in Panama City Beach.
What can you get here?
financial planning.
Who is it for?
Locals, homeowners, visitors, and people searching for financial advisor options around 30A.
What occasion or situation fits?
locals favorite.
What's the atmosphere like?
The vibe is airy. It is a practical directory fit for people comparing local options.
What's the price range?
$$$ based on typical category expectations.","financial advisor financial planning

High Definition Coaching is a financial advisor listed for the professional, financial & legal category serving Panama City Beach. This profile is useful for people searching by service type, category, and nearby 30A area.",3
Insurance Market Place – Formerly Abora Insurance Group,insurance-market-place-formerly-abora-insurance-group,Miramar Beach,,"Professional, Financial & Legal","Commercial and personal lines independent insurance agency for home, auto, business, and life needs with offices on 98 and 30A.","Commercial and personal lines independent insurance agency for home, auto, business, and life needs with offices on 98 and 30A.",Insurance Market Place – Formerly Abora Insurance Group | Wh,"Commercial and personal lines independent insurance agency for home, auto, business, and life needs with offices on 98 and 30A.","Insurance Market Place – Formerly Abora Insurance Group, insurance agency, Professional, Financial & Legal, Miramar Beach, 30A, South Walton, home insurance, auto insurance",11275 US Hwy 98 W Unit 7 Miramar Beach FL 32550; (850) 424-6979,https://www.ins-zone.com,https://business.waltonareachamber.com/list/ql/business-professional-services-5,"## What It Is

Commercial and personal lines independent insurance agency for home, auto, business, and life needs with offices on 98 and 30A.

## What You Can Find

home insurance, auto insurance.

## What to Know

This entry was regenerated from local directory source data and should be checked before publishing.",insurance agency,"[""home insurance"", ""auto insurance""]",[],[],"[""airy""]","[""locals_favorite"", ""rainy_day""]","What type of place is this?
Insurance agency in Miramar Beach.
What can you get here?
home insurance, auto insurance.
Who is it for?
Locals, homeowners, visitors, and people searching for insurance agency options around 30A.
What occasion or situation fits?
locals favorite, rainy day.
What's the atmosphere like?
The vibe is airy. It is a practical directory fit for people comparing local options.
What's the price range?
$$$ based on typical category expectations.","insurance agency home insurance auto insurance

Commercial and personal lines independent insurance agency for home, auto, business, and life needs with offices on 98 and 30A. This profile is useful for people searching by service type, category, and nearby 30A area.",3
"James Sater, State Farm",james-sater-state-farm,Santa Rosa Beach,,"Professional, Financial & Legal",Locally owned and operated State Farm insurance office in Santa Rosa Beach.,Locally owned and operated State Farm insurance office in Santa Rosa Beach.,"James Sater, State Farm | WhereTo30A",Locally owned and operated State Farm insurance office in Santa Rosa Beach.,"James Sater, State Farm, insurance agency, Professional, Financial & Legal, Santa Rosa Beach, 30A, South Walton, home insurance, auto insurance",Santa Rosa Beach FL,,https://business.waltonareachamber.com/list/ql/business-professional-services-5,"## What It Is

Locally owned and operated State Farm insurance office in Santa Rosa Beach.

## What You Can Find

home insurance, auto insurance.

## What to Know

This entry was regenerated from local directory source data and should be checked before publishing.",insurance agency,"[""home insurance"", ""auto insurance""]",[],[],"[""airy""]","[""locals_favorite"", ""rainy_day""]","What type of place is this?
Insurance agency in Santa Rosa Beach.
What can you get here?
home insurance, auto insurance.
Who is it for?
Locals, homeowners, visitors, and people searching for insurance agency options around 30A.
What occasion or situation fits?
locals favorite, rainy day.
What's the atmosphere like?
The vibe is airy. It is a practical directory fit for people comparing local options.
What's the price range?
$$$ based on typical category expectations.","insurance agency home insurance auto insurance

Locally owned and operated State Farm insurance office in Santa Rosa Beach. This profile is useful for people searching by service type, category, and nearby 30A area.",3
Sun Surf and Sand Insurance Services,sun-surf-and-sand-insurance-services,Miramar Beach,,"Professional, Financial & Legal",Insurance services with a focus on protecting coastal property and lifestyle.,Insurance services with a focus on protecting coastal property and lifestyle.,Sun Surf and Sand Insurance Services | WhereTo30A,Insurance services with a focus on protecting coastal property and lifestyle.,"Sun Surf and Sand Insurance Services, insurance agency, Professional, Financial & Legal, Miramar Beach, 30A, South Walton, home insurance, auto insurance, surf apparel",9375 Emerald Coast Parkway Suite 18 Miramar Beach FL 32550; (850) 937-7014,,https://business.waltonareachamber.com/list/ql/business-professional-services-5,"## What It Is

Insurance services with a focus on protecting coastal property and lifestyle.

## What You Can Find

home insurance, auto insurance, surf apparel.

## What to Know

This entry was regenerated from local directory source data and should be checked before publishing.",insurance agency,"[""home insurance"", ""auto insurance"", ""surf apparel""]",[],[],"[""airy""]","[""souvenir_shopping"", ""girls_trip"", ""locals_favorite"", ""rainy_day""]","What type of place is this?
Insurance agency in Miramar Beach.
What can you get here?
home insurance, auto insurance, surf apparel.
Who is it for?
Locals, homeowners, visitors, and people searching for insurance agency options around 30A.
What occasion or situation fits?
souvenir shopping, girls trip, locals favorite, rainy day.
What's the atmosphere like?
The vibe is airy. It is a practical directory fit for people comparing local options.
What's the price range?
$$$ based on typical category expectations.","insurance agency home insurance auto insurance surf apparel

Insurance services with a focus on protecting coastal property and lifestyle. This profile is useful for people searching by service type, category, and nearby 30A area.",3
30Avenue,30avenue,Inlet Beach,30Avenue,"Retail, Errands & Local Convenience","30Avenue is a retail shop listed for the retail, errands & local convenience category serving Inlet Beach.","30Avenue is a retail shop listed for the retail, errands & local convenience category serving Inlet Beach.",30Avenue | WhereTo30A,"30Avenue is a retail shop listed for the retail, errands & local convenience category serving Inlet Beach.","30Avenue, retail shop, Retail, Errands & Local Convenience, Inlet Beach, 30A, South Walton",12805 US Hwy 98 Inlet Beach FL 32461; (850) 231-1127,,https://business.waltonareachamber.com/list/ql/shopping-specialty-retail-23,"## What It Is

30Avenue is a retail shop listed for the retail, errands & local convenience category serving Inlet Beach.

## What You Can Find

retail shop.

## What to Know

This entry was regenerated from local directory source data and should be checked before publishing.",retail shop,"[""retail shop""]",[],[],"[""airy""]","[""locals_favorite""]","What type of place is this?
Retail shop in Inlet Beach.
What can you get here?
retail shop.
Who is it for?
Locals, homeowners, visitors, and people searching for retail shop options around 30A.
What occasion or situation fits?
locals favorite.
What's the atmosphere like?
The vibe is airy. It is a practical directory fit for people comparing local options.
What's the price range?
$$ based on typical category expectations.","retail shop retail shop

30Avenue is a retail shop listed for the retail, errands & local convenience category serving Inlet Beach. This profile is useful for people searching by service type, category, and nearby 30A area.",2
Alessandra’s,alessandra-s,,,"Retail, Errands & Local Convenience",Faith based women’s loungewear and desirables company.,Faith based women’s loungewear and desirables company.,Alessandra’s | WhereTo30A,Faith based women’s loungewear and desirables company.,"Alessandra’s, retail shop, Retail, Errands & Local Convenience, 30A, South Walton",Laguna Beach FL 32413,,https://business.waltonareachamber.com/list/ql/shopping-specialty-retail-23,"## What It Is

Faith based women’s loungewear and desirables company.

## What You Can Find

retail shop.

## What to Know

This entry was regenerated from local directory source data and should be checked before publishing.",retail shop,"[""retail shop""]",[],[],"[""airy""]","[""locals_favorite""]","What type of place is this?
Retail shop in the 30A area.
What can you get here?
retail shop.
Who is it for?
Locals, homeowners, visitors, and people searching for retail shop options around 30A.
What occasion or situation fits?
locals favorite.
What's the atmosphere like?
The vibe is airy. It is a practical directory fit for people comparing local options.
What's the price range?
$$ based on typical category expectations.","retail shop retail shop

Faith based women’s loungewear and desirables company. This profile is useful for people searching by service type, category, and nearby 30A area.",2
Billabong,billabong,Miramar Beach,,"Retail, Errands & Local Convenience","Billabong is a surf shop listed for the retail, errands & local convenience category serving Miramar Beach.","Billabong is a surf shop listed for the retail, errands & local convenience category serving Miramar Beach.",Billabong | WhereTo30A,"Billabong is a surf shop listed for the retail, errands & local convenience category serving Miramar Beach.","Billabong, surf shop, Retail, Errands & Local Convenience, Miramar Beach, 30A, South Walton, surf apparel",500 Grand Blvd Miramar Beach FL 32550; (850) 424-3553,,https://business.waltonareachamber.com/list/ql/shopping-specialty-retail-23,"## What It Is

Billabong is a surf shop listed for the retail, errands & local convenience category serving Miramar Beach.

## What You Can Find

surf apparel.

## What to Know

This entry was regenerated from local directory source data and should be checked before publishing.",surf shop,"[""surf apparel""]",[],[],"[""airy""]","[""locals_favorite""]","What type of place is this?
Surf shop in Miramar Beach.
What can you get here?
surf apparel.
Who is it for?
Locals, homeowners, visitors, and people searching for surf shop options around 30A.
What occasion or situation fits?
locals favorite.
What's the atmosphere like?
The vibe is airy. It is a practical directory fit for people comparing local options.
What's the price range?
$$ based on typical category expectations.","surf shop surf apparel

Billabong is a surf shop listed for the retail, errands & local convenience category serving Miramar Beach. This profile is useful for people searching by service type, category, and nearby 30A area.",2
Bri's Jewelers,bri-s-jewelers,DeFuniak Springs,,"Retail, Errands & Local Convenience","Bri's Jewelers is a jewelry store listed for the retail, errands & local convenience category serving DeFuniak Springs.","Bri's Jewelers is a jewelry store listed for the retail, errands & local convenience category serving DeFuniak Springs.",Bri's Jewelers | WhereTo30A,"Bri's Jewelers is a jewelry store listed for the retail, errands & local convenience category serving DeFuniak Springs.","Bri's Jewelers, jewelry store, Retail, Errands & Local Convenience, DeFuniak Springs, 30A, South Walton, jewelry",1756 US Hwy 90 W Suite 1 DeFuniak Springs FL 32433; (850) 520-4176,,https://business.waltonareachamber.com/list/ql/shopping-specialty-retail-23,"## What It Is

Bri's Jewelers is a jewelry store listed for the retail, errands & local convenience category serving DeFuniak Springs.

## What You Can Find

jewelry.

## What to Know

This entry was regenerated from local directory source data and should be checked before publishing.",jewelry store,"[""jewelry""]",[],[],"[""casual""]","[""souvenir_shopping"", ""girls_trip""]","What type of place is this?
Jewelry store in DeFuniak Springs.
What can you get here?
jewelry.
Who is it for?
Locals, homeowners, visitors, and people searching for jewelry store options around 30A.
What occasion or situation fits?
souvenir shopping, girls trip.
What's the atmosphere like?
The vibe is casual. It is a practical directory fit for people comparing local options.
What's the price range?
$$ based on typical category expectations.","jewelry store jewelry

Bri's Jewelers is a jewelry store listed for the retail, errands & local convenience category serving DeFuniak Springs. This profile is useful for people searching by service type, category, and nearby 30A area.",2
Bump + Baby,bump-baby,Santa Rosa Beach,Seaside Town Square,"Retail, Errands & Local Convenience","Bump + Baby is a baby store listed for the retail, errands & local convenience category serving Santa Rosa Beach.","Bump + Baby is a baby store listed for the retail, errands & local convenience category serving Santa Rosa Beach.",Bump + Baby | WhereTo30A,"Bump + Baby is a baby store listed for the retail, errands & local convenience category serving Santa Rosa Beach.","Bump + Baby, baby store, Retail, Errands & Local Convenience, Santa Rosa Beach, 30A, South Walton, baby items",2236 E. Co Hwy 30A Santa Rosa Beach FL 32459,,https://business.waltonareachamber.com/list/ql/shopping-specialty-retail-23,"## What It Is

Bump + Baby is a baby store listed for the retail, errands & local convenience category serving Santa Rosa Beach.

## What You Can Find

baby items.

## What to Know

This entry was regenerated from local directory source data and should be checked before publishing.",baby store,"[""baby items""]",[],[],"[""airy""]","[""locals_favorite""]","What type of place is this?
Baby store in Santa Rosa Beach.
What can you get here?
baby items.
Who is it for?
Locals, homeowners, visitors, and people searching for baby store options around 30A.
What occasion or situation fits?
locals favorite.
What's the atmosphere like?
The vibe is airy. It is a practical directory fit for people comparing local options.
What's the price range?
$$ based on typical category expectations.","baby store baby items

Bump + Baby is a baby store listed for the retail, errands & local convenience category serving Santa Rosa Beach. This profile is useful for people searching by service type, category, and nearby 30A area.",2
Cabana by the Seaside Style,cabana-by-the-seaside-style,Seaside,Seaside Town Square,"Retail, Errands & Local Convenience","Cabana by the Seaside Style is a clothing boutique listed for the retail, errands & local convenience category serving Seaside.","Cabana by the Seaside Style is a clothing boutique listed for the retail, errands & local convenience category serving Seaside.",Cabana by the Seaside Style | WhereTo30A,"Cabana by the Seaside Style is a clothing boutique listed for the retail, errands & local convenience category serving Seaside.","Cabana by the Seaside Style, clothing boutique, Retail, Errands & Local Convenience, Seaside, 30A, South Walton, clothing, accessories",2236 E County Rd 30A Seaside FL 32459; (850) 231-5829,,https://business.waltonareachamber.com/list/ql/shopping-specialty-retail-23,"## What It Is

Cabana by the Seaside Style is a clothing boutique listed for the retail, errands & local convenience category serving Seaside.

## What You Can Find

clothing, accessories.

## What to Know

This entry was regenerated from local directory source data and should be checked before publishing.",clothing boutique,"[""clothing"", ""accessories""]",[],[],"[""casual"", ""airy""]","[""souvenir_shopping"", ""girls_trip""]","What type of place is this?
Clothing boutique in Seaside.
What can you get here?
clothing, accessories.
Who is it for?
Locals, homeowners, visitors, and people searching for clothing boutique options around 30A.
What occasion or situation fits?
souvenir shopping, girls trip.
What's the atmosphere like?
The vibe is casual, airy. It is a practical directory fit for people comparing local options.
What's the price range?
$$ based on typical category expectations.","clothing boutique clothing accessories

Cabana by the Seaside Style is a clothing boutique listed for the retail, errands & local convenience category serving Seaside. This profile is useful for people searching by service type, category, and nearby 30A area.",2
Coastal Appliance Outlet,coastal-appliance-outlet,Santa Rosa Beach,,"Retail, Errands & Local Convenience","Coastal Appliance Outlet is a appliance store listed for the retail, errands & local convenience category serving Santa Rosa Beach.","Coastal Appliance Outlet is a appliance store listed for the retail, errands & local convenience category serving Santa Rosa Beach.",Coastal Appliance Outlet | WhereTo30A,"Coastal Appliance Outlet is a appliance store listed for the retail, errands & local convenience category serving Santa Rosa Beach.","Coastal Appliance Outlet, appliance store, Retail, Errands & Local Convenience, Santa Rosa Beach, 30A, South Walton, appliances",316 S County Highway 83 Unit C Santa Rosa Beach FL 32459; (850) 598-6558,,https://business.waltonareachamber.com/list/ql/shopping-specialty-retail-23,"## What It Is

Coastal Appliance Outlet is a appliance store listed for the retail, errands & local convenience category serving Santa Rosa Beach.

## What You Can Find

appliances.

## What to Know

This entry was regenerated from local directory source data and should be checked before publishing.",appliance store,"[""appliances""]",[],[],"[""airy""]","[""souvenir_shopping"", ""girls_trip""]","What type of place is this?
Appliance store in Santa Rosa Beach.
What can you get here?
appliances.
Who is it for?
Locals, homeowners, visitors, and people searching for appliance store options around 30A.
What occasion or situation fits?
souvenir shopping, girls trip.
What's the atmosphere like?
The vibe is airy. It is a practical directory fit for people comparing local options.
What's the price range?
$$ based on typical category expectations.","appliance store appliances

Coastal Appliance Outlet is a appliance store listed for the retail, errands & local convenience category serving Santa Rosa Beach. This profile is useful for people searching by service type, category, and nearby 30A area.",2
Coastal Clothing,coastal-clothing,Santa Rosa Beach,Grayton Beach,"Retail, Errands & Local Convenience","Coastal and Western inspired men’s and women’s boutique, home goods, millinery, and accessories.","Coastal and Western inspired men’s and women’s boutique, home goods, millinery, and accessories.",Coastal Clothing | WhereTo30A,"Coastal and Western inspired men’s and women’s boutique, home goods, millinery, and accessories.","Coastal Clothing, boutique, Retail, Errands & Local Convenience, Santa Rosa Beach, 30A, South Walton, clothing, accessories",29 Uptown Grayton Cir. Santa Rosa Beach FL 32459; (850) 960-1738,,https://business.waltonareachamber.com/list/ql/shopping-specialty-retail-23,"## What It Is

Coastal and Western inspired men’s and women’s boutique, home goods, millinery, and accessories.

## What You Can Find

clothing, accessories.

## What to Know

This entry was regenerated from local directory source data and should be checked before publishing.",boutique,"[""clothing"", ""accessories""]",[],[],"[""casual"", ""airy""]","[""souvenir_shopping"", ""girls_trip""]","What type of place is this?
Boutique in Santa Rosa Beach.
What can you get here?
clothing, accessories.
Who is it for?
Locals, homeowners, visitors, and people searching for boutique options around 30A.
What occasion or situation fits?
souvenir shopping, girls trip.
What's the atmosphere like?
The vibe is casual, airy. It is a practical directory fit for people comparing local options.
What's the price range?
$$ based on typical category expectations.","boutique clothing accessories

Coastal and Western inspired men’s and women’s boutique, home goods, millinery, and accessories. This profile is useful for people searching by service type, category, and nearby 30A area.",2
Coastal Cowgirl 30A,coastal-cowgirl-30a,Santa Rosa Beach,,"Retail, Errands & Local Convenience","Coastal Cowgirl 30A is a retail shop listed for the retail, errands & local convenience category serving Santa Rosa Beach.","Coastal Cowgirl 30A is a retail shop listed for the retail, errands & local convenience category serving Santa Rosa Beach.",Coastal Cowgirl 30A | WhereTo30A,"Coastal Cowgirl 30A is a retail shop listed for the retail, errands & local convenience category serving Santa Rosa Beach.","Coastal Cowgirl 30A, retail shop, Retail, Errands & Local Convenience, Santa Rosa Beach, 30A, South Walton",4164 W County Hwy 30A Santa Rosa Beach FL 32459; (850) 280-9161,,https://business.waltonareachamber.com/list/ql/shopping-specialty-retail-23,"## What It Is

Coastal Cowgirl 30A is a retail shop listed for the retail, errands & local convenience category serving Santa Rosa Beach.

## What You Can Find

retail shop.

## What to Know

This entry was regenerated from local directory source data and should be checked before publishing.",retail shop,"[""retail shop""]",[],[],"[""airy""]","[""locals_favorite""]","What type of place is this?
Retail shop in Santa Rosa Beach.
What can you get here?
retail shop.
Who is it for?
Locals, homeowners, visitors, and people searching for retail shop options around 30A.
What occasion or situation fits?
locals favorite.
What's the atmosphere like?
The vibe is airy. It is a practical directory fit for people comparing local options.
What's the price range?
$$ based on typical category expectations.","retail shop retail shop

Coastal Cowgirl 30A is a retail shop listed for the retail, errands & local convenience category serving Santa Rosa Beach. This profile is useful for people searching by service type, category, and nearby 30A area.",2
Colombia and Company,colombia-and-company,Santa Rosa Beach,Seaside Town Square,"Retail, Errands & Local Convenience","Colombia and Company is a retail shop listed for the retail, errands & local convenience category serving Santa Rosa Beach.","Colombia and Company is a retail shop listed for the retail, errands & local convenience category serving Santa Rosa Beach.",Colombia and Company | WhereTo30A,"Colombia and Company is a retail shop listed for the retail, errands & local convenience category serving Santa Rosa Beach.","Colombia and Company, retail shop, Retail, Errands & Local Convenience, Santa Rosa Beach, 30A, South Walton",2236 E. County Highway 30A Unit 2 Santa Rosa Beach FL 32459; (850) 533-1163,,https://business.waltonareachamber.com/list/ql/shopping-specialty-retail-23,"## What It Is

Colombia and Company is a retail shop listed for the retail, errands & local convenience category serving Santa Rosa Beach.

## What You Can Find

retail shop.

## What to Know

This entry was regenerated from local directory source data and should be checked before publishing.",retail shop,"[""retail shop""]",[],[],"[""airy""]","[""locals_favorite""]","What type of place is this?
Retail shop in Santa Rosa Beach.
What can you get here?
retail shop.
Who is it for?
Locals, homeowners, visitors, and people searching for retail shop options around 30A.
What occasion or situation fits?
locals favorite.
What's the atmosphere like?
The vibe is airy. It is a practical directory fit for people comparing local options.
What's the price range?
$$ based on typical category expectations.","retail shop retail shop

Colombia and Company is a retail shop listed for the retail, errands & local convenience category serving Santa Rosa Beach. This profile is useful for people searching by service type, category, and nearby 30A area.",2
CPC Office Technologies,cpc-office-technologies,Fort Walton Beach,,"Retail, Errands & Local Convenience","CPC Office Technologies is a office supply store listed for the retail, errands & local convenience category serving Fort Walton Beach.","CPC Office Technologies is a office supply store listed for the retail, errands & local convenience category serving Fort Walton Beach.",CPC Office Technologies | WhereTo30A,"CPC Office Technologies is a office supply store listed for the retail, errands & local convenience category serving Fort Walton Beach.","CPC Office Technologies, office supply store, Retail, Errands & Local Convenience, Fort Walton Beach, 30A, South Walton",110 Chicago Ave Fort Walton Beach FL 32548; (850) 243-2679,,https://business.waltonareachamber.com/list/ql/shopping-specialty-retail-23,"## What It Is

CPC Office Technologies is a office supply store listed for the retail, errands & local convenience category serving Fort Walton Beach.

## What You Can Find

office supply store.

## What to Know

This entry was regenerated from local directory source data and should be checked before publishing.",office supply store,"[""office supply store""]",[],[],"[""airy""]","[""locals_favorite""]","What type of place is this?
Office supply store in Fort Walton Beach.
What can you get here?
office supply store.
Who is it for?
Locals, homeowners, visitors, and people searching for office supply store options around 30A.
What occasion or situation fits?
locals favorite.
What's the atmosphere like?
The vibe is airy. It is a practical directory fit for people comparing local options.
What's the price range?
$$ based on typical category expectations.","office supply store office supply store

CPC Office Technologies is a office supply store listed for the retail, errands & local convenience category serving Fort Walton Beach. This profile is useful for people searching by service type, category, and nearby 30A area.",2
Destin Commons,destin-commons,Destin,,"Retail, Errands & Local Convenience","Destin Commons is a retail shop listed for the retail, errands & local convenience category serving Destin.","Destin Commons is a retail shop listed for the retail, errands & local convenience category serving Destin.",Destin Commons | WhereTo30A,"Destin Commons is a retail shop listed for the retail, errands & local convenience category serving Destin.","Destin Commons, retail shop, Retail, Errands & Local Convenience, Destin, 30A, South Walton",4100 Legendary Dr Ste 270 Destin FL 32541; (850) 337-8700,,https://business.waltonareachamber.com/list/ql/shopping-specialty-retail-23,"## What It Is

Destin Commons is a retail shop listed for the retail, errands & local convenience category serving Destin.

## What You Can Find

retail shop.

## What to Know

This entry was regenerated from local directory source data and should be checked before publishing.",retail shop,"[""retail shop""]",[],[],"[""casual""]","[""locals_favorite""]","What type of place is this?
Retail shop in Destin.
What can you get here?
retail shop.
Who is it for?
Locals, homeowners, visitors, and people searching for retail shop options around 30A.
What occasion or situation fits?
locals favorite.
What's the atmosphere like?
The vibe is casual. It is a practical directory fit for people comparing local options.
What's the price range?
$$ based on typical category expectations.","retail shop retail shop

Destin Commons is a retail shop listed for the retail, errands & local convenience category serving Destin. This profile is useful for people searching by service type, category, and nearby 30A area.",2
Fleet Feet Inlet Beach,fleet-feet-inlet-beach,Inlet Beach,,"Retail, Errands & Local Convenience","Fleet Feet Inlet Beach is a retail shop listed for the retail, errands & local convenience category serving Inlet Beach.","Fleet Feet Inlet Beach is a retail shop listed for the retail, errands & local convenience category serving Inlet Beach.",Fleet Feet Inlet Beach | WhereTo30A,"Fleet Feet Inlet Beach is a retail shop listed for the retail, errands & local convenience category serving Inlet Beach.","Fleet Feet Inlet Beach, retail shop, Retail, Errands & Local Convenience, Inlet Beach, 30A, South Walton",11299 US HWY 98 E C-104 Inlet Beach FL 32461; (850) 641-0070,,https://business.waltonareachamber.com/list/ql/shopping-specialty-retail-23,"## What It Is

Fleet Feet Inlet Beach is a retail shop listed for the retail, errands & local convenience category serving Inlet Beach.

## What You Can Find

retail shop.

## What to Know

This entry was regenerated from local directory source data and should be checked before publishing.",retail shop,"[""retail shop""]",[],[],"[""airy""]","[""locals_favorite""]","What type of place is this?
Retail shop in Inlet Beach.
What can you get here?
retail shop.
Who is it for?
Locals, homeowners, visitors, and people searching for retail shop options around 30A.
What occasion or situation fits?
locals favorite.
What's the atmosphere like?
The vibe is airy. It is a practical directory fit for people comparing local options.
What's the price range?
$$ based on typical category expectations.","retail shop retail shop

Fleet Feet Inlet Beach is a retail shop listed for the retail, errands & local convenience category serving Inlet Beach. This profile is useful for people searching by service type, category, and nearby 30A area.",2
Furniture South,furniture-south,Santa Rosa Beach,,"Retail, Errands & Local Convenience","Furniture South is a furniture store listed for the retail, errands & local convenience category serving Santa Rosa Beach.","Furniture South is a furniture store listed for the retail, errands & local convenience category serving Santa Rosa Beach.",Furniture South | WhereTo30A,"Furniture South is a furniture store listed for the retail, errands & local convenience category serving Santa Rosa Beach.","Furniture South, furniture store, Retail, Errands & Local Convenience, Santa Rosa Beach, 30A, South Walton, furniture",4552 US HWY 98 W Santa Rosa Beach FL 32459; (850) 267-1411,,https://business.waltonareachamber.com/list/ql/shopping-specialty-retail-23,"## What It Is

Furniture South is a furniture store listed for the retail, errands & local convenience category serving Santa Rosa Beach.

## What You Can Find

furniture.

## What to Know

This entry was regenerated from local directory source data and should be checked before publishing.",furniture store,"[""furniture""]",[],[],"[""airy""]","[""locals_favorite""]","What type of place is this?
Furniture store in Santa Rosa Beach.
What can you get here?
furniture.
Who is it for?
Locals, homeowners, visitors, and people searching for furniture store options around 30A.
What occasion or situation fits?
locals favorite.
What's the atmosphere like?
The vibe is airy. It is a practical directory fit for people comparing local options.
What's the price range?
$$ based on typical category expectations.","furniture store furniture

Furniture South is a furniture store listed for the retail, errands & local convenience category serving Santa Rosa Beach. This profile is useful for people searching by service type, category, and nearby 30A area.",2
Grand Boulevard,grand-boulevard,Miramar Beach,Grand Boulevard,"Retail, Errands & Local Convenience","Grand Boulevard is a retail shop listed for the retail, errands & local convenience category serving Miramar Beach.","Grand Boulevard is a retail shop listed for the retail, errands & local convenience category serving Miramar Beach.",Grand Boulevard | WhereTo30A,"Grand Boulevard is a retail shop listed for the retail, errands & local convenience category serving Miramar Beach.","Grand Boulevard, retail shop, Retail, Errands & Local Convenience, Miramar Beach, 30A, South Walton",585 Grand Boulevard Suite M203 Miramar Beach FL 32550; (850) 837-3099,,https://business.waltonareachamber.com/list/ql/shopping-specialty-retail-23,"## What It Is

Grand Boulevard is a retail shop listed for the retail, errands & local convenience category serving Miramar Beach.

## What You Can Find

retail shop.

## What to Know

This entry was regenerated from local directory source data and should be checked before publishing.",retail shop,"[""retail shop""]",[],[],"[""upscale"", ""airy""]","[""locals_favorite""]","What type of place is this?
Retail shop in Miramar Beach.
What can you get here?
retail shop.
Who is it for?
Locals, homeowners, visitors, and people searching for retail shop options around 30A.
What occasion or situation fits?
locals favorite.
What's the atmosphere like?
The vibe is upscale, airy. It is a practical directory fit for people comparing local options.
What's the price range?
$$ based on typical category expectations.","retail shop retail shop

Grand Boulevard is a retail shop listed for the retail, errands & local convenience category serving Miramar Beach. This profile is useful for people searching by service type, category, and nearby 30A area.",2
Jes & Gray Living,jes-and-gray-living,Miramar Beach,,"Retail, Errands & Local Convenience","Jes & Gray Living is a retail shop listed for the retail, errands & local convenience category serving Miramar Beach.","Jes & Gray Living is a retail shop listed for the retail, errands & local convenience category serving Miramar Beach.",Jes & Gray Living | WhereTo30A,"Jes & Gray Living is a retail shop listed for the retail, errands & local convenience category serving Miramar Beach.","Jes & Gray Living, retail shop, Retail, Errands & Local Convenience, Miramar Beach, 30A, South Walton",11111 Emerald Coast Parkway Miramar Beach FL 32550; (850) 460-2474,,https://business.waltonareachamber.com/list/ql/shopping-specialty-retail-23,"## What It Is

Jes & Gray Living is a retail shop listed for the retail, errands & local convenience category serving Miramar Beach.

## What You Can Find

retail shop.

## What to Know

This entry was regenerated from local directory source data and should be checked before publishing.",retail shop,"[""retail shop""]",[],[],"[""airy""]","[""locals_favorite""]","What type of place is this?
Retail shop in Miramar Beach.
What can you get here?
retail shop.
Who is it for?
Locals, homeowners, visitors, and people searching for retail shop options around 30A.
What occasion or situation fits?
locals favorite.
What's the atmosphere like?
The vibe is airy. It is a practical directory fit for people comparing local options.
What's the price range?
$$ based on typical category expectations.","retail shop retail shop

Jes & Gray Living is a retail shop listed for the retail, errands & local convenience category serving Miramar Beach. This profile is useful for people searching by service type, category, and nearby 30A area.",2
Kitchen Designs LLC,kitchen-designs-llc,Santa Rosa Beach,,"Retail, Errands & Local Convenience","Kitchen Designs LLC is a retail shop listed for the retail, errands & local convenience category serving Santa Rosa Beach.","Kitchen Designs LLC is a retail shop listed for the retail, errands & local convenience category serving Santa Rosa Beach.",Kitchen Designs LLC | WhereTo30A,"Kitchen Designs LLC is a retail shop listed for the retail, errands & local convenience category serving Santa Rosa Beach.","Kitchen Designs LLC, retail shop, Retail, Errands & Local Convenience, Santa Rosa Beach, 30A, South Walton",150 Lynn Drive Santa Rosa Beach FL 32459; (850) 213-4505,,https://business.waltonareachamber.com/list/ql/shopping-specialty-retail-23,"## What It Is

Kitchen Designs LLC is a retail shop listed for the retail, errands & local convenience category serving Santa Rosa Beach.

## What You Can Find

retail shop.

## What to Know

This entry was regenerated from local directory source data and should be checked before publishing.",retail shop,"[""retail shop""]",[],[],"[""airy""]","[""locals_favorite""]","What type of place is this?
Retail shop in Santa Rosa Beach.
What can you get here?
retail shop.
Who is it for?
Locals, homeowners, visitors, and people searching for retail shop options around 30A.
What occasion or situation fits?
locals favorite.
What's the atmosphere like?
The vibe is airy. It is a practical directory fit for people comparing local options.
What's the price range?
$$ based on typical category expectations.","retail shop retail shop

Kitchen Designs LLC is a retail shop listed for the retail, errands & local convenience category serving Santa Rosa Beach. This profile is useful for people searching by service type, category, and nearby 30A area.",2
Margaret Ellen Bridal,margaret-ellen-bridal,Santa Rosa Beach,,"Retail, Errands & Local Convenience",Luxury wedding dresses and bridal accessories.,Luxury wedding dresses and bridal accessories.,Margaret Ellen Bridal | WhereTo30A,Luxury wedding dresses and bridal accessories.,"Margaret Ellen Bridal, bridal shop, Retail, Errands & Local Convenience, Santa Rosa Beach, 30A, South Walton, wedding dresses, bridal accessories",800 Serenoa Road Suite A Santa Rosa Beach FL 32459; (850) 641-0266,,https://business.waltonareachamber.com/list/ql/shopping-specialty-retail-23,"## What It Is

Luxury wedding dresses and bridal accessories.

## What You Can Find

wedding dresses, bridal accessories.

## What to Know

This entry was regenerated from local directory source data and should be checked before publishing.",bridal shop,"[""wedding dresses"", ""bridal accessories""]",[],[],"[""upscale"", ""airy""]","[""souvenir_shopping"", ""girls_trip"", ""celebration"", ""special_occasion""]","What type of place is this?
Bridal shop in Santa Rosa Beach.
What can you get here?
wedding dresses, bridal accessories.
Who is it for?
Locals, homeowners, visitors, and people searching for bridal shop options around 30A.
What occasion or situation fits?
souvenir shopping, girls trip, celebration, special occasion.
What's the atmosphere like?
The vibe is upscale, airy. It is a practical directory fit for people comparing local options.
What's the price range?
$$ based on typical category expectations.","bridal shop wedding dresses bridal accessories

Luxury wedding dresses and bridal accessories. This profile is useful for people searching by service type, category, and nearby 30A area.",2
"Mountain High Destin, Silver Sands Premium Outlet",mountain-high-destin-silver-sands-premium-outlet,Miramar Beach,Silver Sands Premium Outlets,"Retail, Errands & Local Convenience","Mountain High Destin, Silver Sands Premium Outlet is a outlet mall listed for the retail, errands & local convenience category serving Miramar Beach.","Mountain High Destin, Silver Sands Premium Outlet is a outlet mall listed for the retail, errands & local convenience category serving Miramar Beach.","Mountain High Destin, Silver Sands Premium Outlet | WhereTo3","Mountain High Destin, Silver Sands Premium Outlet is a outlet mall listed for the retail, errands & local convenience category serving Miramar Beach.","Mountain High Destin, Silver Sands Premium Outlet, outlet mall, Retail, Errands & Local Convenience, Miramar Beach, 30A, South Walton",10562 Emerald Coast Pkwy W Suite 76 Miramar Beach FL 32550; (850) 842-2036,,https://business.waltonareachamber.com/list/ql/shopping-specialty-retail-23,"## What It Is

Mountain High Destin, Silver Sands Premium Outlet is a outlet mall listed for the retail, errands & local convenience category serving Miramar Beach.

## What You Can Find

outlet mall.

## What to Know

This entry was regenerated from local directory source data and should be checked before publishing.",outlet mall,"[""outlet mall""]",[],[],"[""airy""]","[""souvenir_shopping"", ""girls_trip""]","What type of place is this?
Outlet mall in Miramar Beach.
What can you get here?
outlet mall.
Who is it for?
Locals, homeowners, visitors, and people searching for outlet mall options around 30A.
What occasion or situation fits?
souvenir shopping, girls trip.
What's the atmosphere like?
The vibe is airy. It is a practical directory fit for people comparing local options.
What's the price range?
$$ based on typical category expectations.","outlet mall outlet mall

Mountain High Destin, Silver Sands Premium Outlet is a outlet mall listed for the retail, errands & local convenience category serving Miramar Beach. This profile is useful for people searching by service type, category, and nearby 30A area.",2
"Publix Super Markets, Inc #885",publix-super-markets-inc-885,Miramar Beach,,"Retail, Errands & Local Convenience","Publix Super Markets, Inc #885 is a grocery store listed for the retail, errands & local convenience category serving Miramar Beach.","Publix Super Markets, Inc #885 is a grocery store listed for the retail, errands & local convenience category serving Miramar Beach.","Publix Super Markets, Inc #885 | WhereTo30A","Publix Super Markets, Inc #885 is a grocery store listed for the retail, errands & local convenience category serving Miramar Beach.","Publix Super Markets, Inc #885, grocery store, Retail, Errands & Local Convenience, Miramar Beach, 30A, South Walton, groceries",725 Grand Blvd Miramar Beach FL 32550; (850) 622-2326,,https://business.waltonareachamber.com/list/ql/shopping-specialty-retail-23,"## What It Is

Publix Super Markets, Inc #885 is a grocery store listed for the retail, errands & local convenience category serving Miramar Beach.

## What You Can Find

groceries.

## What to Know

This entry was regenerated from local directory source data and should be checked before publishing.",grocery store,"[""groceries""]",[],[],"[""family_friendly"", ""kid_friendly"", ""airy""]","[""locals_favorite""]","What type of place is this?
Grocery store in Miramar Beach.
What can you get here?
groceries.
Who is it for?
Locals, homeowners, visitors, and people searching for grocery store options around 30A.
What occasion or situation fits?
locals favorite.
What's the atmosphere like?
The vibe is family friendly, kid friendly, airy. It is a practical directory fit for people comparing local options.
What's the price range?
$$ based on typical category expectations.","grocery store groceries

Publix Super Markets, Inc #885 is a grocery store listed for the retail, errands & local convenience category serving Miramar Beach. This profile is useful for people searching by service type, category, and nearby 30A area.",2
"Publix Super Markets, Inc. #153",publix-super-markets-inc-153,Santa Rosa Beach,WaterColor,"Retail, Errands & Local Convenience","Publix Super Markets, Inc. #153 is a grocery store listed for the retail, errands & local convenience category serving Santa Rosa Beach.","Publix Super Markets, Inc. #153 is a grocery store listed for the retail, errands & local convenience category serving Santa Rosa Beach.","Publix Super Markets, Inc. #153 | WhereTo30A","Publix Super Markets, Inc. #153 is a grocery store listed for the retail, errands & local convenience category serving Santa Rosa Beach.","Publix Super Markets, Inc. #153, grocery store, Retail, Errands & Local Convenience, Santa Rosa Beach, 30A, South Walton, groceries",110 Watercolor Way Santa Rosa Beach FL 32459; (850) 534-4565,,https://business.waltonareachamber.com/list/ql/shopping-specialty-retail-23,"## What It Is

Publix Super Markets, Inc. #153 is a grocery store listed for the retail, errands & local convenience category serving Santa Rosa Beach.

## What You Can Find

groceries.

## What to Know

This entry was regenerated from local directory source data and should be checked before publishing.",grocery store,"[""groceries""]",[],[],"[""family_friendly"", ""kid_friendly"", ""airy""]","[""locals_favorite""]","What type of place is this?
Grocery store in Santa Rosa Beach.
What can you get here?
groceries.
Who is it for?
Locals, homeowners, visitors, and people searching for grocery store options around 30A.
What occasion or situation fits?
locals favorite.
What's the atmosphere like?
The vibe is family friendly, kid friendly, airy. It is a practical directory fit for people comparing local options.
What's the price range?
$$ based on typical category expectations.","grocery store groceries

Publix Super Markets, Inc. #153 is a grocery store listed for the retail, errands & local convenience category serving Santa Rosa Beach. This profile is useful for people searching by service type, category, and nearby 30A area.",2
Santa Rosa Beach Ace Hardware,santa-rosa-beach-ace-hardware,Santa Rosa Beach,,"Retail, Errands & Local Convenience","Santa Rosa Beach Ace Hardware is a hardware store listed for the retail, errands & local convenience category serving Santa Rosa Beach.","Santa Rosa Beach Ace Hardware is a hardware store listed for the retail, errands & local convenience category serving Santa Rosa Beach.",Santa Rosa Beach Ace Hardware | WhereTo30A,"Santa Rosa Beach Ace Hardware is a hardware store listed for the retail, errands & local convenience category serving Santa Rosa Beach.","Santa Rosa Beach Ace Hardware, hardware store, Retail, Errands & Local Convenience, Santa Rosa Beach, 30A, South Walton, hardware",2202 US Hwy 98 West Santa Rosa Beach FL 32459; (850) 660-1597,,https://business.waltonareachamber.com/list/ql/shopping-specialty-retail-23,"## What It Is

Santa Rosa Beach Ace Hardware is a hardware store listed for the retail, errands & local convenience category serving Santa Rosa Beach.

## What You Can Find

hardware.

## What to Know

This entry was regenerated from local directory source data and should be checked before publishing.",hardware store,"[""hardware""]",[],[],"[""family_friendly"", ""kid_friendly"", ""airy""]","[""locals_favorite""]","What type of place is this?
Hardware store in Santa Rosa Beach.
What can you get here?
hardware.
Who is it for?
Locals, homeowners, visitors, and people searching for hardware store options around 30A.
What occasion or situation fits?
locals favorite.
What's the atmosphere like?
The vibe is family friendly, kid friendly, airy. It is a practical directory fit for people comparing local options.
What's the price range?
$$ based on typical category expectations.","hardware store hardware

Santa Rosa Beach Ace Hardware is a hardware store listed for the retail, errands & local convenience category serving Santa Rosa Beach. This profile is useful for people searching by service type, category, and nearby 30A area.",2
Silver Sands Premium Outlets,silver-sands-premium-outlets,Miramar Beach,Silver Sands Premium Outlets,"Retail, Errands & Local Convenience",Outlet mall with 110 designer and name brand outlet stores.,Outlet mall with 110 designer and name brand outlet stores.,Silver Sands Premium Outlets | WhereTo30A,Outlet mall with 110 designer and name brand outlet stores.,"Silver Sands Premium Outlets, outlet mall, Retail, Errands & Local Convenience, Miramar Beach, 30A, South Walton",10562 Emerald Coast Pkwy W Miramar Beach FL 32550; (850) 654-9771,,https://business.waltonareachamber.com/list/ql/shopping-specialty-retail-23,"## What It Is

Outlet mall with 110 designer and name brand outlet stores.

## What You Can Find

outlet mall.

## What to Know

This entry was regenerated from local directory source data and should be checked before publishing.",outlet mall,"[""outlet mall""]",[],[],"[""airy""]","[""souvenir_shopping"", ""girls_trip""]","What type of place is this?
Outlet mall in Miramar Beach.
What can you get here?
outlet mall.
Who is it for?
Locals, homeowners, visitors, and people searching for outlet mall options around 30A.
What occasion or situation fits?
souvenir shopping, girls trip.
What's the atmosphere like?
The vibe is airy. It is a practical directory fit for people comparing local options.
What's the price range?
$$ based on typical category expectations.","outlet mall outlet mall

Outlet mall with 110 designer and name brand outlet stores. This profile is useful for people searching by service type, category, and nearby 30A area.",2
Stallworth,stallworth,Miramar Beach,,"Retail, Errands & Local Convenience","Stallworth is a retail shop listed for the retail, errands & local convenience category serving Miramar Beach.","Stallworth is a retail shop listed for the retail, errands & local convenience category serving Miramar Beach.",Stallworth | WhereTo30A,"Stallworth is a retail shop listed for the retail, errands & local convenience category serving Miramar Beach.","Stallworth, retail shop, Retail, Errands & Local Convenience, Miramar Beach, 30A, South Walton",495 Grand BLVD J-102 Miramar Beach FL 32550; (850) 389-5038,,https://business.waltonareachamber.com/list/ql/shopping-specialty-retail-23,"## What It Is

Stallworth is a retail shop listed for the retail, errands & local convenience category serving Miramar Beach.

## What You Can Find

retail shop.

## What to Know

This entry was regenerated from local directory source data and should be checked before publishing.",retail shop,"[""retail shop""]",[],[],"[""airy""]","[""locals_favorite""]","What type of place is this?
Retail shop in Miramar Beach.
What can you get here?
retail shop.
Who is it for?
Locals, homeowners, visitors, and people searching for retail shop options around 30A.
What occasion or situation fits?
locals favorite.
What's the atmosphere like?
The vibe is airy. It is a practical directory fit for people comparing local options.
What's the price range?
$$ based on typical category expectations.","retail shop retail shop

Stallworth is a retail shop listed for the retail, errands & local convenience category serving Miramar Beach. This profile is useful for people searching by service type, category, and nearby 30A area.",2
Stock & Trade Design Company,stock-and-trade-design-company,Santa Rosa Beach,,"Retail, Errands & Local Convenience","Stock & Trade Design Company is a retail shop listed for the retail, errands & local convenience category serving Santa Rosa Beach.","Stock & Trade Design Company is a retail shop listed for the retail, errands & local convenience category serving Santa Rosa Beach.",Stock & Trade Design Company | WhereTo30A,"Stock & Trade Design Company is a retail shop listed for the retail, errands & local convenience category serving Santa Rosa Beach.","Stock & Trade Design Company, retail shop, Retail, Errands & Local Convenience, Santa Rosa Beach, 30A, South Walton",2668 Hwy 98 W Santa Rosa Beach FL 32459; (850) 460-8990,,https://business.waltonareachamber.com/list/ql/shopping-specialty-retail-23,"## What It Is

Stock & Trade Design Company is a retail shop listed for the retail, errands & local convenience category serving Santa Rosa Beach.

## What You Can Find

retail shop.

## What to Know

This entry was regenerated from local directory source data and should be checked before publishing.",retail shop,"[""retail shop""]",[],[],"[""airy""]","[""locals_favorite""]","What type of place is this?
Retail shop in Santa Rosa Beach.
What can you get here?
retail shop.
Who is it for?
Locals, homeowners, visitors, and people searching for retail shop options around 30A.
What occasion or situation fits?
locals favorite.
What's the atmosphere like?
The vibe is airy. It is a practical directory fit for people comparing local options.
What's the price range?
$$ based on typical category expectations.","retail shop retail shop

Stock & Trade Design Company is a retail shop listed for the retail, errands & local convenience category serving Santa Rosa Beach. This profile is useful for people searching by service type, category, and nearby 30A area.",2
"Sugar Beach Interiors, Inc.",sugar-beach-interiors-inc,Miramar Beach,,"Retail, Errands & Local Convenience","Sugar Beach Interiors, Inc. is a interior designer listed for the retail, errands & local convenience category serving Miramar Beach.","Sugar Beach Interiors, Inc. is a interior designer listed for the retail, errands & local convenience category serving Miramar Beach.","Sugar Beach Interiors, Inc. | WhereTo30A","Sugar Beach Interiors, Inc. is a interior designer listed for the retail, errands & local convenience category serving Miramar Beach.","Sugar Beach Interiors, Inc., interior designer, Retail, Errands & Local Convenience, Miramar Beach, 30A, South Walton, interior design, remodels",11974 US Hwy 98 W Miramar Beach FL 32550; (850) 837-5157,,https://business.waltonareachamber.com/list/ql/shopping-specialty-retail-23,"## What It Is

Sugar Beach Interiors, Inc. is a interior designer listed for the retail, errands & local convenience category serving Miramar Beach.

## What You Can Find

interior design, remodels.

## What to Know

This entry was regenerated from local directory source data and should be checked before publishing.",interior designer,"[""interior design"", ""remodels""]",[],[],"[""upscale"", ""airy""]","[""locals_favorite""]","What type of place is this?
Interior designer in Miramar Beach.
What can you get here?
interior design, remodels.
Who is it for?
Locals, homeowners, visitors, and people searching for interior designer options around 30A.
What occasion or situation fits?
locals favorite.
What's the atmosphere like?
The vibe is upscale, airy. It is a practical directory fit for people comparing local options.
What's the price range?
$$$ based on typical category expectations.","interior designer interior design remodels

Sugar Beach Interiors, Inc. is a interior designer listed for the retail, errands & local convenience category serving Miramar Beach. This profile is useful for people searching by service type, category, and nearby 30A area.",3
Sunset Shoes & Lifestyle,sunset-shoes-and-lifestyle,Miramar Beach,,"Retail, Errands & Local Convenience","Sunset Shoes & Lifestyle is a clothing boutique listed for the retail, errands & local convenience category serving Miramar Beach.","Sunset Shoes & Lifestyle is a clothing boutique listed for the retail, errands & local convenience category serving Miramar Beach.",Sunset Shoes & Lifestyle | WhereTo30A,"Sunset Shoes & Lifestyle is a clothing boutique listed for the retail, errands & local convenience category serving Miramar Beach.","Sunset Shoes & Lifestyle, clothing boutique, Retail, Errands & Local Convenience, Miramar Beach, 30A, South Walton, clothing, accessories, shoes",400 Grand Blvd T-100 Miramar Beach FL 32550; (850) 217-1111,,https://business.waltonareachamber.com/list/ql/shopping-specialty-retail-23,"## What It Is

Sunset Shoes & Lifestyle is a clothing boutique listed for the retail, errands & local convenience category serving Miramar Beach.

## What You Can Find

clothing, accessories, shoes.

## What to Know

This entry was regenerated from local directory source data and should be checked before publishing.",clothing boutique,"[""clothing"", ""accessories"", ""shoes""]",[],[],"[""casual"", ""airy""]","[""souvenir_shopping"", ""girls_trip""]","What type of place is this?
Clothing boutique in Miramar Beach.
What can you get here?
clothing, accessories, shoes.
Who is it for?
Locals, homeowners, visitors, and people searching for clothing boutique options around 30A.
What occasion or situation fits?
souvenir shopping, girls trip.
What's the atmosphere like?
The vibe is casual, airy. It is a practical directory fit for people comparing local options.
What's the price range?
$$ based on typical category expectations.","clothing boutique clothing accessories shoes

Sunset Shoes & Lifestyle is a clothing boutique listed for the retail, errands & local convenience category serving Miramar Beach. This profile is useful for people searching by service type, category, and nearby 30A area.",2
The Market Shops At Sandestin,the-market-shops-at-sandestin,Destin,The Market Shops,"Retail, Errands & Local Convenience","The Market Shops At Sandestin is a retail shop listed for the retail, errands & local convenience category serving Destin.","The Market Shops At Sandestin is a retail shop listed for the retail, errands & local convenience category serving Destin.",The Market Shops At Sandestin | WhereTo30A,"The Market Shops At Sandestin is a retail shop listed for the retail, errands & local convenience category serving Destin.","The Market Shops At Sandestin, retail shop, Retail, Errands & Local Convenience, Destin, 30A, South Walton",9375 Emerald Coast Pkwy W Destin FL 32550; (850) 650-3164,,https://business.waltonareachamber.com/list/ql/shopping-specialty-retail-23,"## What It Is

The Market Shops At Sandestin is a retail shop listed for the retail, errands & local convenience category serving Destin.

## What You Can Find

retail shop.

## What to Know

This entry was regenerated from local directory source data and should be checked before publishing.",retail shop,"[""retail shop""]",[],[],"[""casual""]","[""locals_favorite""]","What type of place is this?
Retail shop in Destin.
What can you get here?
retail shop.
Who is it for?
Locals, homeowners, visitors, and people searching for retail shop options around 30A.
What occasion or situation fits?
locals favorite.
What's the atmosphere like?
The vibe is casual. It is a practical directory fit for people comparing local options.
What's the price range?
$$ based on typical category expectations.","retail shop retail shop

The Market Shops At Sandestin is a retail shop listed for the retail, errands & local convenience category serving Destin. This profile is useful for people searching by service type, category, and nearby 30A area.",2
The Seaside Style- Beach,the-seaside-style-beach,Seaside,Seaside Town Square,"Retail, Errands & Local Convenience","The Seaside Style- Beach is a clothing boutique listed for the retail, errands & local convenience category serving Seaside.","The Seaside Style- Beach is a clothing boutique listed for the retail, errands & local convenience category serving Seaside.",The Seaside Style- Beach | WhereTo30A,"The Seaside Style- Beach is a clothing boutique listed for the retail, errands & local convenience category serving Seaside.","The Seaside Style- Beach, clothing boutique, Retail, Errands & Local Convenience, Seaside, 30A, South Walton, clothing, accessories",2236 E. Co Hwy 30A Seaside FL 32459; (850) 231-4193,,https://business.waltonareachamber.com/list/ql/shopping-specialty-retail-23,"## What It Is

The Seaside Style- Beach is a clothing boutique listed for the retail, errands & local convenience category serving Seaside.

## What You Can Find

clothing, accessories.

## What to Know

This entry was regenerated from local directory source data and should be checked before publishing.",clothing boutique,"[""clothing"", ""accessories""]",[],[],"[""casual"", ""airy""]","[""souvenir_shopping"", ""girls_trip""]","What type of place is this?
Clothing boutique in Seaside.
What can you get here?
clothing, accessories.
Who is it for?
Locals, homeowners, visitors, and people searching for clothing boutique options around 30A.
What occasion or situation fits?
souvenir shopping, girls trip.
What's the atmosphere like?
The vibe is casual, airy. It is a practical directory fit for people comparing local options.
What's the price range?
$$ based on typical category expectations.","clothing boutique clothing accessories

The Seaside Style- Beach is a clothing boutique listed for the retail, errands & local convenience category serving Seaside. This profile is useful for people searching by service type, category, and nearby 30A area.",2
The Seaside Style- Flagship Location,the-seaside-style-flagship-location,Seaside,Seaside Town Square,"Retail, Errands & Local Convenience","The Seaside Style- Flagship Location is a clothing boutique listed for the retail, errands & local convenience category serving Seaside.","The Seaside Style- Flagship Location is a clothing boutique listed for the retail, errands & local convenience category serving Seaside.",The Seaside Style- Flagship Location | WhereTo30A,"The Seaside Style- Flagship Location is a clothing boutique listed for the retail, errands & local convenience category serving Seaside.","The Seaside Style- Flagship Location, clothing boutique, Retail, Errands & Local Convenience, Seaside, 30A, South Walton, clothing, accessories",121 Central Square Seaside FL 32459; (850) 231-2497,,https://business.waltonareachamber.com/list/ql/shopping-specialty-retail-23,"## What It Is

The Seaside Style- Flagship Location is a clothing boutique listed for the retail, errands & local convenience category serving Seaside.

## What You Can Find

clothing, accessories.

## What to Know

This entry was regenerated from local directory source data and should be checked before publishing.",clothing boutique,"[""clothing"", ""accessories""]",[],[],"[""casual"", ""airy""]","[""souvenir_shopping"", ""girls_trip""]","What type of place is this?
Clothing boutique in Seaside.
What can you get here?
clothing, accessories.
Who is it for?
Locals, homeowners, visitors, and people searching for clothing boutique options around 30A.
What occasion or situation fits?
souvenir shopping, girls trip.
What's the atmosphere like?
The vibe is casual, airy. It is a practical directory fit for people comparing local options.
What's the price range?
$$ based on typical category expectations.","clothing boutique clothing accessories

The Seaside Style- Flagship Location is a clothing boutique listed for the retail, errands & local convenience category serving Seaside. This profile is useful for people searching by service type, category, and nearby 30A area.",2
The Seaside Style- Kids,the-seaside-style-kids,Seaside,Seaside Town Square,"Retail, Errands & Local Convenience","The Seaside Style- Kids is a kids clothing store listed for the retail, errands & local convenience category serving Seaside.","The Seaside Style- Kids is a kids clothing store listed for the retail, errands & local convenience category serving Seaside.",The Seaside Style- Kids | WhereTo30A,"The Seaside Style- Kids is a kids clothing store listed for the retail, errands & local convenience category serving Seaside.","The Seaside Style- Kids, kids clothing store, Retail, Errands & Local Convenience, Seaside, 30A, South Walton",63 Central Square Seaside FL 32459; (850) 231-1733,,https://business.waltonareachamber.com/list/ql/shopping-specialty-retail-23,"## What It Is

The Seaside Style- Kids is a kids clothing store listed for the retail, errands & local convenience category serving Seaside.

## What You Can Find

kids clothing store.

## What to Know

This entry was regenerated from local directory source data and should be checked before publishing.",kids clothing store,"[""kids clothing store""]",[],[],"[""family_friendly"", ""kid_friendly"", ""airy""]","[""souvenir_shopping"", ""girls_trip""]","What type of place is this?
Kids clothing store in Seaside.
What can you get here?
kids clothing store.
Who is it for?
Locals, homeowners, visitors, and people searching for kids clothing store options around 30A.
What occasion or situation fits?
souvenir shopping, girls trip.
What's the atmosphere like?
The vibe is family friendly, kid friendly, airy. It is a practical directory fit for people comparing local options.
What's the price range?
$$ based on typical category expectations.","kids clothing store kids clothing store

The Seaside Style- Kids is a kids clothing store listed for the retail, errands & local convenience category serving Seaside. This profile is useful for people searching by service type, category, and nearby 30A area.",2
The Trading Company @ Baytowne Wharf,the-trading-company-baytowne-wharf,Miramar Beach,Baytowne Wharf,"Retail, Errands & Local Convenience","The Trading Company @ Baytowne Wharf is a retail shop listed for the retail, errands & local convenience category serving Miramar Beach.","The Trading Company @ Baytowne Wharf is a retail shop listed for the retail, errands & local convenience category serving Miramar Beach.",The Trading Company @ Baytowne Wharf | WhereTo30A,"The Trading Company @ Baytowne Wharf is a retail shop listed for the retail, errands & local convenience category serving Miramar Beach.","The Trading Company @ Baytowne Wharf, retail shop, Retail, Errands & Local Convenience, Miramar Beach, 30A, South Walton",Baytowne Wharf Miramar Beach FL 32550,,https://business.waltonareachamber.com/list/ql/shopping-specialty-retail-23,"## What It Is

The Trading Company @ Baytowne Wharf is a retail shop listed for the retail, errands & local convenience category serving Miramar Beach.

## What You Can Find

retail shop.

## What to Know

This entry was regenerated from local directory source data and should be checked before publishing.",retail shop,"[""retail shop""]",[],[],"[""airy""]","[""locals_favorite""]","What type of place is this?
Retail shop in Miramar Beach.
What can you get here?
retail shop.
Who is it for?
Locals, homeowners, visitors, and people searching for retail shop options around 30A.
What occasion or situation fits?
locals favorite.
What's the atmosphere like?
The vibe is airy. It is a practical directory fit for people comparing local options.
What's the price range?
$$ based on typical category expectations.","retail shop retail shop

The Trading Company @ Baytowne Wharf is a retail shop listed for the retail, errands & local convenience category serving Miramar Beach. This profile is useful for people searching by service type, category, and nearby 30A area.",2
30A Escapes Luxury Vacation Rentals,30a-escapes-luxury-vacation-rentals,Santa Rosa Beach,,Tourist & Vacation Services,30A Escapes Luxury Vacation Rentals is a vacation rental company listed for the tourist & vacation services category serving Santa Rosa Beach.,30A Escapes Luxury Vacation Rentals is a vacation rental company listed for the tourist & vacation services category serving Santa Rosa Beach.,30A Escapes Luxury Vacation Rentals | WhereTo30A,30A Escapes Luxury Vacation Rentals is a vacation rental company listed for the tourist & vacation services category serving Santa Rosa Beach.,"30A Escapes Luxury Vacation Rentals, vacation rental company, Tourist & Vacation Services, Santa Rosa Beach, 30A, South Walton, vacation rentals",639 Serenoa Road Santa Rosa Beach FL 32439; (850) 534-6729,,https://business.waltonareachamber.com/list/ql/lodging-travel-15,"## What It Is

30A Escapes Luxury Vacation Rentals is a vacation rental company listed for the tourist & vacation services category serving Santa Rosa Beach.

## What You Can Find

vacation rentals.

## What to Know

This entry was regenerated from local directory source data and should be checked before publishing.",vacation rental company,"[""vacation rentals""]",[],[],"[""upscale"", ""airy""]","[""locals_favorite""]","What type of place is this?
Vacation rental company in Santa Rosa Beach.
What can you get here?
vacation rentals.
Who is it for?
Locals, homeowners, visitors, and people searching for vacation rental company options around 30A.
What occasion or situation fits?
locals favorite.
What's the atmosphere like?
The vibe is upscale, airy. It is a practical directory fit for people comparing local options.
What's the price range?
$$$ based on typical category expectations.","vacation rental company vacation rentals

30A Escapes Luxury Vacation Rentals is a vacation rental company listed for the tourist & vacation services category serving Santa Rosa Beach. This profile is useful for people searching by service type, category, and nearby 30A area.",3
360 Blue,360-blue,Santa Rosa Beach,,Tourist & Vacation Services,360 Blue is a travel service listed for the tourist & vacation services category serving Santa Rosa Beach.,360 Blue is a travel service listed for the tourist & vacation services category serving Santa Rosa Beach.,360 Blue | WhereTo30A,360 Blue is a travel service listed for the tourist & vacation services category serving Santa Rosa Beach.,"360 Blue, travel service, Tourist & Vacation Services, Santa Rosa Beach, 30A, South Walton",217 Serenoa Road Santa Rosa Beach FL 32459,,https://business.waltonareachamber.com/list/ql/lodging-travel-15,"## What It Is

360 Blue is a travel service listed for the tourist & vacation services category serving Santa Rosa Beach.

## What You Can Find

travel service.

## What to Know

This entry was regenerated from local directory source data and should be checked before publishing.",travel service,"[""travel service""]",[],[],"[""airy""]","[""locals_favorite""]","What type of place is this?
Travel service in Santa Rosa Beach.
What can you get here?
travel service.
Who is it for?
Locals, homeowners, visitors, and people searching for travel service options around 30A.
What occasion or situation fits?
locals favorite.
What's the atmosphere like?
The vibe is airy. It is a practical directory fit for people comparing local options.
What's the price range?
$$ based on typical category expectations.","travel service travel service

360 Blue is a travel service listed for the tourist & vacation services category serving Santa Rosa Beach. This profile is useful for people searching by service type, category, and nearby 30A area.",2
Alys Beach,alys-beach,Alys Beach,Alys Beach Town Center,Tourist & Vacation Services,Alys Beach is a travel service listed for the tourist & vacation services category serving Alys Beach.,Alys Beach is a travel service listed for the tourist & vacation services category serving Alys Beach.,Alys Beach | WhereTo30A,Alys Beach is a travel service listed for the tourist & vacation services category serving Alys Beach.,"Alys Beach, travel service, Tourist & Vacation Services, 30A, South Walton",65 N. Castle Harbor Dr. Suite B Alys Beach FL 32461; (850) 213-5500,https://www.alysbeach.com,https://business.waltonareachamber.com/list/ql/lodging-travel-15,"## What It Is

Alys Beach is a travel service listed for the tourist & vacation services category serving Alys Beach.

## What You Can Find

travel service.

## What to Know

This entry was regenerated from local directory source data and should be checked before publishing.",travel service,"[""travel service""]",[],[],"[""airy""]","[""locals_favorite""]","What type of place is this?
Travel service in Alys Beach.
What can you get here?
travel service.
Who is it for?
Locals, homeowners, visitors, and people searching for travel service options around 30A.
What occasion or situation fits?
locals favorite.
What's the atmosphere like?
The vibe is airy. It is a practical directory fit for people comparing local options.
What's the price range?
$$ based on typical category expectations.","travel service travel service

Alys Beach is a travel service listed for the tourist & vacation services category serving Alys Beach. This profile is useful for people searching by service type, category, and nearby 30A area.",2
Avari,avari,,,Tourist & Vacation Services,Avari is a travel service listed for the tourist & vacation services category serving the 30A and South Walton area.,Avari is a travel service listed for the tourist & vacation services category serving the 30A and South Walton area.,Avari | WhereTo30A,Avari is a travel service listed for the tourist & vacation services category serving the 30A and South Walton area.,"Avari, travel service, Tourist & Vacation Services, 30A, South Walton",Portland; 1-800-GO-Relax,,https://business.waltonareachamber.com/list/ql/lodging-travel-15,"## What It Is

Avari is a travel service listed for the tourist & vacation services category serving the 30A and South Walton area.

## What You Can Find

travel service.

## What to Know

This entry was regenerated from local directory source data and should be checked before publishing.",travel service,"[""travel service""]",[],[],"[""casual""]","[""locals_favorite""]","What type of place is this?
Travel service in the 30A area.
What can you get here?
travel service.
Who is it for?
Locals, homeowners, visitors, and people searching for travel service options around 30A.
What occasion or situation fits?
locals favorite.
What's the atmosphere like?
The vibe is casual. It is a practical directory fit for people comparing local options.
What's the price range?
$$ based on typical category expectations.","travel service travel service

Avari is a travel service listed for the tourist & vacation services category serving the 30A and South Walton area. This profile is useful for people searching by service type, category, and nearby 30A area.",2
Bay Club of Sandestin,bay-club-of-sandestin,Miramar Beach,,Tourist & Vacation Services,Bay Club of Sandestin is a resort listed for the tourist & vacation services category serving Miramar Beach.,Bay Club of Sandestin is a resort listed for the tourist & vacation services category serving Miramar Beach.,Bay Club of Sandestin | WhereTo30A,Bay Club of Sandestin is a resort listed for the tourist & vacation services category serving Miramar Beach.,"Bay Club of Sandestin, resort, Tourist & Vacation Services, Miramar Beach, 30A, South Walton, resort lodging",120 Sandestin Blvd N Miramar Beach FL 32550; (850) 837-8866,https://www.bayclubofsandestin.com,https://business.waltonareachamber.com/list/ql/lodging-travel-15,"## What It Is

Bay Club of Sandestin is a resort listed for the tourist & vacation services category serving Miramar Beach.

## What You Can Find

resort lodging.

## What to Know

This entry was regenerated from local directory source data and should be checked before publishing.",resort,"[""resort lodging""]",[],[],"[""upscale"", ""airy""]","[""family_outing"", ""tourist_attraction""]","What type of place is this?
Resort in Miramar Beach.
What can you get here?
resort lodging.
Who is it for?
Locals, homeowners, visitors, and people searching for resort options around 30A.
What occasion or situation fits?
family outing, tourist attraction.
What's the atmosphere like?
The vibe is upscale, airy. It is a practical directory fit for people comparing local options.
What's the price range?
$$$ based on typical category expectations.","resort resort lodging

Bay Club of Sandestin is a resort listed for the tourist & vacation services category serving Miramar Beach. This profile is useful for people searching by service type, category, and nearby 30A area.",3
Bayside Pickleball Club,bayside-pickleball-club,Santa Rosa Beach,,Tourist & Vacation Services,Bayside Pickleball Club is a resort listed for the tourist & vacation services category serving Santa Rosa Beach.,Bayside Pickleball Club is a resort listed for the tourist & vacation services category serving Santa Rosa Beach.,Bayside Pickleball Club | WhereTo30A,Bayside Pickleball Club is a resort listed for the tourist & vacation services category serving Santa Rosa Beach.,"Bayside Pickleball Club, resort, Tourist & Vacation Services, Santa Rosa Beach, 30A, South Walton, resort lodging, pickleball",626 Serenoa Rd Santa Rosa Beach FL 32459; (850) 270-7206,https://www.baysidepickle.com,https://business.waltonareachamber.com/list/ql/sports-recreation-24,"## What It Is

Bayside Pickleball Club is a resort listed for the tourist & vacation services category serving Santa Rosa Beach.

## What You Can Find

resort lodging, pickleball.

## What to Know

This entry was regenerated from local directory source data and should be checked before publishing.",resort,"[""resort lodging"", ""pickleball""]",[],[],"[""casual"", ""upscale"", ""airy"", ""lively""]","[""family_outing"", ""tourist_attraction""]","What type of place is this?
Resort in Santa Rosa Beach.
What can you get here?
resort lodging, pickleball.
Who is it for?
Locals, homeowners, visitors, and people searching for resort options around 30A.
What occasion or situation fits?
family outing, tourist attraction.
What's the atmosphere like?
The vibe is casual, upscale, airy, lively. It is a practical directory fit for people comparing local options.
What's the price range?
$$$ based on typical category expectations.","resort resort lodging pickleball

Bayside Pickleball Club is a resort listed for the tourist & vacation services category serving Santa Rosa Beach. This profile is useful for people searching by service type, category, and nearby 30A area.",3
Baytowne Golf Club,baytowne-golf-club,Destin,Baytowne Wharf,Tourist & Vacation Services,Baytowne Golf Club is a resort listed for the tourist & vacation services category serving Destin.,Baytowne Golf Club is a resort listed for the tourist & vacation services category serving Destin.,Baytowne Golf Club | WhereTo30A,Baytowne Golf Club is a resort listed for the tourist & vacation services category serving Destin.,"Baytowne Golf Club, resort, Tourist & Vacation Services, Destin, 30A, South Walton, resort lodging, golf",9300 Emerald Coast PKWY W Destin FL 32550; (850) 267-8155,,https://business.waltonareachamber.com/list/ql/sports-recreation-24,"## What It Is

Baytowne Golf Club is a resort listed for the tourist & vacation services category serving Destin.

## What You Can Find

resort lodging, golf.

## What to Know

This entry was regenerated from local directory source data and should be checked before publishing.",resort,"[""resort lodging"", ""golf""]",[],[],"[""casual"", ""upscale""]","[""family_outing"", ""tourist_attraction""]","What type of place is this?
Resort in Destin.
What can you get here?
resort lodging, golf.
Who is it for?
Locals, homeowners, visitors, and people searching for resort options around 30A.
What occasion or situation fits?
family outing, tourist attraction.
What's the atmosphere like?
The vibe is casual, upscale. It is a practical directory fit for people comparing local options.
What's the price range?
$$$ based on typical category expectations.","resort resort lodging golf

Baytowne Golf Club is a resort listed for the tourist & vacation services category serving Destin. This profile is useful for people searching by service type, category, and nearby 30A area.",3
BonHom,bonhom,Santa Rosa Beach,,Tourist & Vacation Services,Vacation rental management on 30A.,Vacation rental management on 30A.,BonHom | WhereTo30A,Vacation rental management on 30A.,"BonHom, vacation rental company, Tourist & Vacation Services, Santa Rosa Beach, 30A, South Walton, vacation rentals",2078 US HWY 98 W STE 105 PMB 262 Santa Rosa Beach FL 32459; (850) 289-9984,,https://business.waltonareachamber.com/list/ql/lodging-travel-15,"## What It Is

Vacation rental management on 30A.

## What You Can Find

vacation rentals.

## What to Know

This entry was regenerated from local directory source data and should be checked before publishing.",vacation rental company,"[""vacation rentals""]",[],[],"[""airy""]","[""locals_favorite""]","What type of place is this?
Vacation rental company in Santa Rosa Beach.
What can you get here?
vacation rentals.
Who is it for?
Locals, homeowners, visitors, and people searching for vacation rental company options around 30A.
What occasion or situation fits?
locals favorite.
What's the atmosphere like?
The vibe is airy. It is a practical directory fit for people comparing local options.
What's the price range?
$$$ based on typical category expectations.","vacation rental company vacation rentals

Vacation rental management on 30A. This profile is useful for people searching by service type, category, and nearby 30A area.",3
Boogies Watersports,boogies-watersports,Destin,,Tourist & Vacation Services,"Jet skis, pontoons, dolphin tours, and parasailing near Crab Island.","Jet skis, pontoons, dolphin tours, and parasailing near Crab Island.",Boogies Watersports | WhereTo30A,"Jet skis, pontoons, dolphin tours, and parasailing near Crab Island.","Boogies Watersports, watersports rental, Tourist & Vacation Services, Destin, 30A, South Walton, jet skis, pontoons, parasailing",16 Harbor Blvd Destin FL 32541; (850) 654-4497,,https://business.waltonareachamber.com/list/ql/sports-recreation-24,"## What It Is

Jet skis, pontoons, dolphin tours, and parasailing near Crab Island.

## What You Can Find

jet skis, pontoons, parasailing.

## What to Know

This entry was regenerated from local directory source data and should be checked before publishing.",watersports rental,"[""jet skis"", ""pontoons"", ""parasailing""]",[],[],"[""casual""]","[""family_outing"", ""tourist_attraction""]","What type of place is this?
Watersports rental in Destin.
What can you get here?
jet skis, pontoons, parasailing.
Who is it for?
Locals, homeowners, visitors, and people searching for watersports rental options around 30A.
What occasion or situation fits?
family outing, tourist attraction.
What's the atmosphere like?
The vibe is casual. It is a practical directory fit for people comparing local options.
What's the price range?
$$ based on typical category expectations.","watersports rental jet skis pontoons parasailing

Jet skis, pontoons, dolphin tours, and parasailing near Crab Island. This profile is useful for people searching by service type, category, and nearby 30A area.",2
Burnt Pine Golf Club,burnt-pine-golf-club,Miramar Beach,,Tourist & Vacation Services,Golf club in Miramar Beach.,Golf club in Miramar Beach.,Burnt Pine Golf Club | WhereTo30A,Golf club in Miramar Beach.,"Burnt Pine Golf Club, resort, Tourist & Vacation Services, Miramar Beach, 30A, South Walton, resort lodging, golf",3300 Burnt Pine Lane Miramar Beach FL 32550; (850) 267-6500,,https://business.waltonareachamber.com/list/ql/sports-recreation-24,"## What It Is

Golf club in Miramar Beach.

## What You Can Find

resort lodging, golf.

## What to Know

This entry was regenerated from local directory source data and should be checked before publishing.",resort,"[""resort lodging"", ""golf""]",[],[],"[""casual"", ""upscale"", ""airy""]","[""family_outing"", ""tourist_attraction""]","What type of place is this?
Resort in Miramar Beach.
What can you get here?
resort lodging, golf.
Who is it for?
Locals, homeowners, visitors, and people searching for resort options around 30A.
What occasion or situation fits?
family outing, tourist attraction.
What's the atmosphere like?
The vibe is casual, upscale, airy. It is a practical directory fit for people comparing local options.
What's the price range?
$$$ based on typical category expectations.","resort resort lodging golf

Golf club in Miramar Beach. This profile is useful for people searching by service type, category, and nearby 30A area.",3
Camp Creek Inn,camp-creek-inn,Inlet Beach,,Tourist & Vacation Services,Luxury 75-room hotel surrounded by Camp Creek Golf Course with Watersound Club access for stays.,Luxury 75-room hotel surrounded by Camp Creek Golf Course with Watersound Club access for stays.,Camp Creek Inn | WhereTo30A,Luxury 75-room hotel surrounded by Camp Creek Golf Course with Watersound Club access for stays.,"Camp Creek Inn, hotel, Tourist & Vacation Services, Inlet Beach, 30A, South Walton, hotel rooms, golf",684 Fazio Dr Inlet Beach FL 32461; (850) 231-7600,,https://business.waltonareachamber.com/list/ql/lodging-travel-15,"## What It Is

Luxury 75-room hotel surrounded by Camp Creek Golf Course with Watersound Club access for stays.

## What You Can Find

hotel rooms, golf.

## What to Know

This entry was regenerated from local directory source data and should be checked before publishing.",hotel,"[""hotel rooms"", ""golf""]",[],[],"[""casual"", ""upscale"", ""airy""]","[""family_outing"", ""tourist_attraction""]","What type of place is this?
Hotel in Inlet Beach.
What can you get here?
hotel rooms, golf.
Who is it for?
Locals, homeowners, visitors, and people searching for hotel options around 30A.
What occasion or situation fits?
family outing, tourist attraction.
What's the atmosphere like?
The vibe is casual, upscale, airy. It is a practical directory fit for people comparing local options.
What's the price range?
$$$ based on typical category expectations.","hotel hotel rooms golf

Luxury 75-room hotel surrounded by Camp Creek Golf Course with Watersound Club access for stays. This profile is useful for people searching by service type, category, and nearby 30A area.",3
Clubs of Sandestin,clubs-of-sandestin,Destin,,Tourist & Vacation Services,Club offerings connected to Sandestin Golf and Beach Resort.,Club offerings connected to Sandestin Golf and Beach Resort.,Clubs of Sandestin | WhereTo30A,Club offerings connected to Sandestin Golf and Beach Resort.,"Clubs of Sandestin, resort, Tourist & Vacation Services, Destin, 30A, South Walton, resort lodging, golf",9300 Emerald Coast Pkwy W Destin FL 32550; (850) 267-8208,,https://business.waltonareachamber.com/list/ql/lodging-travel-15,"## What It Is

Club offerings connected to Sandestin Golf and Beach Resort.

## What You Can Find

resort lodging, golf.

## What to Know

This entry was regenerated from local directory source data and should be checked before publishing.",resort,"[""resort lodging"", ""golf""]",[],[],"[""casual"", ""upscale"", ""airy""]","[""family_outing"", ""tourist_attraction""]","What type of place is this?
Resort in Destin.
What can you get here?
resort lodging, golf.
Who is it for?
Locals, homeowners, visitors, and people searching for resort options around 30A.
What occasion or situation fits?
family outing, tourist attraction.
What's the atmosphere like?
The vibe is casual, upscale, airy. It is a practical directory fit for people comparing local options.
What's the price range?
$$$ based on typical category expectations.","resort resort lodging golf

Club offerings connected to Sandestin Golf and Beach Resort. This profile is useful for people searching by service type, category, and nearby 30A area.",3
Courtyard Sandestin at Grand Boulevard,courtyard-sandestin-at-grand-boulevard,Miramar Beach,Grand Boulevard,Tourist & Vacation Services,Hotel at Grand Boulevard.,Hotel at Grand Boulevard.,Courtyard Sandestin at Grand Boulevard | WhereTo30A,Hotel at Grand Boulevard.,"Courtyard Sandestin at Grand Boulevard, hotel, Tourist & Vacation Services, Miramar Beach, 30A, South Walton, hotel rooms",100 Grand Boulevard Miramar Beach FL 32550; (850) 650-7411,,https://business.waltonareachamber.com/list/ql/lodging-travel-15,"## What It Is

Hotel at Grand Boulevard.

## What You Can Find

hotel rooms.

## What to Know

This entry was regenerated from local directory source data and should be checked before publishing.",hotel,"[""hotel rooms""]",[],[],"[""upscale"", ""airy""]","[""family_outing"", ""tourist_attraction""]","What type of place is this?
Hotel in Miramar Beach.
What can you get here?
hotel rooms.
Who is it for?
Locals, homeowners, visitors, and people searching for hotel options around 30A.
What occasion or situation fits?
family outing, tourist attraction.
What's the atmosphere like?
The vibe is upscale, airy. It is a practical directory fit for people comparing local options.
What's the price range?
$$$ based on typical category expectations.","hotel hotel rooms

Hotel at Grand Boulevard. This profile is useful for people searching by service type, category, and nearby 30A area.",3
Diadem Emerald Coast,diadem-emerald-coast,Panama City,,Tourist & Vacation Services,Diadem Emerald Coast is a travel service listed for the tourist & vacation services category serving Panama City.,Diadem Emerald Coast is a travel service listed for the tourist & vacation services category serving Panama City.,Diadem Emerald Coast | WhereTo30A,Diadem Emerald Coast is a travel service listed for the tourist & vacation services category serving Panama City.,"Diadem Emerald Coast, travel service, Tourist & Vacation Services, Panama City, 30A, South Walton",17610 Ashley Drive Panama City FL 32413; (305) 606-2856,,https://business.waltonareachamber.com/list/ql/sports-recreation-24,"## What It Is

Diadem Emerald Coast is a travel service listed for the tourist & vacation services category serving Panama City.

## What You Can Find

travel service.

## What to Know

This entry was regenerated from local directory source data and should be checked before publishing.",travel service,"[""travel service""]",[],[],"[""casual""]","[""locals_favorite""]","What type of place is this?
Travel service in Panama City.
What can you get here?
travel service.
Who is it for?
Locals, homeowners, visitors, and people searching for travel service options around 30A.
What occasion or situation fits?
locals favorite.
What's the atmosphere like?
The vibe is casual. It is a practical directory fit for people comparing local options.
What's the price range?
$$ based on typical category expectations.","travel service travel service

Diadem Emerald Coast is a travel service listed for the tourist & vacation services category serving Panama City. This profile is useful for people searching by service type, category, and nearby 30A area.",2
Dune Allen Realty Vacation Rentals,dune-allen-realty-vacation-rentals,Santa Rosa Beach,,Tourist & Vacation Services,Beach vacation rentals along South Walton beaches and Scenic 30A.,Beach vacation rentals along South Walton beaches and Scenic 30A.,Dune Allen Realty Vacation Rentals | WhereTo30A,Beach vacation rentals along South Walton beaches and Scenic 30A.,"Dune Allen Realty Vacation Rentals, vacation rental company, Tourist & Vacation Services, Santa Rosa Beach, 30A, South Walton, vacation rentals",5200 W County Hwy 30A Santa Rosa Beach FL 32459; (850) 267-2121,,https://business.waltonareachamber.com/list/ql/lodging-travel-15,"## What It Is

Beach vacation rentals along South Walton beaches and Scenic 30A.

## What You Can Find

vacation rentals.

## What to Know

This entry was regenerated from local directory source data and should be checked before publishing.",vacation rental company,"[""vacation rentals""]",[],[],"[""airy""]","[""locals_favorite""]","What type of place is this?
Vacation rental company in Santa Rosa Beach.
What can you get here?
vacation rentals.
Who is it for?
Locals, homeowners, visitors, and people searching for vacation rental company options around 30A.
What occasion or situation fits?
locals favorite.
What's the atmosphere like?
The vibe is airy. It is a practical directory fit for people comparing local options.
What's the price range?
$$$ based on typical category expectations.","vacation rental company vacation rentals

Beach vacation rentals along South Walton beaches and Scenic 30A. This profile is useful for people searching by service type, category, and nearby 30A area.",3
Echelon Luxury Properties,echelon-luxury-properties,Santa Rosa Beach,,Tourist & Vacation Services,Echelon Luxury Properties is a travel service listed for the tourist & vacation services category serving Santa Rosa Beach.,Echelon Luxury Properties is a travel service listed for the tourist & vacation services category serving Santa Rosa Beach.,Echelon Luxury Properties | WhereTo30A,Echelon Luxury Properties is a travel service listed for the tourist & vacation services category serving Santa Rosa Beach.,"Echelon Luxury Properties, travel service, Tourist & Vacation Services, Santa Rosa Beach, 30A, South Walton",605 N County Hwy 393 Suite 11A Santa Rosa Beach FL 32459; (888) 843-5893,,https://business.waltonareachamber.com/list/ql/lodging-travel-15,"## What It Is

Echelon Luxury Properties is a travel service listed for the tourist & vacation services category serving Santa Rosa Beach.

## What You Can Find

travel service.

## What to Know

This entry was regenerated from local directory source data and should be checked before publishing.",travel service,"[""travel service""]",[],[],"[""upscale"", ""airy""]","[""locals_favorite""]","What type of place is this?
Travel service in Santa Rosa Beach.
What can you get here?
travel service.
Who is it for?
Locals, homeowners, visitors, and people searching for travel service options around 30A.
What occasion or situation fits?
locals favorite.
What's the atmosphere like?
The vibe is upscale, airy. It is a practical directory fit for people comparing local options.
What's the price range?
$$ based on typical category expectations.","travel service travel service

Echelon Luxury Properties is a travel service listed for the tourist & vacation services category serving Santa Rosa Beach. This profile is useful for people searching by service type, category, and nearby 30A area.",2
Embassy Suites by Hilton-Destin/Miramar Beach,embassy-suites-by-hilton-destin-miramar-beach,Miramar Beach,,Tourist & Vacation Services,Embassy Suites by Hilton-Destin/Miramar Beach is a hotel listed for the tourist & vacation services category serving Miramar Beach.,Embassy Suites by Hilton-Destin/Miramar Beach is a hotel listed for the tourist & vacation services category serving Miramar Beach.,Embassy Suites by Hilton-Destin/Miramar Beach | WhereTo30A,Embassy Suites by Hilton-Destin/Miramar Beach is a hotel listed for the tourist & vacation services category serving Miramar Beach.,"Embassy Suites by Hilton-Destin/Miramar Beach, hotel, Tourist & Vacation Services, Miramar Beach, 30A, South Walton, hotel rooms",Miramar Beach FL 32550,,https://business.waltonareachamber.com/list/ql/lodging-travel-15,"## What It Is

Embassy Suites by Hilton-Destin/Miramar Beach is a hotel listed for the tourist & vacation services category serving Miramar Beach.

## What You Can Find

hotel rooms.

## What to Know

This entry was regenerated from local directory source data and should be checked before publishing.",hotel,"[""hotel rooms""]",[],[],"[""upscale"", ""airy""]","[""family_outing"", ""tourist_attraction""]","What type of place is this?
Hotel in Miramar Beach.
What can you get here?
hotel rooms.
Who is it for?
Locals, homeowners, visitors, and people searching for hotel options around 30A.
What occasion or situation fits?
family outing, tourist attraction.
What's the atmosphere like?
The vibe is upscale, airy. It is a practical directory fit for people comparing local options.
What's the price range?
$$$ based on typical category expectations.","hotel hotel rooms

Embassy Suites by Hilton-Destin/Miramar Beach is a hotel listed for the tourist & vacation services category serving Miramar Beach. This profile is useful for people searching by service type, category, and nearby 30A area.",3
Emerald Bay Golf Club,emerald-bay-golf-club,Destin,,Tourist & Vacation Services,Golf course in Destin.,Golf course in Destin.,Emerald Bay Golf Club | WhereTo30A,Golf course in Destin.,"Emerald Bay Golf Club, resort, Tourist & Vacation Services, Destin, 30A, South Walton, resort lodging, golf",4781 Clubhouse Drive Destin FL 32541; (850) 837-5197,,https://business.waltonareachamber.com/list/ql/sports-recreation-24,"## What It Is

Golf course in Destin.

## What You Can Find

resort lodging, golf.

## What to Know

This entry was regenerated from local directory source data and should be checked before publishing.",resort,"[""resort lodging"", ""golf""]",[],[],"[""casual"", ""upscale""]","[""family_outing"", ""tourist_attraction""]","What type of place is this?
Resort in Destin.
What can you get here?
resort lodging, golf.
Who is it for?
Locals, homeowners, visitors, and people searching for resort options around 30A.
What occasion or situation fits?
family outing, tourist attraction.
What's the atmosphere like?
The vibe is casual, upscale. It is a practical directory fit for people comparing local options.
What's the price range?
$$$ based on typical category expectations.","resort resort lodging golf

Golf course in Destin. This profile is useful for people searching by service type, category, and nearby 30A area.",3
Gibson Beach Rentals,gibson-beach-rentals,Miramar Beach,,Tourist & Vacation Services,"Vacation rentals in Destin, Sandestin, and Miramar Beach.","Vacation rentals in Destin, Sandestin, and Miramar Beach.",Gibson Beach Rentals | WhereTo30A,"Vacation rentals in Destin, Sandestin, and Miramar Beach.","Gibson Beach Rentals, vacation rental company, Tourist & Vacation Services, Miramar Beach, 30A, South Walton, vacation rentals",80 S Geronimo St Unit 6 Miramar Beach FL 32550; (850) 636-6651,,https://business.waltonareachamber.com/list/ql/lodging-travel-15,"## What It Is

Vacation rentals in Destin, Sandestin, and Miramar Beach.

## What You Can Find

vacation rentals.

## What to Know

This entry was regenerated from local directory source data and should be checked before publishing.",vacation rental company,"[""vacation rentals""]",[],[],"[""airy""]","[""locals_favorite""]","What type of place is this?
Vacation rental company in Miramar Beach.
What can you get here?
vacation rentals.
Who is it for?
Locals, homeowners, visitors, and people searching for vacation rental company options around 30A.
What occasion or situation fits?
locals favorite.
What's the atmosphere like?
The vibe is airy. It is a practical directory fit for people comparing local options.
What's the price range?
$$$ based on typical category expectations.","vacation rental company vacation rentals

Vacation rentals in Destin, Sandestin, and Miramar Beach. This profile is useful for people searching by service type, category, and nearby 30A area.",3
Glow Paddle,glow-paddle,Santa Rosa Beach,WaterColor,Tourist & Vacation Services,Glow Paddle is a paddleboard tour listed for the tourist & vacation services category serving Santa Rosa Beach.,Glow Paddle is a paddleboard tour listed for the tourist & vacation services category serving Santa Rosa Beach.,Glow Paddle | WhereTo30A,Glow Paddle is a paddleboard tour listed for the tourist & vacation services category serving Santa Rosa Beach.,"Glow Paddle, paddleboard tour, Tourist & Vacation Services, Santa Rosa Beach, 30A, South Walton, paddleboards",250 Watercolor Blvd W Santa Rosa Beach FL 32459; (850) 979-4569,,https://business.waltonareachamber.com/list/ql/sports-recreation-24,"## What It Is

Glow Paddle is a paddleboard tour listed for the tourist & vacation services category serving Santa Rosa Beach.

## What You Can Find

paddleboards.

## What to Know

This entry was regenerated from local directory source data and should be checked before publishing.",paddleboard tour,"[""paddleboards""]",[],[],"[""airy""]","[""family_outing"", ""tourist_attraction""]","What type of place is this?
Paddleboard tour in Santa Rosa Beach.
What can you get here?
paddleboards.
Who is it for?
Locals, homeowners, visitors, and people searching for paddleboard tour options around 30A.
What occasion or situation fits?
family outing, tourist attraction.
What's the atmosphere like?
The vibe is airy. It is a practical directory fit for people comparing local options.
What's the price range?
$$ based on typical category expectations.","paddleboard tour paddleboards

Glow Paddle is a paddleboard tour listed for the tourist & vacation services category serving Santa Rosa Beach. This profile is useful for people searching by service type, category, and nearby 30A area.",2
Henderson Park Inn,henderson-park-inn,Destin,,Tourist & Vacation Services,Adults-only boutique hotel with modern luxury and coastal charm.,Adults-only boutique hotel with modern luxury and coastal charm.,Henderson Park Inn | WhereTo30A,Adults-only boutique hotel with modern luxury and coastal charm.,"Henderson Park Inn, hotel, Tourist & Vacation Services, Destin, 30A, South Walton, hotel rooms, clothing, accessories",2700 Scenic Hwy 98 Destin FL 32541; (888) 836-1105,,https://business.waltonareachamber.com/list/ql/lodging-travel-15,"## What It Is

Adults-only boutique hotel with modern luxury and coastal charm.

## What You Can Find

hotel rooms, clothing, accessories.

## What to Know

This entry was regenerated from local directory source data and should be checked before publishing.",hotel,"[""hotel rooms"", ""clothing"", ""accessories""]",[],[],"[""casual"", ""upscale""]","[""souvenir_shopping"", ""girls_trip"", ""family_outing"", ""tourist_attraction""]","What type of place is this?
Hotel in Destin.
What can you get here?
hotel rooms, clothing, accessories.
Who is it for?
Locals, homeowners, visitors, and people searching for hotel options around 30A.
What occasion or situation fits?
souvenir shopping, girls trip, family outing, tourist attraction.
What's the atmosphere like?
The vibe is casual, upscale. It is a practical directory fit for people comparing local options.
What's the price range?
$$$ based on typical category expectations.","hotel hotel rooms clothing accessories

Adults-only boutique hotel with modern luxury and coastal charm. This profile is useful for people searching by service type, category, and nearby 30A area.",3
Its Lit Bonfires LLC,its-lit-bonfires-llc,Panama City Beach,,Tourist & Vacation Services,Its Lit Bonfires LLC is a beach bonfire service listed for the tourist & vacation services category serving Panama City Beach.,Its Lit Bonfires LLC is a beach bonfire service listed for the tourist & vacation services category serving Panama City Beach.,Its Lit Bonfires LLC | WhereTo30A,Its Lit Bonfires LLC is a beach bonfire service listed for the tourist & vacation services category serving Panama City Beach.,"Its Lit Bonfires LLC, beach bonfire service, Tourist & Vacation Services, Panama City Beach, 30A, South Walton, beach bonfires",307 Sand Oak Blvd Panama City Beach FL 32413; (850) 361-8078,,https://business.waltonareachamber.com/list/ql/sports-recreation-24,"## What It Is

Its Lit Bonfires LLC is a beach bonfire service listed for the tourist & vacation services category serving Panama City Beach.

## What You Can Find

beach bonfires.

## What to Know

This entry was regenerated from local directory source data and should be checked before publishing.",beach bonfire service,"[""beach bonfires""]",[],[],"[""airy""]","[""celebration"", ""special_occasion""]","What type of place is this?
Beach bonfire service in Panama City Beach.
What can you get here?
beach bonfires.
Who is it for?
Locals, homeowners, visitors, and people searching for beach bonfire service options around 30A.
What occasion or situation fits?
celebration, special occasion.
What's the atmosphere like?
The vibe is airy. It is a practical directory fit for people comparing local options.
What's the price range?
$$ based on typical category expectations.","beach bonfire service beach bonfires

Its Lit Bonfires LLC is a beach bonfire service listed for the tourist & vacation services category serving Panama City Beach. This profile is useful for people searching by service type, category, and nearby 30A area.",2
Lagree30A,lagree30a,Inlet Beach,Watersound Town Center,Tourist & Vacation Services,Lagree30A is a pilates studio listed for the tourist & vacation services category serving Inlet Beach.,Lagree30A is a pilates studio listed for the tourist & vacation services category serving Inlet Beach.,Lagree30A | WhereTo30A,Lagree30A is a pilates studio listed for the tourist & vacation services category serving Inlet Beach.,"Lagree30A, pilates studio, Tourist & Vacation Services, Inlet Beach, 30A, South Walton, pilates",74 Origins Main Street STE 201 Inlet Beach FL 32461; (360) 888-5220,,https://business.waltonareachamber.com/list/ql/sports-recreation-24,"## What It Is

Lagree30A is a pilates studio listed for the tourist & vacation services category serving Inlet Beach.

## What You Can Find

pilates.

## What to Know

This entry was regenerated from local directory source data and should be checked before publishing.",pilates studio,"[""pilates""]",[],[],"[""airy""]","[""locals_favorite""]","What type of place is this?
Pilates studio in Inlet Beach.
What can you get here?
pilates.
Who is it for?
Locals, homeowners, visitors, and people searching for pilates studio options around 30A.
What occasion or situation fits?
locals favorite.
What's the atmosphere like?
The vibe is airy. It is a practical directory fit for people comparing local options.
What's the price range?
$$ based on typical category expectations.","pilates studio pilates

Lagree30A is a pilates studio listed for the tourist & vacation services category serving Inlet Beach. This profile is useful for people searching by service type, category, and nearby 30A area.",2
Legendary Marine,legendary-marine,Destin,,Tourist & Vacation Services,Legendary Marine is a boat dealer listed for the tourist & vacation services category serving Destin.,Legendary Marine is a boat dealer listed for the tourist & vacation services category serving Destin.,Legendary Marine | WhereTo30A,Legendary Marine is a boat dealer listed for the tourist & vacation services category serving Destin.,"Legendary Marine, boat dealer, Tourist & Vacation Services, Destin, 30A, South Walton, boats, marine service",4601 Legendary Marina Drive Destin FL 32541; (888) 881-6313,,https://business.waltonareachamber.com/list/ql/sports-recreation-24,"## What It Is

Legendary Marine is a boat dealer listed for the tourist & vacation services category serving Destin.

## What You Can Find

boats, marine service.

## What to Know

This entry was regenerated from local directory source data and should be checked before publishing.",boat dealer,"[""boats"", ""marine service""]",[],[],"[""casual""]","[""locals_favorite""]","What type of place is this?
Boat dealer in Destin.
What can you get here?
boats, marine service.
Who is it for?
Locals, homeowners, visitors, and people searching for boat dealer options around 30A.
What occasion or situation fits?
locals favorite.
What's the atmosphere like?
The vibe is casual. It is a practical directory fit for people comparing local options.
What's the price range?
$$$$ based on typical category expectations.","boat dealer boats marine service

Legendary Marine is a boat dealer listed for the tourist & vacation services category serving Destin. This profile is useful for people searching by service type, category, and nearby 30A area.",4
Luna Ballroom,luna-ballroom,Destin,,Tourist & Vacation Services,Luna Ballroom is a travel service listed for the tourist & vacation services category serving Destin.,Luna Ballroom is a travel service listed for the tourist & vacation services category serving Destin.,Luna Ballroom | WhereTo30A,Luna Ballroom is a travel service listed for the tourist & vacation services category serving Destin.,"Luna Ballroom, travel service, Tourist & Vacation Services, Destin, 30A, South Walton",4552 US Highway 98 West Unit 7&8 Destin FL 32541; (850) 687-6375,,https://business.waltonareachamber.com/list/ql/sports-recreation-24,"## What It Is

Luna Ballroom is a travel service listed for the tourist & vacation services category serving Destin.

## What You Can Find

travel service.

## What to Know

This entry was regenerated from local directory source data and should be checked before publishing.",travel service,"[""travel service""]",[],[],"[""casual""]","[""locals_favorite""]","What type of place is this?
Travel service in Destin.
What can you get here?
travel service.
Who is it for?
Locals, homeowners, visitors, and people searching for travel service options around 30A.
What occasion or situation fits?
locals favorite.
What's the atmosphere like?
The vibe is casual. It is a practical directory fit for people comparing local options.
What's the price range?
$$ based on typical category expectations.","travel service travel service

Luna Ballroom is a travel service listed for the tourist & vacation services category serving Destin. This profile is useful for people searching by service type, category, and nearby 30A area.",2
Oversee,oversee,Santa Rosa Beach,,Tourist & Vacation Services,Oversee is a travel service listed for the tourist & vacation services category serving Santa Rosa Beach.,Oversee is a travel service listed for the tourist & vacation services category serving Santa Rosa Beach.,Oversee | WhereTo30A,Oversee is a travel service listed for the tourist & vacation services category serving Santa Rosa Beach.,"Oversee, travel service, Tourist & Vacation Services, Santa Rosa Beach, 30A, South Walton",Santa Rosa Beach FL; (888) 290-3489,,uploaded report / regenerated source notes,"## What It Is

Oversee is a travel service listed for the tourist & vacation services category serving Santa Rosa Beach.

## What You Can Find

travel service.

## What to Know

This entry was regenerated from local directory source data and should be checked before publishing.",travel service,"[""travel service""]",[],[],"[""airy""]","[""locals_favorite""]","What type of place is this?
Travel service in Santa Rosa Beach.
What can you get here?
travel service.
Who is it for?
Locals, homeowners, visitors, and people searching for travel service options around 30A.
What occasion or situation fits?
locals favorite.
What's the atmosphere like?
The vibe is airy. It is a practical directory fit for people comparing local options.
What's the price range?
$$ based on typical category expectations.","travel service travel service

Oversee is a travel service listed for the tourist & vacation services category serving Santa Rosa Beach. This profile is useful for people searching by service type, category, and nearby 30A area.",2
Pirates Voyage Dinner & Show,pirates-voyage-dinner-and-show,Panama City Beach,,Tourist & Vacation Services,Dinner show attraction.,Dinner show attraction.,Pirates Voyage Dinner & Show | WhereTo30A,Dinner show attraction.,"Pirates Voyage Dinner & Show, hotel, Tourist & Vacation Services, Panama City Beach, 30A, South Walton, hotel rooms",16061 Panama City Beach Parkway Panama City Beach FL 32413; (850) 909-2469,,https://business.waltonareachamber.com/list/ql/sports-recreation-24,"## What It Is

Dinner show attraction.

## What You Can Find

hotel rooms.

## What to Know

This entry was regenerated from local directory source data and should be checked before publishing.",hotel,"[""hotel rooms""]",[],[],"[""upscale"", ""airy""]","[""family_outing"", ""tourist_attraction""]","What type of place is this?
Hotel in Panama City Beach.
What can you get here?
hotel rooms.
Who is it for?
Locals, homeowners, visitors, and people searching for hotel options around 30A.
What occasion or situation fits?
family outing, tourist attraction.
What's the atmosphere like?
The vibe is upscale, airy. It is a practical directory fit for people comparing local options.
What's the price range?
$$$ based on typical category expectations.","hotel hotel rooms

Dinner show attraction. This profile is useful for people searching by service type, category, and nearby 30A area.",3
Rainforest Black Light Golf & Arcade,rainforest-black-light-golf-and-arcade,Destin,,Tourist & Vacation Services,"18-hole indoor blacklight miniature golf course, arcade, 7D dark ride, VR roller coaster, and event room.","18-hole indoor blacklight miniature golf course, arcade, 7D dark ride, VR roller coaster, and event room.",Rainforest Black Light Golf & Arcade | WhereTo30A,"18-hole indoor blacklight miniature golf course, arcade, 7D dark ride, VR roller coaster, and event room.","Rainforest Black Light Golf & Arcade, golf course, Tourist & Vacation Services, Destin, 30A, South Walton, golf",11394 US Hwy 98 W Suite D Destin FL 32550; (850) 460-8878,,https://business.waltonareachamber.com/list/ql/sports-recreation-24,"## What It Is

18-hole indoor blacklight miniature golf course, arcade, 7D dark ride, VR roller coaster, and event room.

## What You Can Find

golf.

## What to Know

This entry was regenerated from local directory source data and should be checked before publishing.",golf course,"[""golf""]",[],[],"[""family_friendly"", ""kid_friendly"", ""casual"", ""lively""]","[""family_outing"", ""tourist_attraction""]","What type of place is this?
Golf course in Destin.
What can you get here?
golf.
Who is it for?
Locals, homeowners, visitors, and people searching for golf course options around 30A.
What occasion or situation fits?
family outing, tourist attraction.
What's the atmosphere like?
The vibe is family friendly, kid friendly, casual, lively. It is a practical directory fit for people comparing local options.
What's the price range?
$$ based on typical category expectations.","golf course golf

18-hole indoor blacklight miniature golf course, arcade, 7D dark ride, VR roller coaster, and event room. This profile is useful for people searching by service type, category, and nearby 30A area.",2
Raven Golf Club at Sandestin,raven-golf-club-at-sandestin,Miramar Beach,,Tourist & Vacation Services,Raven Golf Club at Sandestin is a resort listed for the tourist & vacation services category serving Miramar Beach.,Raven Golf Club at Sandestin is a resort listed for the tourist & vacation services category serving Miramar Beach.,Raven Golf Club at Sandestin | WhereTo30A,Raven Golf Club at Sandestin is a resort listed for the tourist & vacation services category serving Miramar Beach.,"Raven Golf Club at Sandestin, resort, Tourist & Vacation Services, Miramar Beach, 30A, South Walton, resort lodging, golf",1199 Troon Drive Miramar Beach FL 32459; (850) 267-8155,,https://business.waltonareachamber.com/list/ql/sports-recreation-24,"## What It Is

Raven Golf Club at Sandestin is a resort listed for the tourist & vacation services category serving Miramar Beach.

## What You Can Find

resort lodging, golf.

## What to Know

This entry was regenerated from local directory source data and should be checked before publishing.",resort,"[""resort lodging"", ""golf""]",[],[],"[""casual"", ""upscale"", ""airy""]","[""family_outing"", ""tourist_attraction""]","What type of place is this?
Resort in Miramar Beach.
What can you get here?
resort lodging, golf.
Who is it for?
Locals, homeowners, visitors, and people searching for resort options around 30A.
What occasion or situation fits?
family outing, tourist attraction.
What's the atmosphere like?
The vibe is casual, upscale, airy. It is a practical directory fit for people comparing local options.
What's the price range?
$$$ based on typical category expectations.","resort resort lodging golf

Raven Golf Club at Sandestin is a resort listed for the tourist & vacation services category serving Miramar Beach. This profile is useful for people searching by service type, category, and nearby 30A area.",3
Santa Rosa Golf & Beach Club,santa-rosa-golf-and-beach-club,Santa Rosa Beach,,Tourist & Vacation Services,Santa Rosa Golf & Beach Club is a resort listed for the tourist & vacation services category serving Santa Rosa Beach.,Santa Rosa Golf & Beach Club is a resort listed for the tourist & vacation services category serving Santa Rosa Beach.,Santa Rosa Golf & Beach Club | WhereTo30A,Santa Rosa Golf & Beach Club is a resort listed for the tourist & vacation services category serving Santa Rosa Beach.,"Santa Rosa Golf & Beach Club, resort, Tourist & Vacation Services, Santa Rosa Beach, 30A, South Walton, resort lodging, golf",4801 W Scenic HWY 30A Santa Rosa Beach FL 32459; (850) 267-1240,,https://business.waltonareachamber.com/list/ql/sports-recreation-24,"## What It Is

Santa Rosa Golf & Beach Club is a resort listed for the tourist & vacation services category serving Santa Rosa Beach.

## What You Can Find

resort lodging, golf.

## What to Know

This entry was regenerated from local directory source data and should be checked before publishing.",resort,"[""resort lodging"", ""golf""]",[],[],"[""casual"", ""upscale"", ""airy""]","[""family_outing"", ""tourist_attraction""]","What type of place is this?
Resort in Santa Rosa Beach.
What can you get here?
resort lodging, golf.
Who is it for?
Locals, homeowners, visitors, and people searching for resort options around 30A.
What occasion or situation fits?
family outing, tourist attraction.
What's the atmosphere like?
The vibe is casual, upscale, airy. It is a practical directory fit for people comparing local options.
What's the price range?
$$$ based on typical category expectations.","resort resort lodging golf

Santa Rosa Golf & Beach Club is a resort listed for the tourist & vacation services category serving Santa Rosa Beach. This profile is useful for people searching by service type, category, and nearby 30A area.",3
Splash RV Resort,splash-rv-resort,Milton,,Tourist & Vacation Services,"RV resort with cabins, wagons, pools, mini golf, arcade, pickleball, and basketball courts.","RV resort with cabins, wagons, pools, mini golf, arcade, pickleball, and basketball courts.",Splash RV Resort | WhereTo30A,"RV resort with cabins, wagons, pools, mini golf, arcade, pickleball, and basketball courts.","Splash RV Resort, resort, Tourist & Vacation Services, Milton, 30A, South Walton, resort lodging, pickleball, golf",8500 Welcome Church Rd Milton FL 32583; (850) 613-8054,,https://business.waltonareachamber.com/list/ql/sports-recreation-24,"## What It Is

RV resort with cabins, wagons, pools, mini golf, arcade, pickleball, and basketball courts.

## What You Can Find

resort lodging, pickleball, golf.

## What to Know

This entry was regenerated from local directory source data and should be checked before publishing.",resort,"[""resort lodging"", ""pickleball"", ""golf""]",[],[],"[""family_friendly"", ""kid_friendly"", ""casual"", ""upscale"", ""lively""]","[""family_outing"", ""tourist_attraction""]","What type of place is this?
Resort in Milton.
What can you get here?
resort lodging, pickleball, golf.
Who is it for?
Locals, homeowners, visitors, and people searching for resort options around 30A.
What occasion or situation fits?
family outing, tourist attraction.
What's the atmosphere like?
The vibe is family friendly, kid friendly, casual, upscale, lively. It is a practical directory fit for people comparing local options.
What's the price range?
$$$ based on typical category expectations.","resort resort lodging pickleball golf

RV resort with cabins, wagons, pools, mini golf, arcade, pickleball, and basketball courts. This profile is useful for people searching by service type, category, and nearby 30A area.",3
The Back Nine of Destin,the-back-nine-of-destin,Santa Rosa Beach,,Tourist & Vacation Services,The Back Nine of Destin is a travel service listed for the tourist & vacation services category serving Santa Rosa Beach.,The Back Nine of Destin is a travel service listed for the tourist & vacation services category serving Santa Rosa Beach.,The Back Nine of Destin | WhereTo30A,The Back Nine of Destin is a travel service listed for the tourist & vacation services category serving Santa Rosa Beach.,"The Back Nine of Destin, travel service, Tourist & Vacation Services, Santa Rosa Beach, 30A, South Walton","4552 US Hwy 98 W, Unit 18 Santa Rosa Beach FL 32459; (850) 687-5605",,https://business.waltonareachamber.com/list/ql/sports-recreation-24,"## What It Is

The Back Nine of Destin is a travel service listed for the tourist & vacation services category serving Santa Rosa Beach.

## What You Can Find

travel service.

## What to Know

This entry was regenerated from local directory source data and should be checked before publishing.",travel service,"[""travel service""]",[],[],"[""airy""]","[""locals_favorite""]","What type of place is this?
Travel service in Santa Rosa Beach.
What can you get here?
travel service.
Who is it for?
Locals, homeowners, visitors, and people searching for travel service options around 30A.
What occasion or situation fits?
locals favorite.
What's the atmosphere like?
The vibe is airy. It is a practical directory fit for people comparing local options.
What's the price range?
$$ based on typical category expectations.","travel service travel service

The Back Nine of Destin is a travel service listed for the tourist & vacation services category serving Santa Rosa Beach. This profile is useful for people searching by service type, category, and nearby 30A area.",2
The Friends of Topsail Hill Preserve State Park,the-friends-of-topsail-hill-preserve-state-park,Miramar Beach,Grand Boulevard,Tourist & Vacation Services,The Friends of Topsail Hill Preserve State Park is a travel service listed for the tourist & vacation services category serving Miramar Beach.,The Friends of Topsail Hill Preserve State Park is a travel service listed for the tourist & vacation services category serving Miramar Beach.,The Friends of Topsail Hill Preserve State Park | WhereTo30A,The Friends of Topsail Hill Preserve State Park is a travel service listed for the tourist & vacation services category serving Miramar Beach.,"The Friends of Topsail Hill Preserve State Park, travel service, Tourist & Vacation Services, Miramar Beach, 30A, South Walton",755 Grand Boulevard Suite B-105-194 Miramar Beach FL 32550; (850) 267-8333,,https://business.waltonareachamber.com/list/ql/sports-recreation-24,"## What It Is

The Friends of Topsail Hill Preserve State Park is a travel service listed for the tourist & vacation services category serving Miramar Beach.

## What You Can Find

travel service.

## What to Know

This entry was regenerated from local directory source data and should be checked before publishing.",travel service,"[""travel service""]",[],[],"[""upscale"", ""airy""]","[""locals_favorite""]","What type of place is this?
Travel service in Miramar Beach.
What can you get here?
travel service.
Who is it for?
Locals, homeowners, visitors, and people searching for travel service options around 30A.
What occasion or situation fits?
locals favorite.
What's the atmosphere like?
The vibe is upscale, airy. It is a practical directory fit for people comparing local options.
What's the price range?
$$ based on typical category expectations.","travel service travel service

The Friends of Topsail Hill Preserve State Park is a travel service listed for the tourist & vacation services category serving Miramar Beach. This profile is useful for people searching by service type, category, and nearby 30A area.",2
The Links Golf Club at Sandestin,the-links-golf-club-at-sandestin,Miramar Beach,,Tourist & Vacation Services,The Links Golf Club at Sandestin is a resort listed for the tourist & vacation services category serving Miramar Beach.,The Links Golf Club at Sandestin is a resort listed for the tourist & vacation services category serving Miramar Beach.,The Links Golf Club at Sandestin | WhereTo30A,The Links Golf Club at Sandestin is a resort listed for the tourist & vacation services category serving Miramar Beach.,"The Links Golf Club at Sandestin, resort, Tourist & Vacation Services, Miramar Beach, 30A, South Walton, resort lodging, golf",165 Sandestin Blvd Miramar Beach FL 32459; (850) 267-8144,,https://business.waltonareachamber.com/list/ql/sports-recreation-24,"## What It Is

The Links Golf Club at Sandestin is a resort listed for the tourist & vacation services category serving Miramar Beach.

## What You Can Find

resort lodging, golf.

## What to Know

This entry was regenerated from local directory source data and should be checked before publishing.",resort,"[""resort lodging"", ""golf""]",[],[],"[""casual"", ""upscale"", ""airy""]","[""family_outing"", ""tourist_attraction""]","What type of place is this?
Resort in Miramar Beach.
What can you get here?
resort lodging, golf.
Who is it for?
Locals, homeowners, visitors, and people searching for resort options around 30A.
What occasion or situation fits?
family outing, tourist attraction.
What's the atmosphere like?
The vibe is casual, upscale, airy. It is a practical directory fit for people comparing local options.
What's the price range?
$$$ based on typical category expectations.","resort resort lodging golf

The Links Golf Club at Sandestin is a resort listed for the tourist & vacation services category serving Miramar Beach. This profile is useful for people searching by service type, category, and nearby 30A area.",3
The Pearl Hotel,the-pearl-hotel,Rosemary Beach,,Tourist & Vacation Services,The Pearl Hotel is a hotel listed for the tourist & vacation services category serving Rosemary Beach.,The Pearl Hotel is a hotel listed for the tourist & vacation services category serving Rosemary Beach.,The Pearl Hotel | WhereTo30A,The Pearl Hotel is a hotel listed for the tourist & vacation services category serving Rosemary Beach.,"The Pearl Hotel, hotel, Tourist & Vacation Services, Rosemary Beach, 30A, South Walton, hotel rooms",Rosemary Beach FL; (850) 588-2881,,uploaded report / regenerated source notes,"## What It Is

The Pearl Hotel is a hotel listed for the tourist & vacation services category serving Rosemary Beach.

## What You Can Find

hotel rooms.

## What to Know

This entry was regenerated from local directory source data and should be checked before publishing.",hotel,"[""hotel rooms""]",[],[],"[""upscale"", ""airy""]","[""family_outing"", ""tourist_attraction""]","What type of place is this?
Hotel in Rosemary Beach.
What can you get here?
hotel rooms.
Who is it for?
Locals, homeowners, visitors, and people searching for hotel options around 30A.
What occasion or situation fits?
family outing, tourist attraction.
What's the atmosphere like?
The vibe is upscale, airy. It is a practical directory fit for people comparing local options.
What's the price range?
$$$ based on typical category expectations.","hotel hotel rooms

The Pearl Hotel is a hotel listed for the tourist & vacation services category serving Rosemary Beach. This profile is useful for people searching by service type, category, and nearby 30A area.",3
The Track Family Fun Park,the-track-family-fun-park,Destin,,Tourist & Vacation Services,The Track Family Fun Park is a family attraction listed for the tourist & vacation services category serving Destin.,The Track Family Fun Park is a family attraction listed for the tourist & vacation services category serving Destin.,The Track Family Fun Park | WhereTo30A,The Track Family Fun Park is a family attraction listed for the tourist & vacation services category serving Destin.,"The Track Family Fun Park, family attraction, Tourist & Vacation Services, Destin, 30A, South Walton, arcade, mini golf, go-karts",1125 Highway 98 E Destin FL 32541; 850-654-4668,,https://business.waltonareachamber.com/list/ql/sports-recreation-24,"## What It Is

The Track Family Fun Park is a family attraction listed for the tourist & vacation services category serving Destin.

## What You Can Find

arcade, mini golf, go-karts.

## What to Know

This entry was regenerated from local directory source data and should be checked before publishing.",family attraction,"[""arcade"", ""mini golf"", ""go-karts""]",[],[],"[""family_friendly"", ""kid_friendly""]","[""family_outing"", ""tourist_attraction""]","What type of place is this?
Family attraction in Destin.
What can you get here?
arcade, mini golf, go-karts.
Who is it for?
Locals, homeowners, visitors, and people searching for family attraction options around 30A.
What occasion or situation fits?
family outing, tourist attraction.
What's the atmosphere like?
The vibe is family friendly, kid friendly. It is a practical directory fit for people comparing local options.
What's the price range?
$$ based on typical category expectations.","family attraction arcade mini golf go-karts

The Track Family Fun Park is a family attraction listed for the tourist & vacation services category serving Destin. This profile is useful for people searching by service type, category, and nearby 30A area.",2
Walton County Tourism Department,walton-county-tourism-department,Santa Rosa Beach,,Tourist & Vacation Services,Walton County Tourism Department is a tourism office listed for the tourist & vacation services category serving Santa Rosa Beach.,Walton County Tourism Department is a tourism office listed for the tourist & vacation services category serving Santa Rosa Beach.,Walton County Tourism Department | WhereTo30A,Walton County Tourism Department is a tourism office listed for the tourist & vacation services category serving Santa Rosa Beach.,"Walton County Tourism Department, tourism office, Tourist & Vacation Services, Santa Rosa Beach, 30A, South Walton, visitor information",25777 US Hwy 331 S Santa Rosa Beach FL 32459; (850) 267-1216,,https://business.waltonareachamber.com/list/ql/lodging-travel-15,"## What It Is

Walton County Tourism Department is a tourism office listed for the tourist & vacation services category serving Santa Rosa Beach.

## What You Can Find

visitor information.

## What to Know

This entry was regenerated from local directory source data and should be checked before publishing.",tourism office,"[""visitor information""]",[],[],"[""airy""]","[""locals_favorite""]","What type of place is this?
Tourism office in Santa Rosa Beach.
What can you get here?
visitor information.
Who is it for?
Locals, homeowners, visitors, and people searching for tourism office options around 30A.
What occasion or situation fits?
locals favorite.
What's the atmosphere like?
The vibe is airy. It is a practical directory fit for people comparing local options.
What's the price range?
$$ based on typical category expectations.","tourism office visitor information

Walton County Tourism Department is a tourism office listed for the tourist & vacation services category serving Santa Rosa Beach. This profile is useful for people searching by service type, category, and nearby 30A area.",2
WaterColor Inn,watercolor-inn,Santa Rosa Beach,WaterColor,Tourist & Vacation Services,WaterColor Inn is a hotel listed for the tourist & vacation services category serving Santa Rosa Beach.,WaterColor Inn is a hotel listed for the tourist & vacation services category serving Santa Rosa Beach.,WaterColor Inn | WhereTo30A,WaterColor Inn is a hotel listed for the tourist & vacation services category serving Santa Rosa Beach.,"WaterColor Inn, hotel, Tourist & Vacation Services, Santa Rosa Beach, 30A, South Walton, hotel rooms",Santa Rosa Beach FL; (850) 534-5000,,uploaded report / regenerated source notes,"## What It Is

WaterColor Inn is a hotel listed for the tourist & vacation services category serving Santa Rosa Beach.

## What You Can Find

hotel rooms.

## What to Know

This entry was regenerated from local directory source data and should be checked before publishing.",hotel,"[""hotel rooms""]",[],[],"[""upscale"", ""airy""]","[""family_outing"", ""tourist_attraction""]","What type of place is this?
Hotel in Santa Rosa Beach.
What can you get here?
hotel rooms.
Who is it for?
Locals, homeowners, visitors, and people searching for hotel options around 30A.
What occasion or situation fits?
family outing, tourist attraction.
What's the atmosphere like?
The vibe is upscale, airy. It is a practical directory fit for people comparing local options.
What's the price range?
$$$ based on typical category expectations.","hotel hotel rooms

WaterColor Inn is a hotel listed for the tourist & vacation services category serving Santa Rosa Beach. This profile is useful for people searching by service type, category, and nearby 30A area.",3
Watersound Club,watersound-club,Watersound,Watersound Town Center,Tourist & Vacation Services,Watersound Club is a resort listed for the tourist & vacation services category serving Watersound.,Watersound Club is a resort listed for the tourist & vacation services category serving Watersound.,Watersound Club | WhereTo30A,Watersound Club is a resort listed for the tourist & vacation services category serving Watersound.,"Watersound Club, resort, Tourist & Vacation Services, Watersound, 30A, South Walton, resort lodging",6652 E. County Hwy 30A Suite 140 Watersound FL 32461,,https://business.waltonareachamber.com/list/ql/sports-recreation-24,"## What It Is

Watersound Club is a resort listed for the tourist & vacation services category serving Watersound.

## What You Can Find

resort lodging.

## What to Know

This entry was regenerated from local directory source data and should be checked before publishing.",resort,"[""resort lodging""]",[],[],"[""upscale"", ""airy""]","[""family_outing"", ""tourist_attraction""]","What type of place is this?
Resort in Watersound.
What can you get here?
resort lodging.
Who is it for?
Locals, homeowners, visitors, and people searching for resort options around 30A.
What occasion or situation fits?
family outing, tourist attraction.
What's the atmosphere like?
The vibe is upscale, airy. It is a practical directory fit for people comparing local options.
What's the price range?
$$$ based on typical category expectations.","resort resort lodging

Watersound Club is a resort listed for the tourist & vacation services category serving Watersound. This profile is useful for people searching by service type, category, and nearby 30A area.",3
