title,slug,town_or_area,shopping_area,category,seo_description,search_keywords,excerpt,contact_information,website,source_url,markdown_writeup
3rd Cup Coffee,3rd-cup-coffee,Rosemary Beach,Rosemary Beach Town Center,coffee shops,"Find 3rd Cup Coffee in Rosemary Beach: category, contact info, website, location, and quick notes for WhereTo30A.","3rd Cup Coffee, Rosemary Beach, Rosemary Beach Town Center, coffee shops, 30A",Coffee shop in Rosemary Beach Town Center.,224-567-2900,,https://www.rosemarybeachfl.org/town-center/,"If you're spending time in Rosemary Beach Town Center, Rosemary Beach, 3rd Cup Coffee is a coffee shop worth knowing about. Coffee shop in Rosemary Beach Town Center. It fits naturally into a 30A day when you want something close by, easy to plan around, and tied to the feel of Rosemary Beach.

## What It Is

3rd Cup Coffee is a coffee shop located in Rosemary Beach Town Center in Rosemary Beach. It is a good one to know when you want a morning stop, an afternoon pick-me-up, or a place to anchor a walk through Rosemary Beach.

## What You'll Find

- Coffee, tea, or casual drinks depending on the shop
- A convenient stop near Rosemary Beach Town Center
- A place to begin the morning before the beach or shopping
- A low-key break during a longer 30A day

## What People Like

People tend to like coffee stops like 3rd Cup Coffee because they make a day in Rosemary Beach feel easier. It gives you a natural starting point, especially if you are walking, biking, or meeting someone nearby.

## What to Know

Morning hours are usually the safest bet for coffee shops, but always confirm the current schedule before making a special trip. Lines can build during spring break, summer, and holiday weekends, so earlier is usually better.

## Why You'd Go Here

- You want coffee before heading to the beach
- You are meeting someone in Rosemary Beach
- You need an easy stop while exploring Rosemary Beach Town Center
- You are creating a morning itinerary along 30A

## Bottom Line

3rd Cup Coffee is a helpful coffee shop to keep on your Rosemary Beach list. It works best as a simple morning stop or an easy pause while exploring nearby."
Amavida Coffee & Tea,amavida-coffee-and-tea,Rosemary Beach,Rosemary Beach Town Center,coffee shops,"Find Amavida Coffee & Tea in Rosemary Beach: category, contact info, website, location, and quick notes for WhereTo30A.","Amavida Coffee & Tea, Rosemary Beach, Rosemary Beach Town Center, coffee shops, 30A",Local coffee and tea shop in Rosemary Beach.,850-231-1077,https://amavida.com,https://www.rosemarybeachfl.org/town-center/,"If you're spending time in Rosemary Beach Town Center, Rosemary Beach, Amavida Coffee & Tea is a coffee shop worth knowing about. Local coffee and tea shop in Rosemary Beach. It fits naturally into a 30A day when you want something close by, easy to plan around, and tied to the feel of Rosemary Beach.

## What It Is

Amavida Coffee & Tea is a coffee shop located in Rosemary Beach Town Center in Rosemary Beach. It is a good one to know when you want a morning stop, an afternoon pick-me-up, or a place to anchor a walk through Rosemary Beach.

## What You'll Find

- Coffee, tea, or casual drinks depending on the shop
- A convenient stop near Rosemary Beach Town Center
- A place to begin the morning before the beach or shopping
- A low-key break during a longer 30A day

## What People Like

People tend to like coffee stops like Amavida Coffee & Tea because they make a day in Rosemary Beach feel easier. It gives you a natural starting point, especially if you are walking, biking, or meeting someone nearby.

## What to Know

Morning hours are usually the safest bet for coffee shops, but always confirm the current schedule before making a special trip. Lines can build during spring break, summer, and holiday weekends, so earlier is usually better.

## Why You'd Go Here

- You want coffee before heading to the beach
- You are meeting someone in Rosemary Beach
- You need an easy stop while exploring Rosemary Beach Town Center
- You are creating a morning itinerary along 30A

## Bottom Line

Amavida Coffee & Tea is a helpful coffee shop to keep on your Rosemary Beach list. It works best as a simple morning stop or an easy pause while exploring nearby."
Charlie’s Café,charlies-cafe,Rosemary Beach,Rosemary Beach Town Center,restaurants,"Find Charlie’s Café in Rosemary Beach: category, contact info, website, location, and quick notes for WhereTo30A.","Charlie’s Café, Rosemary Beach, Rosemary Beach Town Center, restaurants, 30A",Casual café in North Barrett Square.,850-588-3050,https://charliescaferosemary.square.site/,https://www.rosemarybeachfl.org/town-center/,"If you're spending time in Rosemary Beach Town Center, Rosemary Beach, Charlie’s Café is a restaurant worth knowing about. Casual café in North Barrett Square. It fits naturally into a 30A day when you want something close by, easy to plan around, and tied to the feel of Rosemary Beach.

## What It Is

Charlie’s Café is a restaurant located in Rosemary Beach Town Center in Rosemary Beach. It is the kind of place to keep on your list when you are planning where to eat around Rosemary Beach, whether you are coming from the beach, walking through the shopping area, or looking for an easy stop near where you are staying.

## What You'll Find

- Food and drink options for a casual 30A meal
- A convenient location in or near Rosemary Beach Town Center
- A good option to compare with other restaurants in Rosemary Beach
- A stop that works well before or after beach time, shopping, or exploring nearby

## What People Like

People usually look for places like Charlie’s Café because they want an easy meal option that feels connected to the area instead of feeling random or out of the way. The biggest draw is the location, especially if you are already spending time around Rosemary Beach Town Center.

## What to Know

Check the current hours before you go, especially during slower seasons or on holiday weekends. Parking and crowds can vary a lot around Rosemary Beach, so give yourself extra time if you are visiting during lunch, dinner, or peak vacation weeks.

## Why You'd Go Here

- You are looking for a meal near Rosemary Beach Town Center
- You want something convenient while exploring Rosemary Beach
- You are building out a dining list for a beach trip
- You need a practical stop that does not require driving far

## Bottom Line

Charlie’s Café is a useful restaurant listing for anyone planning time in Rosemary Beach. Add it to your WhereTo30A shortlist when convenience, location, and a clear sense of place matter."
Cowgirl Kitchen,cowgirl-kitchen,Rosemary Beach,Rosemary Beach Town Center,restaurants,"Find Cowgirl Kitchen in Rosemary Beach: category, contact info, website, location, and quick notes for WhereTo30A.","Cowgirl Kitchen, Rosemary Beach, Rosemary Beach Town Center, restaurants, 30A",Casual Rosemary Beach restaurant and cafe.,850-231-0058,,https://www.rosemarybeachfl.org/town-center/,"If you're spending time in Rosemary Beach Town Center, Rosemary Beach, Cowgirl Kitchen is a restaurant worth knowing about. Casual Rosemary Beach restaurant and cafe. It fits naturally into a 30A day when you want something close by, easy to plan around, and tied to the feel of Rosemary Beach.

## What It Is

Cowgirl Kitchen is a restaurant located in Rosemary Beach Town Center in Rosemary Beach. It is the kind of place to keep on your list when you are planning where to eat around Rosemary Beach, whether you are coming from the beach, walking through the shopping area, or looking for an easy stop near where you are staying.

## What You'll Find

- Food and drink options for a casual 30A meal
- A convenient location in or near Rosemary Beach Town Center
- A good option to compare with other restaurants in Rosemary Beach
- A stop that works well before or after beach time, shopping, or exploring nearby

## What People Like

People usually look for places like Cowgirl Kitchen because they want an easy meal option that feels connected to the area instead of feeling random or out of the way. The biggest draw is the location, especially if you are already spending time around Rosemary Beach Town Center.

## What to Know

Check the current hours before you go, especially during slower seasons or on holiday weekends. Parking and crowds can vary a lot around Rosemary Beach, so give yourself extra time if you are visiting during lunch, dinner, or peak vacation weeks.

## Why You'd Go Here

- You are looking for a meal near Rosemary Beach Town Center
- You want something convenient while exploring Rosemary Beach
- You are building out a dining list for a beach trip
- You need a practical stop that does not require driving far

## Bottom Line

Cowgirl Kitchen is a useful restaurant listing for anyone planning time in Rosemary Beach. Add it to your WhereTo30A shortlist when convenience, location, and a clear sense of place matter."
The Courtyard at Pescado,the-courtyard-at-pescado,Rosemary Beach,Rosemary Beach Town Center,bars,"Find The Courtyard at Pescado in Rosemary Beach: category, contact info, website, location, and quick notes for WhereTo30A.","The Courtyard at Pescado, Rosemary Beach, Rosemary Beach Town Center, bars, 30A",Outdoor courtyard bar and dining at Pescado.,850-213-4600,https://rooftop30a.com/the-courtyard,https://www.rosemarybeachfl.org/town-center/,"If you're spending time in Rosemary Beach Town Center, Rosemary Beach, The Courtyard at Pescado is a bar or nightlife stop worth knowing about. Outdoor courtyard bar and dining at Pescado. It fits naturally into a 30A day when you want something close by, easy to plan around, and tied to the feel of Rosemary Beach.

## What It Is

The Courtyard at Pescado is a bar or drinks-focused stop located in Rosemary Beach Town Center in Rosemary Beach. It is the kind of place to consider when your 30A plans shift from beach time into dinner, drinks, or a more social evening.

## What You'll Find

- Beer, wine, cocktails, or casual drinks depending on the venue
- A location that works well around Rosemary Beach Town Center
- A spot to add to an evening itinerary
- A place to pair with dinner, live music, or a walk through the area when available

## What People Like

People are usually drawn to places like The Courtyard at Pescado for the setting and convenience. Around 30A, the best bar stops are often the ones that are easy to reach, easy to pair with dinner, and relaxed enough to fit the beach-town pace.

## What to Know

Hours, entertainment, and food availability can change by season. Check the current details before you go, especially if you are planning around live music, a late night, or a holiday weekend.

## Why You'd Go Here

- You want drinks near Rosemary Beach Town Center
- You are planning a casual evening in Rosemary Beach
- You need a bar option to pair with dinner nearby
- You are looking for a social stop after beach time

## Bottom Line

The Courtyard at Pescado is worth saving as a drinks option in Rosemary Beach. It is best used as part of a relaxed evening plan rather than a rushed stop."
Summer Kitchen Café,summer-kitchen-cafe,Rosemary Beach,Rosemary Beach Town Center,restaurants,"Find Summer Kitchen Café in Rosemary Beach: category, contact info, website, location, and quick notes for WhereTo30A.","Summer Kitchen Café, Rosemary Beach, Rosemary Beach Town Center, restaurants, 30A",Longtime Rosemary Beach cafe on Main Street.,850-213-0521,https://summerkitchencafe.com,https://www.rosemarybeachfl.org/town-center/,"If you're spending time in Rosemary Beach Town Center, Rosemary Beach, Summer Kitchen Café is a restaurant worth knowing about. Longtime Rosemary Beach cafe on Main Street. It fits naturally into a 30A day when you want something close by, easy to plan around, and tied to the feel of Rosemary Beach.

## What It Is

Summer Kitchen Café is a restaurant located in Rosemary Beach Town Center in Rosemary Beach. It is the kind of place to keep on your list when you are planning where to eat around Rosemary Beach, whether you are coming from the beach, walking through the shopping area, or looking for an easy stop near where you are staying.

## What You'll Find

- Food and drink options for a casual 30A meal
- A convenient location in or near Rosemary Beach Town Center
- A good option to compare with other restaurants in Rosemary Beach
- A stop that works well before or after beach time, shopping, or exploring nearby

## What People Like

People usually look for places like Summer Kitchen Café because they want an easy meal option that feels connected to the area instead of feeling random or out of the way. The biggest draw is the location, especially if you are already spending time around Rosemary Beach Town Center.

## What to Know

Check the current hours before you go, especially during slower seasons or on holiday weekends. Parking and crowds can vary a lot around Rosemary Beach, so give yourself extra time if you are visiting during lunch, dinner, or peak vacation weeks.

## Why You'd Go Here

- You are looking for a meal near Rosemary Beach Town Center
- You want something convenient while exploring Rosemary Beach
- You are building out a dining list for a beach trip
- You need a practical stop that does not require driving far

## Bottom Line

Summer Kitchen Café is a useful restaurant listing for anyone planning time in Rosemary Beach. Add it to your WhereTo30A shortlist when convenience, location, and a clear sense of place matter."
Edward’s Fine Food & Wine,edwards-fine-food-and-wine,Rosemary Beach,Rosemary Beach Town Center,restaurants,"Find Edward’s Fine Food & Wine in Rosemary Beach: category, contact info, website, location, and quick notes for WhereTo30A.","Edward’s Fine Food & Wine, Rosemary Beach, Rosemary Beach Town Center, restaurants, 30A",Fine food and wine restaurant in Rosemary Beach.,850-231-0550,https://edwards30a.com,https://www.rosemarybeachfl.org/town-center/,"If you're spending time in Rosemary Beach Town Center, Rosemary Beach, Edward’s Fine Food & Wine is a restaurant worth knowing about. Fine food and wine restaurant in Rosemary Beach. It fits naturally into a 30A day when you want something close by, easy to plan around, and tied to the feel of Rosemary Beach.

## What It Is

Edward’s Fine Food & Wine is a restaurant located in Rosemary Beach Town Center in Rosemary Beach. It is the kind of place to keep on your list when you are planning where to eat around Rosemary Beach, whether you are coming from the beach, walking through the shopping area, or looking for an easy stop near where you are staying.

## What You'll Find

- Food and drink options for a casual 30A meal
- A convenient location in or near Rosemary Beach Town Center
- A good option to compare with other restaurants in Rosemary Beach
- A stop that works well before or after beach time, shopping, or exploring nearby

## What People Like

People usually look for places like Edward’s Fine Food & Wine because they want an easy meal option that feels connected to the area instead of feeling random or out of the way. The biggest draw is the location, especially if you are already spending time around Rosemary Beach Town Center.

## What to Know

Check the current hours before you go, especially during slower seasons or on holiday weekends. Parking and crowds can vary a lot around Rosemary Beach, so give yourself extra time if you are visiting during lunch, dinner, or peak vacation weeks.

## Why You'd Go Here

- You are looking for a meal near Rosemary Beach Town Center
- You want something convenient while exploring Rosemary Beach
- You are building out a dining list for a beach trip
- You need a practical stop that does not require driving far

## Bottom Line

Edward’s Fine Food & Wine is a useful restaurant listing for anyone planning time in Rosemary Beach. Add it to your WhereTo30A shortlist when convenience, location, and a clear sense of place matter."
Gallion’s Restaurant & Cocktail Lounge,gallions-restaurant-and-cocktail-lounge,Rosemary Beach,Rosemary Beach Town Center,restaurants,"Find Gallion’s Restaurant & Cocktail Lounge in Rosemary Beach: category, contact info, website, location, and quick notes for WhereTo30A.","Gallion’s Restaurant & Cocktail Lounge, Rosemary Beach, Rosemary Beach Town Center, restaurants, 30A",Upscale restaurant and cocktail lounge on North Barrett Square.,850-399-4909,https://www.gallions30a.com,https://www.rosemarybeachfl.org/town-center/,"If you're spending time in Rosemary Beach Town Center, Rosemary Beach, Gallion’s Restaurant & Cocktail Lounge is a restaurant worth knowing about. Upscale restaurant and cocktail lounge on North Barrett Square. It fits naturally into a 30A day when you want something close by, easy to plan around, and tied to the feel of Rosemary Beach.

## What It Is

Gallion’s Restaurant & Cocktail Lounge is a restaurant located in Rosemary Beach Town Center in Rosemary Beach. It is the kind of place to keep on your list when you are planning where to eat around Rosemary Beach, whether you are coming from the beach, walking through the shopping area, or looking for an easy stop near where you are staying.

## What You'll Find

- Food and drink options for a casual 30A meal
- A convenient location in or near Rosemary Beach Town Center
- A good option to compare with other restaurants in Rosemary Beach
- A stop that works well before or after beach time, shopping, or exploring nearby

## What People Like

People usually look for places like Gallion’s Restaurant & Cocktail Lounge because they want an easy meal option that feels connected to the area instead of feeling random or out of the way. The biggest draw is the location, especially if you are already spending time around Rosemary Beach Town Center.

## What to Know

Check the current hours before you go, especially during slower seasons or on holiday weekends. Parking and crowds can vary a lot around Rosemary Beach, so give yourself extra time if you are visiting during lunch, dinner, or peak vacation weeks.

## Why You'd Go Here

- You are looking for a meal near Rosemary Beach Town Center
- You want something convenient while exploring Rosemary Beach
- You are building out a dining list for a beach trip
- You need a practical stop that does not require driving far

## Bottom Line

Gallion’s Restaurant & Cocktail Lounge is a useful restaurant listing for anyone planning time in Rosemary Beach. Add it to your WhereTo30A shortlist when convenience, location, and a clear sense of place matter."
Havana Beach Bar & Grill,havana-beach-bar-and-grill,Rosemary Beach,Rosemary Beach Town Center,restaurants,"Find Havana Beach Bar & Grill in Rosemary Beach: category, contact info, website, location, and quick notes for WhereTo30A.","Havana Beach Bar & Grill, Rosemary Beach, Rosemary Beach Town Center, restaurants, 30A",Restaurant at The Pearl Hotel in Rosemary Beach.,850-588-2882,https://www.thepearlrb.com,https://www.rosemarybeachfl.org/town-center/,"If you're spending time in Rosemary Beach Town Center, Rosemary Beach, Havana Beach Bar & Grill is a restaurant worth knowing about. Restaurant at The Pearl Hotel in Rosemary Beach. It fits naturally into a 30A day when you want something close by, easy to plan around, and tied to the feel of Rosemary Beach.

## What It Is

Havana Beach Bar & Grill is a restaurant located in Rosemary Beach Town Center in Rosemary Beach. It is the kind of place to keep on your list when you are planning where to eat around Rosemary Beach, whether you are coming from the beach, walking through the shopping area, or looking for an easy stop near where you are staying.

## What You'll Find

- Food and drink options for a casual 30A meal
- A convenient location in or near Rosemary Beach Town Center
- A good option to compare with other restaurants in Rosemary Beach
- A stop that works well before or after beach time, shopping, or exploring nearby

## What People Like

People usually look for places like Havana Beach Bar & Grill because they want an easy meal option that feels connected to the area instead of feeling random or out of the way. The biggest draw is the location, especially if you are already spending time around Rosemary Beach Town Center.

## What to Know

Check the current hours before you go, especially during slower seasons or on holiday weekends. Parking and crowds can vary a lot around Rosemary Beach, so give yourself extra time if you are visiting during lunch, dinner, or peak vacation weeks.

## Why You'd Go Here

- You are looking for a meal near Rosemary Beach Town Center
- You want something convenient while exploring Rosemary Beach
- You are building out a dining list for a beach trip
- You need a practical stop that does not require driving far

## Bottom Line

Havana Beach Bar & Grill is a useful restaurant listing for anyone planning time in Rosemary Beach. Add it to your WhereTo30A shortlist when convenience, location, and a clear sense of place matter."
Havana Beach Rooftop Lounge,havana-beach-rooftop-lounge,Rosemary Beach,Rosemary Beach Town Center,bars,"Find Havana Beach Rooftop Lounge in Rosemary Beach: category, contact info, website, location, and quick notes for WhereTo30A.","Havana Beach Rooftop Lounge, Rosemary Beach, Rosemary Beach Town Center, bars, 30A",Rooftop lounge at The Pearl Hotel.,850-588-2882,https://www.thepearlrb.com,https://www.rosemarybeachfl.org/town-center/,"If you're spending time in Rosemary Beach Town Center, Rosemary Beach, Havana Beach Rooftop Lounge is a bar or nightlife stop worth knowing about. Rooftop lounge at The Pearl Hotel. It fits naturally into a 30A day when you want something close by, easy to plan around, and tied to the feel of Rosemary Beach.

## What It Is

Havana Beach Rooftop Lounge is a bar or drinks-focused stop located in Rosemary Beach Town Center in Rosemary Beach. It is the kind of place to consider when your 30A plans shift from beach time into dinner, drinks, or a more social evening.

## What You'll Find

- Beer, wine, cocktails, or casual drinks depending on the venue
- A location that works well around Rosemary Beach Town Center
- A spot to add to an evening itinerary
- A place to pair with dinner, live music, or a walk through the area when available

## What People Like

People are usually drawn to places like Havana Beach Rooftop Lounge for the setting and convenience. Around 30A, the best bar stops are often the ones that are easy to reach, easy to pair with dinner, and relaxed enough to fit the beach-town pace.

## What to Know

Hours, entertainment, and food availability can change by season. Check the current details before you go, especially if you are planning around live music, a late night, or a holiday weekend.

## Why You'd Go Here

- You want drinks near Rosemary Beach Town Center
- You are planning a casual evening in Rosemary Beach
- You need a bar option to pair with dinner nearby
- You are looking for a social stop after beach time

## Bottom Line

Havana Beach Rooftop Lounge is worth saving as a drinks option in Rosemary Beach. It is best used as part of a relaxed evening plan rather than a rushed stop."
Kilwin’s Rosemary Beach,kilwins-rosemary-beach,Rosemary Beach,Rosemary Beach Town Center,restaurants,"Find Kilwin’s Rosemary Beach in Rosemary Beach: category, contact info, website, location, and quick notes for WhereTo30A.","Kilwin’s Rosemary Beach, Rosemary Beach, Rosemary Beach Town Center, restaurants, 30A","Chocolate, fudge, and ice cream shop.",850-399-4000,https://www.kilwins.com,https://www.rosemarybeachfl.org/town-center/,"If you're spending time in Rosemary Beach Town Center, Rosemary Beach, Kilwin’s Rosemary Beach is a restaurant worth knowing about. Chocolate, fudge, and ice cream shop. It fits naturally into a 30A day when you want something close by, easy to plan around, and tied to the feel of Rosemary Beach.

## What It Is

Kilwin’s Rosemary Beach is a restaurant located in Rosemary Beach Town Center in Rosemary Beach. It is the kind of place to keep on your list when you are planning where to eat around Rosemary Beach, whether you are coming from the beach, walking through the shopping area, or looking for an easy stop near where you are staying.

## What You'll Find

- Food and drink options for a casual 30A meal
- A convenient location in or near Rosemary Beach Town Center
- A good option to compare with other restaurants in Rosemary Beach
- A stop that works well before or after beach time, shopping, or exploring nearby

## What People Like

People usually look for places like Kilwin’s Rosemary Beach because they want an easy meal option that feels connected to the area instead of feeling random or out of the way. The biggest draw is the location, especially if you are already spending time around Rosemary Beach Town Center.

## What to Know

Check the current hours before you go, especially during slower seasons or on holiday weekends. Parking and crowds can vary a lot around Rosemary Beach, so give yourself extra time if you are visiting during lunch, dinner, or peak vacation weeks.

## Why You'd Go Here

- You are looking for a meal near Rosemary Beach Town Center
- You want something convenient while exploring Rosemary Beach
- You are building out a dining list for a beach trip
- You need a practical stop that does not require driving far

## Bottom Line

Kilwin’s Rosemary Beach is a useful restaurant listing for anyone planning time in Rosemary Beach. Add it to your WhereTo30A shortlist when convenience, location, and a clear sense of place matter."
La Crema Tapas & Chocolate,la-crema-tapas-and-chocolate,Rosemary Beach,Rosemary Beach Town Center,restaurants,"Find La Crema Tapas & Chocolate in Rosemary Beach: category, contact info, website, location, and quick notes for WhereTo30A.","La Crema Tapas & Chocolate, Rosemary Beach, Rosemary Beach Town Center, restaurants, 30A",Tapas and chocolate restaurant on Main Street.,850-534-3004,https://lacrematapas.com,https://www.rosemarybeachfl.org/town-center/,"If you're spending time in Rosemary Beach Town Center, Rosemary Beach, La Crema Tapas & Chocolate is a restaurant worth knowing about. Tapas and chocolate restaurant on Main Street. It fits naturally into a 30A day when you want something close by, easy to plan around, and tied to the feel of Rosemary Beach.

## What It Is

La Crema Tapas & Chocolate is a restaurant located in Rosemary Beach Town Center in Rosemary Beach. It is the kind of place to keep on your list when you are planning where to eat around Rosemary Beach, whether you are coming from the beach, walking through the shopping area, or looking for an easy stop near where you are staying.

## What You'll Find

- Food and drink options for a casual 30A meal
- A convenient location in or near Rosemary Beach Town Center
- A good option to compare with other restaurants in Rosemary Beach
- A stop that works well before or after beach time, shopping, or exploring nearby

## What People Like

People usually look for places like La Crema Tapas & Chocolate because they want an easy meal option that feels connected to the area instead of feeling random or out of the way. The biggest draw is the location, especially if you are already spending time around Rosemary Beach Town Center.

## What to Know

Check the current hours before you go, especially during slower seasons or on holiday weekends. Parking and crowds can vary a lot around Rosemary Beach, so give yourself extra time if you are visiting during lunch, dinner, or peak vacation weeks.

## Why You'd Go Here

- You are looking for a meal near Rosemary Beach Town Center
- You want something convenient while exploring Rosemary Beach
- You are building out a dining list for a beach trip
- You need a practical stop that does not require driving far

## Bottom Line

La Crema Tapas & Chocolate is a useful restaurant listing for anyone planning time in Rosemary Beach. Add it to your WhereTo30A shortlist when convenience, location, and a clear sense of place matter."
Playa Bowls Rosemary Beach,playa-bowls-rosemary-beach,Rosemary Beach,Rosemary Beach Town Center,restaurants,"Find Playa Bowls Rosemary Beach in Rosemary Beach: category, contact info, website, location, and quick notes for WhereTo30A.","Playa Bowls Rosemary Beach, Rosemary Beach, Rosemary Beach Town Center, restaurants, 30A","Acai bowls, smoothies, and beachy grab-and-go food.",,https://www.playabowls.com,https://www.rosemarybeachfl.org/town-center/,"If you're spending time in Rosemary Beach Town Center, Rosemary Beach, Playa Bowls Rosemary Beach is a restaurant worth knowing about. Acai bowls, smoothies, and beachy grab-and-go food. It fits naturally into a 30A day when you want something close by, easy to plan around, and tied to the feel of Rosemary Beach.

## What It Is

Playa Bowls Rosemary Beach is a restaurant located in Rosemary Beach Town Center in Rosemary Beach. It is the kind of place to keep on your list when you are planning where to eat around Rosemary Beach, whether you are coming from the beach, walking through the shopping area, or looking for an easy stop near where you are staying.

## What You'll Find

- Food and drink options for a casual 30A meal
- A convenient location in or near Rosemary Beach Town Center
- A good option to compare with other restaurants in Rosemary Beach
- A stop that works well before or after beach time, shopping, or exploring nearby

## What People Like

People usually look for places like Playa Bowls Rosemary Beach because they want an easy meal option that feels connected to the area instead of feeling random or out of the way. The biggest draw is the location, especially if you are already spending time around Rosemary Beach Town Center.

## What to Know

Check the current hours before you go, especially during slower seasons or on holiday weekends. Parking and crowds can vary a lot around Rosemary Beach, so give yourself extra time if you are visiting during lunch, dinner, or peak vacation weeks.

## Why You'd Go Here

- You are looking for a meal near Rosemary Beach Town Center
- You want something convenient while exploring Rosemary Beach
- You are building out a dining list for a beach trip
- You need a practical stop that does not require driving far

## Bottom Line

Playa Bowls Rosemary Beach is a useful restaurant listing for anyone planning time in Rosemary Beach. Add it to your WhereTo30A shortlist when convenience, location, and a clear sense of place matter."
Restaurant Paradis,restaurant-paradis,Rosemary Beach,Rosemary Beach Town Center,restaurants,"Find Restaurant Paradis in Rosemary Beach: category, contact info, website, location, and quick notes for WhereTo30A.","Restaurant Paradis, Rosemary Beach, Rosemary Beach Town Center, restaurants, 30A",Fine dining restaurant on South Barrett Square.,850-534-0400,https://restaurantparadis.com,https://www.rosemarybeachfl.org/town-center/,"If you're spending time in Rosemary Beach Town Center, Rosemary Beach, Restaurant Paradis is a restaurant worth knowing about. Fine dining restaurant on South Barrett Square. It fits naturally into a 30A day when you want something close by, easy to plan around, and tied to the feel of Rosemary Beach.

## What It Is

Restaurant Paradis is a restaurant located in Rosemary Beach Town Center in Rosemary Beach. It is the kind of place to keep on your list when you are planning where to eat around Rosemary Beach, whether you are coming from the beach, walking through the shopping area, or looking for an easy stop near where you are staying.

## What You'll Find

- Food and drink options for a casual 30A meal
- A convenient location in or near Rosemary Beach Town Center
- A good option to compare with other restaurants in Rosemary Beach
- A stop that works well before or after beach time, shopping, or exploring nearby

## What People Like

People usually look for places like Restaurant Paradis because they want an easy meal option that feels connected to the area instead of feeling random or out of the way. The biggest draw is the location, especially if you are already spending time around Rosemary Beach Town Center.

## What to Know

Check the current hours before you go, especially during slower seasons or on holiday weekends. Parking and crowds can vary a lot around Rosemary Beach, so give yourself extra time if you are visiting during lunch, dinner, or peak vacation weeks.

## Why You'd Go Here

- You are looking for a meal near Rosemary Beach Town Center
- You want something convenient while exploring Rosemary Beach
- You are building out a dining list for a beach trip
- You need a practical stop that does not require driving far

## Bottom Line

Restaurant Paradis is a useful restaurant listing for anyone planning time in Rosemary Beach. Add it to your WhereTo30A shortlist when convenience, location, and a clear sense of place matter."
Bombora Sun & Surf,bombora-sun-and-surf,Rosemary Beach,Rosemary Beach Town Center,shopping,"Find Bombora Sun & Surf in Rosemary Beach: category, contact info, website, location, and quick notes for WhereTo30A.","Bombora Sun & Surf, Rosemary Beach, Rosemary Beach Town Center, shopping, 30A","Surf, beach clothing, shoes, accessories, and beach needs.",850-278-2092,https://www.bomborasunandsurf.com,https://www.rosemarybeachfl.org/town-center/,"If you're spending time in Rosemary Beach Town Center, Rosemary Beach, Bombora Sun & Surf is a shop worth knowing about. Surf, beach clothing, shoes, accessories, and beach needs. It fits naturally into a 30A day when you want something close by, easy to plan around, and tied to the feel of Rosemary Beach.

## What It Is

Bombora Sun & Surf is a shopping stop located in Rosemary Beach Town Center in Rosemary Beach. It is a good listing to know if you like browsing local boutiques, beach-town retail, home goods, apparel, gifts, or specialty finds while exploring Rosemary Beach.

## What You'll Find

- Retail items that may include apparel, gifts, home goods, accessories, or specialty products
- A storefront in or near Rosemary Beach Town Center
- A browse-worthy stop between meals or beach plans
- A local shopping option to add to a 30A itinerary

## What People Like

People tend to like shops like Bombora Sun & Surf because they add character to a beach day. Instead of only planning around restaurants, this gives you somewhere to wander, browse, and find something that feels tied to the area.

## What to Know

Inventory, hours, and seasonal collections can change, so check the shop directly before making a special trip. Parking is easiest when you visit outside peak lunch and dinner windows, especially in busier town centers.

## Why You'd Go Here

- You want to browse local shops in Rosemary Beach
- You are looking for gifts or vacation finds
- You need a break from the beach
- You are exploring Rosemary Beach Town Center on foot

## Bottom Line

Bombora Sun & Surf is a good shopping listing for anyone exploring Rosemary Beach. It works well as part of a slower 30A day with time to wander."
Disco Rosemary Beach,disco-rosemary-beach,Rosemary Beach,Rosemary Beach Town Center,shopping,"Find Disco Rosemary Beach in Rosemary Beach: category, contact info, website, location, and quick notes for WhereTo30A.","Disco Rosemary Beach, Rosemary Beach, Rosemary Beach Town Center, shopping, 30A","Women’s clothing, shoes, and accessories boutique.",850-588-4316,https://www.ishop30a.com,https://www.rosemarybeachfl.org/town-center/,"If you're spending time in Rosemary Beach Town Center, Rosemary Beach, Disco Rosemary Beach is a shop worth knowing about. Women’s clothing, shoes, and accessories boutique. It fits naturally into a 30A day when you want something close by, easy to plan around, and tied to the feel of Rosemary Beach.

## What It Is

Disco Rosemary Beach is a shopping stop located in Rosemary Beach Town Center in Rosemary Beach. It is a good listing to know if you like browsing local boutiques, beach-town retail, home goods, apparel, gifts, or specialty finds while exploring Rosemary Beach.

## What You'll Find

- Retail items that may include apparel, gifts, home goods, accessories, or specialty products
- A storefront in or near Rosemary Beach Town Center
- A browse-worthy stop between meals or beach plans
- A local shopping option to add to a 30A itinerary

## What People Like

People tend to like shops like Disco Rosemary Beach because they add character to a beach day. Instead of only planning around restaurants, this gives you somewhere to wander, browse, and find something that feels tied to the area.

## What to Know

Inventory, hours, and seasonal collections can change, so check the shop directly before making a special trip. Parking is easiest when you visit outside peak lunch and dinner windows, especially in busier town centers.

## Why You'd Go Here

- You want to browse local shops in Rosemary Beach
- You are looking for gifts or vacation finds
- You need a break from the beach
- You are exploring Rosemary Beach Town Center on foot

## Bottom Line

Disco Rosemary Beach is a good shopping listing for anyone exploring Rosemary Beach. It works well as part of a slower 30A day with time to wander."
Faherty Rosemary Beach,faherty-rosemary-beach,Rosemary Beach,Rosemary Beach Town Center,shopping,"Find Faherty Rosemary Beach in Rosemary Beach: category, contact info, website, location, and quick notes for WhereTo30A.","Faherty Rosemary Beach, Rosemary Beach, Rosemary Beach Town Center, shopping, 30A",Men’s and women’s clothing and accessories.,850-213-3064,https://fahertybrand.com,https://www.rosemarybeachfl.org/town-center/,"If you're spending time in Rosemary Beach Town Center, Rosemary Beach, Faherty Rosemary Beach is a shop worth knowing about. Men’s and women’s clothing and accessories. It fits naturally into a 30A day when you want something close by, easy to plan around, and tied to the feel of Rosemary Beach.

## What It Is

Faherty Rosemary Beach is a shopping stop located in Rosemary Beach Town Center in Rosemary Beach. It is a good listing to know if you like browsing local boutiques, beach-town retail, home goods, apparel, gifts, or specialty finds while exploring Rosemary Beach.

## What You'll Find

- Retail items that may include apparel, gifts, home goods, accessories, or specialty products
- A storefront in or near Rosemary Beach Town Center
- A browse-worthy stop between meals or beach plans
- A local shopping option to add to a 30A itinerary

## What People Like

People tend to like shops like Faherty Rosemary Beach because they add character to a beach day. Instead of only planning around restaurants, this gives you somewhere to wander, browse, and find something that feels tied to the area.

## What to Know

Inventory, hours, and seasonal collections can change, so check the shop directly before making a special trip. Parking is easiest when you visit outside peak lunch and dinner windows, especially in busier town centers.

## Why You'd Go Here

- You want to browse local shops in Rosemary Beach
- You are looking for gifts or vacation finds
- You need a break from the beach
- You are exploring Rosemary Beach Town Center on foot

## Bottom Line

Faherty Rosemary Beach is a good shopping listing for anyone exploring Rosemary Beach. It works well as part of a slower 30A day with time to wander."
Gigi’s Fabulous Kids’ Fashions & Toys,gigis-fabulous-kids-fashions-and-toys,Rosemary Beach,Rosemary Beach Town Center,shopping,"Find Gigi’s Fabulous Kids’ Fashions & Toys in Rosemary Beach: category, contact info, website, location, and quick notes for WhereTo30A.","Gigi’s Fabulous Kids’ Fashions & Toys, Rosemary Beach, Rosemary Beach Town Center, shopping, 30A","Kids clothing, shoes, toys, and games.",850-231-0110,https://www.gigisfabkids.com,https://www.rosemarybeachfl.org/town-center/,"If you're spending time in Rosemary Beach Town Center, Rosemary Beach, Gigi’s Fabulous Kids’ Fashions & Toys is a shop worth knowing about. Kids clothing, shoes, toys, and games. It fits naturally into a 30A day when you want something close by, easy to plan around, and tied to the feel of Rosemary Beach.

## What It Is

Gigi’s Fabulous Kids’ Fashions & Toys is a shopping stop located in Rosemary Beach Town Center in Rosemary Beach. It is a good listing to know if you like browsing local boutiques, beach-town retail, home goods, apparel, gifts, or specialty finds while exploring Rosemary Beach.

## What You'll Find

- Retail items that may include apparel, gifts, home goods, accessories, or specialty products
- A storefront in or near Rosemary Beach Town Center
- A browse-worthy stop between meals or beach plans
- A local shopping option to add to a 30A itinerary

## What People Like

People tend to like shops like Gigi’s Fabulous Kids’ Fashions & Toys because they add character to a beach day. Instead of only planning around restaurants, this gives you somewhere to wander, browse, and find something that feels tied to the area.

## What to Know

Inventory, hours, and seasonal collections can change, so check the shop directly before making a special trip. Parking is easiest when you visit outside peak lunch and dinner windows, especially in busier town centers.

## Why You'd Go Here

- You want to browse local shops in Rosemary Beach
- You are looking for gifts or vacation finds
- You need a break from the beach
- You are exploring Rosemary Beach Town Center on foot

## Bottom Line

Gigi’s Fabulous Kids’ Fashions & Toys is a good shopping listing for anyone exploring Rosemary Beach. It works well as part of a slower 30A day with time to wander."
Hissyfits Boutique,hissyfits-boutique,Rosemary Beach,Rosemary Beach Town Center,shopping,"Find Hissyfits Boutique in Rosemary Beach: category, contact info, website, location, and quick notes for WhereTo30A.","Hissyfits Boutique, Rosemary Beach, Rosemary Beach Town Center, shopping, 30A","Women’s boutique for clothing, shoes, and accessories.",850-231-0311,,https://www.rosemarybeachfl.org/town-center/,"If you're spending time in Rosemary Beach Town Center, Rosemary Beach, Hissyfits Boutique is a shop worth knowing about. Women’s boutique for clothing, shoes, and accessories. It fits naturally into a 30A day when you want something close by, easy to plan around, and tied to the feel of Rosemary Beach.

## What It Is

Hissyfits Boutique is a shopping stop located in Rosemary Beach Town Center in Rosemary Beach. It is a good listing to know if you like browsing local boutiques, beach-town retail, home goods, apparel, gifts, or specialty finds while exploring Rosemary Beach.

## What You'll Find

- Retail items that may include apparel, gifts, home goods, accessories, or specialty products
- A storefront in or near Rosemary Beach Town Center
- A browse-worthy stop between meals or beach plans
- A local shopping option to add to a 30A itinerary

## What People Like

People tend to like shops like Hissyfits Boutique because they add character to a beach day. Instead of only planning around restaurants, this gives you somewhere to wander, browse, and find something that feels tied to the area.

## What to Know

Inventory, hours, and seasonal collections can change, so check the shop directly before making a special trip. Parking is easiest when you visit outside peak lunch and dinner windows, especially in busier town centers.

## Why You'd Go Here

- You want to browse local shops in Rosemary Beach
- You are looking for gifts or vacation finds
- You need a break from the beach
- You are exploring Rosemary Beach Town Center on foot

## Bottom Line

Hissyfits Boutique is a good shopping listing for anyone exploring Rosemary Beach. It works well as part of a slower 30A day with time to wander."
Luminary,luminary,Rosemary Beach,Rosemary Beach Town Center,shopping,"Find Luminary in Rosemary Beach: category, contact info, website, location, and quick notes for WhereTo30A.","Luminary, Rosemary Beach, Rosemary Beach Town Center, shopping, 30A","Women’s clothing, shoes, and accessories boutique.",850-588-1558,https://luminarylifestyle.com,https://www.rosemarybeachfl.org/town-center/,"If you're spending time in Rosemary Beach Town Center, Rosemary Beach, Luminary is a shop worth knowing about. Women’s clothing, shoes, and accessories boutique. It fits naturally into a 30A day when you want something close by, easy to plan around, and tied to the feel of Rosemary Beach.

## What It Is

Luminary is a shopping stop located in Rosemary Beach Town Center in Rosemary Beach. It is a good listing to know if you like browsing local boutiques, beach-town retail, home goods, apparel, gifts, or specialty finds while exploring Rosemary Beach.

## What You'll Find

- Retail items that may include apparel, gifts, home goods, accessories, or specialty products
- A storefront in or near Rosemary Beach Town Center
- A browse-worthy stop between meals or beach plans
- A local shopping option to add to a 30A itinerary

## What People Like

People tend to like shops like Luminary because they add character to a beach day. Instead of only planning around restaurants, this gives you somewhere to wander, browse, and find something that feels tied to the area.

## What to Know

Inventory, hours, and seasonal collections can change, so check the shop directly before making a special trip. Parking is easiest when you visit outside peak lunch and dinner windows, especially in busier town centers.

## Why You'd Go Here

- You want to browse local shops in Rosemary Beach
- You are looking for gifts or vacation finds
- You need a break from the beach
- You are exploring Rosemary Beach Town Center on foot

## Bottom Line

Luminary is a good shopping listing for anyone exploring Rosemary Beach. It works well as part of a slower 30A day with time to wander."
OKO Rosemary Beach,oko-rosemary-beach,Rosemary Beach,Rosemary Beach Town Center,shopping,"Find OKO Rosemary Beach in Rosemary Beach: category, contact info, website, location, and quick notes for WhereTo30A.","OKO Rosemary Beach, Rosemary Beach, Rosemary Beach Town Center, shopping, 30A","Clothing, shoes, and accessories for men and women.",850-502-2786,https://www.okolifestyle.com,https://www.rosemarybeachfl.org/town-center/,"If you're spending time in Rosemary Beach Town Center, Rosemary Beach, OKO Rosemary Beach is a shop worth knowing about. Clothing, shoes, and accessories for men and women. It fits naturally into a 30A day when you want something close by, easy to plan around, and tied to the feel of Rosemary Beach.

## What It Is

OKO Rosemary Beach is a shopping stop located in Rosemary Beach Town Center in Rosemary Beach. It is a good listing to know if you like browsing local boutiques, beach-town retail, home goods, apparel, gifts, or specialty finds while exploring Rosemary Beach.

## What You'll Find

- Retail items that may include apparel, gifts, home goods, accessories, or specialty products
- A storefront in or near Rosemary Beach Town Center
- A browse-worthy stop between meals or beach plans
- A local shopping option to add to a 30A itinerary

## What People Like

People tend to like shops like OKO Rosemary Beach because they add character to a beach day. Instead of only planning around restaurants, this gives you somewhere to wander, browse, and find something that feels tied to the area.

## What to Know

Inventory, hours, and seasonal collections can change, so check the shop directly before making a special trip. Parking is easiest when you visit outside peak lunch and dinner windows, especially in busier town centers.

## Why You'd Go Here

- You want to browse local shops in Rosemary Beach
- You are looking for gifts or vacation finds
- You need a break from the beach
- You are exploring Rosemary Beach Town Center on foot

## Bottom Line

OKO Rosemary Beach is a good shopping listing for anyone exploring Rosemary Beach. It works well as part of a slower 30A day with time to wander."
The 30A Store Rosemary Beach,the-30a-store-rosemary-beach,Rosemary Beach,Rosemary Beach Town Center,shopping,"Find The 30A Store Rosemary Beach in Rosemary Beach: category, contact info, website, location, and quick notes for WhereTo30A.","The 30A Store Rosemary Beach, Rosemary Beach, Rosemary Beach Town Center, shopping, 30A",30A logo wear and gifts.,850-605-3070,https://30agear.com,https://www.rosemarybeachfl.org/town-center/,"If you're spending time in Rosemary Beach Town Center, Rosemary Beach, The 30A Store Rosemary Beach is a shop worth knowing about. 30A logo wear and gifts. It fits naturally into a 30A day when you want something close by, easy to plan around, and tied to the feel of Rosemary Beach.

## What It Is

The 30A Store Rosemary Beach is a shopping stop located in Rosemary Beach Town Center in Rosemary Beach. It is a good listing to know if you like browsing local boutiques, beach-town retail, home goods, apparel, gifts, or specialty finds while exploring Rosemary Beach.

## What You'll Find

- Retail items that may include apparel, gifts, home goods, accessories, or specialty products
- A storefront in or near Rosemary Beach Town Center
- A browse-worthy stop between meals or beach plans
- A local shopping option to add to a 30A itinerary

## What People Like

People tend to like shops like The 30A Store Rosemary Beach because they add character to a beach day. Instead of only planning around restaurants, this gives you somewhere to wander, browse, and find something that feels tied to the area.

## What to Know

Inventory, hours, and seasonal collections can change, so check the shop directly before making a special trip. Parking is easiest when you visit outside peak lunch and dinner windows, especially in busier town centers.

## Why You'd Go Here

- You want to browse local shops in Rosemary Beach
- You are looking for gifts or vacation finds
- You need a break from the beach
- You are exploring Rosemary Beach Town Center on foot

## Bottom Line

The 30A Store Rosemary Beach is a good shopping listing for anyone exploring Rosemary Beach. It works well as part of a slower 30A day with time to wander."
The Rosemary Beach Collection and Kids Co.,the-rosemary-beach-collection-and-kids-co,Rosemary Beach,Rosemary Beach Town Center,shopping,"Find The Rosemary Beach Collection and Kids Co. in Rosemary Beach: category, contact info, website, location, and quick notes for WhereTo30A.","The Rosemary Beach Collection and Kids Co., Rosemary Beach, Rosemary Beach Town Center, shopping, 30A","Rosemary Beach logo wear, fashion, toys, and gifts.",850-213-3796,https://shoprosemarybeach.com,https://www.rosemarybeachfl.org/town-center/,"If you're spending time in Rosemary Beach Town Center, Rosemary Beach, The Rosemary Beach Collection and Kids Co. is a shop worth knowing about. Rosemary Beach logo wear, fashion, toys, and gifts. It fits naturally into a 30A day when you want something close by, easy to plan around, and tied to the feel of Rosemary Beach.

## What It Is

The Rosemary Beach Collection and Kids Co. is a shopping stop located in Rosemary Beach Town Center in Rosemary Beach. It is a good listing to know if you like browsing local boutiques, beach-town retail, home goods, apparel, gifts, or specialty finds while exploring Rosemary Beach.

## What You'll Find

- Retail items that may include apparel, gifts, home goods, accessories, or specialty products
- A storefront in or near Rosemary Beach Town Center
- A browse-worthy stop between meals or beach plans
- A local shopping option to add to a 30A itinerary

## What People Like

People tend to like shops like The Rosemary Beach Collection and Kids Co. because they add character to a beach day. Instead of only planning around restaurants, this gives you somewhere to wander, browse, and find something that feels tied to the area.

## What to Know

Inventory, hours, and seasonal collections can change, so check the shop directly before making a special trip. Parking is easiest when you visit outside peak lunch and dinner windows, especially in busier town centers.

## Why You'd Go Here

- You want to browse local shops in Rosemary Beach
- You are looking for gifts or vacation finds
- You need a break from the beach
- You are exploring Rosemary Beach Town Center on foot

## Bottom Line

The Rosemary Beach Collection and Kids Co. is a good shopping listing for anyone exploring Rosemary Beach. It works well as part of a slower 30A day with time to wander."
Tidwell & Son,tidwell-and-son,Rosemary Beach,Rosemary Beach Town Center,shopping,"Find Tidwell & Son in Rosemary Beach: category, contact info, website, location, and quick notes for WhereTo30A.","Tidwell & Son, Rosemary Beach, Rosemary Beach Town Center, shopping, 30A",Men’s clothing boutique.,850-213-3806,https://tidewellandson.com,https://www.rosemarybeachfl.org/town-center/,"If you're spending time in Rosemary Beach Town Center, Rosemary Beach, Tidwell & Son is a shop worth knowing about. Men’s clothing boutique. It fits naturally into a 30A day when you want something close by, easy to plan around, and tied to the feel of Rosemary Beach.

## What It Is

Tidwell & Son is a shopping stop located in Rosemary Beach Town Center in Rosemary Beach. It is a good listing to know if you like browsing local boutiques, beach-town retail, home goods, apparel, gifts, or specialty finds while exploring Rosemary Beach.

## What You'll Find

- Retail items that may include apparel, gifts, home goods, accessories, or specialty products
- A storefront in or near Rosemary Beach Town Center
- A browse-worthy stop between meals or beach plans
- A local shopping option to add to a 30A itinerary

## What People Like

People tend to like shops like Tidwell & Son because they add character to a beach day. Instead of only planning around restaurants, this gives you somewhere to wander, browse, and find something that feels tied to the area.

## What to Know

Inventory, hours, and seasonal collections can change, so check the shop directly before making a special trip. Parking is easiest when you visit outside peak lunch and dinner windows, especially in busier town centers.

## Why You'd Go Here

- You want to browse local shops in Rosemary Beach
- You are looking for gifts or vacation finds
- You need a break from the beach
- You are exploring Rosemary Beach Town Center on foot

## Bottom Line

Tidwell & Son is a good shopping listing for anyone exploring Rosemary Beach. It works well as part of a slower 30A day with time to wander."
Willow Rosemary Beach,willow-rosemary-beach,Rosemary Beach,Rosemary Beach Town Center,shopping,"Find Willow Rosemary Beach in Rosemary Beach: category, contact info, website, location, and quick notes for WhereTo30A.","Willow Rosemary Beach, Rosemary Beach, Rosemary Beach Town Center, shopping, 30A","Women’s clothing, shoes, and accessories.",850-231-0433,https://wearwillow.com,https://www.rosemarybeachfl.org/town-center/,"If you're spending time in Rosemary Beach Town Center, Rosemary Beach, Willow Rosemary Beach is a shop worth knowing about. Women’s clothing, shoes, and accessories. It fits naturally into a 30A day when you want something close by, easy to plan around, and tied to the feel of Rosemary Beach.

## What It Is

Willow Rosemary Beach is a shopping stop located in Rosemary Beach Town Center in Rosemary Beach. It is a good listing to know if you like browsing local boutiques, beach-town retail, home goods, apparel, gifts, or specialty finds while exploring Rosemary Beach.

## What You'll Find

- Retail items that may include apparel, gifts, home goods, accessories, or specialty products
- A storefront in or near Rosemary Beach Town Center
- A browse-worthy stop between meals or beach plans
- A local shopping option to add to a 30A itinerary

## What People Like

People tend to like shops like Willow Rosemary Beach because they add character to a beach day. Instead of only planning around restaurants, this gives you somewhere to wander, browse, and find something that feels tied to the area.

## What to Know

Inventory, hours, and seasonal collections can change, so check the shop directly before making a special trip. Parking is easiest when you visit outside peak lunch and dinner windows, especially in busier town centers.

## Why You'd Go Here

- You want to browse local shops in Rosemary Beach
- You are looking for gifts or vacation finds
- You need a break from the beach
- You are exploring Rosemary Beach Town Center on foot

## Bottom Line

Willow Rosemary Beach is a good shopping listing for anyone exploring Rosemary Beach. It works well as part of a slower 30A day with time to wander."
Bamboo Bicycle Company,bamboo-bicycle-company,Rosemary Beach,Rosemary Beach Town Center,activity,"Find Bamboo Bicycle Company in Rosemary Beach: category, contact info, website, location, and quick notes for WhereTo30A.","Bamboo Bicycle Company, Rosemary Beach, Rosemary Beach Town Center, activity, 30A",Bike rentals and sales in Rosemary Beach.,850-231-0770,https://bamboobicyclecompany.com,https://www.rosemarybeachfl.org/town-center/,"If you're spending time in Rosemary Beach Town Center, Rosemary Beach, Bamboo Bicycle Company is a activity or experience worth knowing about. Bike rentals and sales in Rosemary Beach. It fits naturally into a 30A day when you want something close by, easy to plan around, and tied to the feel of Rosemary Beach.

## What It Is

Bamboo Bicycle Company is an activity or experience located in Rosemary Beach Town Center in Rosemary Beach. It is a good option to consider when you want to do more than just sit on the beach and are looking for something to build into your Rosemary Beach plans.

## What You'll Find

- An activity, attraction, rental, class, or experience depending on the business
- A location connected to Rosemary Beach Town Center
- A way to add structure to a beach day
- A good option for families, couples, groups, or visitors looking for something local

## What People Like

People tend to like activity-based stops like Bamboo Bicycle Company because they make a 30A day feel more memorable. These are the kinds of places that help turn a simple beach trip into a fuller itinerary.

## What to Know

Book ahead if the activity depends on reservations, weather, equipment, or staffing. Availability can shift quickly during spring break, summer, and long weekends, so confirm details before you go.

## Why You'd Go Here

- You want something active to do in Rosemary Beach
- You are planning a family or group outing
- You need a break from a full beach day
- You are building a more complete 30A itinerary

## Bottom Line

Bamboo Bicycle Company is a useful activity listing for Rosemary Beach. It is worth checking when you want your day to include something more planned or interactive."
Cork & Barrel,cork-and-barrel,Rosemary Beach,Rosemary Beach Town Center,bars,"Find Cork & Barrel in Rosemary Beach: category, contact info, website, location, and quick notes for WhereTo30A.","Cork & Barrel, Rosemary Beach, Rosemary Beach Town Center, bars, 30A",Wine and bottle shop in Rosemary Beach.,850-399-4919,https://30acorkandbarrel.com,https://www.rosemarybeachfl.org/town-center/,"If you're spending time in Rosemary Beach Town Center, Rosemary Beach, Cork & Barrel is a bar or nightlife stop worth knowing about. Wine and bottle shop in Rosemary Beach. It fits naturally into a 30A day when you want something close by, easy to plan around, and tied to the feel of Rosemary Beach.

## What It Is

Cork & Barrel is a bar or drinks-focused stop located in Rosemary Beach Town Center in Rosemary Beach. It is the kind of place to consider when your 30A plans shift from beach time into dinner, drinks, or a more social evening.

## What You'll Find

- Beer, wine, cocktails, or casual drinks depending on the venue
- A location that works well around Rosemary Beach Town Center
- A spot to add to an evening itinerary
- A place to pair with dinner, live music, or a walk through the area when available

## What People Like

People are usually drawn to places like Cork & Barrel for the setting and convenience. Around 30A, the best bar stops are often the ones that are easy to reach, easy to pair with dinner, and relaxed enough to fit the beach-town pace.

## What to Know

Hours, entertainment, and food availability can change by season. Check the current details before you go, especially if you are planning around live music, a late night, or a holiday weekend.

## Why You'd Go Here

- You want drinks near Rosemary Beach Town Center
- You are planning a casual evening in Rosemary Beach
- You need a bar option to pair with dinner nearby
- You are looking for a social stop after beach time

## Bottom Line

Cork & Barrel is worth saving as a drinks option in Rosemary Beach. It is best used as part of a relaxed evening plan rather than a rushed stop."
CK’s Feed & Supply,cks-feed-and-supply,Rosemary Beach,Rosemary Beach Town Center,shopping,"Find CK’s Feed & Supply in Rosemary Beach: category, contact info, website, location, and quick notes for WhereTo30A.","CK’s Feed & Supply, Rosemary Beach, Rosemary Beach Town Center, shopping, 30A","Cowgirl Kitchen market, gifts, and provisions.",850-588-0908,,https://www.rosemarybeachfl.org/town-center/,"If you're spending time in Rosemary Beach Town Center, Rosemary Beach, CK’s Feed & Supply is a shop worth knowing about. Cowgirl Kitchen market, gifts, and provisions. It fits naturally into a 30A day when you want something close by, easy to plan around, and tied to the feel of Rosemary Beach.

## What It Is

CK’s Feed & Supply is a shopping stop located in Rosemary Beach Town Center in Rosemary Beach. It is a good listing to know if you like browsing local boutiques, beach-town retail, home goods, apparel, gifts, or specialty finds while exploring Rosemary Beach.

## What You'll Find

- Retail items that may include apparel, gifts, home goods, accessories, or specialty products
- A storefront in or near Rosemary Beach Town Center
- A browse-worthy stop between meals or beach plans
- A local shopping option to add to a 30A itinerary

## What People Like

People tend to like shops like CK’s Feed & Supply because they add character to a beach day. Instead of only planning around restaurants, this gives you somewhere to wander, browse, and find something that feels tied to the area.

## What to Know

Inventory, hours, and seasonal collections can change, so check the shop directly before making a special trip. Parking is easiest when you visit outside peak lunch and dinner windows, especially in busier town centers.

## Why You'd Go Here

- You want to browse local shops in Rosemary Beach
- You are looking for gifts or vacation finds
- You need a break from the beach
- You are exploring Rosemary Beach Town Center on foot

## Bottom Line

CK’s Feed & Supply is a good shopping listing for anyone exploring Rosemary Beach. It works well as part of a slower 30A day with time to wander."
The Sugar Shak,the-sugar-shak,Rosemary Beach,Rosemary Beach Town Center,restaurants,"Find The Sugar Shak in Rosemary Beach: category, contact info, website, location, and quick notes for WhereTo30A.","The Sugar Shak, Rosemary Beach, Rosemary Beach Town Center, restaurants, 30A",Candy and sweets shop on Main Street.,850-231-3655,https://www.thesugarshak.com,https://www.rosemarybeachfl.org/town-center/,"If you're spending time in Rosemary Beach Town Center, Rosemary Beach, The Sugar Shak is a restaurant worth knowing about. Candy and sweets shop on Main Street. It fits naturally into a 30A day when you want something close by, easy to plan around, and tied to the feel of Rosemary Beach.

## What It Is

The Sugar Shak is a restaurant located in Rosemary Beach Town Center in Rosemary Beach. It is the kind of place to keep on your list when you are planning where to eat around Rosemary Beach, whether you are coming from the beach, walking through the shopping area, or looking for an easy stop near where you are staying.

## What You'll Find

- Food and drink options for a casual 30A meal
- A convenient location in or near Rosemary Beach Town Center
- A good option to compare with other restaurants in Rosemary Beach
- A stop that works well before or after beach time, shopping, or exploring nearby

## What People Like

People usually look for places like The Sugar Shak because they want an easy meal option that feels connected to the area instead of feeling random or out of the way. The biggest draw is the location, especially if you are already spending time around Rosemary Beach Town Center.

## What to Know

Check the current hours before you go, especially during slower seasons or on holiday weekends. Parking and crowds can vary a lot around Rosemary Beach, so give yourself extra time if you are visiting during lunch, dinner, or peak vacation weeks.

## Why You'd Go Here

- You are looking for a meal near Rosemary Beach Town Center
- You want something convenient while exploring Rosemary Beach
- You are building out a dining list for a beach trip
- You need a practical stop that does not require driving far

## Bottom Line

The Sugar Shak is a useful restaurant listing for anyone planning time in Rosemary Beach. Add it to your WhereTo30A shortlist when convenience, location, and a clear sense of place matter."
Curate,curate,Rosemary Beach,Rosemary Beach Town Center,shopping,"Find Curate in Rosemary Beach: category, contact info, website, location, and quick notes for WhereTo30A.","Curate, Rosemary Beach, Rosemary Beach Town Center, shopping, 30A",Art gallery in Rosemary Beach.,850-231-1808,https://curate30a.com,https://www.rosemarybeachfl.org/town-center/,"If you're spending time in Rosemary Beach Town Center, Rosemary Beach, Curate is a shop worth knowing about. Art gallery in Rosemary Beach. It fits naturally into a 30A day when you want something close by, easy to plan around, and tied to the feel of Rosemary Beach.

## What It Is

Curate is a shopping stop located in Rosemary Beach Town Center in Rosemary Beach. It is a good listing to know if you like browsing local boutiques, beach-town retail, home goods, apparel, gifts, or specialty finds while exploring Rosemary Beach.

## What You'll Find

- Retail items that may include apparel, gifts, home goods, accessories, or specialty products
- A storefront in or near Rosemary Beach Town Center
- A browse-worthy stop between meals or beach plans
- A local shopping option to add to a 30A itinerary

## What People Like

People tend to like shops like Curate because they add character to a beach day. Instead of only planning around restaurants, this gives you somewhere to wander, browse, and find something that feels tied to the area.

## What to Know

Inventory, hours, and seasonal collections can change, so check the shop directly before making a special trip. Parking is easiest when you visit outside peak lunch and dinner windows, especially in busier town centers.

## Why You'd Go Here

- You want to browse local shops in Rosemary Beach
- You are looking for gifts or vacation finds
- You need a break from the beach
- You are exploring Rosemary Beach Town Center on foot

## Bottom Line

Curate is a good shopping listing for anyone exploring Rosemary Beach. It works well as part of a slower 30A day with time to wander."
Huck & Harlowe,huck-and-harlowe,Rosemary Beach,Rosemary Beach Town Center,shopping,"Find Huck & Harlowe in Rosemary Beach: category, contact info, website, location, and quick notes for WhereTo30A.","Huck & Harlowe, Rosemary Beach, Rosemary Beach Town Center, shopping, 30A",Dog outfitter with pet goods and accessories.,850-848-9808,https://www.huckandharlowe.com,https://www.rosemarybeachfl.org/town-center/,"If you're spending time in Rosemary Beach Town Center, Rosemary Beach, Huck & Harlowe is a shop worth knowing about. Dog outfitter with pet goods and accessories. It fits naturally into a 30A day when you want something close by, easy to plan around, and tied to the feel of Rosemary Beach.

## What It Is

Huck & Harlowe is a shopping stop located in Rosemary Beach Town Center in Rosemary Beach. It is a good listing to know if you like browsing local boutiques, beach-town retail, home goods, apparel, gifts, or specialty finds while exploring Rosemary Beach.

## What You'll Find

- Retail items that may include apparel, gifts, home goods, accessories, or specialty products
- A storefront in or near Rosemary Beach Town Center
- A browse-worthy stop between meals or beach plans
- A local shopping option to add to a 30A itinerary

## What People Like

People tend to like shops like Huck & Harlowe because they add character to a beach day. Instead of only planning around restaurants, this gives you somewhere to wander, browse, and find something that feels tied to the area.

## What to Know

Inventory, hours, and seasonal collections can change, so check the shop directly before making a special trip. Parking is easiest when you visit outside peak lunch and dinner windows, especially in busier town centers.

## Why You'd Go Here

- You want to browse local shops in Rosemary Beach
- You are looking for gifts or vacation finds
- You need a break from the beach
- You are exploring Rosemary Beach Town Center on foot

## Bottom Line

Huck & Harlowe is a good shopping listing for anyone exploring Rosemary Beach. It works well as part of a slower 30A day with time to wander."
Pish Posh Patchouli’s,pish-posh-patchoulis,Rosemary Beach,Rosemary Beach Town Center,shopping,"Find Pish Posh Patchouli’s in Rosemary Beach: category, contact info, website, location, and quick notes for WhereTo30A.","Pish Posh Patchouli’s, Rosemary Beach, Rosemary Beach Town Center, shopping, 30A","Apothecary, bath, body, fragrance, and gifts.",850-231-2005,https://patchoulis.com,https://www.rosemarybeachfl.org/town-center/,"If you're spending time in Rosemary Beach Town Center, Rosemary Beach, Pish Posh Patchouli’s is a shop worth knowing about. Apothecary, bath, body, fragrance, and gifts. It fits naturally into a 30A day when you want something close by, easy to plan around, and tied to the feel of Rosemary Beach.

## What It Is

Pish Posh Patchouli’s is a shopping stop located in Rosemary Beach Town Center in Rosemary Beach. It is a good listing to know if you like browsing local boutiques, beach-town retail, home goods, apparel, gifts, or specialty finds while exploring Rosemary Beach.

## What You'll Find

- Retail items that may include apparel, gifts, home goods, accessories, or specialty products
- A storefront in or near Rosemary Beach Town Center
- A browse-worthy stop between meals or beach plans
- A local shopping option to add to a 30A itinerary

## What People Like

People tend to like shops like Pish Posh Patchouli’s because they add character to a beach day. Instead of only planning around restaurants, this gives you somewhere to wander, browse, and find something that feels tied to the area.

## What to Know

Inventory, hours, and seasonal collections can change, so check the shop directly before making a special trip. Parking is easiest when you visit outside peak lunch and dinner windows, especially in busier town centers.

## Why You'd Go Here

- You want to browse local shops in Rosemary Beach
- You are looking for gifts or vacation finds
- You need a break from the beach
- You are exploring Rosemary Beach Town Center on foot

## Bottom Line

Pish Posh Patchouli’s is a good shopping listing for anyone exploring Rosemary Beach. It works well as part of a slower 30A day with time to wander."
Rosemary Beach Trading Company,rosemary-beach-trading-company,Rosemary Beach,Rosemary Beach Town Center,shopping,"Find Rosemary Beach Trading Company in Rosemary Beach: category, contact info, website, location, and quick notes for WhereTo30A.","Rosemary Beach Trading Company, Rosemary Beach, Rosemary Beach Town Center, shopping, 30A","Official Rosemary Beach merchandise, gifts, and accessories.",850-231-2410,https://www.rbtradingcompany.com,https://www.rosemarybeachfl.org/town-center/,"If you're spending time in Rosemary Beach Town Center, Rosemary Beach, Rosemary Beach Trading Company is a shop worth knowing about. Official Rosemary Beach merchandise, gifts, and accessories. It fits naturally into a 30A day when you want something close by, easy to plan around, and tied to the feel of Rosemary Beach.

## What It Is

Rosemary Beach Trading Company is a shopping stop located in Rosemary Beach Town Center in Rosemary Beach. It is a good listing to know if you like browsing local boutiques, beach-town retail, home goods, apparel, gifts, or specialty finds while exploring Rosemary Beach.

## What You'll Find

- Retail items that may include apparel, gifts, home goods, accessories, or specialty products
- A storefront in or near Rosemary Beach Town Center
- A browse-worthy stop between meals or beach plans
- A local shopping option to add to a 30A itinerary

## What People Like

People tend to like shops like Rosemary Beach Trading Company because they add character to a beach day. Instead of only planning around restaurants, this gives you somewhere to wander, browse, and find something that feels tied to the area.

## What to Know

Inventory, hours, and seasonal collections can change, so check the shop directly before making a special trip. Parking is easiest when you visit outside peak lunch and dinner windows, especially in busier town centers.

## Why You'd Go Here

- You want to browse local shops in Rosemary Beach
- You are looking for gifts or vacation finds
- You need a break from the beach
- You are exploring Rosemary Beach Town Center on foot

## Bottom Line

Rosemary Beach Trading Company is a good shopping listing for anyone exploring Rosemary Beach. It works well as part of a slower 30A day with time to wander."
Tracery Interiors,tracery-interiors,Rosemary Beach,Rosemary Beach Town Center,shopping,"Find Tracery Interiors in Rosemary Beach: category, contact info, website, location, and quick notes for WhereTo30A.","Tracery Interiors, Rosemary Beach, Rosemary Beach Town Center, shopping, 30A",Interior design and home furnishings showroom.,,,https://www.rosemarybeachfl.org/town-center/,"If you're spending time in Rosemary Beach Town Center, Rosemary Beach, Tracery Interiors is a shop worth knowing about. Interior design and home furnishings showroom. It fits naturally into a 30A day when you want something close by, easy to plan around, and tied to the feel of Rosemary Beach.

## What It Is

Tracery Interiors is a shopping stop located in Rosemary Beach Town Center in Rosemary Beach. It is a good listing to know if you like browsing local boutiques, beach-town retail, home goods, apparel, gifts, or specialty finds while exploring Rosemary Beach.

## What You'll Find

- Retail items that may include apparel, gifts, home goods, accessories, or specialty products
- A storefront in or near Rosemary Beach Town Center
- A browse-worthy stop between meals or beach plans
- A local shopping option to add to a 30A itinerary

## What People Like

People tend to like shops like Tracery Interiors because they add character to a beach day. Instead of only planning around restaurants, this gives you somewhere to wander, browse, and find something that feels tied to the area.

## What to Know

Inventory, hours, and seasonal collections can change, so check the shop directly before making a special trip. Parking is easiest when you visit outside peak lunch and dinner windows, especially in busier town centers.

## Why You'd Go Here

- You want to browse local shops in Rosemary Beach
- You are looking for gifts or vacation finds
- You need a break from the beach
- You are exploring Rosemary Beach Town Center on foot

## Bottom Line

Tracery Interiors is a good shopping listing for anyone exploring Rosemary Beach. It works well as part of a slower 30A day with time to wander."
Rosemary Beach Inn,rosemary-beach-inn,Rosemary Beach,Rosemary Beach Town Center,services,"Find Rosemary Beach Inn in Rosemary Beach: category, contact info, website, location, and quick notes for WhereTo30A.","Rosemary Beach Inn, Rosemary Beach, Rosemary Beach Town Center, services, 30A",Boutique inn in Rosemary Beach.,844-865-5783,https://www.therosemarybeachinn.com,https://www.rosemarybeachfl.org/town-center/,"If you're spending time in Rosemary Beach Town Center, Rosemary Beach, Rosemary Beach Inn is a local service worth knowing about. Boutique inn in Rosemary Beach. It fits naturally into a 30A day when you want something close by, easy to plan around, and tied to the feel of Rosemary Beach.

## What It Is

Rosemary Beach Inn is a local service business located in Rosemary Beach Town Center in Rosemary Beach. It is useful to know about when you need something practical while living in, staying in, or planning around Rosemary Beach.

## What You'll Find

- A service-based business serving locals, visitors, or nearby property owners
- A location connected to Rosemary Beach Town Center
- A practical resource for errands, appointments, planning, or support
- A business to contact directly for current availability and details

## What People Like

People usually look for service businesses like Rosemary Beach Inn when they need something specific and nearby. The value is in convenience, local access, and being able to solve a practical need without leaving the 30A area.

## What to Know

For service businesses, it is best to contact them directly before going. Hours, appointment requirements, pricing, and availability can vary, especially during busy visitor seasons.

## Why You'd Go Here

- You need a local service in or near Rosemary Beach
- You are staying nearby and want something convenient
- You are comparing practical resources along 30A
- You want a business located close to Rosemary Beach Town Center

## Bottom Line

Rosemary Beach Inn is a practical listing to keep in your Rosemary Beach directory. It is most useful when you need local access and clear contact information."
Alys Shoppe,alys-shoppe,Alys Beach,Alys Beach Town Center,shopping,"Find Alys Shoppe in Alys Beach: category, contact info, website, location, and quick notes for WhereTo30A.","Alys Shoppe, Alys Beach, Alys Beach Town Center, shopping, 30A","Curated logo wear, designer clothing, accessories, and fine jewelry.",850-213-5550,https://www.alysshoppe.com/,https://alysbeach.com/merchants/,"If you're spending time in Alys Beach Town Center, Alys Beach, Alys Shoppe is a shop worth knowing about. Curated logo wear, designer clothing, accessories, and fine jewelry. It fits naturally into a 30A day when you want something close by, easy to plan around, and tied to the feel of Alys Beach.

## What It Is

Alys Shoppe is a shopping stop located in Alys Beach Town Center in Alys Beach. It is a good listing to know if you like browsing local boutiques, beach-town retail, home goods, apparel, gifts, or specialty finds while exploring Alys Beach.

## What You'll Find

- Retail items that may include apparel, gifts, home goods, accessories, or specialty products
- A storefront in or near Alys Beach Town Center
- A browse-worthy stop between meals or beach plans
- A local shopping option to add to a 30A itinerary

## What People Like

People tend to like shops like Alys Shoppe because they add character to a beach day. Instead of only planning around restaurants, this gives you somewhere to wander, browse, and find something that feels tied to the area.

## What to Know

Inventory, hours, and seasonal collections can change, so check the shop directly before making a special trip. Parking is easiest when you visit outside peak lunch and dinner windows, especially in busier town centers.

## Why You'd Go Here

- You want to browse local shops in Alys Beach
- You are looking for gifts or vacation finds
- You need a break from the beach
- You are exploring Alys Beach Town Center on foot

## Bottom Line

Alys Shoppe is a good shopping listing for anyone exploring Alys Beach. It works well as part of a slower 30A day with time to wander."
Barefoot Princess,barefoot-princess,Alys Beach,Alys Beach Town Center,shopping,"Find Barefoot Princess in Alys Beach: category, contact info, website, location, and quick notes for WhereTo30A.","Barefoot Princess, Alys Beach, Alys Beach Town Center, shopping, 30A",Women’s and girls’ fashion boutique in Alys Beach.,850-641-0400,,https://alysbeach.com/merchants/,"If you're spending time in Alys Beach Town Center, Alys Beach, Barefoot Princess is a shop worth knowing about. Women’s and girls’ fashion boutique in Alys Beach. It fits naturally into a 30A day when you want something close by, easy to plan around, and tied to the feel of Alys Beach.

## What It Is

Barefoot Princess is a shopping stop located in Alys Beach Town Center in Alys Beach. It is a good listing to know if you like browsing local boutiques, beach-town retail, home goods, apparel, gifts, or specialty finds while exploring Alys Beach.

## What You'll Find

- Retail items that may include apparel, gifts, home goods, accessories, or specialty products
- A storefront in or near Alys Beach Town Center
- A browse-worthy stop between meals or beach plans
- A local shopping option to add to a 30A itinerary

## What People Like

People tend to like shops like Barefoot Princess because they add character to a beach day. Instead of only planning around restaurants, this gives you somewhere to wander, browse, and find something that feels tied to the area.

## What to Know

Inventory, hours, and seasonal collections can change, so check the shop directly before making a special trip. Parking is easiest when you visit outside peak lunch and dinner windows, especially in busier town centers.

## Why You'd Go Here

- You want to browse local shops in Alys Beach
- You are looking for gifts or vacation finds
- You need a break from the beach
- You are exploring Alys Beach Town Center on foot

## Bottom Line

Barefoot Princess is a good shopping listing for anyone exploring Alys Beach. It works well as part of a slower 30A day with time to wander."
Charlie’s Delights,charlies-delights,Alys Beach,Alys Beach Town Center,restaurants,"Find Charlie’s Delights in Alys Beach: category, contact info, website, location, and quick notes for WhereTo30A.","Charlie’s Delights, Alys Beach, Alys Beach Town Center, restaurants, 30A","Handmade donuts, pastries, ice cream, cookies, and candy.",850-641-0017,,https://alysbeach.com/merchants/,"If you're spending time in Alys Beach Town Center, Alys Beach, Charlie’s Delights is a restaurant worth knowing about. Handmade donuts, pastries, ice cream, cookies, and candy. It fits naturally into a 30A day when you want something close by, easy to plan around, and tied to the feel of Alys Beach.

## What It Is

Charlie’s Delights is a restaurant located in Alys Beach Town Center in Alys Beach. It is the kind of place to keep on your list when you are planning where to eat around Alys Beach, whether you are coming from the beach, walking through the shopping area, or looking for an easy stop near where you are staying.

## What You'll Find

- Food and drink options for a casual 30A meal
- A convenient location in or near Alys Beach Town Center
- A good option to compare with other restaurants in Alys Beach
- A stop that works well before or after beach time, shopping, or exploring nearby

## What People Like

People usually look for places like Charlie’s Delights because they want an easy meal option that feels connected to the area instead of feeling random or out of the way. The biggest draw is the location, especially if you are already spending time around Alys Beach Town Center.

## What to Know

Check the current hours before you go, especially during slower seasons or on holiday weekends. Parking and crowds can vary a lot around Alys Beach, so give yourself extra time if you are visiting during lunch, dinner, or peak vacation weeks.

## Why You'd Go Here

- You are looking for a meal near Alys Beach Town Center
- You want something convenient while exploring Alys Beach
- You are building out a dining list for a beach trip
- You need a practical stop that does not require driving far

## Bottom Line

Charlie’s Delights is a useful restaurant listing for anyone planning time in Alys Beach. Add it to your WhereTo30A shortlist when convenience, location, and a clear sense of place matter."
The Citizen,the-citizen,Alys Beach,Alys Beach Town Center,restaurants,"Find The Citizen in Alys Beach: category, contact info, website, location, and quick notes for WhereTo30A.","The Citizen, Alys Beach, Alys Beach Town Center, restaurants, 30A",Coastal cuisine and seasonal restaurant in Alys Beach.,850-909-0702,https://citizenalys.com/,https://alysbeach.com/merchants/,"If you're spending time in Alys Beach Town Center, Alys Beach, The Citizen is a restaurant worth knowing about. Coastal cuisine and seasonal restaurant in Alys Beach. It fits naturally into a 30A day when you want something close by, easy to plan around, and tied to the feel of Alys Beach.

## What It Is

The Citizen is a restaurant located in Alys Beach Town Center in Alys Beach. It is the kind of place to keep on your list when you are planning where to eat around Alys Beach, whether you are coming from the beach, walking through the shopping area, or looking for an easy stop near where you are staying.

## What You'll Find

- Food and drink options for a casual 30A meal
- A convenient location in or near Alys Beach Town Center
- A good option to compare with other restaurants in Alys Beach
- A stop that works well before or after beach time, shopping, or exploring nearby

## What People Like

People usually look for places like The Citizen because they want an easy meal option that feels connected to the area instead of feeling random or out of the way. The biggest draw is the location, especially if you are already spending time around Alys Beach Town Center.

## What to Know

Check the current hours before you go, especially during slower seasons or on holiday weekends. Parking and crowds can vary a lot around Alys Beach, so give yourself extra time if you are visiting during lunch, dinner, or peak vacation weeks.

## Why You'd Go Here

- You are looking for a meal near Alys Beach Town Center
- You want something convenient while exploring Alys Beach
- You are building out a dining list for a beach trip
- You need a practical stop that does not require driving far

## Bottom Line

The Citizen is a useful restaurant listing for anyone planning time in Alys Beach. Add it to your WhereTo30A shortlist when convenience, location, and a clear sense of place matter."
Fonville Press Market & Café,fonville-press-market-and-cafe,Alys Beach,Alys Beach Town Center,coffee shops,"Find Fonville Press Market & Café in Alys Beach: category, contact info, website, location, and quick notes for WhereTo30A.","Fonville Press Market & Café, Alys Beach, Alys Beach Town Center, coffee shops, 30A","Market, café, coffee shop, deli, and cocktail bar.",850-641-0043,https://fonvillepress.com/,https://alysbeach.com/merchants/,"If you're spending time in Alys Beach Town Center, Alys Beach, Fonville Press Market & Café is a coffee shop worth knowing about. Market, café, coffee shop, deli, and cocktail bar. It fits naturally into a 30A day when you want something close by, easy to plan around, and tied to the feel of Alys Beach.

## What It Is

Fonville Press Market & Café is a coffee shop located in Alys Beach Town Center in Alys Beach. It is a good one to know when you want a morning stop, an afternoon pick-me-up, or a place to anchor a walk through Alys Beach.

## What You'll Find

- Coffee, tea, or casual drinks depending on the shop
- A convenient stop near Alys Beach Town Center
- A place to begin the morning before the beach or shopping
- A low-key break during a longer 30A day

## What People Like

People tend to like coffee stops like Fonville Press Market & Café because they make a day in Alys Beach feel easier. It gives you a natural starting point, especially if you are walking, biking, or meeting someone nearby.

## What to Know

Morning hours are usually the safest bet for coffee shops, but always confirm the current schedule before making a special trip. Lines can build during spring break, summer, and holiday weekends, so earlier is usually better.

## Why You'd Go Here

- You want coffee before heading to the beach
- You are meeting someone in Alys Beach
- You need an easy stop while exploring Alys Beach Town Center
- You are creating a morning itinerary along 30A

## Bottom Line

Fonville Press Market & Café is a helpful coffee shop to keep on your Alys Beach list. It works best as a simple morning stop or an easy pause while exploring nearby."
George’s at Alys Beach,georges-at-alys-beach,Alys Beach,Alys Beach Town Center,restaurants,"Find George’s at Alys Beach in Alys Beach: category, contact info, website, location, and quick notes for WhereTo30A.","George’s at Alys Beach, Alys Beach, Alys Beach Town Center, restaurants, 30A",Creative coastal fare with indoor and patio dining.,850-641-0017,https://georgesatalysbeach.com/,https://alysbeach.com/merchants/,"If you're spending time in Alys Beach Town Center, Alys Beach, George’s at Alys Beach is a restaurant worth knowing about. Creative coastal fare with indoor and patio dining. It fits naturally into a 30A day when you want something close by, easy to plan around, and tied to the feel of Alys Beach.

## What It Is

George’s at Alys Beach is a restaurant located in Alys Beach Town Center in Alys Beach. It is the kind of place to keep on your list when you are planning where to eat around Alys Beach, whether you are coming from the beach, walking through the shopping area, or looking for an easy stop near where you are staying.

## What You'll Find

- Food and drink options for a casual 30A meal
- A convenient location in or near Alys Beach Town Center
- A good option to compare with other restaurants in Alys Beach
- A stop that works well before or after beach time, shopping, or exploring nearby

## What People Like

People usually look for places like George’s at Alys Beach because they want an easy meal option that feels connected to the area instead of feeling random or out of the way. The biggest draw is the location, especially if you are already spending time around Alys Beach Town Center.

## What to Know

Check the current hours before you go, especially during slower seasons or on holiday weekends. Parking and crowds can vary a lot around Alys Beach, so give yourself extra time if you are visiting during lunch, dinner, or peak vacation weeks.

## Why You'd Go Here

- You are looking for a meal near Alys Beach Town Center
- You want something convenient while exploring Alys Beach
- You are building out a dining list for a beach trip
- You need a practical stop that does not require driving far

## Bottom Line

George’s at Alys Beach is a useful restaurant listing for anyone planning time in Alys Beach. Add it to your WhereTo30A shortlist when convenience, location, and a clear sense of place matter."
Holiday Shop,holiday-shop,Alys Beach,Alys Beach Town Center,shopping,"Find Holiday Shop in Alys Beach: category, contact info, website, location, and quick notes for WhereTo30A.","Holiday Shop, Alys Beach, Alys Beach Town Center, shopping, 30A","Swimwear, clothing, and jewelry boutique.",850-909-0040,,https://alysbeach.com/merchants/,"If you're spending time in Alys Beach Town Center, Alys Beach, Holiday Shop is a shop worth knowing about. Swimwear, clothing, and jewelry boutique. It fits naturally into a 30A day when you want something close by, easy to plan around, and tied to the feel of Alys Beach.

## What It Is

Holiday Shop is a shopping stop located in Alys Beach Town Center in Alys Beach. It is a good listing to know if you like browsing local boutiques, beach-town retail, home goods, apparel, gifts, or specialty finds while exploring Alys Beach.

## What You'll Find

- Retail items that may include apparel, gifts, home goods, accessories, or specialty products
- A storefront in or near Alys Beach Town Center
- A browse-worthy stop between meals or beach plans
- A local shopping option to add to a 30A itinerary

## What People Like

People tend to like shops like Holiday Shop because they add character to a beach day. Instead of only planning around restaurants, this gives you somewhere to wander, browse, and find something that feels tied to the area.

## What to Know

Inventory, hours, and seasonal collections can change, so check the shop directly before making a special trip. Parking is easiest when you visit outside peak lunch and dinner windows, especially in busier town centers.

## Why You'd Go Here

- You want to browse local shops in Alys Beach
- You are looking for gifts or vacation finds
- You need a break from the beach
- You are exploring Alys Beach Town Center on foot

## Bottom Line

Holiday Shop is a good shopping listing for anyone exploring Alys Beach. It works well as part of a slower 30A day with time to wander."
NEAT Bottle Shop and Tasting Room,neat-bottle-shop-and-tasting-room,Alys Beach,Alys Beach Town Center,bars,"Find NEAT Bottle Shop and Tasting Room in Alys Beach: category, contact info, website, location, and quick notes for WhereTo30A.","NEAT Bottle Shop and Tasting Room, Alys Beach, Alys Beach Town Center, bars, 30A",Bottle shop and tasting room in Alys Beach.,,https://neatbottlebar.com,https://alysbeach.com/merchants/,"If you're spending time in Alys Beach Town Center, Alys Beach, NEAT Bottle Shop and Tasting Room is a bar or nightlife stop worth knowing about. Bottle shop and tasting room in Alys Beach. It fits naturally into a 30A day when you want something close by, easy to plan around, and tied to the feel of Alys Beach.

## What It Is

NEAT Bottle Shop and Tasting Room is a bar or drinks-focused stop located in Alys Beach Town Center in Alys Beach. It is the kind of place to consider when your 30A plans shift from beach time into dinner, drinks, or a more social evening.

## What You'll Find

- Beer, wine, cocktails, or casual drinks depending on the venue
- A location that works well around Alys Beach Town Center
- A spot to add to an evening itinerary
- A place to pair with dinner, live music, or a walk through the area when available

## What People Like

People are usually drawn to places like NEAT Bottle Shop and Tasting Room for the setting and convenience. Around 30A, the best bar stops are often the ones that are easy to reach, easy to pair with dinner, and relaxed enough to fit the beach-town pace.

## What to Know

Hours, entertainment, and food availability can change by season. Check the current details before you go, especially if you are planning around live music, a late night, or a holiday weekend.

## Why You'd Go Here

- You want drinks near Alys Beach Town Center
- You are planning a casual evening in Alys Beach
- You need a bar option to pair with dinner nearby
- You are looking for a social stop after beach time

## Bottom Line

NEAT Bottle Shop and Tasting Room is worth saving as a drinks option in Alys Beach. It is best used as part of a relaxed evening plan rather than a rushed stop."
O-Ku Alys Beach,o-ku-alys-beach,Alys Beach,Alys Beach Town Center,restaurants,"Find O-Ku Alys Beach in Alys Beach: category, contact info, website, location, and quick notes for WhereTo30A.","O-Ku Alys Beach, Alys Beach, Alys Beach Town Center, restaurants, 30A",Modern Japanese and sushi restaurant in Alys Beach.,850-909-0380,https://www.o-kusushi.com,https://alysbeach.com/merchants/,"If you're spending time in Alys Beach Town Center, Alys Beach, O-Ku Alys Beach is a restaurant worth knowing about. Modern Japanese and sushi restaurant in Alys Beach. It fits naturally into a 30A day when you want something close by, easy to plan around, and tied to the feel of Alys Beach.

## What It Is

O-Ku Alys Beach is a restaurant located in Alys Beach Town Center in Alys Beach. It is the kind of place to keep on your list when you are planning where to eat around Alys Beach, whether you are coming from the beach, walking through the shopping area, or looking for an easy stop near where you are staying.

## What You'll Find

- Food and drink options for a casual 30A meal
- A convenient location in or near Alys Beach Town Center
- A good option to compare with other restaurants in Alys Beach
- A stop that works well before or after beach time, shopping, or exploring nearby

## What People Like

People usually look for places like O-Ku Alys Beach because they want an easy meal option that feels connected to the area instead of feeling random or out of the way. The biggest draw is the location, especially if you are already spending time around Alys Beach Town Center.

## What to Know

Check the current hours before you go, especially during slower seasons or on holiday weekends. Parking and crowds can vary a lot around Alys Beach, so give yourself extra time if you are visiting during lunch, dinner, or peak vacation weeks.

## Why You'd Go Here

- You are looking for a meal near Alys Beach Town Center
- You want something convenient while exploring Alys Beach
- You are building out a dining list for a beach trip
- You need a practical stop that does not require driving far

## Bottom Line

O-Ku Alys Beach is a useful restaurant listing for anyone planning time in Alys Beach. Add it to your WhereTo30A shortlist when convenience, location, and a clear sense of place matter."
Raw & Juicy Alys Beach,raw-and-juicy-alys-beach,Alys Beach,Alys Beach Town Center,restaurants,"Find Raw & Juicy Alys Beach in Alys Beach: category, contact info, website, location, and quick notes for WhereTo30A.","Raw & Juicy Alys Beach, Alys Beach, Alys Beach Town Center, restaurants, 30A","Organic juices, smoothies, breakfast, and healthy food.",,https://rawandjuicy.com,https://alysbeach.com/merchants/,"If you're spending time in Alys Beach Town Center, Alys Beach, Raw & Juicy Alys Beach is a restaurant worth knowing about. Organic juices, smoothies, breakfast, and healthy food. It fits naturally into a 30A day when you want something close by, easy to plan around, and tied to the feel of Alys Beach.

## What It Is

Raw & Juicy Alys Beach is a restaurant located in Alys Beach Town Center in Alys Beach. It is the kind of place to keep on your list when you are planning where to eat around Alys Beach, whether you are coming from the beach, walking through the shopping area, or looking for an easy stop near where you are staying.

## What You'll Find

- Food and drink options for a casual 30A meal
- A convenient location in or near Alys Beach Town Center
- A good option to compare with other restaurants in Alys Beach
- A stop that works well before or after beach time, shopping, or exploring nearby

## What People Like

People usually look for places like Raw & Juicy Alys Beach because they want an easy meal option that feels connected to the area instead of feeling random or out of the way. The biggest draw is the location, especially if you are already spending time around Alys Beach Town Center.

## What to Know

Check the current hours before you go, especially during slower seasons or on holiday weekends. Parking and crowds can vary a lot around Alys Beach, so give yourself extra time if you are visiting during lunch, dinner, or peak vacation weeks.

## Why You'd Go Here

- You are looking for a meal near Alys Beach Town Center
- You want something convenient while exploring Alys Beach
- You are building out a dining list for a beach trip
- You need a practical stop that does not require driving far

## Bottom Line

Raw & Juicy Alys Beach is a useful restaurant listing for anyone planning time in Alys Beach. Add it to your WhereTo30A shortlist when convenience, location, and a clear sense of place matter."
Caliza Restaurant,caliza-restaurant,Alys Beach,Alys Beach Town Center,restaurants,"Find Caliza Restaurant in Alys Beach: category, contact info, website, location, and quick notes for WhereTo30A.","Caliza Restaurant, Alys Beach, Alys Beach Town Center, restaurants, 30A",Poolside fine dining restaurant in Alys Beach.,,https://calizarestaurant.com,https://alysbeach.com/merchants/,"If you're spending time in Alys Beach Town Center, Alys Beach, Caliza Restaurant is a restaurant worth knowing about. Poolside fine dining restaurant in Alys Beach. It fits naturally into a 30A day when you want something close by, easy to plan around, and tied to the feel of Alys Beach.

## What It Is

Caliza Restaurant is a restaurant located in Alys Beach Town Center in Alys Beach. It is the kind of place to keep on your list when you are planning where to eat around Alys Beach, whether you are coming from the beach, walking through the shopping area, or looking for an easy stop near where you are staying.

## What You'll Find

- Food and drink options for a casual 30A meal
- A convenient location in or near Alys Beach Town Center
- A good option to compare with other restaurants in Alys Beach
- A stop that works well before or after beach time, shopping, or exploring nearby

## What People Like

People usually look for places like Caliza Restaurant because they want an easy meal option that feels connected to the area instead of feeling random or out of the way. The biggest draw is the location, especially if you are already spending time around Alys Beach Town Center.

## What to Know

Check the current hours before you go, especially during slower seasons or on holiday weekends. Parking and crowds can vary a lot around Alys Beach, so give yourself extra time if you are visiting during lunch, dinner, or peak vacation weeks.

## Why You'd Go Here

- You are looking for a meal near Alys Beach Town Center
- You want something convenient while exploring Alys Beach
- You are building out a dining list for a beach trip
- You need a practical stop that does not require driving far

## Bottom Line

Caliza Restaurant is a useful restaurant listing for anyone planning time in Alys Beach. Add it to your WhereTo30A shortlist when convenience, location, and a clear sense of place matter."
Alo Yoga Alys Beach,alo-yoga-alys-beach,Alys Beach,Alys Beach Town Center,shopping,"Find Alo Yoga Alys Beach in Alys Beach: category, contact info, website, location, and quick notes for WhereTo30A.","Alo Yoga Alys Beach, Alys Beach, Alys Beach Town Center, shopping, 30A",Yoga apparel and activewear boutique.,,https://www.aloyoga.com,https://alysbeach.com/merchants/,"If you're spending time in Alys Beach Town Center, Alys Beach, Alo Yoga Alys Beach is a shop worth knowing about. Yoga apparel and activewear boutique. It fits naturally into a 30A day when you want something close by, easy to plan around, and tied to the feel of Alys Beach.

## What It Is

Alo Yoga Alys Beach is a shopping stop located in Alys Beach Town Center in Alys Beach. It is a good listing to know if you like browsing local boutiques, beach-town retail, home goods, apparel, gifts, or specialty finds while exploring Alys Beach.

## What You'll Find

- Retail items that may include apparel, gifts, home goods, accessories, or specialty products
- A storefront in or near Alys Beach Town Center
- A browse-worthy stop between meals or beach plans
- A local shopping option to add to a 30A itinerary

## What People Like

People tend to like shops like Alo Yoga Alys Beach because they add character to a beach day. Instead of only planning around restaurants, this gives you somewhere to wander, browse, and find something that feels tied to the area.

## What to Know

Inventory, hours, and seasonal collections can change, so check the shop directly before making a special trip. Parking is easiest when you visit outside peak lunch and dinner windows, especially in busier town centers.

## Why You'd Go Here

- You want to browse local shops in Alys Beach
- You are looking for gifts or vacation finds
- You need a break from the beach
- You are exploring Alys Beach Town Center on foot

## Bottom Line

Alo Yoga Alys Beach is a good shopping listing for anyone exploring Alys Beach. It works well as part of a slower 30A day with time to wander."
Merit Alys Beach,merit-alys-beach,Alys Beach,Alys Beach Town Center,shopping,"Find Merit Alys Beach in Alys Beach: category, contact info, website, location, and quick notes for WhereTo30A.","Merit Alys Beach, Alys Beach, Alys Beach Town Center, shopping, 30A",Clean beauty and cosmetics shop.,,https://www.meritbeauty.com,https://alysbeach.com/merchants/,"If you're spending time in Alys Beach Town Center, Alys Beach, Merit Alys Beach is a shop worth knowing about. Clean beauty and cosmetics shop. It fits naturally into a 30A day when you want something close by, easy to plan around, and tied to the feel of Alys Beach.

## What It Is

Merit Alys Beach is a shopping stop located in Alys Beach Town Center in Alys Beach. It is a good listing to know if you like browsing local boutiques, beach-town retail, home goods, apparel, gifts, or specialty finds while exploring Alys Beach.

## What You'll Find

- Retail items that may include apparel, gifts, home goods, accessories, or specialty products
- A storefront in or near Alys Beach Town Center
- A browse-worthy stop between meals or beach plans
- A local shopping option to add to a 30A itinerary

## What People Like

People tend to like shops like Merit Alys Beach because they add character to a beach day. Instead of only planning around restaurants, this gives you somewhere to wander, browse, and find something that feels tied to the area.

## What to Know

Inventory, hours, and seasonal collections can change, so check the shop directly before making a special trip. Parking is easiest when you visit outside peak lunch and dinner windows, especially in busier town centers.

## Why You'd Go Here

- You want to browse local shops in Alys Beach
- You are looking for gifts or vacation finds
- You need a break from the beach
- You are exploring Alys Beach Town Center on foot

## Bottom Line

Merit Alys Beach is a good shopping listing for anyone exploring Alys Beach. It works well as part of a slower 30A day with time to wander."
Bebette,bebette,Alys Beach,Alys Beach Town Center,shopping,"Find Bebette in Alys Beach: category, contact info, website, location, and quick notes for WhereTo30A.","Bebette, Alys Beach, Alys Beach Town Center, shopping, 30A",Children’s and lifestyle boutique in Alys Beach.,,,https://alysbeach.com/merchants/,"If you're spending time in Alys Beach Town Center, Alys Beach, Bebette is a shop worth knowing about. Children’s and lifestyle boutique in Alys Beach. It fits naturally into a 30A day when you want something close by, easy to plan around, and tied to the feel of Alys Beach.

## What It Is

Bebette is a shopping stop located in Alys Beach Town Center in Alys Beach. It is a good listing to know if you like browsing local boutiques, beach-town retail, home goods, apparel, gifts, or specialty finds while exploring Alys Beach.

## What You'll Find

- Retail items that may include apparel, gifts, home goods, accessories, or specialty products
- A storefront in or near Alys Beach Town Center
- A browse-worthy stop between meals or beach plans
- A local shopping option to add to a 30A itinerary

## What People Like

People tend to like shops like Bebette because they add character to a beach day. Instead of only planning around restaurants, this gives you somewhere to wander, browse, and find something that feels tied to the area.

## What to Know

Inventory, hours, and seasonal collections can change, so check the shop directly before making a special trip. Parking is easiest when you visit outside peak lunch and dinner windows, especially in busier town centers.

## Why You'd Go Here

- You want to browse local shops in Alys Beach
- You are looking for gifts or vacation finds
- You need a break from the beach
- You are exploring Alys Beach Town Center on foot

## Bottom Line

Bebette is a good shopping listing for anyone exploring Alys Beach. It works well as part of a slower 30A day with time to wander."
SummerStory,summerstory,Alys Beach,Alys Beach Town Center,shopping,"Find SummerStory in Alys Beach: category, contact info, website, location, and quick notes for WhereTo30A.","SummerStory, Alys Beach, Alys Beach Town Center, shopping, 30A",Resort wear and coastal lifestyle boutique.,,,https://alysbeach.com/merchants/,"If you're spending time in Alys Beach Town Center, Alys Beach, SummerStory is a shop worth knowing about. Resort wear and coastal lifestyle boutique. It fits naturally into a 30A day when you want something close by, easy to plan around, and tied to the feel of Alys Beach.

## What It Is

SummerStory is a shopping stop located in Alys Beach Town Center in Alys Beach. It is a good listing to know if you like browsing local boutiques, beach-town retail, home goods, apparel, gifts, or specialty finds while exploring Alys Beach.

## What You'll Find

- Retail items that may include apparel, gifts, home goods, accessories, or specialty products
- A storefront in or near Alys Beach Town Center
- A browse-worthy stop between meals or beach plans
- A local shopping option to add to a 30A itinerary

## What People Like

People tend to like shops like SummerStory because they add character to a beach day. Instead of only planning around restaurants, this gives you somewhere to wander, browse, and find something that feels tied to the area.

## What to Know

Inventory, hours, and seasonal collections can change, so check the shop directly before making a special trip. Parking is easiest when you visit outside peak lunch and dinner windows, especially in busier town centers.

## Why You'd Go Here

- You want to browse local shops in Alys Beach
- You are looking for gifts or vacation finds
- You need a break from the beach
- You are exploring Alys Beach Town Center on foot

## Bottom Line

SummerStory is a good shopping listing for anyone exploring Alys Beach. It works well as part of a slower 30A day with time to wander."
Parasol,parasol,Alys Beach,Alys Beach Town Center,shopping,"Find Parasol in Alys Beach: category, contact info, website, location, and quick notes for WhereTo30A.","Parasol, Alys Beach, Alys Beach Town Center, shopping, 30A",Beach and resort lifestyle boutique.,,,https://alysbeach.com/merchants/,"If you're spending time in Alys Beach Town Center, Alys Beach, Parasol is a shop worth knowing about. Beach and resort lifestyle boutique. It fits naturally into a 30A day when you want something close by, easy to plan around, and tied to the feel of Alys Beach.

## What It Is

Parasol is a shopping stop located in Alys Beach Town Center in Alys Beach. It is a good listing to know if you like browsing local boutiques, beach-town retail, home goods, apparel, gifts, or specialty finds while exploring Alys Beach.

## What You'll Find

- Retail items that may include apparel, gifts, home goods, accessories, or specialty products
- A storefront in or near Alys Beach Town Center
- A browse-worthy stop between meals or beach plans
- A local shopping option to add to a 30A itinerary

## What People Like

People tend to like shops like Parasol because they add character to a beach day. Instead of only planning around restaurants, this gives you somewhere to wander, browse, and find something that feels tied to the area.

## What to Know

Inventory, hours, and seasonal collections can change, so check the shop directly before making a special trip. Parking is easiest when you visit outside peak lunch and dinner windows, especially in busier town centers.

## Why You'd Go Here

- You want to browse local shops in Alys Beach
- You are looking for gifts or vacation finds
- You need a break from the beach
- You are exploring Alys Beach Town Center on foot

## Bottom Line

Parasol is a good shopping listing for anyone exploring Alys Beach. It works well as part of a slower 30A day with time to wander."
Aja Elevated Asian,aja-elevated-asian,Inlet Beach,30Avenue,restaurants,"Find Aja Elevated Asian in Inlet Beach: category, contact info, website, location, and quick notes for WhereTo30A.","Aja Elevated Asian, Inlet Beach, 30Avenue, restaurants, 30A",Asian restaurant at 30Avenue.,850-493-6437,https://www.aja30a.com,https://www.thirtyavenue.com/map/,"If you're spending time in 30Avenue, Inlet Beach, Aja Elevated Asian is a restaurant worth knowing about. Asian restaurant at 30Avenue. It fits naturally into a 30A day when you want something close by, easy to plan around, and tied to the feel of Inlet Beach.

## What It Is

Aja Elevated Asian is a restaurant located in 30Avenue in Inlet Beach. It is the kind of place to keep on your list when you are planning where to eat around Inlet Beach, whether you are coming from the beach, walking through the shopping area, or looking for an easy stop near where you are staying.

## What You'll Find

- Food and drink options for a casual 30A meal
- A convenient location in or near 30Avenue
- A good option to compare with other restaurants in Inlet Beach
- A stop that works well before or after beach time, shopping, or exploring nearby

## What People Like

People usually look for places like Aja Elevated Asian because they want an easy meal option that feels connected to the area instead of feeling random or out of the way. The biggest draw is the location, especially if you are already spending time around 30Avenue.

## What to Know

Check the current hours before you go, especially during slower seasons or on holiday weekends. Parking and crowds can vary a lot around Inlet Beach, so give yourself extra time if you are visiting during lunch, dinner, or peak vacation weeks.

## Why You'd Go Here

- You are looking for a meal near 30Avenue
- You want something convenient while exploring Inlet Beach
- You are building out a dining list for a beach trip
- You need a practical stop that does not require driving far

## Bottom Line

Aja Elevated Asian is a useful restaurant listing for anyone planning time in Inlet Beach. Add it to your WhereTo30A shortlist when convenience, location, and a clear sense of place matter."
Amici 30A Italian Kitchen,amici-30a-italian-kitchen,Inlet Beach,30Avenue,restaurants,"Find Amici 30A Italian Kitchen in Inlet Beach: category, contact info, website, location, and quick notes for WhereTo30A.","Amici 30A Italian Kitchen, Inlet Beach, 30Avenue, restaurants, 30A",Italian kitchen at 30Avenue.,850-909-0555,https://www.amici30a.com,https://www.thirtyavenue.com/map/,"If you're spending time in 30Avenue, Inlet Beach, Amici 30A Italian Kitchen is a restaurant worth knowing about. Italian kitchen at 30Avenue. It fits naturally into a 30A day when you want something close by, easy to plan around, and tied to the feel of Inlet Beach.

## What It Is

Amici 30A Italian Kitchen is a restaurant located in 30Avenue in Inlet Beach. It is the kind of place to keep on your list when you are planning where to eat around Inlet Beach, whether you are coming from the beach, walking through the shopping area, or looking for an easy stop near where you are staying.

## What You'll Find

- Food and drink options for a casual 30A meal
- A convenient location in or near 30Avenue
- A good option to compare with other restaurants in Inlet Beach
- A stop that works well before or after beach time, shopping, or exploring nearby

## What People Like

People usually look for places like Amici 30A Italian Kitchen because they want an easy meal option that feels connected to the area instead of feeling random or out of the way. The biggest draw is the location, especially if you are already spending time around 30Avenue.

## What to Know

Check the current hours before you go, especially during slower seasons or on holiday weekends. Parking and crowds can vary a lot around Inlet Beach, so give yourself extra time if you are visiting during lunch, dinner, or peak vacation weeks.

## Why You'd Go Here

- You are looking for a meal near 30Avenue
- You want something convenient while exploring Inlet Beach
- You are building out a dining list for a beach trip
- You need a practical stop that does not require driving far

## Bottom Line

Amici 30A Italian Kitchen is a useful restaurant listing for anyone planning time in Inlet Beach. Add it to your WhereTo30A shortlist when convenience, location, and a clear sense of place matter."
Amigos 30A Mexican Kitchen,amigos-30a-mexican-kitchen,Inlet Beach,30Avenue,restaurants,"Find Amigos 30A Mexican Kitchen in Inlet Beach: category, contact info, website, location, and quick notes for WhereTo30A.","Amigos 30A Mexican Kitchen, Inlet Beach, 30Avenue, restaurants, 30A",Mexican kitchen and margaritas at 30Avenue.,850-909-0555,https://www.amigos30a.com,https://www.thirtyavenue.com/map/,"If you're spending time in 30Avenue, Inlet Beach, Amigos 30A Mexican Kitchen is a restaurant worth knowing about. Mexican kitchen and margaritas at 30Avenue. It fits naturally into a 30A day when you want something close by, easy to plan around, and tied to the feel of Inlet Beach.

## What It Is

Amigos 30A Mexican Kitchen is a restaurant located in 30Avenue in Inlet Beach. It is the kind of place to keep on your list when you are planning where to eat around Inlet Beach, whether you are coming from the beach, walking through the shopping area, or looking for an easy stop near where you are staying.

## What You'll Find

- Food and drink options for a casual 30A meal
- A convenient location in or near 30Avenue
- A good option to compare with other restaurants in Inlet Beach
- A stop that works well before or after beach time, shopping, or exploring nearby

## What People Like

People usually look for places like Amigos 30A Mexican Kitchen because they want an easy meal option that feels connected to the area instead of feeling random or out of the way. The biggest draw is the location, especially if you are already spending time around 30Avenue.

## What to Know

Check the current hours before you go, especially during slower seasons or on holiday weekends. Parking and crowds can vary a lot around Inlet Beach, so give yourself extra time if you are visiting during lunch, dinner, or peak vacation weeks.

## Why You'd Go Here

- You are looking for a meal near 30Avenue
- You want something convenient while exploring Inlet Beach
- You are building out a dining list for a beach trip
- You need a practical stop that does not require driving far

## Bottom Line

Amigos 30A Mexican Kitchen is a useful restaurant listing for anyone planning time in Inlet Beach. Add it to your WhereTo30A shortlist when convenience, location, and a clear sense of place matter."
Canopy Road Cafe 30Avenue,canopy-road-cafe-30avenue,Inlet Beach,30Avenue,restaurants,"Find Canopy Road Cafe 30Avenue in Inlet Beach: category, contact info, website, location, and quick notes for WhereTo30A.","Canopy Road Cafe 30Avenue, Inlet Beach, 30Avenue, restaurants, 30A",Breakfast and lunch cafe at 30Avenue.,850-909-0104,https://www.canopyroadcafe.com,https://www.thirtyavenue.com/map/,"If you're spending time in 30Avenue, Inlet Beach, Canopy Road Cafe 30Avenue is a restaurant worth knowing about. Breakfast and lunch cafe at 30Avenue. It fits naturally into a 30A day when you want something close by, easy to plan around, and tied to the feel of Inlet Beach.

## What It Is

Canopy Road Cafe 30Avenue is a restaurant located in 30Avenue in Inlet Beach. It is the kind of place to keep on your list when you are planning where to eat around Inlet Beach, whether you are coming from the beach, walking through the shopping area, or looking for an easy stop near where you are staying.

## What You'll Find

- Food and drink options for a casual 30A meal
- A convenient location in or near 30Avenue
- A good option to compare with other restaurants in Inlet Beach
- A stop that works well before or after beach time, shopping, or exploring nearby

## What People Like

People usually look for places like Canopy Road Cafe 30Avenue because they want an easy meal option that feels connected to the area instead of feeling random or out of the way. The biggest draw is the location, especially if you are already spending time around 30Avenue.

## What to Know

Check the current hours before you go, especially during slower seasons or on holiday weekends. Parking and crowds can vary a lot around Inlet Beach, so give yourself extra time if you are visiting during lunch, dinner, or peak vacation weeks.

## Why You'd Go Here

- You are looking for a meal near 30Avenue
- You want something convenient while exploring Inlet Beach
- You are building out a dining list for a beach trip
- You need a practical stop that does not require driving far

## Bottom Line

Canopy Road Cafe 30Avenue is a useful restaurant listing for anyone planning time in Inlet Beach. Add it to your WhereTo30A shortlist when convenience, location, and a clear sense of place matter."
Cuvee 30A,cuvee-30a,Inlet Beach,30Avenue,restaurants,"Find Cuvee 30A in Inlet Beach: category, contact info, website, location, and quick notes for WhereTo30A.","Cuvee 30A, Inlet Beach, 30Avenue, restaurants, 30A",Fine dining restaurant at 30Avenue.,850-909-0111,https://cuvee30a.com,https://www.thirtyavenue.com/map/,"If you're spending time in 30Avenue, Inlet Beach, Cuvee 30A is a restaurant worth knowing about. Fine dining restaurant at 30Avenue. It fits naturally into a 30A day when you want something close by, easy to plan around, and tied to the feel of Inlet Beach.

## What It Is

Cuvee 30A is a restaurant located in 30Avenue in Inlet Beach. It is the kind of place to keep on your list when you are planning where to eat around Inlet Beach, whether you are coming from the beach, walking through the shopping area, or looking for an easy stop near where you are staying.

## What You'll Find

- Food and drink options for a casual 30A meal
- A convenient location in or near 30Avenue
- A good option to compare with other restaurants in Inlet Beach
- A stop that works well before or after beach time, shopping, or exploring nearby

## What People Like

People usually look for places like Cuvee 30A because they want an easy meal option that feels connected to the area instead of feeling random or out of the way. The biggest draw is the location, especially if you are already spending time around 30Avenue.

## What to Know

Check the current hours before you go, especially during slower seasons or on holiday weekends. Parking and crowds can vary a lot around Inlet Beach, so give yourself extra time if you are visiting during lunch, dinner, or peak vacation weeks.

## Why You'd Go Here

- You are looking for a meal near 30Avenue
- You want something convenient while exploring Inlet Beach
- You are building out a dining list for a beach trip
- You need a practical stop that does not require driving far

## Bottom Line

Cuvee 30A is a useful restaurant listing for anyone planning time in Inlet Beach. Add it to your WhereTo30A shortlist when convenience, location, and a clear sense of place matter."
Goatfeathers Seafood Market 30Avenue,goatfeathers-seafood-market-30avenue,Inlet Beach,30Avenue,restaurants,"Find Goatfeathers Seafood Market 30Avenue in Inlet Beach: category, contact info, website, location, and quick notes for WhereTo30A.","Goatfeathers Seafood Market 30Avenue, Inlet Beach, 30Avenue, restaurants, 30A",Seafood market at 30Avenue.,,,https://www.thirtyavenue.com/map/,"If you're spending time in 30Avenue, Inlet Beach, Goatfeathers Seafood Market 30Avenue is a restaurant worth knowing about. Seafood market at 30Avenue. It fits naturally into a 30A day when you want something close by, easy to plan around, and tied to the feel of Inlet Beach.

## What It Is

Goatfeathers Seafood Market 30Avenue is a restaurant located in 30Avenue in Inlet Beach. It is the kind of place to keep on your list when you are planning where to eat around Inlet Beach, whether you are coming from the beach, walking through the shopping area, or looking for an easy stop near where you are staying.

## What You'll Find

- Food and drink options for a casual 30A meal
- A convenient location in or near 30Avenue
- A good option to compare with other restaurants in Inlet Beach
- A stop that works well before or after beach time, shopping, or exploring nearby

## What People Like

People usually look for places like Goatfeathers Seafood Market 30Avenue because they want an easy meal option that feels connected to the area instead of feeling random or out of the way. The biggest draw is the location, especially if you are already spending time around 30Avenue.

## What to Know

Check the current hours before you go, especially during slower seasons or on holiday weekends. Parking and crowds can vary a lot around Inlet Beach, so give yourself extra time if you are visiting during lunch, dinner, or peak vacation weeks.

## Why You'd Go Here

- You are looking for a meal near 30Avenue
- You want something convenient while exploring Inlet Beach
- You are building out a dining list for a beach trip
- You need a practical stop that does not require driving far

## Bottom Line

Goatfeathers Seafood Market 30Avenue is a useful restaurant listing for anyone planning time in Inlet Beach. Add it to your WhereTo30A shortlist when convenience, location, and a clear sense of place matter."
Great American Cookies 30Avenue,great-american-cookies-30avenue,Inlet Beach,30Avenue,restaurants,"Find Great American Cookies 30Avenue in Inlet Beach: category, contact info, website, location, and quick notes for WhereTo30A.","Great American Cookies 30Avenue, Inlet Beach, 30Avenue, restaurants, 30A",Cookies and sweets shop at 30Avenue.,850-641-0103,https://www.30acookiesandicecream.com,https://www.thirtyavenue.com/map/,"If you're spending time in 30Avenue, Inlet Beach, Great American Cookies 30Avenue is a restaurant worth knowing about. Cookies and sweets shop at 30Avenue. It fits naturally into a 30A day when you want something close by, easy to plan around, and tied to the feel of Inlet Beach.

## What It Is

Great American Cookies 30Avenue is a restaurant located in 30Avenue in Inlet Beach. It is the kind of place to keep on your list when you are planning where to eat around Inlet Beach, whether you are coming from the beach, walking through the shopping area, or looking for an easy stop near where you are staying.

## What You'll Find

- Food and drink options for a casual 30A meal
- A convenient location in or near 30Avenue
- A good option to compare with other restaurants in Inlet Beach
- A stop that works well before or after beach time, shopping, or exploring nearby

## What People Like

People usually look for places like Great American Cookies 30Avenue because they want an easy meal option that feels connected to the area instead of feeling random or out of the way. The biggest draw is the location, especially if you are already spending time around 30Avenue.

## What to Know

Check the current hours before you go, especially during slower seasons or on holiday weekends. Parking and crowds can vary a lot around Inlet Beach, so give yourself extra time if you are visiting during lunch, dinner, or peak vacation weeks.

## Why You'd Go Here

- You are looking for a meal near 30Avenue
- You want something convenient while exploring Inlet Beach
- You are building out a dining list for a beach trip
- You need a practical stop that does not require driving far

## Bottom Line

Great American Cookies 30Avenue is a useful restaurant listing for anyone planning time in Inlet Beach. Add it to your WhereTo30A shortlist when convenience, location, and a clear sense of place matter."
Idyll Hound Proper,idyll-hound-proper,Inlet Beach,30Avenue,bars,"Find Idyll Hound Proper in Inlet Beach: category, contact info, website, location, and quick notes for WhereTo30A.","Idyll Hound Proper, Inlet Beach, 30Avenue, bars, 30A",Brewpub and restaurant at 30Avenue.,850-909-9041,https://www.idyllhoundproper.com,https://www.thirtyavenue.com/map/,"If you're spending time in 30Avenue, Inlet Beach, Idyll Hound Proper is a bar or nightlife stop worth knowing about. Brewpub and restaurant at 30Avenue. It fits naturally into a 30A day when you want something close by, easy to plan around, and tied to the feel of Inlet Beach.

## What It Is

Idyll Hound Proper is a bar or drinks-focused stop located in 30Avenue in Inlet Beach. It is the kind of place to consider when your 30A plans shift from beach time into dinner, drinks, or a more social evening.

## What You'll Find

- Beer, wine, cocktails, or casual drinks depending on the venue
- A location that works well around 30Avenue
- A spot to add to an evening itinerary
- A place to pair with dinner, live music, or a walk through the area when available

## What People Like

People are usually drawn to places like Idyll Hound Proper for the setting and convenience. Around 30A, the best bar stops are often the ones that are easy to reach, easy to pair with dinner, and relaxed enough to fit the beach-town pace.

## What to Know

Hours, entertainment, and food availability can change by season. Check the current details before you go, especially if you are planning around live music, a late night, or a holiday weekend.

## Why You'd Go Here

- You want drinks near 30Avenue
- You are planning a casual evening in Inlet Beach
- You need a bar option to pair with dinner nearby
- You are looking for a social stop after beach time

## Bottom Line

Idyll Hound Proper is worth saving as a drinks option in Inlet Beach. It is best used as part of a relaxed evening plan rather than a rushed stop."
Marble Slab Creamery 30Avenue,marble-slab-creamery-30avenue,Inlet Beach,30Avenue,restaurants,"Find Marble Slab Creamery 30Avenue in Inlet Beach: category, contact info, website, location, and quick notes for WhereTo30A.","Marble Slab Creamery 30Avenue, Inlet Beach, 30Avenue, restaurants, 30A",Ice cream shop at 30Avenue.,850-641-0103,https://www.30acookiesandicecream.com,https://www.thirtyavenue.com/map/,"If you're spending time in 30Avenue, Inlet Beach, Marble Slab Creamery 30Avenue is a restaurant worth knowing about. Ice cream shop at 30Avenue. It fits naturally into a 30A day when you want something close by, easy to plan around, and tied to the feel of Inlet Beach.

## What It Is

Marble Slab Creamery 30Avenue is a restaurant located in 30Avenue in Inlet Beach. It is the kind of place to keep on your list when you are planning where to eat around Inlet Beach, whether you are coming from the beach, walking through the shopping area, or looking for an easy stop near where you are staying.

## What You'll Find

- Food and drink options for a casual 30A meal
- A convenient location in or near 30Avenue
- A good option to compare with other restaurants in Inlet Beach
- A stop that works well before or after beach time, shopping, or exploring nearby

## What People Like

People usually look for places like Marble Slab Creamery 30Avenue because they want an easy meal option that feels connected to the area instead of feeling random or out of the way. The biggest draw is the location, especially if you are already spending time around 30Avenue.

## What to Know

Check the current hours before you go, especially during slower seasons or on holiday weekends. Parking and crowds can vary a lot around Inlet Beach, so give yourself extra time if you are visiting during lunch, dinner, or peak vacation weeks.

## Why You'd Go Here

- You are looking for a meal near 30Avenue
- You want something convenient while exploring Inlet Beach
- You are building out a dining list for a beach trip
- You need a practical stop that does not require driving far

## Bottom Line

Marble Slab Creamery 30Avenue is a useful restaurant listing for anyone planning time in Inlet Beach. Add it to your WhereTo30A shortlist when convenience, location, and a clear sense of place matter."
Obscure Wine Company,obscure-wine-company,Inlet Beach,30Avenue,bars,"Find Obscure Wine Company in Inlet Beach: category, contact info, website, location, and quick notes for WhereTo30A.","Obscure Wine Company, Inlet Beach, 30Avenue, bars, 30A",Wine bar and shop at 30Avenue.,850-909-0019,https://www.obscurewine.com,https://www.thirtyavenue.com/map/,"If you're spending time in 30Avenue, Inlet Beach, Obscure Wine Company is a bar or nightlife stop worth knowing about. Wine bar and shop at 30Avenue. It fits naturally into a 30A day when you want something close by, easy to plan around, and tied to the feel of Inlet Beach.

## What It Is

Obscure Wine Company is a bar or drinks-focused stop located in 30Avenue in Inlet Beach. It is the kind of place to consider when your 30A plans shift from beach time into dinner, drinks, or a more social evening.

## What You'll Find

- Beer, wine, cocktails, or casual drinks depending on the venue
- A location that works well around 30Avenue
- A spot to add to an evening itinerary
- A place to pair with dinner, live music, or a walk through the area when available

## What People Like

People are usually drawn to places like Obscure Wine Company for the setting and convenience. Around 30A, the best bar stops are often the ones that are easy to reach, easy to pair with dinner, and relaxed enough to fit the beach-town pace.

## What to Know

Hours, entertainment, and food availability can change by season. Check the current details before you go, especially if you are planning around live music, a late night, or a holiday weekend.

## Why You'd Go Here

- You want drinks near 30Avenue
- You are planning a casual evening in Inlet Beach
- You need a bar option to pair with dinner nearby
- You are looking for a social stop after beach time

## Bottom Line

Obscure Wine Company is worth saving as a drinks option in Inlet Beach. It is best used as part of a relaxed evening plan rather than a rushed stop."
30A Olive Oil,30a-olive-oil,Inlet Beach,30Avenue,shopping,"Find 30A Olive Oil in Inlet Beach: category, contact info, website, location, and quick notes for WhereTo30A.","30A Olive Oil, Inlet Beach, 30Avenue, shopping, 30A",Olive oil and specialty food shop at 30Avenue.,,,https://www.thirtyavenue.com/map/,"If you're spending time in 30Avenue, Inlet Beach, 30A Olive Oil is a shop worth knowing about. Olive oil and specialty food shop at 30Avenue. It fits naturally into a 30A day when you want something close by, easy to plan around, and tied to the feel of Inlet Beach.

## What It Is

30A Olive Oil is a shopping stop located in 30Avenue in Inlet Beach. It is a good listing to know if you like browsing local boutiques, beach-town retail, home goods, apparel, gifts, or specialty finds while exploring Inlet Beach.

## What You'll Find

- Retail items that may include apparel, gifts, home goods, accessories, or specialty products
- A storefront in or near 30Avenue
- A browse-worthy stop between meals or beach plans
- A local shopping option to add to a 30A itinerary

## What People Like

People tend to like shops like 30A Olive Oil because they add character to a beach day. Instead of only planning around restaurants, this gives you somewhere to wander, browse, and find something that feels tied to the area.

## What to Know

Inventory, hours, and seasonal collections can change, so check the shop directly before making a special trip. Parking is easiest when you visit outside peak lunch and dinner windows, especially in busier town centers.

## Why You'd Go Here

- You want to browse local shops in Inlet Beach
- You are looking for gifts or vacation finds
- You need a break from the beach
- You are exploring 30Avenue on foot

## Bottom Line

30A Olive Oil is a good shopping listing for anyone exploring Inlet Beach. It works well as part of a slower 30A day with time to wander."
Bohlert Massey Interiors,bohlert-massey-interiors,Inlet Beach,30Avenue,shopping,"Find Bohlert Massey Interiors in Inlet Beach: category, contact info, website, location, and quick notes for WhereTo30A.","Bohlert Massey Interiors, Inlet Beach, 30Avenue, shopping, 30A",Interior design and furnishings showroom.,850-231-3940,https://www.bohlertmassey.com,https://www.thirtyavenue.com/map/,"If you're spending time in 30Avenue, Inlet Beach, Bohlert Massey Interiors is a shop worth knowing about. Interior design and furnishings showroom. It fits naturally into a 30A day when you want something close by, easy to plan around, and tied to the feel of Inlet Beach.

## What It Is

Bohlert Massey Interiors is a shopping stop located in 30Avenue in Inlet Beach. It is a good listing to know if you like browsing local boutiques, beach-town retail, home goods, apparel, gifts, or specialty finds while exploring Inlet Beach.

## What You'll Find

- Retail items that may include apparel, gifts, home goods, accessories, or specialty products
- A storefront in or near 30Avenue
- A browse-worthy stop between meals or beach plans
- A local shopping option to add to a 30A itinerary

## What People Like

People tend to like shops like Bohlert Massey Interiors because they add character to a beach day. Instead of only planning around restaurants, this gives you somewhere to wander, browse, and find something that feels tied to the area.

## What to Know

Inventory, hours, and seasonal collections can change, so check the shop directly before making a special trip. Parking is easiest when you visit outside peak lunch and dinner windows, especially in busier town centers.

## Why You'd Go Here

- You want to browse local shops in Inlet Beach
- You are looking for gifts or vacation finds
- You need a break from the beach
- You are exploring 30Avenue on foot

## Bottom Line

Bohlert Massey Interiors is a good shopping listing for anyone exploring Inlet Beach. It works well as part of a slower 30A day with time to wander."
Lighting Etc.,lighting-etc,Inlet Beach,30Avenue,shopping,"Find Lighting Etc. in Inlet Beach: category, contact info, website, location, and quick notes for WhereTo30A.","Lighting Etc., Inlet Beach, 30Avenue, shopping, 30A",Lighting showroom and services at 30Avenue.,850-249-6834,https://lelights.com,https://www.thirtyavenue.com/map/,"If you're spending time in 30Avenue, Inlet Beach, Lighting Etc. is a shop worth knowing about. Lighting showroom and services at 30Avenue. It fits naturally into a 30A day when you want something close by, easy to plan around, and tied to the feel of Inlet Beach.

## What It Is

Lighting Etc. is a shopping stop located in 30Avenue in Inlet Beach. It is a good listing to know if you like browsing local boutiques, beach-town retail, home goods, apparel, gifts, or specialty finds while exploring Inlet Beach.

## What You'll Find

- Retail items that may include apparel, gifts, home goods, accessories, or specialty products
- A storefront in or near 30Avenue
- A browse-worthy stop between meals or beach plans
- A local shopping option to add to a 30A itinerary

## What People Like

People tend to like shops like Lighting Etc. because they add character to a beach day. Instead of only planning around restaurants, this gives you somewhere to wander, browse, and find something that feels tied to the area.

## What to Know

Inventory, hours, and seasonal collections can change, so check the shop directly before making a special trip. Parking is easiest when you visit outside peak lunch and dinner windows, especially in busier town centers.

## Why You'd Go Here

- You want to browse local shops in Inlet Beach
- You are looking for gifts or vacation finds
- You need a break from the beach
- You are exploring 30Avenue on foot

## Bottom Line

Lighting Etc. is a good shopping listing for anyone exploring Inlet Beach. It works well as part of a slower 30A day with time to wander."
MYST,myst,Inlet Beach,30Avenue,shopping,"Find MYST in Inlet Beach: category, contact info, website, location, and quick notes for WhereTo30A.","MYST, Inlet Beach, 30Avenue, shopping, 30A",Yoga and lifestyle retail at 30Avenue.,850-909-0141,https://mystyoga30a.com,https://www.thirtyavenue.com/map/,"If you're spending time in 30Avenue, Inlet Beach, MYST is a shop worth knowing about. Yoga and lifestyle retail at 30Avenue. It fits naturally into a 30A day when you want something close by, easy to plan around, and tied to the feel of Inlet Beach.

## What It Is

MYST is a shopping stop located in 30Avenue in Inlet Beach. It is a good listing to know if you like browsing local boutiques, beach-town retail, home goods, apparel, gifts, or specialty finds while exploring Inlet Beach.

## What You'll Find

- Retail items that may include apparel, gifts, home goods, accessories, or specialty products
- A storefront in or near 30Avenue
- A browse-worthy stop between meals or beach plans
- A local shopping option to add to a 30A itinerary

## What People Like

People tend to like shops like MYST because they add character to a beach day. Instead of only planning around restaurants, this gives you somewhere to wander, browse, and find something that feels tied to the area.

## What to Know

Inventory, hours, and seasonal collections can change, so check the shop directly before making a special trip. Parking is easiest when you visit outside peak lunch and dinner windows, especially in busier town centers.

## Why You'd Go Here

- You want to browse local shops in Inlet Beach
- You are looking for gifts or vacation finds
- You need a break from the beach
- You are exploring 30Avenue on foot

## Bottom Line

MYST is a good shopping listing for anyone exploring Inlet Beach. It works well as part of a slower 30A day with time to wander."
Not Too Shabby,not-too-shabby,Inlet Beach,30Avenue,shopping,"Find Not Too Shabby in Inlet Beach: category, contact info, website, location, and quick notes for WhereTo30A.","Not Too Shabby, Inlet Beach, 30Avenue, shopping, 30A",Home interiors and furnishings shop.,850-520-2390,https://www.marisolgullointeriors.com,https://www.thirtyavenue.com/map/,"If you're spending time in 30Avenue, Inlet Beach, Not Too Shabby is a shop worth knowing about. Home interiors and furnishings shop. It fits naturally into a 30A day when you want something close by, easy to plan around, and tied to the feel of Inlet Beach.

## What It Is

Not Too Shabby is a shopping stop located in 30Avenue in Inlet Beach. It is a good listing to know if you like browsing local boutiques, beach-town retail, home goods, apparel, gifts, or specialty finds while exploring Inlet Beach.

## What You'll Find

- Retail items that may include apparel, gifts, home goods, accessories, or specialty products
- A storefront in or near 30Avenue
- A browse-worthy stop between meals or beach plans
- A local shopping option to add to a 30A itinerary

## What People Like

People tend to like shops like Not Too Shabby because they add character to a beach day. Instead of only planning around restaurants, this gives you somewhere to wander, browse, and find something that feels tied to the area.

## What to Know

Inventory, hours, and seasonal collections can change, so check the shop directly before making a special trip. Parking is easiest when you visit outside peak lunch and dinner windows, especially in busier town centers.

## Why You'd Go Here

- You want to browse local shops in Inlet Beach
- You are looking for gifts or vacation finds
- You need a break from the beach
- You are exploring 30Avenue on foot

## Bottom Line

Not Too Shabby is a good shopping listing for anyone exploring Inlet Beach. It works well as part of a slower 30A day with time to wander."
OKO 30Avenue,oko-30avenue,Inlet Beach,30Avenue,shopping,"Find OKO 30Avenue in Inlet Beach: category, contact info, website, location, and quick notes for WhereTo30A.","OKO 30Avenue, Inlet Beach, 30Avenue, shopping, 30A",Clothing and accessories boutique.,850-909-0101,https://www.okolifestyle.com,https://www.thirtyavenue.com/map/,"If you're spending time in 30Avenue, Inlet Beach, OKO 30Avenue is a shop worth knowing about. Clothing and accessories boutique. It fits naturally into a 30A day when you want something close by, easy to plan around, and tied to the feel of Inlet Beach.

## What It Is

OKO 30Avenue is a shopping stop located in 30Avenue in Inlet Beach. It is a good listing to know if you like browsing local boutiques, beach-town retail, home goods, apparel, gifts, or specialty finds while exploring Inlet Beach.

## What You'll Find

- Retail items that may include apparel, gifts, home goods, accessories, or specialty products
- A storefront in or near 30Avenue
- A browse-worthy stop between meals or beach plans
- A local shopping option to add to a 30A itinerary

## What People Like

People tend to like shops like OKO 30Avenue because they add character to a beach day. Instead of only planning around restaurants, this gives you somewhere to wander, browse, and find something that feels tied to the area.

## What to Know

Inventory, hours, and seasonal collections can change, so check the shop directly before making a special trip. Parking is easiest when you visit outside peak lunch and dinner windows, especially in busier town centers.

## Why You'd Go Here

- You want to browse local shops in Inlet Beach
- You are looking for gifts or vacation finds
- You need a break from the beach
- You are exploring 30Avenue on foot

## Bottom Line

OKO 30Avenue is a good shopping listing for anyone exploring Inlet Beach. It works well as part of a slower 30A day with time to wander."
Rolland’s Beauty Bar,rollands-beauty-bar,Inlet Beach,30Avenue,services,"Find Rolland’s Beauty Bar in Inlet Beach: category, contact info, website, location, and quick notes for WhereTo30A.","Rolland’s Beauty Bar, Inlet Beach, 30Avenue, services, 30A",Beauty bar and retail at 30Avenue.,850-231-6085,https://www.rollandsbeautybar.com,https://www.thirtyavenue.com/map/,"If you're spending time in 30Avenue, Inlet Beach, Rolland’s Beauty Bar is a local service worth knowing about. Beauty bar and retail at 30Avenue. It fits naturally into a 30A day when you want something close by, easy to plan around, and tied to the feel of Inlet Beach.

## What It Is

Rolland’s Beauty Bar is a local service business located in 30Avenue in Inlet Beach. It is useful to know about when you need something practical while living in, staying in, or planning around Inlet Beach.

## What You'll Find

- A service-based business serving locals, visitors, or nearby property owners
- A location connected to 30Avenue
- A practical resource for errands, appointments, planning, or support
- A business to contact directly for current availability and details

## What People Like

People usually look for service businesses like Rolland’s Beauty Bar when they need something specific and nearby. The value is in convenience, local access, and being able to solve a practical need without leaving the 30A area.

## What to Know

For service businesses, it is best to contact them directly before going. Hours, appointment requirements, pricing, and availability can vary, especially during busy visitor seasons.

## Why You'd Go Here

- You need a local service in or near Inlet Beach
- You are staying nearby and want something convenient
- You are comparing practical resources along 30A
- You want a business located close to 30Avenue

## Bottom Line

Rolland’s Beauty Bar is a practical listing to keep in your Inlet Beach directory. It is most useful when you need local access and clear contact information."
Willow + Mercer,willow-mercer,Inlet Beach,30Avenue,shopping,"Find Willow + Mercer in Inlet Beach: category, contact info, website, location, and quick notes for WhereTo30A.","Willow + Mercer, Inlet Beach, 30Avenue, shopping, 30A",Women’s fashion boutique at 30Avenue.,,,https://www.thirtyavenue.com/map/,"If you're spending time in 30Avenue, Inlet Beach, Willow + Mercer is a shop worth knowing about. Women’s fashion boutique at 30Avenue. It fits naturally into a 30A day when you want something close by, easy to plan around, and tied to the feel of Inlet Beach.

## What It Is

Willow + Mercer is a shopping stop located in 30Avenue in Inlet Beach. It is a good listing to know if you like browsing local boutiques, beach-town retail, home goods, apparel, gifts, or specialty finds while exploring Inlet Beach.

## What You'll Find

- Retail items that may include apparel, gifts, home goods, accessories, or specialty products
- A storefront in or near 30Avenue
- A browse-worthy stop between meals or beach plans
- A local shopping option to add to a 30A itinerary

## What People Like

People tend to like shops like Willow + Mercer because they add character to a beach day. Instead of only planning around restaurants, this gives you somewhere to wander, browse, and find something that feels tied to the area.

## What to Know

Inventory, hours, and seasonal collections can change, so check the shop directly before making a special trip. Parking is easiest when you visit outside peak lunch and dinner windows, especially in busier town centers.

## Why You'd Go Here

- You want to browse local shops in Inlet Beach
- You are looking for gifts or vacation finds
- You need a break from the beach
- You are exploring 30Avenue on foot

## Bottom Line

Willow + Mercer is a good shopping listing for anyone exploring Inlet Beach. It works well as part of a slower 30A day with time to wander."
AttyCat’s Arcade,attycats-arcade,Inlet Beach,30Avenue,activity,"Find AttyCat’s Arcade in Inlet Beach: category, contact info, website, location, and quick notes for WhereTo30A.","AttyCat’s Arcade, Inlet Beach, 30Avenue, activity, 30A",Arcade entertainment at 30Avenue.,850-641-0100,https://attycatsarcadefl.com,https://www.thirtyavenue.com/map/,"If you're spending time in 30Avenue, Inlet Beach, AttyCat’s Arcade is a activity or experience worth knowing about. Arcade entertainment at 30Avenue. It fits naturally into a 30A day when you want something close by, easy to plan around, and tied to the feel of Inlet Beach.

## What It Is

AttyCat’s Arcade is an activity or experience located in 30Avenue in Inlet Beach. It is a good option to consider when you want to do more than just sit on the beach and are looking for something to build into your Inlet Beach plans.

## What You'll Find

- An activity, attraction, rental, class, or experience depending on the business
- A location connected to 30Avenue
- A way to add structure to a beach day
- A good option for families, couples, groups, or visitors looking for something local

## What People Like

People tend to like activity-based stops like AttyCat’s Arcade because they make a 30A day feel more memorable. These are the kinds of places that help turn a simple beach trip into a fuller itinerary.

## What to Know

Book ahead if the activity depends on reservations, weather, equipment, or staffing. Availability can shift quickly during spring break, summer, and long weekends, so confirm details before you go.

## Why You'd Go Here

- You want something active to do in Inlet Beach
- You are planning a family or group outing
- You need a break from a full beach day
- You are building a more complete 30A itinerary

## Bottom Line

AttyCat’s Arcade is a useful activity listing for Inlet Beach. It is worth checking when you want your day to include something more planned or interactive."
30A Mahjong Studio,30a-mahjong-studio,Inlet Beach,30Avenue,activity,"Find 30A Mahjong Studio in Inlet Beach: category, contact info, website, location, and quick notes for WhereTo30A.","30A Mahjong Studio, Inlet Beach, 30Avenue, activity, 30A",Mahjong studio at 30Avenue.,,,https://www.thirtyavenue.com/map/,"If you're spending time in 30Avenue, Inlet Beach, 30A Mahjong Studio is a activity or experience worth knowing about. Mahjong studio at 30Avenue. It fits naturally into a 30A day when you want something close by, easy to plan around, and tied to the feel of Inlet Beach.

## What It Is

30A Mahjong Studio is an activity or experience located in 30Avenue in Inlet Beach. It is a good option to consider when you want to do more than just sit on the beach and are looking for something to build into your Inlet Beach plans.

## What You'll Find

- An activity, attraction, rental, class, or experience depending on the business
- A location connected to 30Avenue
- A way to add structure to a beach day
- A good option for families, couples, groups, or visitors looking for something local

## What People Like

People tend to like activity-based stops like 30A Mahjong Studio because they make a 30A day feel more memorable. These are the kinds of places that help turn a simple beach trip into a fuller itinerary.

## What to Know

Book ahead if the activity depends on reservations, weather, equipment, or staffing. Availability can shift quickly during spring break, summer, and long weekends, so confirm details before you go.

## Why You'd Go Here

- You want something active to do in Inlet Beach
- You are planning a family or group outing
- You need a break from a full beach day
- You are building a more complete 30A itinerary

## Bottom Line

30A Mahjong Studio is a useful activity listing for Inlet Beach. It is worth checking when you want your day to include something more planned or interactive."
Runnels Orthodontics,runnels-orthodontics,Inlet Beach,30Avenue,services,"Find Runnels Orthodontics in Inlet Beach: category, contact info, website, location, and quick notes for WhereTo30A.","Runnels Orthodontics, Inlet Beach, 30Avenue, services, 30A",Orthodontics office at 30Avenue.,850-400-2234,https://runnelsortho.com,https://www.thirtyavenue.com/map/,"If you're spending time in 30Avenue, Inlet Beach, Runnels Orthodontics is a local service worth knowing about. Orthodontics office at 30Avenue. It fits naturally into a 30A day when you want something close by, easy to plan around, and tied to the feel of Inlet Beach.

## What It Is

Runnels Orthodontics is a local service business located in 30Avenue in Inlet Beach. It is useful to know about when you need something practical while living in, staying in, or planning around Inlet Beach.

## What You'll Find

- A service-based business serving locals, visitors, or nearby property owners
- A location connected to 30Avenue
- A practical resource for errands, appointments, planning, or support
- A business to contact directly for current availability and details

## What People Like

People usually look for service businesses like Runnels Orthodontics when they need something specific and nearby. The value is in convenience, local access, and being able to solve a practical need without leaving the 30A area.

## What to Know

For service businesses, it is best to contact them directly before going. Hours, appointment requirements, pricing, and availability can vary, especially during busy visitor seasons.

## Why You'd Go Here

- You need a local service in or near Inlet Beach
- You are staying nearby and want something convenient
- You are comparing practical resources along 30A
- You want a business located close to 30Avenue

## Bottom Line

Runnels Orthodontics is a practical listing to keep in your Inlet Beach directory. It is most useful when you need local access and clear contact information."
30A Smiles,30a-smiles,Inlet Beach,30Avenue,services,"Find 30A Smiles in Inlet Beach: category, contact info, website, location, and quick notes for WhereTo30A.","30A Smiles, Inlet Beach, 30Avenue, services, 30A",Dental care at 30Avenue.,850-231-0070,https://www.30asmiles.com,https://www.thirtyavenue.com/map/,"If you're spending time in 30Avenue, Inlet Beach, 30A Smiles is a local service worth knowing about. Dental care at 30Avenue. It fits naturally into a 30A day when you want something close by, easy to plan around, and tied to the feel of Inlet Beach.

## What It Is

30A Smiles is a local service business located in 30Avenue in Inlet Beach. It is useful to know about when you need something practical while living in, staying in, or planning around Inlet Beach.

## What You'll Find

- A service-based business serving locals, visitors, or nearby property owners
- A location connected to 30Avenue
- A practical resource for errands, appointments, planning, or support
- A business to contact directly for current availability and details

## What People Like

People usually look for service businesses like 30A Smiles when they need something specific and nearby. The value is in convenience, local access, and being able to solve a practical need without leaving the 30A area.

## What to Know

For service businesses, it is best to contact them directly before going. Hours, appointment requirements, pricing, and availability can vary, especially during busy visitor seasons.

## Why You'd Go Here

- You need a local service in or near Inlet Beach
- You are staying nearby and want something convenient
- You are comparing practical resources along 30A
- You want a business located close to 30Avenue

## Bottom Line

30A Smiles is a practical listing to keep in your Inlet Beach directory. It is most useful when you need local access and clear contact information."
Corr Group,corr-group,Inlet Beach,30Avenue,services,"Find Corr Group in Inlet Beach: category, contact info, website, location, and quick notes for WhereTo30A.","Corr Group, Inlet Beach, 30Avenue, services, 30A",Professional services at 30Avenue.,850-231-1127,https://www.corrgroupus.com,https://www.thirtyavenue.com/map/,"If you're spending time in 30Avenue, Inlet Beach, Corr Group is a local service worth knowing about. Professional services at 30Avenue. It fits naturally into a 30A day when you want something close by, easy to plan around, and tied to the feel of Inlet Beach.

## What It Is

Corr Group is a local service business located in 30Avenue in Inlet Beach. It is useful to know about when you need something practical while living in, staying in, or planning around Inlet Beach.

## What You'll Find

- A service-based business serving locals, visitors, or nearby property owners
- A location connected to 30Avenue
- A practical resource for errands, appointments, planning, or support
- A business to contact directly for current availability and details

## What People Like

People usually look for service businesses like Corr Group when they need something specific and nearby. The value is in convenience, local access, and being able to solve a practical need without leaving the 30A area.

## What to Know

For service businesses, it is best to contact them directly before going. Hours, appointment requirements, pricing, and availability can vary, especially during busy visitor seasons.

## Why You'd Go Here

- You need a local service in or near Inlet Beach
- You are staying nearby and want something convenient
- You are comparing practical resources along 30A
- You want a business located close to 30Avenue

## Bottom Line

Corr Group is a practical listing to keep in your Inlet Beach directory. It is most useful when you need local access and clear contact information."
Corr Group Law,corr-group-law,Inlet Beach,30Avenue,services,"Find Corr Group Law in Inlet Beach: category, contact info, website, location, and quick notes for WhereTo30A.","Corr Group Law, Inlet Beach, 30Avenue, services, 30A",Law office at 30Avenue.,469-249-2857,https://www.corrgrouplaw.com,https://www.thirtyavenue.com/map/,"If you're spending time in 30Avenue, Inlet Beach, Corr Group Law is a local service worth knowing about. Law office at 30Avenue. It fits naturally into a 30A day when you want something close by, easy to plan around, and tied to the feel of Inlet Beach.

## What It Is

Corr Group Law is a local service business located in 30Avenue in Inlet Beach. It is useful to know about when you need something practical while living in, staying in, or planning around Inlet Beach.

## What You'll Find

- A service-based business serving locals, visitors, or nearby property owners
- A location connected to 30Avenue
- A practical resource for errands, appointments, planning, or support
- A business to contact directly for current availability and details

## What People Like

People usually look for service businesses like Corr Group Law when they need something specific and nearby. The value is in convenience, local access, and being able to solve a practical need without leaving the 30A area.

## What to Know

For service businesses, it is best to contact them directly before going. Hours, appointment requirements, pricing, and availability can vary, especially during busy visitor seasons.

## Why You'd Go Here

- You need a local service in or near Inlet Beach
- You are staying nearby and want something convenient
- You are comparing practical resources along 30A
- You want a business located close to 30Avenue

## Bottom Line

Corr Group Law is a practical listing to keep in your Inlet Beach directory. It is most useful when you need local access and clear contact information."
Ohana Day School 30Avenue,ohana-day-school-30avenue,Inlet Beach,30Avenue,services,"Find Ohana Day School 30Avenue in Inlet Beach: category, contact info, website, location, and quick notes for WhereTo30A.","Ohana Day School 30Avenue, Inlet Beach, 30Avenue, services, 30A",Day school at 30Avenue.,850-608-2081,https://ohanadayschool.org,https://www.thirtyavenue.com/map/,"If you're spending time in 30Avenue, Inlet Beach, Ohana Day School 30Avenue is a local service worth knowing about. Day school at 30Avenue. It fits naturally into a 30A day when you want something close by, easy to plan around, and tied to the feel of Inlet Beach.

## What It Is

Ohana Day School 30Avenue is a local service business located in 30Avenue in Inlet Beach. It is useful to know about when you need something practical while living in, staying in, or planning around Inlet Beach.

## What You'll Find

- A service-based business serving locals, visitors, or nearby property owners
- A location connected to 30Avenue
- A practical resource for errands, appointments, planning, or support
- A business to contact directly for current availability and details

## What People Like

People usually look for service businesses like Ohana Day School 30Avenue when they need something specific and nearby. The value is in convenience, local access, and being able to solve a practical need without leaving the 30A area.

## What to Know

For service businesses, it is best to contact them directly before going. Hours, appointment requirements, pricing, and availability can vary, especially during busy visitor seasons.

## Why You'd Go Here

- You need a local service in or near Inlet Beach
- You are staying nearby and want something convenient
- You are comparing practical resources along 30A
- You want a business located close to 30Avenue

## Bottom Line

Ohana Day School 30Avenue is a practical listing to keep in your Inlet Beach directory. It is most useful when you need local access and clear contact information."
Optimal Bio,optimal-bio,Inlet Beach,30Avenue,services,"Find Optimal Bio in Inlet Beach: category, contact info, website, location, and quick notes for WhereTo30A.","Optimal Bio, Inlet Beach, 30Avenue, services, 30A",Health and wellness clinic at 30Avenue.,850-732-8600,https://www.optimalbio.com,https://www.thirtyavenue.com/map/,"If you're spending time in 30Avenue, Inlet Beach, Optimal Bio is a local service worth knowing about. Health and wellness clinic at 30Avenue. It fits naturally into a 30A day when you want something close by, easy to plan around, and tied to the feel of Inlet Beach.

## What It Is

Optimal Bio is a local service business located in 30Avenue in Inlet Beach. It is useful to know about when you need something practical while living in, staying in, or planning around Inlet Beach.

## What You'll Find

- A service-based business serving locals, visitors, or nearby property owners
- A location connected to 30Avenue
- A practical resource for errands, appointments, planning, or support
- A business to contact directly for current availability and details

## What People Like

People usually look for service businesses like Optimal Bio when they need something specific and nearby. The value is in convenience, local access, and being able to solve a practical need without leaving the 30A area.

## What to Know

For service businesses, it is best to contact them directly before going. Hours, appointment requirements, pricing, and availability can vary, especially during busy visitor seasons.

## Why You'd Go Here

- You need a local service in or near Inlet Beach
- You are staying nearby and want something convenient
- You are comparing practical resources along 30A
- You want a business located close to 30Avenue

## Bottom Line

Optimal Bio is a practical listing to keep in your Inlet Beach directory. It is most useful when you need local access and clear contact information."
Ascension Medical Group 30Avenue,ascension-medical-group-30avenue,Inlet Beach,30Avenue,services,"Find Ascension Medical Group 30Avenue in Inlet Beach: category, contact info, website, location, and quick notes for WhereTo30A.","Ascension Medical Group 30Avenue, Inlet Beach, 30Avenue, services, 30A",Medical office at 30Avenue.,850-278-3551,https://healthcare.ascension.org,https://www.thirtyavenue.com/map/,"If you're spending time in 30Avenue, Inlet Beach, Ascension Medical Group 30Avenue is a local service worth knowing about. Medical office at 30Avenue. It fits naturally into a 30A day when you want something close by, easy to plan around, and tied to the feel of Inlet Beach.

## What It Is

Ascension Medical Group 30Avenue is a local service business located in 30Avenue in Inlet Beach. It is useful to know about when you need something practical while living in, staying in, or planning around Inlet Beach.

## What You'll Find

- A service-based business serving locals, visitors, or nearby property owners
- A location connected to 30Avenue
- A practical resource for errands, appointments, planning, or support
- A business to contact directly for current availability and details

## What People Like

People usually look for service businesses like Ascension Medical Group 30Avenue when they need something specific and nearby. The value is in convenience, local access, and being able to solve a practical need without leaving the 30A area.

## What to Know

For service businesses, it is best to contact them directly before going. Hours, appointment requirements, pricing, and availability can vary, especially during busy visitor seasons.

## Why You'd Go Here

- You need a local service in or near Inlet Beach
- You are staying nearby and want something convenient
- You are comparing practical resources along 30A
- You want a business located close to 30Avenue

## Bottom Line

Ascension Medical Group 30Avenue is a practical listing to keep in your Inlet Beach directory. It is most useful when you need local access and clear contact information."
Hill Coleman CPA Firm + Business Advisors,hill-coleman-cpa-firm-business-advisors,Inlet Beach,30Avenue,services,"Find Hill Coleman CPA Firm + Business Advisors in Inlet Beach: category, contact info, website, location, and quick notes for WhereTo30A.","Hill Coleman CPA Firm + Business Advisors, Inlet Beach, 30Avenue, services, 30A",CPA and business advisory office.,850-687-6089,https://hillcolemancpa.com,https://www.thirtyavenue.com/map/,"If you're spending time in 30Avenue, Inlet Beach, Hill Coleman CPA Firm + Business Advisors is a local service worth knowing about. CPA and business advisory office. It fits naturally into a 30A day when you want something close by, easy to plan around, and tied to the feel of Inlet Beach.

## What It Is

Hill Coleman CPA Firm + Business Advisors is a local service business located in 30Avenue in Inlet Beach. It is useful to know about when you need something practical while living in, staying in, or planning around Inlet Beach.

## What You'll Find

- A service-based business serving locals, visitors, or nearby property owners
- A location connected to 30Avenue
- A practical resource for errands, appointments, planning, or support
- A business to contact directly for current availability and details

## What People Like

People usually look for service businesses like Hill Coleman CPA Firm + Business Advisors when they need something specific and nearby. The value is in convenience, local access, and being able to solve a practical need without leaving the 30A area.

## What to Know

For service businesses, it is best to contact them directly before going. Hours, appointment requirements, pricing, and availability can vary, especially during busy visitor seasons.

## Why You'd Go Here

- You need a local service in or near Inlet Beach
- You are staying nearby and want something convenient
- You are comparing practical resources along 30A
- You want a business located close to 30Avenue

## Bottom Line

Hill Coleman CPA Firm + Business Advisors is a practical listing to keep in your Inlet Beach directory. It is most useful when you need local access and clear contact information."
Modernmade Photography,modernmade-photography,Inlet Beach,30Avenue,services,"Find Modernmade Photography in Inlet Beach: category, contact info, website, location, and quick notes for WhereTo30A.","Modernmade Photography, Inlet Beach, 30Avenue, services, 30A",Photography studio by appointment.,850-332-3791,https://modernmadephotography.com,https://www.thirtyavenue.com/map/,"If you're spending time in 30Avenue, Inlet Beach, Modernmade Photography is a local service worth knowing about. Photography studio by appointment. It fits naturally into a 30A day when you want something close by, easy to plan around, and tied to the feel of Inlet Beach.

## What It Is

Modernmade Photography is a local service business located in 30Avenue in Inlet Beach. It is useful to know about when you need something practical while living in, staying in, or planning around Inlet Beach.

## What You'll Find

- A service-based business serving locals, visitors, or nearby property owners
- A location connected to 30Avenue
- A practical resource for errands, appointments, planning, or support
- A business to contact directly for current availability and details

## What People Like

People usually look for service businesses like Modernmade Photography when they need something specific and nearby. The value is in convenience, local access, and being able to solve a practical need without leaving the 30A area.

## What to Know

For service businesses, it is best to contact them directly before going. Hours, appointment requirements, pricing, and availability can vary, especially during busy visitor seasons.

## Why You'd Go Here

- You need a local service in or near Inlet Beach
- You are staying nearby and want something convenient
- You are comparing practical resources along 30A
- You want a business located close to 30Avenue

## Bottom Line

Modernmade Photography is a practical listing to keep in your Inlet Beach directory. It is most useful when you need local access and clear contact information."
South Oak Title,south-oak-title,Inlet Beach,30Avenue,services,"Find South Oak Title in Inlet Beach: category, contact info, website, location, and quick notes for WhereTo30A.","South Oak Title, Inlet Beach, 30Avenue, services, 30A",Title services office at 30Avenue.,850-250-5595,,https://www.thirtyavenue.com/map/,"If you're spending time in 30Avenue, Inlet Beach, South Oak Title is a local service worth knowing about. Title services office at 30Avenue. It fits naturally into a 30A day when you want something close by, easy to plan around, and tied to the feel of Inlet Beach.

## What It Is

South Oak Title is a local service business located in 30Avenue in Inlet Beach. It is useful to know about when you need something practical while living in, staying in, or planning around Inlet Beach.

## What You'll Find

- A service-based business serving locals, visitors, or nearby property owners
- A location connected to 30Avenue
- A practical resource for errands, appointments, planning, or support
- A business to contact directly for current availability and details

## What People Like

People usually look for service businesses like South Oak Title when they need something specific and nearby. The value is in convenience, local access, and being able to solve a practical need without leaving the 30A area.

## What to Know

For service businesses, it is best to contact them directly before going. Hours, appointment requirements, pricing, and availability can vary, especially during busy visitor seasons.

## Why You'd Go Here

- You need a local service in or near Inlet Beach
- You are staying nearby and want something convenient
- You are comparing practical resources along 30A
- You want a business located close to 30Avenue

## Bottom Line

South Oak Title is a practical listing to keep in your Inlet Beach directory. It is most useful when you need local access and clear contact information."
Publix Supermarket Watersound Town Center,publix-supermarket-watersound-town-center,Watersound,Watersound Town Center,shopping,"Find Publix Supermarket Watersound Town Center in Watersound: category, contact info, website, location, and quick notes for WhereTo30A.","Publix Supermarket Watersound Town Center, Watersound, Watersound Town Center, shopping, 30A","Grocery store with pharmacy, deli, and bakery.",,,https://www.watersoundtowncenter.com/directory/,"If you're spending time in Watersound Town Center, Watersound, Publix Supermarket Watersound Town Center is a shop worth knowing about. Grocery store with pharmacy, deli, and bakery. It fits naturally into a 30A day when you want something close by, easy to plan around, and tied to the feel of Watersound.

## What It Is

Publix Supermarket Watersound Town Center is a shopping stop located in Watersound Town Center in Watersound. It is a good listing to know if you like browsing local boutiques, beach-town retail, home goods, apparel, gifts, or specialty finds while exploring Watersound.

## What You'll Find

- Retail items that may include apparel, gifts, home goods, accessories, or specialty products
- A storefront in or near Watersound Town Center
- A browse-worthy stop between meals or beach plans
- A local shopping option to add to a 30A itinerary

## What People Like

People tend to like shops like Publix Supermarket Watersound Town Center because they add character to a beach day. Instead of only planning around restaurants, this gives you somewhere to wander, browse, and find something that feels tied to the area.

## What to Know

Inventory, hours, and seasonal collections can change, so check the shop directly before making a special trip. Parking is easiest when you visit outside peak lunch and dinner windows, especially in busier town centers.

## Why You'd Go Here

- You want to browse local shops in Watersound
- You are looking for gifts or vacation finds
- You need a break from the beach
- You are exploring Watersound Town Center on foot

## Bottom Line

Publix Supermarket Watersound Town Center is a good shopping listing for anyone exploring Watersound. It works well as part of a slower 30A day with time to wander."
Publix Liquors Watersound Town Center,publix-liquors-watersound-town-center,Watersound,Watersound Town Center,shopping,"Find Publix Liquors Watersound Town Center in Watersound: category, contact info, website, location, and quick notes for WhereTo30A.","Publix Liquors Watersound Town Center, Watersound, Watersound Town Center, shopping, 30A",Liquor and beverage shop next to Publix.,,,https://www.watersoundtowncenter.com/directory/,"If you're spending time in Watersound Town Center, Watersound, Publix Liquors Watersound Town Center is a shop worth knowing about. Liquor and beverage shop next to Publix. It fits naturally into a 30A day when you want something close by, easy to plan around, and tied to the feel of Watersound.

## What It Is

Publix Liquors Watersound Town Center is a shopping stop located in Watersound Town Center in Watersound. It is a good listing to know if you like browsing local boutiques, beach-town retail, home goods, apparel, gifts, or specialty finds while exploring Watersound.

## What You'll Find

- Retail items that may include apparel, gifts, home goods, accessories, or specialty products
- A storefront in or near Watersound Town Center
- A browse-worthy stop between meals or beach plans
- A local shopping option to add to a 30A itinerary

## What People Like

People tend to like shops like Publix Liquors Watersound Town Center because they add character to a beach day. Instead of only planning around restaurants, this gives you somewhere to wander, browse, and find something that feels tied to the area.

## What to Know

Inventory, hours, and seasonal collections can change, so check the shop directly before making a special trip. Parking is easiest when you visit outside peak lunch and dinner windows, especially in busier town centers.

## Why You'd Go Here

- You want to browse local shops in Watersound
- You are looking for gifts or vacation finds
- You need a break from the beach
- You are exploring Watersound Town Center on foot

## Bottom Line

Publix Liquors Watersound Town Center is a good shopping listing for anyone exploring Watersound. It works well as part of a slower 30A day with time to wander."
Fleet Feet Watersound Town Center,fleet-feet-watersound-town-center,Watersound,Watersound Town Center,shopping,"Find Fleet Feet Watersound Town Center in Watersound: category, contact info, website, location, and quick notes for WhereTo30A.","Fleet Feet Watersound Town Center, Watersound, Watersound Town Center, shopping, 30A","Running shoes, apparel, and fit guidance.",,,https://www.watersoundtowncenter.com/directory/,"If you're spending time in Watersound Town Center, Watersound, Fleet Feet Watersound Town Center is a shop worth knowing about. Running shoes, apparel, and fit guidance. It fits naturally into a 30A day when you want something close by, easy to plan around, and tied to the feel of Watersound.

## What It Is

Fleet Feet Watersound Town Center is a shopping stop located in Watersound Town Center in Watersound. It is a good listing to know if you like browsing local boutiques, beach-town retail, home goods, apparel, gifts, or specialty finds while exploring Watersound.

## What You'll Find

- Retail items that may include apparel, gifts, home goods, accessories, or specialty products
- A storefront in or near Watersound Town Center
- A browse-worthy stop between meals or beach plans
- A local shopping option to add to a 30A itinerary

## What People Like

People tend to like shops like Fleet Feet Watersound Town Center because they add character to a beach day. Instead of only planning around restaurants, this gives you somewhere to wander, browse, and find something that feels tied to the area.

## What to Know

Inventory, hours, and seasonal collections can change, so check the shop directly before making a special trip. Parking is easiest when you visit outside peak lunch and dinner windows, especially in busier town centers.

## Why You'd Go Here

- You want to browse local shops in Watersound
- You are looking for gifts or vacation finds
- You need a break from the beach
- You are exploring Watersound Town Center on foot

## Bottom Line

Fleet Feet Watersound Town Center is a good shopping listing for anyone exploring Watersound. It works well as part of a slower 30A day with time to wander."
J.McLaughlin Watersound Town Center,j-mclaughlin-watersound-town-center,Watersound,Watersound Town Center,shopping,"Find J.McLaughlin Watersound Town Center in Watersound: category, contact info, website, location, and quick notes for WhereTo30A.","J.McLaughlin Watersound Town Center, Watersound, Watersound Town Center, shopping, 30A",Classic clothing for men and women.,,,https://www.watersoundtowncenter.com/directory/,"If you're spending time in Watersound Town Center, Watersound, J.McLaughlin Watersound Town Center is a shop worth knowing about. Classic clothing for men and women. It fits naturally into a 30A day when you want something close by, easy to plan around, and tied to the feel of Watersound.

## What It Is

J.McLaughlin Watersound Town Center is a shopping stop located in Watersound Town Center in Watersound. It is a good listing to know if you like browsing local boutiques, beach-town retail, home goods, apparel, gifts, or specialty finds while exploring Watersound.

## What You'll Find

- Retail items that may include apparel, gifts, home goods, accessories, or specialty products
- A storefront in or near Watersound Town Center
- A browse-worthy stop between meals or beach plans
- A local shopping option to add to a 30A itinerary

## What People Like

People tend to like shops like J.McLaughlin Watersound Town Center because they add character to a beach day. Instead of only planning around restaurants, this gives you somewhere to wander, browse, and find something that feels tied to the area.

## What to Know

Inventory, hours, and seasonal collections can change, so check the shop directly before making a special trip. Parking is easiest when you visit outside peak lunch and dinner windows, especially in busier town centers.

## Why You'd Go Here

- You want to browse local shops in Watersound
- You are looking for gifts or vacation finds
- You need a break from the beach
- You are exploring Watersound Town Center on foot

## Bottom Line

J.McLaughlin Watersound Town Center is a good shopping listing for anyone exploring Watersound. It works well as part of a slower 30A day with time to wander."
Summer House Lifestyle,summer-house-lifestyle,Watersound,Watersound Town Center,shopping,"Find Summer House Lifestyle in Watersound: category, contact info, website, location, and quick notes for WhereTo30A.","Summer House Lifestyle, Watersound, Watersound Town Center, shopping, 30A","Home furnishings, accessories, and interior design.",,,https://www.watersoundtowncenter.com/directory/,"If you're spending time in Watersound Town Center, Watersound, Summer House Lifestyle is a shop worth knowing about. Home furnishings, accessories, and interior design. It fits naturally into a 30A day when you want something close by, easy to plan around, and tied to the feel of Watersound.

## What It Is

Summer House Lifestyle is a shopping stop located in Watersound Town Center in Watersound. It is a good listing to know if you like browsing local boutiques, beach-town retail, home goods, apparel, gifts, or specialty finds while exploring Watersound.

## What You'll Find

- Retail items that may include apparel, gifts, home goods, accessories, or specialty products
- A storefront in or near Watersound Town Center
- A browse-worthy stop between meals or beach plans
- A local shopping option to add to a 30A itinerary

## What People Like

People tend to like shops like Summer House Lifestyle because they add character to a beach day. Instead of only planning around restaurants, this gives you somewhere to wander, browse, and find something that feels tied to the area.

## What to Know

Inventory, hours, and seasonal collections can change, so check the shop directly before making a special trip. Parking is easiest when you visit outside peak lunch and dinner windows, especially in busier town centers.

## Why You'd Go Here

- You want to browse local shops in Watersound
- You are looking for gifts or vacation finds
- You need a break from the beach
- You are exploring Watersound Town Center on foot

## Bottom Line

Summer House Lifestyle is a good shopping listing for anyone exploring Watersound. It works well as part of a slower 30A day with time to wander."
Art of Fact(s),art-of-fact-s,Watersound,Watersound Town Center,shopping,"Find Art of Fact(s) in Watersound: category, contact info, website, location, and quick notes for WhereTo30A.","Art of Fact(s), Watersound, Watersound Town Center, shopping, 30A","Vintage objects, antiquities, entertaining essentials, and home pieces.",,,https://www.watersoundtowncenter.com/directory/,"If you're spending time in Watersound Town Center, Watersound, Art of Fact(s) is a shop worth knowing about. Vintage objects, antiquities, entertaining essentials, and home pieces. It fits naturally into a 30A day when you want something close by, easy to plan around, and tied to the feel of Watersound.

## What It Is

Art of Fact(s) is a shopping stop located in Watersound Town Center in Watersound. It is a good listing to know if you like browsing local boutiques, beach-town retail, home goods, apparel, gifts, or specialty finds while exploring Watersound.

## What You'll Find

- Retail items that may include apparel, gifts, home goods, accessories, or specialty products
- A storefront in or near Watersound Town Center
- A browse-worthy stop between meals or beach plans
- A local shopping option to add to a 30A itinerary

## What People Like

People tend to like shops like Art of Fact(s) because they add character to a beach day. Instead of only planning around restaurants, this gives you somewhere to wander, browse, and find something that feels tied to the area.

## What to Know

Inventory, hours, and seasonal collections can change, so check the shop directly before making a special trip. Parking is easiest when you visit outside peak lunch and dinner windows, especially in busier town centers.

## Why You'd Go Here

- You want to browse local shops in Watersound
- You are looking for gifts or vacation finds
- You need a break from the beach
- You are exploring Watersound Town Center on foot

## Bottom Line

Art of Fact(s) is a good shopping listing for anyone exploring Watersound. It works well as part of a slower 30A day with time to wander."
Sunset Shoes & Lifestyles Watersound,sunset-shoes-and-lifestyles-watersound,Watersound,Watersound Town Center,shopping,"Find Sunset Shoes & Lifestyles Watersound in Watersound: category, contact info, website, location, and quick notes for WhereTo30A.","Sunset Shoes & Lifestyles Watersound, Watersound, Watersound Town Center, shopping, 30A",Footwear and accessories boutique.,,,https://www.watersoundtowncenter.com/directory/,"If you're spending time in Watersound Town Center, Watersound, Sunset Shoes & Lifestyles Watersound is a shop worth knowing about. Footwear and accessories boutique. It fits naturally into a 30A day when you want something close by, easy to plan around, and tied to the feel of Watersound.

## What It Is

Sunset Shoes & Lifestyles Watersound is a shopping stop located in Watersound Town Center in Watersound. It is a good listing to know if you like browsing local boutiques, beach-town retail, home goods, apparel, gifts, or specialty finds while exploring Watersound.

## What You'll Find

- Retail items that may include apparel, gifts, home goods, accessories, or specialty products
- A storefront in or near Watersound Town Center
- A browse-worthy stop between meals or beach plans
- A local shopping option to add to a 30A itinerary

## What People Like

People tend to like shops like Sunset Shoes & Lifestyles Watersound because they add character to a beach day. Instead of only planning around restaurants, this gives you somewhere to wander, browse, and find something that feels tied to the area.

## What to Know

Inventory, hours, and seasonal collections can change, so check the shop directly before making a special trip. Parking is easiest when you visit outside peak lunch and dinner windows, especially in busier town centers.

## Why You'd Go Here

- You want to browse local shops in Watersound
- You are looking for gifts or vacation finds
- You need a break from the beach
- You are exploring Watersound Town Center on foot

## Bottom Line

Sunset Shoes & Lifestyles Watersound is a good shopping listing for anyone exploring Watersound. It works well as part of a slower 30A day with time to wander."
FP Movement Watersound,fp-movement-watersound,Watersound,Watersound Town Center,shopping,"Find FP Movement Watersound in Watersound: category, contact info, website, location, and quick notes for WhereTo30A.","FP Movement Watersound, Watersound, Watersound Town Center, shopping, 30A",Activewear and lifestyle boutique.,,,https://www.watersoundtowncenter.com/directory/,"If you're spending time in Watersound Town Center, Watersound, FP Movement Watersound is a shop worth knowing about. Activewear and lifestyle boutique. It fits naturally into a 30A day when you want something close by, easy to plan around, and tied to the feel of Watersound.

## What It Is

FP Movement Watersound is a shopping stop located in Watersound Town Center in Watersound. It is a good listing to know if you like browsing local boutiques, beach-town retail, home goods, apparel, gifts, or specialty finds while exploring Watersound.

## What You'll Find

- Retail items that may include apparel, gifts, home goods, accessories, or specialty products
- A storefront in or near Watersound Town Center
- A browse-worthy stop between meals or beach plans
- A local shopping option to add to a 30A itinerary

## What People Like

People tend to like shops like FP Movement Watersound because they add character to a beach day. Instead of only planning around restaurants, this gives you somewhere to wander, browse, and find something that feels tied to the area.

## What to Know

Inventory, hours, and seasonal collections can change, so check the shop directly before making a special trip. Parking is easiest when you visit outside peak lunch and dinner windows, especially in busier town centers.

## Why You'd Go Here

- You want to browse local shops in Watersound
- You are looking for gifts or vacation finds
- You need a break from the beach
- You are exploring Watersound Town Center on foot

## Bottom Line

FP Movement Watersound is a good shopping listing for anyone exploring Watersound. It works well as part of a slower 30A day with time to wander."
Hemline Watersound,hemline-watersound,Watersound,Watersound Town Center,shopping,"Find Hemline Watersound in Watersound: category, contact info, website, location, and quick notes for WhereTo30A.","Hemline Watersound, Watersound, Watersound Town Center, shopping, 30A",Women’s boutique with apparel and accessories.,,,https://www.watersoundtowncenter.com/directory/,"If you're spending time in Watersound Town Center, Watersound, Hemline Watersound is a shop worth knowing about. Women’s boutique with apparel and accessories. It fits naturally into a 30A day when you want something close by, easy to plan around, and tied to the feel of Watersound.

## What It Is

Hemline Watersound is a shopping stop located in Watersound Town Center in Watersound. It is a good listing to know if you like browsing local boutiques, beach-town retail, home goods, apparel, gifts, or specialty finds while exploring Watersound.

## What You'll Find

- Retail items that may include apparel, gifts, home goods, accessories, or specialty products
- A storefront in or near Watersound Town Center
- A browse-worthy stop between meals or beach plans
- A local shopping option to add to a 30A itinerary

## What People Like

People tend to like shops like Hemline Watersound because they add character to a beach day. Instead of only planning around restaurants, this gives you somewhere to wander, browse, and find something that feels tied to the area.

## What to Know

Inventory, hours, and seasonal collections can change, so check the shop directly before making a special trip. Parking is easiest when you visit outside peak lunch and dinner windows, especially in busier town centers.

## Why You'd Go Here

- You want to browse local shops in Watersound
- You are looking for gifts or vacation finds
- You need a break from the beach
- You are exploring Watersound Town Center on foot

## Bottom Line

Hemline Watersound is a good shopping listing for anyone exploring Watersound. It works well as part of a slower 30A day with time to wander."
Monkee’s Watersound,monkees-watersound,Watersound,Watersound Town Center,shopping,"Find Monkee’s Watersound in Watersound: category, contact info, website, location, and quick notes for WhereTo30A.","Monkee’s Watersound, Watersound, Watersound Town Center, shopping, 30A","Women’s clothing, accessories, and gifts boutique.",,,https://www.watersoundtowncenter.com/directory/,"If you're spending time in Watersound Town Center, Watersound, Monkee’s Watersound is a shop worth knowing about. Women’s clothing, accessories, and gifts boutique. It fits naturally into a 30A day when you want something close by, easy to plan around, and tied to the feel of Watersound.

## What It Is

Monkee’s Watersound is a shopping stop located in Watersound Town Center in Watersound. It is a good listing to know if you like browsing local boutiques, beach-town retail, home goods, apparel, gifts, or specialty finds while exploring Watersound.

## What You'll Find

- Retail items that may include apparel, gifts, home goods, accessories, or specialty products
- A storefront in or near Watersound Town Center
- A browse-worthy stop between meals or beach plans
- A local shopping option to add to a 30A itinerary

## What People Like

People tend to like shops like Monkee’s Watersound because they add character to a beach day. Instead of only planning around restaurants, this gives you somewhere to wander, browse, and find something that feels tied to the area.

## What to Know

Inventory, hours, and seasonal collections can change, so check the shop directly before making a special trip. Parking is easiest when you visit outside peak lunch and dinner windows, especially in busier town centers.

## Why You'd Go Here

- You want to browse local shops in Watersound
- You are looking for gifts or vacation finds
- You need a break from the beach
- You are exploring Watersound Town Center on foot

## Bottom Line

Monkee’s Watersound is a good shopping listing for anyone exploring Watersound. It works well as part of a slower 30A day with time to wander."
Johnnie-O Watersound,johnnie-o-watersound,Watersound,Watersound Town Center,shopping,"Find Johnnie-O Watersound in Watersound: category, contact info, website, location, and quick notes for WhereTo30A.","Johnnie-O Watersound, Watersound, Watersound Town Center, shopping, 30A",Men’s apparel and accessories.,,,https://www.watersoundtowncenter.com/directory/,"If you're spending time in Watersound Town Center, Watersound, Johnnie-O Watersound is a shop worth knowing about. Men’s apparel and accessories. It fits naturally into a 30A day when you want something close by, easy to plan around, and tied to the feel of Watersound.

## What It Is

Johnnie-O Watersound is a shopping stop located in Watersound Town Center in Watersound. It is a good listing to know if you like browsing local boutiques, beach-town retail, home goods, apparel, gifts, or specialty finds while exploring Watersound.

## What You'll Find

- Retail items that may include apparel, gifts, home goods, accessories, or specialty products
- A storefront in or near Watersound Town Center
- A browse-worthy stop between meals or beach plans
- A local shopping option to add to a 30A itinerary

## What People Like

People tend to like shops like Johnnie-O Watersound because they add character to a beach day. Instead of only planning around restaurants, this gives you somewhere to wander, browse, and find something that feels tied to the area.

## What to Know

Inventory, hours, and seasonal collections can change, so check the shop directly before making a special trip. Parking is easiest when you visit outside peak lunch and dinner windows, especially in busier town centers.

## Why You'd Go Here

- You want to browse local shops in Watersound
- You are looking for gifts or vacation finds
- You need a break from the beach
- You are exploring Watersound Town Center on foot

## Bottom Line

Johnnie-O Watersound is a good shopping listing for anyone exploring Watersound. It works well as part of a slower 30A day with time to wander."
Jersey Mike’s Subs Watersound,jersey-mikes-subs-watersound,Watersound,Watersound Town Center,restaurants,"Find Jersey Mike’s Subs Watersound in Watersound: category, contact info, website, location, and quick notes for WhereTo30A.","Jersey Mike’s Subs Watersound, Watersound, Watersound Town Center, restaurants, 30A",Fast casual sub sandwich shop.,,,https://www.watersoundtowncenter.com/directory/,"If you're spending time in Watersound Town Center, Watersound, Jersey Mike’s Subs Watersound is a restaurant worth knowing about. Fast casual sub sandwich shop. It fits naturally into a 30A day when you want something close by, easy to plan around, and tied to the feel of Watersound.

## What It Is

Jersey Mike’s Subs Watersound is a restaurant located in Watersound Town Center in Watersound. It is the kind of place to keep on your list when you are planning where to eat around Watersound, whether you are coming from the beach, walking through the shopping area, or looking for an easy stop near where you are staying.

## What You'll Find

- Food and drink options for a casual 30A meal
- A convenient location in or near Watersound Town Center
- A good option to compare with other restaurants in Watersound
- A stop that works well before or after beach time, shopping, or exploring nearby

## What People Like

People usually look for places like Jersey Mike’s Subs Watersound because they want an easy meal option that feels connected to the area instead of feeling random or out of the way. The biggest draw is the location, especially if you are already spending time around Watersound Town Center.

## What to Know

Check the current hours before you go, especially during slower seasons or on holiday weekends. Parking and crowds can vary a lot around Watersound, so give yourself extra time if you are visiting during lunch, dinner, or peak vacation weeks.

## Why You'd Go Here

- You are looking for a meal near Watersound Town Center
- You want something convenient while exploring Watersound
- You are building out a dining list for a beach trip
- You need a practical stop that does not require driving far

## Bottom Line

Jersey Mike’s Subs Watersound is a useful restaurant listing for anyone planning time in Watersound. Add it to your WhereTo30A shortlist when convenience, location, and a clear sense of place matter."
Scout Sports Tavern,scout-sports-tavern,Watersound,Watersound Town Center,restaurants,"Find Scout Sports Tavern in Watersound: category, contact info, website, location, and quick notes for WhereTo30A.","Scout Sports Tavern, Watersound, Watersound Town Center, restaurants, 30A",Sports tavern and full-service dining.,,,https://www.watersoundtowncenter.com/directory/,"If you're spending time in Watersound Town Center, Watersound, Scout Sports Tavern is a restaurant worth knowing about. Sports tavern and full-service dining. It fits naturally into a 30A day when you want something close by, easy to plan around, and tied to the feel of Watersound.

## What It Is

Scout Sports Tavern is a restaurant located in Watersound Town Center in Watersound. It is the kind of place to keep on your list when you are planning where to eat around Watersound, whether you are coming from the beach, walking through the shopping area, or looking for an easy stop near where you are staying.

## What You'll Find

- Food and drink options for a casual 30A meal
- A convenient location in or near Watersound Town Center
- A good option to compare with other restaurants in Watersound
- A stop that works well before or after beach time, shopping, or exploring nearby

## What People Like

People usually look for places like Scout Sports Tavern because they want an easy meal option that feels connected to the area instead of feeling random or out of the way. The biggest draw is the location, especially if you are already spending time around Watersound Town Center.

## What to Know

Check the current hours before you go, especially during slower seasons or on holiday weekends. Parking and crowds can vary a lot around Watersound, so give yourself extra time if you are visiting during lunch, dinner, or peak vacation weeks.

## Why You'd Go Here

- You are looking for a meal near Watersound Town Center
- You want something convenient while exploring Watersound
- You are building out a dining list for a beach trip
- You need a practical stop that does not require driving far

## Bottom Line

Scout Sports Tavern is a useful restaurant listing for anyone planning time in Watersound. Add it to your WhereTo30A shortlist when convenience, location, and a clear sense of place matter."
Starbucks Cafe Watersound,starbucks-cafe-watersound,Watersound,Watersound Town Center,coffee shops,"Find Starbucks Cafe Watersound in Watersound: category, contact info, website, location, and quick notes for WhereTo30A.","Starbucks Cafe Watersound, Watersound, Watersound Town Center, coffee shops, 30A",Coffeehouse with beverages and food.,,,https://www.watersoundtowncenter.com/directory/,"If you're spending time in Watersound Town Center, Watersound, Starbucks Cafe Watersound is a coffee shop worth knowing about. Coffeehouse with beverages and food. It fits naturally into a 30A day when you want something close by, easy to plan around, and tied to the feel of Watersound.

## What It Is

Starbucks Cafe Watersound is a coffee shop located in Watersound Town Center in Watersound. It is a good one to know when you want a morning stop, an afternoon pick-me-up, or a place to anchor a walk through Watersound.

## What You'll Find

- Coffee, tea, or casual drinks depending on the shop
- A convenient stop near Watersound Town Center
- A place to begin the morning before the beach or shopping
- A low-key break during a longer 30A day

## What People Like

People tend to like coffee stops like Starbucks Cafe Watersound because they make a day in Watersound feel easier. It gives you a natural starting point, especially if you are walking, biking, or meeting someone nearby.

## What to Know

Morning hours are usually the safest bet for coffee shops, but always confirm the current schedule before making a special trip. Lines can build during spring break, summer, and holiday weekends, so earlier is usually better.

## Why You'd Go Here

- You want coffee before heading to the beach
- You are meeting someone in Watersound
- You need an easy stop while exploring Watersound Town Center
- You are creating a morning itinerary along 30A

## Bottom Line

Starbucks Cafe Watersound is a helpful coffee shop to keep on your Watersound list. It works best as a simple morning stop or an easy pause while exploring nearby."
Friends 30A Burger Bar Watersound,friends-30a-burger-bar-watersound,Watersound,Watersound Town Center,restaurants,"Find Friends 30A Burger Bar Watersound in Watersound: category, contact info, website, location, and quick notes for WhereTo30A.","Friends 30A Burger Bar Watersound, Watersound, Watersound Town Center, restaurants, 30A","Smash burgers, fries, chicken, hot dogs, and milkshakes.",,,https://www.watersoundtowncenter.com/directory/,"If you're spending time in Watersound Town Center, Watersound, Friends 30A Burger Bar Watersound is a restaurant worth knowing about. Smash burgers, fries, chicken, hot dogs, and milkshakes. It fits naturally into a 30A day when you want something close by, easy to plan around, and tied to the feel of Watersound.

## What It Is

Friends 30A Burger Bar Watersound is a restaurant located in Watersound Town Center in Watersound. It is the kind of place to keep on your list when you are planning where to eat around Watersound, whether you are coming from the beach, walking through the shopping area, or looking for an easy stop near where you are staying.

## What You'll Find

- Food and drink options for a casual 30A meal
- A convenient location in or near Watersound Town Center
- A good option to compare with other restaurants in Watersound
- A stop that works well before or after beach time, shopping, or exploring nearby

## What People Like

People usually look for places like Friends 30A Burger Bar Watersound because they want an easy meal option that feels connected to the area instead of feeling random or out of the way. The biggest draw is the location, especially if you are already spending time around Watersound Town Center.

## What to Know

Check the current hours before you go, especially during slower seasons or on holiday weekends. Parking and crowds can vary a lot around Watersound, so give yourself extra time if you are visiting during lunch, dinner, or peak vacation weeks.

## Why You'd Go Here

- You are looking for a meal near Watersound Town Center
- You want something convenient while exploring Watersound
- You are building out a dining list for a beach trip
- You need a practical stop that does not require driving far

## Bottom Line

Friends 30A Burger Bar Watersound is a useful restaurant listing for anyone planning time in Watersound. Add it to your WhereTo30A shortlist when convenience, location, and a clear sense of place matter."
Nigel’s Bananas Watersound,nigels-bananas-watersound,Watersound,Watersound Town Center,restaurants,"Find Nigel’s Bananas Watersound in Watersound: category, contact info, website, location, and quick notes for WhereTo30A.","Nigel’s Bananas Watersound, Watersound, Watersound Town Center, restaurants, 30A","Frozen bananas, dipped treats, floats, and key lime pie.",,,https://www.watersoundtowncenter.com/directory/,"If you're spending time in Watersound Town Center, Watersound, Nigel’s Bananas Watersound is a restaurant worth knowing about. Frozen bananas, dipped treats, floats, and key lime pie. It fits naturally into a 30A day when you want something close by, easy to plan around, and tied to the feel of Watersound.

## What It Is

Nigel’s Bananas Watersound is a restaurant located in Watersound Town Center in Watersound. It is the kind of place to keep on your list when you are planning where to eat around Watersound, whether you are coming from the beach, walking through the shopping area, or looking for an easy stop near where you are staying.

## What You'll Find

- Food and drink options for a casual 30A meal
- A convenient location in or near Watersound Town Center
- A good option to compare with other restaurants in Watersound
- A stop that works well before or after beach time, shopping, or exploring nearby

## What People Like

People usually look for places like Nigel’s Bananas Watersound because they want an easy meal option that feels connected to the area instead of feeling random or out of the way. The biggest draw is the location, especially if you are already spending time around Watersound Town Center.

## What to Know

Check the current hours before you go, especially during slower seasons or on holiday weekends. Parking and crowds can vary a lot around Watersound, so give yourself extra time if you are visiting during lunch, dinner, or peak vacation weeks.

## Why You'd Go Here

- You are looking for a meal near Watersound Town Center
- You want something convenient while exploring Watersound
- You are building out a dining list for a beach trip
- You need a practical stop that does not require driving far

## Bottom Line

Nigel’s Bananas Watersound is a useful restaurant listing for anyone planning time in Watersound. Add it to your WhereTo30A shortlist when convenience, location, and a clear sense of place matter."
Sweet Henrietta’s Watersound,sweet-henriettas-watersound,Watersound,Watersound Town Center,coffee shops,"Find Sweet Henrietta’s Watersound in Watersound: category, contact info, website, location, and quick notes for WhereTo30A.","Sweet Henrietta’s Watersound, Watersound, Watersound Town Center, coffee shops, 30A","Bakery, desserts, cupcakes, cookies, and coffee drinks.",,,https://www.watersoundtowncenter.com/directory/,"If you're spending time in Watersound Town Center, Watersound, Sweet Henrietta’s Watersound is a coffee shop worth knowing about. Bakery, desserts, cupcakes, cookies, and coffee drinks. It fits naturally into a 30A day when you want something close by, easy to plan around, and tied to the feel of Watersound.

## What It Is

Sweet Henrietta’s Watersound is a coffee shop located in Watersound Town Center in Watersound. It is a good one to know when you want a morning stop, an afternoon pick-me-up, or a place to anchor a walk through Watersound.

## What You'll Find

- Coffee, tea, or casual drinks depending on the shop
- A convenient stop near Watersound Town Center
- A place to begin the morning before the beach or shopping
- A low-key break during a longer 30A day

## What People Like

People tend to like coffee stops like Sweet Henrietta’s Watersound because they make a day in Watersound feel easier. It gives you a natural starting point, especially if you are walking, biking, or meeting someone nearby.

## What to Know

Morning hours are usually the safest bet for coffee shops, but always confirm the current schedule before making a special trip. Lines can build during spring break, summer, and holiday weekends, so earlier is usually better.

## Why You'd Go Here

- You want coffee before heading to the beach
- You are meeting someone in Watersound
- You need an easy stop while exploring Watersound Town Center
- You are creating a morning itinerary along 30A

## Bottom Line

Sweet Henrietta’s Watersound is a helpful coffee shop to keep on your Watersound list. It works best as a simple morning stop or an easy pause while exploring nearby."
Marco’s Pizza Watersound,marcos-pizza-watersound,Watersound,Watersound Town Center,restaurants,"Find Marco’s Pizza Watersound in Watersound: category, contact info, website, location, and quick notes for WhereTo30A.","Marco’s Pizza Watersound, Watersound, Watersound Town Center, restaurants, 30A",Pizza with takeout and delivery.,,,https://www.watersoundtowncenter.com/directory/,"If you're spending time in Watersound Town Center, Watersound, Marco’s Pizza Watersound is a restaurant worth knowing about. Pizza with takeout and delivery. It fits naturally into a 30A day when you want something close by, easy to plan around, and tied to the feel of Watersound.

## What It Is

Marco’s Pizza Watersound is a restaurant located in Watersound Town Center in Watersound. It is the kind of place to keep on your list when you are planning where to eat around Watersound, whether you are coming from the beach, walking through the shopping area, or looking for an easy stop near where you are staying.

## What You'll Find

- Food and drink options for a casual 30A meal
- A convenient location in or near Watersound Town Center
- A good option to compare with other restaurants in Watersound
- A stop that works well before or after beach time, shopping, or exploring nearby

## What People Like

People usually look for places like Marco’s Pizza Watersound because they want an easy meal option that feels connected to the area instead of feeling random or out of the way. The biggest draw is the location, especially if you are already spending time around Watersound Town Center.

## What to Know

Check the current hours before you go, especially during slower seasons or on holiday weekends. Parking and crowds can vary a lot around Watersound, so give yourself extra time if you are visiting during lunch, dinner, or peak vacation weeks.

## Why You'd Go Here

- You are looking for a meal near Watersound Town Center
- You want something convenient while exploring Watersound
- You are building out a dining list for a beach trip
- You need a practical stop that does not require driving far

## Bottom Line

Marco’s Pizza Watersound is a useful restaurant listing for anyone planning time in Watersound. Add it to your WhereTo30A shortlist when convenience, location, and a clear sense of place matter."
Village Market at Watersound Town Center,village-market-at-watersound-town-center,Watersound,Watersound Town Center,restaurants,"Find Village Market at Watersound Town Center in Watersound: category, contact info, website, location, and quick notes for WhereTo30A.","Village Market at Watersound Town Center, Watersound, Watersound Town Center, restaurants, 30A","Seafood, Southern classics, and globally inspired dishes.",,,https://www.watersoundtowncenter.com/directory/,"If you're spending time in Watersound Town Center, Watersound, Village Market at Watersound Town Center is a restaurant worth knowing about. Seafood, Southern classics, and globally inspired dishes. It fits naturally into a 30A day when you want something close by, easy to plan around, and tied to the feel of Watersound.

## What It Is

Village Market at Watersound Town Center is a restaurant located in Watersound Town Center in Watersound. It is the kind of place to keep on your list when you are planning where to eat around Watersound, whether you are coming from the beach, walking through the shopping area, or looking for an easy stop near where you are staying.

## What You'll Find

- Food and drink options for a casual 30A meal
- A convenient location in or near Watersound Town Center
- A good option to compare with other restaurants in Watersound
- A stop that works well before or after beach time, shopping, or exploring nearby

## What People Like

People usually look for places like Village Market at Watersound Town Center because they want an easy meal option that feels connected to the area instead of feeling random or out of the way. The biggest draw is the location, especially if you are already spending time around Watersound Town Center.

## What to Know

Check the current hours before you go, especially during slower seasons or on holiday weekends. Parking and crowds can vary a lot around Watersound, so give yourself extra time if you are visiting during lunch, dinner, or peak vacation weeks.

## Why You'd Go Here

- You are looking for a meal near Watersound Town Center
- You want something convenient while exploring Watersound
- You are building out a dining list for a beach trip
- You need a practical stop that does not require driving far

## Bottom Line

Village Market at Watersound Town Center is a useful restaurant listing for anyone planning time in Watersound. Add it to your WhereTo30A shortlist when convenience, location, and a clear sense of place matter."
Ambrosia Prime Seafood & Steaks,ambrosia-prime-seafood-and-steaks,Watersound,Watersound Town Center,restaurants,"Find Ambrosia Prime Seafood & Steaks in Watersound: category, contact info, website, location, and quick notes for WhereTo30A.","Ambrosia Prime Seafood & Steaks, Watersound, Watersound Town Center, restaurants, 30A",Upscale steak and seafood restaurant.,,,https://www.watersoundtowncenter.com/directory/,"If you're spending time in Watersound Town Center, Watersound, Ambrosia Prime Seafood & Steaks is a restaurant worth knowing about. Upscale steak and seafood restaurant. It fits naturally into a 30A day when you want something close by, easy to plan around, and tied to the feel of Watersound.

## What It Is

Ambrosia Prime Seafood & Steaks is a restaurant located in Watersound Town Center in Watersound. It is the kind of place to keep on your list when you are planning where to eat around Watersound, whether you are coming from the beach, walking through the shopping area, or looking for an easy stop near where you are staying.

## What You'll Find

- Food and drink options for a casual 30A meal
- A convenient location in or near Watersound Town Center
- A good option to compare with other restaurants in Watersound
- A stop that works well before or after beach time, shopping, or exploring nearby

## What People Like

People usually look for places like Ambrosia Prime Seafood & Steaks because they want an easy meal option that feels connected to the area instead of feeling random or out of the way. The biggest draw is the location, especially if you are already spending time around Watersound Town Center.

## What to Know

Check the current hours before you go, especially during slower seasons or on holiday weekends. Parking and crowds can vary a lot around Watersound, so give yourself extra time if you are visiting during lunch, dinner, or peak vacation weeks.

## Why You'd Go Here

- You are looking for a meal near Watersound Town Center
- You want something convenient while exploring Watersound
- You are building out a dining list for a beach trip
- You need a practical stop that does not require driving far

## Bottom Line

Ambrosia Prime Seafood & Steaks is a useful restaurant listing for anyone planning time in Watersound. Add it to your WhereTo30A shortlist when convenience, location, and a clear sense of place matter."
Lagree 30A,lagree-30a,Watersound,Watersound Town Center,activity,"Find Lagree 30A in Watersound: category, contact info, website, location, and quick notes for WhereTo30A.","Lagree 30A, Watersound, Watersound Town Center, activity, 30A",Lagree fitness studio.,,,https://www.watersoundtowncenter.com/directory/,"If you're spending time in Watersound Town Center, Watersound, Lagree 30A is a activity or experience worth knowing about. Lagree fitness studio. It fits naturally into a 30A day when you want something close by, easy to plan around, and tied to the feel of Watersound.

## What It Is

Lagree 30A is an activity or experience located in Watersound Town Center in Watersound. It is a good option to consider when you want to do more than just sit on the beach and are looking for something to build into your Watersound plans.

## What You'll Find

- An activity, attraction, rental, class, or experience depending on the business
- A location connected to Watersound Town Center
- A way to add structure to a beach day
- A good option for families, couples, groups, or visitors looking for something local

## What People Like

People tend to like activity-based stops like Lagree 30A because they make a 30A day feel more memorable. These are the kinds of places that help turn a simple beach trip into a fuller itinerary.

## What to Know

Book ahead if the activity depends on reservations, weather, equipment, or staffing. Availability can shift quickly during spring break, summer, and long weekends, so confirm details before you go.

## Why You'd Go Here

- You want something active to do in Watersound
- You are planning a family or group outing
- You need a break from a full beach day
- You are building a more complete 30A itinerary

## Bottom Line

Lagree 30A is a useful activity listing for Watersound. It is worth checking when you want your day to include something more planned or interactive."
30A Chiropractic & Wellness,30a-chiropractic-and-wellness,Watersound,Watersound Town Center,services,"Find 30A Chiropractic & Wellness in Watersound: category, contact info, website, location, and quick notes for WhereTo30A.","30A Chiropractic & Wellness, Watersound, Watersound Town Center, services, 30A",Chiropractic and wellness practice.,,,https://www.watersoundtowncenter.com/directory/,"If you're spending time in Watersound Town Center, Watersound, 30A Chiropractic & Wellness is a local service worth knowing about. Chiropractic and wellness practice. It fits naturally into a 30A day when you want something close by, easy to plan around, and tied to the feel of Watersound.

## What It Is

30A Chiropractic & Wellness is a local service business located in Watersound Town Center in Watersound. It is useful to know about when you need something practical while living in, staying in, or planning around Watersound.

## What You'll Find

- A service-based business serving locals, visitors, or nearby property owners
- A location connected to Watersound Town Center
- A practical resource for errands, appointments, planning, or support
- A business to contact directly for current availability and details

## What People Like

People usually look for service businesses like 30A Chiropractic & Wellness when they need something specific and nearby. The value is in convenience, local access, and being able to solve a practical need without leaving the 30A area.

## What to Know

For service businesses, it is best to contact them directly before going. Hours, appointment requirements, pricing, and availability can vary, especially during busy visitor seasons.

## Why You'd Go Here

- You need a local service in or near Watersound
- You are staying nearby and want something convenient
- You are comparing practical resources along 30A
- You want a business located close to Watersound Town Center

## Bottom Line

30A Chiropractic & Wellness is a practical listing to keep in your Watersound directory. It is most useful when you need local access and clear contact information."
FedEx Office Watersound,fedex-office-watersound,Watersound,Watersound Town Center,services,"Find FedEx Office Watersound in Watersound: category, contact info, website, location, and quick notes for WhereTo30A.","FedEx Office Watersound, Watersound, Watersound Town Center, services, 30A","Printing, packing, and shipping services.",,,https://www.watersoundtowncenter.com/directory/,"If you're spending time in Watersound Town Center, Watersound, FedEx Office Watersound is a local service worth knowing about. Printing, packing, and shipping services. It fits naturally into a 30A day when you want something close by, easy to plan around, and tied to the feel of Watersound.

## What It Is

FedEx Office Watersound is a local service business located in Watersound Town Center in Watersound. It is useful to know about when you need something practical while living in, staying in, or planning around Watersound.

## What You'll Find

- A service-based business serving locals, visitors, or nearby property owners
- A location connected to Watersound Town Center
- A practical resource for errands, appointments, planning, or support
- A business to contact directly for current availability and details

## What People Like

People usually look for service businesses like FedEx Office Watersound when they need something specific and nearby. The value is in convenience, local access, and being able to solve a practical need without leaving the 30A area.

## What to Know

For service businesses, it is best to contact them directly before going. Hours, appointment requirements, pricing, and availability can vary, especially during busy visitor seasons.

## Why You'd Go Here

- You need a local service in or near Watersound
- You are staying nearby and want something convenient
- You are comparing practical resources along 30A
- You want a business located close to Watersound Town Center

## Bottom Line

FedEx Office Watersound is a practical listing to keep in your Watersound directory. It is most useful when you need local access and clear contact information."
Watersound Title Agency,watersound-title-agency,Watersound,Watersound Town Center,services,"Find Watersound Title Agency in Watersound: category, contact info, website, location, and quick notes for WhereTo30A.","Watersound Title Agency, Watersound, Watersound Town Center, services, 30A",Title and real estate services.,,,https://www.watersoundtowncenter.com/directory/,"If you're spending time in Watersound Town Center, Watersound, Watersound Title Agency is a local service worth knowing about. Title and real estate services. It fits naturally into a 30A day when you want something close by, easy to plan around, and tied to the feel of Watersound.

## What It Is

Watersound Title Agency is a local service business located in Watersound Town Center in Watersound. It is useful to know about when you need something practical while living in, staying in, or planning around Watersound.

## What You'll Find

- A service-based business serving locals, visitors, or nearby property owners
- A location connected to Watersound Town Center
- A practical resource for errands, appointments, planning, or support
- A business to contact directly for current availability and details

## What People Like

People usually look for service businesses like Watersound Title Agency when they need something specific and nearby. The value is in convenience, local access, and being able to solve a practical need without leaving the 30A area.

## What to Know

For service businesses, it is best to contact them directly before going. Hours, appointment requirements, pricing, and availability can vary, especially during busy visitor seasons.

## Why You'd Go Here

- You need a local service in or near Watersound
- You are staying nearby and want something convenient
- You are comparing practical resources along 30A
- You want a business located close to Watersound Town Center

## Bottom Line

Watersound Title Agency is a practical listing to keep in your Watersound directory. It is most useful when you need local access and clear contact information."
Watersound Real Estate,watersound-real-estate,Watersound,Watersound Town Center,services,"Find Watersound Real Estate in Watersound: category, contact info, website, location, and quick notes for WhereTo30A.","Watersound Real Estate, Watersound, Watersound Town Center, services, 30A",Real estate office.,,,https://www.watersoundtowncenter.com/directory/,"If you're spending time in Watersound Town Center, Watersound, Watersound Real Estate is a local service worth knowing about. Real estate office. It fits naturally into a 30A day when you want something close by, easy to plan around, and tied to the feel of Watersound.

## What It Is

Watersound Real Estate is a local service business located in Watersound Town Center in Watersound. It is useful to know about when you need something practical while living in, staying in, or planning around Watersound.

## What You'll Find

- A service-based business serving locals, visitors, or nearby property owners
- A location connected to Watersound Town Center
- A practical resource for errands, appointments, planning, or support
- A business to contact directly for current availability and details

## What People Like

People usually look for service businesses like Watersound Real Estate when they need something specific and nearby. The value is in convenience, local access, and being able to solve a practical need without leaving the 30A area.

## What to Know

For service businesses, it is best to contact them directly before going. Hours, appointment requirements, pricing, and availability can vary, especially during busy visitor seasons.

## Why You'd Go Here

- You need a local service in or near Watersound
- You are staying nearby and want something convenient
- You are comparing practical resources along 30A
- You want a business located close to Watersound Town Center

## Bottom Line

Watersound Real Estate is a practical listing to keep in your Watersound directory. It is most useful when you need local access and clear contact information."
Halo Salon and Blowout Bar,halo-salon-and-blowout-bar,Watersound,Watersound Town Center,services,"Find Halo Salon and Blowout Bar in Watersound: category, contact info, website, location, and quick notes for WhereTo30A.","Halo Salon and Blowout Bar, Watersound, Watersound Town Center, services, 30A",Salon and blowout bar.,,,https://www.watersoundtowncenter.com/directory/,"If you're spending time in Watersound Town Center, Watersound, Halo Salon and Blowout Bar is a local service worth knowing about. Salon and blowout bar. It fits naturally into a 30A day when you want something close by, easy to plan around, and tied to the feel of Watersound.

## What It Is

Halo Salon and Blowout Bar is a local service business located in Watersound Town Center in Watersound. It is useful to know about when you need something practical while living in, staying in, or planning around Watersound.

## What You'll Find

- A service-based business serving locals, visitors, or nearby property owners
- A location connected to Watersound Town Center
- A practical resource for errands, appointments, planning, or support
- A business to contact directly for current availability and details

## What People Like

People usually look for service businesses like Halo Salon and Blowout Bar when they need something specific and nearby. The value is in convenience, local access, and being able to solve a practical need without leaving the 30A area.

## What to Know

For service businesses, it is best to contact them directly before going. Hours, appointment requirements, pricing, and availability can vary, especially during busy visitor seasons.

## Why You'd Go Here

- You need a local service in or near Watersound
- You are staying nearby and want something convenient
- You are comparing practical resources along 30A
- You want a business located close to Watersound Town Center

## Bottom Line

Halo Salon and Blowout Bar is a practical listing to keep in your Watersound directory. It is most useful when you need local access and clear contact information."
Legacy Dental Studio,legacy-dental-studio,Watersound,Watersound Town Center,services,"Find Legacy Dental Studio in Watersound: category, contact info, website, location, and quick notes for WhereTo30A.","Legacy Dental Studio, Watersound, Watersound Town Center, services, 30A",Dental office.,,,https://www.watersoundtowncenter.com/directory/,"If you're spending time in Watersound Town Center, Watersound, Legacy Dental Studio is a local service worth knowing about. Dental office. It fits naturally into a 30A day when you want something close by, easy to plan around, and tied to the feel of Watersound.

## What It Is

Legacy Dental Studio is a local service business located in Watersound Town Center in Watersound. It is useful to know about when you need something practical while living in, staying in, or planning around Watersound.

## What You'll Find

- A service-based business serving locals, visitors, or nearby property owners
- A location connected to Watersound Town Center
- A practical resource for errands, appointments, planning, or support
- A business to contact directly for current availability and details

## What People Like

People usually look for service businesses like Legacy Dental Studio when they need something specific and nearby. The value is in convenience, local access, and being able to solve a practical need without leaving the 30A area.

## What to Know

For service businesses, it is best to contact them directly before going. Hours, appointment requirements, pricing, and availability can vary, especially during busy visitor seasons.

## Why You'd Go Here

- You need a local service in or near Watersound
- You are staying nearby and want something convenient
- You are comparing practical resources along 30A
- You want a business located close to Watersound Town Center

## Bottom Line

Legacy Dental Studio is a practical listing to keep in your Watersound directory. It is most useful when you need local access and clear contact information."
Grand Nails Lounge Watersound,grand-nails-lounge-watersound,Watersound,Watersound Town Center,services,"Find Grand Nails Lounge Watersound in Watersound: category, contact info, website, location, and quick notes for WhereTo30A.","Grand Nails Lounge Watersound, Watersound, Watersound Town Center, services, 30A",Nail salon.,,,https://www.watersoundtowncenter.com/directory/,"If you're spending time in Watersound Town Center, Watersound, Grand Nails Lounge Watersound is a local service worth knowing about. Nail salon. It fits naturally into a 30A day when you want something close by, easy to plan around, and tied to the feel of Watersound.

## What It Is

Grand Nails Lounge Watersound is a local service business located in Watersound Town Center in Watersound. It is useful to know about when you need something practical while living in, staying in, or planning around Watersound.

## What You'll Find

- A service-based business serving locals, visitors, or nearby property owners
- A location connected to Watersound Town Center
- A practical resource for errands, appointments, planning, or support
- A business to contact directly for current availability and details

## What People Like

People usually look for service businesses like Grand Nails Lounge Watersound when they need something specific and nearby. The value is in convenience, local access, and being able to solve a practical need without leaving the 30A area.

## What to Know

For service businesses, it is best to contact them directly before going. Hours, appointment requirements, pricing, and availability can vary, especially during busy visitor seasons.

## Why You'd Go Here

- You need a local service in or near Watersound
- You are staying nearby and want something convenient
- You are comparing practical resources along 30A
- You want a business located close to Watersound Town Center

## Bottom Line

Grand Nails Lounge Watersound is a practical listing to keep in your Watersound directory. It is most useful when you need local access and clear contact information."
Capital City Bank Watersound,capital-city-bank-watersound,Watersound,Watersound Town Center,services,"Find Capital City Bank Watersound in Watersound: category, contact info, website, location, and quick notes for WhereTo30A.","Capital City Bank Watersound, Watersound, Watersound Town Center, services, 30A",Banking services.,,,https://www.watersoundtowncenter.com/directory/,"If you're spending time in Watersound Town Center, Watersound, Capital City Bank Watersound is a local service worth knowing about. Banking services. It fits naturally into a 30A day when you want something close by, easy to plan around, and tied to the feel of Watersound.

## What It Is

Capital City Bank Watersound is a local service business located in Watersound Town Center in Watersound. It is useful to know about when you need something practical while living in, staying in, or planning around Watersound.

## What You'll Find

- A service-based business serving locals, visitors, or nearby property owners
- A location connected to Watersound Town Center
- A practical resource for errands, appointments, planning, or support
- A business to contact directly for current availability and details

## What People Like

People usually look for service businesses like Capital City Bank Watersound when they need something specific and nearby. The value is in convenience, local access, and being able to solve a practical need without leaving the 30A area.

## What to Know

For service businesses, it is best to contact them directly before going. Hours, appointment requirements, pricing, and availability can vary, especially during busy visitor seasons.

## Why You'd Go Here

- You need a local service in or near Watersound
- You are staying nearby and want something convenient
- You are comparing practical resources along 30A
- You want a business located close to Watersound Town Center

## Bottom Line

Capital City Bank Watersound is a practical listing to keep in your Watersound directory. It is most useful when you need local access and clear contact information."
Dermatology Specialists of Florida and Aqua Medical Spa,dermatology-specialists-of-florida-and-aqua-medical-spa,Watersound,Watersound Town Center,services,"Find Dermatology Specialists of Florida and Aqua Medical Spa in Watersound: category, contact info, website, location, and quick notes for WhereTo30A.","Dermatology Specialists of Florida and Aqua Medical Spa, Watersound, Watersound Town Center, services, 30A",Dermatology and cosmetic medical spa.,,,https://www.watersoundtowncenter.com/directory/,"If you're spending time in Watersound Town Center, Watersound, Dermatology Specialists of Florida and Aqua Medical Spa is a local service worth knowing about. Dermatology and cosmetic medical spa. It fits naturally into a 30A day when you want something close by, easy to plan around, and tied to the feel of Watersound.

## What It Is

Dermatology Specialists of Florida and Aqua Medical Spa is a local service business located in Watersound Town Center in Watersound. It is useful to know about when you need something practical while living in, staying in, or planning around Watersound.

## What You'll Find

- A service-based business serving locals, visitors, or nearby property owners
- A location connected to Watersound Town Center
- A practical resource for errands, appointments, planning, or support
- A business to contact directly for current availability and details

## What People Like

People usually look for service businesses like Dermatology Specialists of Florida and Aqua Medical Spa when they need something specific and nearby. The value is in convenience, local access, and being able to solve a practical need without leaving the 30A area.

## What to Know

For service businesses, it is best to contact them directly before going. Hours, appointment requirements, pricing, and availability can vary, especially during busy visitor seasons.

## Why You'd Go Here

- You need a local service in or near Watersound
- You are staying nearby and want something convenient
- You are comparing practical resources along 30A
- You want a business located close to Watersound Town Center

## Bottom Line

Dermatology Specialists of Florida and Aqua Medical Spa is a practical listing to keep in your Watersound directory. It is most useful when you need local access and clear contact information."
Ascension Sacred Heart Women’s Diagnostic Center,ascension-sacred-heart-womens-diagnostic-center,Watersound,Watersound Town Center,services,"Find Ascension Sacred Heart Women’s Diagnostic Center in Watersound: category, contact info, website, location, and quick notes for WhereTo30A.","Ascension Sacred Heart Women’s Diagnostic Center, Watersound, Watersound Town Center, services, 30A",Women’s imaging and diagnostic center.,,,https://www.watersoundtowncenter.com/directory/,"If you're spending time in Watersound Town Center, Watersound, Ascension Sacred Heart Women’s Diagnostic Center is a local service worth knowing about. Women’s imaging and diagnostic center. It fits naturally into a 30A day when you want something close by, easy to plan around, and tied to the feel of Watersound.

## What It Is

Ascension Sacred Heart Women’s Diagnostic Center is a local service business located in Watersound Town Center in Watersound. It is useful to know about when you need something practical while living in, staying in, or planning around Watersound.

## What You'll Find

- A service-based business serving locals, visitors, or nearby property owners
- A location connected to Watersound Town Center
- A practical resource for errands, appointments, planning, or support
- A business to contact directly for current availability and details

## What People Like

People usually look for service businesses like Ascension Sacred Heart Women’s Diagnostic Center when they need something specific and nearby. The value is in convenience, local access, and being able to solve a practical need without leaving the 30A area.

## What to Know

For service businesses, it is best to contact them directly before going. Hours, appointment requirements, pricing, and availability can vary, especially during busy visitor seasons.

## Why You'd Go Here

- You need a local service in or near Watersound
- You are staying nearby and want something convenient
- You are comparing practical resources along 30A
- You want a business located close to Watersound Town Center

## Bottom Line

Ascension Sacred Heart Women’s Diagnostic Center is a practical listing to keep in your Watersound directory. It is most useful when you need local access and clear contact information."
Ascension Sacred Heart Primary Care Watersound,ascension-sacred-heart-primary-care-watersound,Watersound,Watersound Town Center,services,"Find Ascension Sacred Heart Primary Care Watersound in Watersound: category, contact info, website, location, and quick notes for WhereTo30A.","Ascension Sacred Heart Primary Care Watersound, Watersound, Watersound Town Center, services, 30A",Primary care clinic.,,,https://www.watersoundtowncenter.com/directory/,"If you're spending time in Watersound Town Center, Watersound, Ascension Sacred Heart Primary Care Watersound is a local service worth knowing about. Primary care clinic. It fits naturally into a 30A day when you want something close by, easy to plan around, and tied to the feel of Watersound.

## What It Is

Ascension Sacred Heart Primary Care Watersound is a local service business located in Watersound Town Center in Watersound. It is useful to know about when you need something practical while living in, staying in, or planning around Watersound.

## What You'll Find

- A service-based business serving locals, visitors, or nearby property owners
- A location connected to Watersound Town Center
- A practical resource for errands, appointments, planning, or support
- A business to contact directly for current availability and details

## What People Like

People usually look for service businesses like Ascension Sacred Heart Primary Care Watersound when they need something specific and nearby. The value is in convenience, local access, and being able to solve a practical need without leaving the 30A area.

## What to Know

For service businesses, it is best to contact them directly before going. Hours, appointment requirements, pricing, and availability can vary, especially during busy visitor seasons.

## Why You'd Go Here

- You need a local service in or near Watersound
- You are staying nearby and want something convenient
- You are comparing practical resources along 30A
- You want a business located close to Watersound Town Center

## Bottom Line

Ascension Sacred Heart Primary Care Watersound is a practical listing to keep in your Watersound directory. It is most useful when you need local access and clear contact information."
Altar’d State,altard-state,Sandestin,Grand Boulevard,shopping,"Find Altar’d State in Sandestin: category, contact info, website, location, and quick notes for WhereTo30A.","Altar’d State, Sandestin, Grand Boulevard, shopping, 30A","A shopping listing in Sandestin, located in Grand Boulevard.",850.424.6526,,https://grandboulevard.com/directory/,"If you're spending time in Grand Boulevard, Sandestin, Altar’d State is a shop worth knowing about. A shopping listing in Sandestin, located in Grand Boulevard. It fits naturally into a 30A day when you want something close by, easy to plan around, and tied to the feel of Sandestin.

## What It Is

Altar’d State is a shopping stop located in Grand Boulevard in Sandestin. It is a good listing to know if you like browsing local boutiques, beach-town retail, home goods, apparel, gifts, or specialty finds while exploring Sandestin.

## What You'll Find

- Retail items that may include apparel, gifts, home goods, accessories, or specialty products
- A storefront in or near Grand Boulevard
- A browse-worthy stop between meals or beach plans
- A local shopping option to add to a 30A itinerary

## What People Like

People tend to like shops like Altar’d State because they add character to a beach day. Instead of only planning around restaurants, this gives you somewhere to wander, browse, and find something that feels tied to the area.

## What to Know

Inventory, hours, and seasonal collections can change, so check the shop directly before making a special trip. Parking is easiest when you visit outside peak lunch and dinner windows, especially in busier town centers.

## Why You'd Go Here

- You want to browse local shops in Sandestin
- You are looking for gifts or vacation finds
- You need a break from the beach
- You are exploring Grand Boulevard on foot

## Bottom Line

Altar’d State is a good shopping listing for anyone exploring Sandestin. It works well as part of a slower 30A day with time to wander."
AMC Classic Boulevard 10 Cinema,amc-classic-boulevard-10-cinema,Sandestin,Grand Boulevard,activity,"Find AMC Classic Boulevard 10 Cinema in Sandestin: category, contact info, website, location, and quick notes for WhereTo30A.","AMC Classic Boulevard 10 Cinema, Sandestin, Grand Boulevard, activity, 30A","A activity listing in Sandestin, located in Grand Boulevard.",850.660.5217,,https://grandboulevard.com/directory/,"If you're spending time in Grand Boulevard, Sandestin, AMC Classic Boulevard 10 Cinema is a activity or experience worth knowing about. A activity listing in Sandestin, located in Grand Boulevard. It fits naturally into a 30A day when you want something close by, easy to plan around, and tied to the feel of Sandestin.

## What It Is

AMC Classic Boulevard 10 Cinema is an activity or experience located in Grand Boulevard in Sandestin. It is a good option to consider when you want to do more than just sit on the beach and are looking for something to build into your Sandestin plans.

## What You'll Find

- An activity, attraction, rental, class, or experience depending on the business
- A location connected to Grand Boulevard
- A way to add structure to a beach day
- A good option for families, couples, groups, or visitors looking for something local

## What People Like

People tend to like activity-based stops like AMC Classic Boulevard 10 Cinema because they make a 30A day feel more memorable. These are the kinds of places that help turn a simple beach trip into a fuller itinerary.

## What to Know

Book ahead if the activity depends on reservations, weather, equipment, or staffing. Availability can shift quickly during spring break, summer, and long weekends, so confirm details before you go.

## Why You'd Go Here

- You want something active to do in Sandestin
- You are planning a family or group outing
- You need a break from a full beach day
- You are building a more complete 30A itinerary

## Bottom Line

AMC Classic Boulevard 10 Cinema is a useful activity listing for Sandestin. It is worth checking when you want your day to include something more planned or interactive."
Another Broken Egg Café,another-broken-egg-cafe,Sandestin,Grand Boulevard,restaurants,"Find Another Broken Egg Café in Sandestin: category, contact info, website, location, and quick notes for WhereTo30A.","Another Broken Egg Café, Sandestin, Grand Boulevard, restaurants, 30A","A restaurant listing in Sandestin, located in Grand Boulevard.",850.424.3416,,https://grandboulevard.com/directory/,"If you're spending time in Grand Boulevard, Sandestin, Another Broken Egg Café is a restaurant worth knowing about. A restaurant listing in Sandestin, located in Grand Boulevard. It fits naturally into a 30A day when you want something close by, easy to plan around, and tied to the feel of Sandestin.

## What It Is

Another Broken Egg Café is a restaurant located in Grand Boulevard in Sandestin. It is the kind of place to keep on your list when you are planning where to eat around Sandestin, whether you are coming from the beach, walking through the shopping area, or looking for an easy stop near where you are staying.

## What You'll Find

- Food and drink options for a casual 30A meal
- A convenient location in or near Grand Boulevard
- A good option to compare with other restaurants in Sandestin
- A stop that works well before or after beach time, shopping, or exploring nearby

## What People Like

People usually look for places like Another Broken Egg Café because they want an easy meal option that feels connected to the area instead of feeling random or out of the way. The biggest draw is the location, especially if you are already spending time around Grand Boulevard.

## What to Know

Check the current hours before you go, especially during slower seasons or on holiday weekends. Parking and crowds can vary a lot around Sandestin, so give yourself extra time if you are visiting during lunch, dinner, or peak vacation weeks.

## Why You'd Go Here

- You are looking for a meal near Grand Boulevard
- You want something convenient while exploring Sandestin
- You are building out a dining list for a beach trip
- You need a practical stop that does not require driving far

## Bottom Line

Another Broken Egg Café is a useful restaurant listing for anyone planning time in Sandestin. Add it to your WhereTo30A shortlist when convenience, location, and a clear sense of place matter."
Anthropologie,anthropologie,Sandestin,Grand Boulevard,shopping,"Find Anthropologie in Sandestin: category, contact info, website, location, and quick notes for WhereTo30A.","Anthropologie, Sandestin, Grand Boulevard, shopping, 30A","A shopping listing in Sandestin, located in Grand Boulevard.",850.837.1223,,https://grandboulevard.com/directory/,"If you're spending time in Grand Boulevard, Sandestin, Anthropologie is a shop worth knowing about. A shopping listing in Sandestin, located in Grand Boulevard. It fits naturally into a 30A day when you want something close by, easy to plan around, and tied to the feel of Sandestin.

## What It Is

Anthropologie is a shopping stop located in Grand Boulevard in Sandestin. It is a good listing to know if you like browsing local boutiques, beach-town retail, home goods, apparel, gifts, or specialty finds while exploring Sandestin.

## What You'll Find

- Retail items that may include apparel, gifts, home goods, accessories, or specialty products
- A storefront in or near Grand Boulevard
- A browse-worthy stop between meals or beach plans
- A local shopping option to add to a 30A itinerary

## What People Like

People tend to like shops like Anthropologie because they add character to a beach day. Instead of only planning around restaurants, this gives you somewhere to wander, browse, and find something that feels tied to the area.

## What to Know

Inventory, hours, and seasonal collections can change, so check the shop directly before making a special trip. Parking is easiest when you visit outside peak lunch and dinner windows, especially in busier town centers.

## Why You'd Go Here

- You want to browse local shops in Sandestin
- You are looking for gifts or vacation finds
- You need a break from the beach
- You are exploring Grand Boulevard on foot

## Bottom Line

Anthropologie is a good shopping listing for anyone exploring Sandestin. It works well as part of a slower 30A day with time to wander."
AquaRK Title Services,aquark-title-services,Sandestin,Grand Boulevard,services,"Find AquaRK Title Services in Sandestin: category, contact info, website, location, and quick notes for WhereTo30A.","AquaRK Title Services, Sandestin, Grand Boulevard, services, 30A","A service listing in Sandestin, located in Grand Boulevard.",850.650.9737,,https://grandboulevard.com/directory/,"If you're spending time in Grand Boulevard, Sandestin, AquaRK Title Services is a local service worth knowing about. A service listing in Sandestin, located in Grand Boulevard. It fits naturally into a 30A day when you want something close by, easy to plan around, and tied to the feel of Sandestin.

## What It Is

AquaRK Title Services is a local service business located in Grand Boulevard in Sandestin. It is useful to know about when you need something practical while living in, staying in, or planning around Sandestin.

## What You'll Find

- A service-based business serving locals, visitors, or nearby property owners
- A location connected to Grand Boulevard
- A practical resource for errands, appointments, planning, or support
- A business to contact directly for current availability and details

## What People Like

People usually look for service businesses like AquaRK Title Services when they need something specific and nearby. The value is in convenience, local access, and being able to solve a practical need without leaving the 30A area.

## What to Know

For service businesses, it is best to contact them directly before going. Hours, appointment requirements, pricing, and availability can vary, especially during busy visitor seasons.

## Why You'd Go Here

- You need a local service in or near Sandestin
- You are staying nearby and want something convenient
- You are comparing practical resources along 30A
- You want a business located close to Grand Boulevard

## Bottom Line

AquaRK Title Services is a practical listing to keep in your Sandestin directory. It is most useful when you need local access and clear contact information."
Arhaus,arhaus,Sandestin,Grand Boulevard,shopping,"Find Arhaus in Sandestin: category, contact info, website, location, and quick notes for WhereTo30A.","Arhaus, Sandestin, Grand Boulevard, shopping, 30A","A shopping listing in Sandestin, located in Grand Boulevard.",850.424.1494,,https://grandboulevard.com/directory/,"If you're spending time in Grand Boulevard, Sandestin, Arhaus is a shop worth knowing about. A shopping listing in Sandestin, located in Grand Boulevard. It fits naturally into a 30A day when you want something close by, easy to plan around, and tied to the feel of Sandestin.

## What It Is

Arhaus is a shopping stop located in Grand Boulevard in Sandestin. It is a good listing to know if you like browsing local boutiques, beach-town retail, home goods, apparel, gifts, or specialty finds while exploring Sandestin.

## What You'll Find

- Retail items that may include apparel, gifts, home goods, accessories, or specialty products
- A storefront in or near Grand Boulevard
- A browse-worthy stop between meals or beach plans
- A local shopping option to add to a 30A itinerary

## What People Like

People tend to like shops like Arhaus because they add character to a beach day. Instead of only planning around restaurants, this gives you somewhere to wander, browse, and find something that feels tied to the area.

## What to Know

Inventory, hours, and seasonal collections can change, so check the shop directly before making a special trip. Parking is easiest when you visit outside peak lunch and dinner windows, especially in busier town centers.

## Why You'd Go Here

- You want to browse local shops in Sandestin
- You are looking for gifts or vacation finds
- You need a break from the beach
- You are exploring Grand Boulevard on foot

## Bottom Line

Arhaus is a good shopping listing for anyone exploring Sandestin. It works well as part of a slower 30A day with time to wander."
AS Revival,as-revival,Sandestin,Grand Boulevard,shopping,"Find AS Revival in Sandestin: category, contact info, website, location, and quick notes for WhereTo30A.","AS Revival, Sandestin, Grand Boulevard, shopping, 30A","A shopping listing in Sandestin, located in Grand Boulevard.",850.424.6526,,https://grandboulevard.com/directory/,"If you're spending time in Grand Boulevard, Sandestin, AS Revival is a shop worth knowing about. A shopping listing in Sandestin, located in Grand Boulevard. It fits naturally into a 30A day when you want something close by, easy to plan around, and tied to the feel of Sandestin.

## What It Is

AS Revival is a shopping stop located in Grand Boulevard in Sandestin. It is a good listing to know if you like browsing local boutiques, beach-town retail, home goods, apparel, gifts, or specialty finds while exploring Sandestin.

## What You'll Find

- Retail items that may include apparel, gifts, home goods, accessories, or specialty products
- A storefront in or near Grand Boulevard
- A browse-worthy stop between meals or beach plans
- A local shopping option to add to a 30A itinerary

## What People Like

People tend to like shops like AS Revival because they add character to a beach day. Instead of only planning around restaurants, this gives you somewhere to wander, browse, and find something that feels tied to the area.

## What to Know

Inventory, hours, and seasonal collections can change, so check the shop directly before making a special trip. Parking is easiest when you visit outside peak lunch and dinner windows, especially in busier town centers.

## Why You'd Go Here

- You want to browse local shops in Sandestin
- You are looking for gifts or vacation finds
- You need a break from the beach
- You are exploring Grand Boulevard on foot

## Bottom Line

AS Revival is a good shopping listing for anyone exploring Sandestin. It works well as part of a slower 30A day with time to wander."
Ascension Sacred Heart Hospital,ascension-sacred-heart-hospital,Sandestin,Grand Boulevard,services,"Find Ascension Sacred Heart Hospital in Sandestin: category, contact info, website, location, and quick notes for WhereTo30A.","Ascension Sacred Heart Hospital, Sandestin, Grand Boulevard, services, 30A","A service listing in Sandestin, located in Grand Boulevard.",850.278.3000,,https://grandboulevard.com/directory/,"If you're spending time in Grand Boulevard, Sandestin, Ascension Sacred Heart Hospital is a local service worth knowing about. A service listing in Sandestin, located in Grand Boulevard. It fits naturally into a 30A day when you want something close by, easy to plan around, and tied to the feel of Sandestin.

## What It Is

Ascension Sacred Heart Hospital is a local service business located in Grand Boulevard in Sandestin. It is useful to know about when you need something practical while living in, staying in, or planning around Sandestin.

## What You'll Find

- A service-based business serving locals, visitors, or nearby property owners
- A location connected to Grand Boulevard
- A practical resource for errands, appointments, planning, or support
- A business to contact directly for current availability and details

## What People Like

People usually look for service businesses like Ascension Sacred Heart Hospital when they need something specific and nearby. The value is in convenience, local access, and being able to solve a practical need without leaving the 30A area.

## What to Know

For service businesses, it is best to contact them directly before going. Hours, appointment requirements, pricing, and availability can vary, especially during busy visitor seasons.

## Why You'd Go Here

- You need a local service in or near Sandestin
- You are staying nearby and want something convenient
- You are comparing practical resources along 30A
- You want a business located close to Grand Boulevard

## Bottom Line

Ascension Sacred Heart Hospital is a practical listing to keep in your Sandestin directory. It is most useful when you need local access and clear contact information."
Asset Insurance,asset-insurance,Sandestin,Grand Boulevard,services,"Find Asset Insurance in Sandestin: category, contact info, website, location, and quick notes for WhereTo30A.","Asset Insurance, Sandestin, Grand Boulevard, services, 30A","A service listing in Sandestin, located in Grand Boulevard.",850.337.1489,,https://grandboulevard.com/directory/,"If you're spending time in Grand Boulevard, Sandestin, Asset Insurance is a local service worth knowing about. A service listing in Sandestin, located in Grand Boulevard. It fits naturally into a 30A day when you want something close by, easy to plan around, and tied to the feel of Sandestin.

## What It Is

Asset Insurance is a local service business located in Grand Boulevard in Sandestin. It is useful to know about when you need something practical while living in, staying in, or planning around Sandestin.

## What You'll Find

- A service-based business serving locals, visitors, or nearby property owners
- A location connected to Grand Boulevard
- A practical resource for errands, appointments, planning, or support
- A business to contact directly for current availability and details

## What People Like

People usually look for service businesses like Asset Insurance when they need something specific and nearby. The value is in convenience, local access, and being able to solve a practical need without leaving the 30A area.

## What to Know

For service businesses, it is best to contact them directly before going. Hours, appointment requirements, pricing, and availability can vary, especially during busy visitor seasons.

## Why You'd Go Here

- You need a local service in or near Sandestin
- You are staying nearby and want something convenient
- You are comparing practical resources along 30A
- You want a business located close to Grand Boulevard

## Bottom Line

Asset Insurance is a practical listing to keep in your Sandestin directory. It is most useful when you need local access and clear contact information."
BankPlus,bankplus,Sandestin,Grand Boulevard,services,"Find BankPlus in Sandestin: category, contact info, website, location, and quick notes for WhereTo30A.","BankPlus, Sandestin, Grand Boulevard, services, 30A","A service listing in Sandestin, located in Grand Boulevard.",850.654.1994,,https://grandboulevard.com/directory/,"If you're spending time in Grand Boulevard, Sandestin, BankPlus is a local service worth knowing about. A service listing in Sandestin, located in Grand Boulevard. It fits naturally into a 30A day when you want something close by, easy to plan around, and tied to the feel of Sandestin.

## What It Is

BankPlus is a local service business located in Grand Boulevard in Sandestin. It is useful to know about when you need something practical while living in, staying in, or planning around Sandestin.

## What You'll Find

- A service-based business serving locals, visitors, or nearby property owners
- A location connected to Grand Boulevard
- A practical resource for errands, appointments, planning, or support
- A business to contact directly for current availability and details

## What People Like

People usually look for service businesses like BankPlus when they need something specific and nearby. The value is in convenience, local access, and being able to solve a practical need without leaving the 30A area.

## What to Know

For service businesses, it is best to contact them directly before going. Hours, appointment requirements, pricing, and availability can vary, especially during busy visitor seasons.

## Why You'd Go Here

- You need a local service in or near Sandestin
- You are staying nearby and want something convenient
- You are comparing practical resources along 30A
- You want a business located close to Grand Boulevard

## Bottom Line

BankPlus is a practical listing to keep in your Sandestin directory. It is most useful when you need local access and clear contact information."
Billabong Destin,billabong-destin,Sandestin,Grand Boulevard,shopping,"Find Billabong Destin in Sandestin: category, contact info, website, location, and quick notes for WhereTo30A.","Billabong Destin, Sandestin, Grand Boulevard, shopping, 30A","A shopping listing in Sandestin, located in Grand Boulevard.",850.424.3553,,https://grandboulevard.com/directory/,"If you're spending time in Grand Boulevard, Sandestin, Billabong Destin is a shop worth knowing about. A shopping listing in Sandestin, located in Grand Boulevard. It fits naturally into a 30A day when you want something close by, easy to plan around, and tied to the feel of Sandestin.

## What It Is

Billabong Destin is a shopping stop located in Grand Boulevard in Sandestin. It is a good listing to know if you like browsing local boutiques, beach-town retail, home goods, apparel, gifts, or specialty finds while exploring Sandestin.

## What You'll Find

- Retail items that may include apparel, gifts, home goods, accessories, or specialty products
- A storefront in or near Grand Boulevard
- A browse-worthy stop between meals or beach plans
- A local shopping option to add to a 30A itinerary

## What People Like

People tend to like shops like Billabong Destin because they add character to a beach day. Instead of only planning around restaurants, this gives you somewhere to wander, browse, and find something that feels tied to the area.

## What to Know

Inventory, hours, and seasonal collections can change, so check the shop directly before making a special trip. Parking is easiest when you visit outside peak lunch and dinner windows, especially in busier town centers.

## Why You'd Go Here

- You want to browse local shops in Sandestin
- You are looking for gifts or vacation finds
- You need a break from the beach
- You are exploring Grand Boulevard on foot

## Bottom Line

Billabong Destin is a good shopping listing for anyone exploring Sandestin. It works well as part of a slower 30A day with time to wander."
Bluemercury,bluemercury,Sandestin,Grand Boulevard,shopping,"Find Bluemercury in Sandestin: category, contact info, website, location, and quick notes for WhereTo30A.","Bluemercury, Sandestin, Grand Boulevard, shopping, 30A","A shopping listing in Sandestin, located in Grand Boulevard.",850.650.2570,,https://grandboulevard.com/directory/,"If you're spending time in Grand Boulevard, Sandestin, Bluemercury is a shop worth knowing about. A shopping listing in Sandestin, located in Grand Boulevard. It fits naturally into a 30A day when you want something close by, easy to plan around, and tied to the feel of Sandestin.

## What It Is

Bluemercury is a shopping stop located in Grand Boulevard in Sandestin. It is a good listing to know if you like browsing local boutiques, beach-town retail, home goods, apparel, gifts, or specialty finds while exploring Sandestin.

## What You'll Find

- Retail items that may include apparel, gifts, home goods, accessories, or specialty products
- A storefront in or near Grand Boulevard
- A browse-worthy stop between meals or beach plans
- A local shopping option to add to a 30A itinerary

## What People Like

People tend to like shops like Bluemercury because they add character to a beach day. Instead of only planning around restaurants, this gives you somewhere to wander, browse, and find something that feels tied to the area.

## What to Know

Inventory, hours, and seasonal collections can change, so check the shop directly before making a special trip. Parking is easiest when you visit outside peak lunch and dinner windows, especially in busier town centers.

## Why You'd Go Here

- You want to browse local shops in Sandestin
- You are looking for gifts or vacation finds
- You need a break from the beach
- You are exploring Grand Boulevard on foot

## Bottom Line

Bluemercury is a good shopping listing for anyone exploring Sandestin. It works well as part of a slower 30A day with time to wander."
BrickTop’s,bricktops,Sandestin,Grand Boulevard,restaurants,"Find BrickTop’s in Sandestin: category, contact info, website, location, and quick notes for WhereTo30A.","BrickTop’s, Sandestin, Grand Boulevard, restaurants, 30A","A restaurant listing in Sandestin, located in Grand Boulevard.",,,https://grandboulevard.com/directory/,"If you're spending time in Grand Boulevard, Sandestin, BrickTop’s is a restaurant worth knowing about. A restaurant listing in Sandestin, located in Grand Boulevard. It fits naturally into a 30A day when you want something close by, easy to plan around, and tied to the feel of Sandestin.

## What It Is

BrickTop’s is a restaurant located in Grand Boulevard in Sandestin. It is the kind of place to keep on your list when you are planning where to eat around Sandestin, whether you are coming from the beach, walking through the shopping area, or looking for an easy stop near where you are staying.

## What You'll Find

- Food and drink options for a casual 30A meal
- A convenient location in or near Grand Boulevard
- A good option to compare with other restaurants in Sandestin
- A stop that works well before or after beach time, shopping, or exploring nearby

## What People Like

People usually look for places like BrickTop’s because they want an easy meal option that feels connected to the area instead of feeling random or out of the way. The biggest draw is the location, especially if you are already spending time around Grand Boulevard.

## What to Know

Check the current hours before you go, especially during slower seasons or on holiday weekends. Parking and crowds can vary a lot around Sandestin, so give yourself extra time if you are visiting during lunch, dinner, or peak vacation weeks.

## Why You'd Go Here

- You are looking for a meal near Grand Boulevard
- You want something convenient while exploring Sandestin
- You are building out a dining list for a beach trip
- You need a practical stop that does not require driving far

## Bottom Line

BrickTop’s is a useful restaurant listing for anyone planning time in Sandestin. Add it to your WhereTo30A shortlist when convenience, location, and a clear sense of place matter."
Cantina Laredo Modern Mexican,cantina-laredo-modern-mexican,Sandestin,Grand Boulevard,restaurants,"Find Cantina Laredo Modern Mexican in Sandestin: category, contact info, website, location, and quick notes for WhereTo30A.","Cantina Laredo Modern Mexican, Sandestin, Grand Boulevard, restaurants, 30A","A restaurant listing in Sandestin, located in Grand Boulevard.",850.654.5649,,https://grandboulevard.com/directory/,"If you're spending time in Grand Boulevard, Sandestin, Cantina Laredo Modern Mexican is a restaurant worth knowing about. A restaurant listing in Sandestin, located in Grand Boulevard. It fits naturally into a 30A day when you want something close by, easy to plan around, and tied to the feel of Sandestin.

## What It Is

Cantina Laredo Modern Mexican is a restaurant located in Grand Boulevard in Sandestin. It is the kind of place to keep on your list when you are planning where to eat around Sandestin, whether you are coming from the beach, walking through the shopping area, or looking for an easy stop near where you are staying.

## What You'll Find

- Food and drink options for a casual 30A meal
- A convenient location in or near Grand Boulevard
- A good option to compare with other restaurants in Sandestin
- A stop that works well before or after beach time, shopping, or exploring nearby

## What People Like

People usually look for places like Cantina Laredo Modern Mexican because they want an easy meal option that feels connected to the area instead of feeling random or out of the way. The biggest draw is the location, especially if you are already spending time around Grand Boulevard.

## What to Know

Check the current hours before you go, especially during slower seasons or on holiday weekends. Parking and crowds can vary a lot around Sandestin, so give yourself extra time if you are visiting during lunch, dinner, or peak vacation weeks.

## Why You'd Go Here

- You are looking for a meal near Grand Boulevard
- You want something convenient while exploring Sandestin
- You are building out a dining list for a beach trip
- You need a practical stop that does not require driving far

## Bottom Line

Cantina Laredo Modern Mexican is a useful restaurant listing for anyone planning time in Sandestin. Add it to your WhereTo30A shortlist when convenience, location, and a clear sense of place matter."
"Carr, Riggs & Ingram CPAs and Advisors",carr-riggs-and-ingram-cpas-and-advisors,Sandestin,Grand Boulevard,services,"Find Carr, Riggs & Ingram CPAs and Advisors in Sandestin: category, contact info, website, location, and quick notes for WhereTo30A.","Carr, Riggs & Ingram CPAs and Advisors, Sandestin, Grand Boulevard, services, 30A","A service listing in Sandestin, located in Grand Boulevard.",850.837.3141,,https://grandboulevard.com/directory/,"If you're spending time in Grand Boulevard, Sandestin, Carr, Riggs & Ingram CPAs and Advisors is a local service worth knowing about. A service listing in Sandestin, located in Grand Boulevard. It fits naturally into a 30A day when you want something close by, easy to plan around, and tied to the feel of Sandestin.

## What It Is

Carr, Riggs & Ingram CPAs and Advisors is a local service business located in Grand Boulevard in Sandestin. It is useful to know about when you need something practical while living in, staying in, or planning around Sandestin.

## What You'll Find

- A service-based business serving locals, visitors, or nearby property owners
- A location connected to Grand Boulevard
- A practical resource for errands, appointments, planning, or support
- A business to contact directly for current availability and details

## What People Like

People usually look for service businesses like Carr, Riggs & Ingram CPAs and Advisors when they need something specific and nearby. The value is in convenience, local access, and being able to solve a practical need without leaving the 30A area.

## What to Know

For service businesses, it is best to contact them directly before going. Hours, appointment requirements, pricing, and availability can vary, especially during busy visitor seasons.

## Why You'd Go Here

- You need a local service in or near Sandestin
- You are staying nearby and want something convenient
- You are comparing practical resources along 30A
- You want a business located close to Grand Boulevard

## Bottom Line

Carr, Riggs & Ingram CPAs and Advisors is a practical listing to keep in your Sandestin directory. It is most useful when you need local access and clear contact information."
CBRE,cbre,Sandestin,Grand Boulevard,services,"Find CBRE in Sandestin: category, contact info, website, location, and quick notes for WhereTo30A.","CBRE, Sandestin, Grand Boulevard, services, 30A","A service listing in Sandestin, located in Grand Boulevard.",850.527.3524,,https://grandboulevard.com/directory/,"If you're spending time in Grand Boulevard, Sandestin, CBRE is a local service worth knowing about. A service listing in Sandestin, located in Grand Boulevard. It fits naturally into a 30A day when you want something close by, easy to plan around, and tied to the feel of Sandestin.

## What It Is

CBRE is a local service business located in Grand Boulevard in Sandestin. It is useful to know about when you need something practical while living in, staying in, or planning around Sandestin.

## What You'll Find

- A service-based business serving locals, visitors, or nearby property owners
- A location connected to Grand Boulevard
- A practical resource for errands, appointments, planning, or support
- A business to contact directly for current availability and details

## What People Like

People usually look for service businesses like CBRE when they need something specific and nearby. The value is in convenience, local access, and being able to solve a practical need without leaving the 30A area.

## What to Know

For service businesses, it is best to contact them directly before going. Hours, appointment requirements, pricing, and availability can vary, especially during busy visitor seasons.

## Why You'd Go Here

- You need a local service in or near Sandestin
- You are staying nearby and want something convenient
- You are comparing practical resources along 30A
- You want a business located close to Grand Boulevard

## Bottom Line

CBRE is a practical listing to keep in your Sandestin directory. It is most useful when you need local access and clear contact information."
Chubbies,chubbies,Sandestin,Grand Boulevard,shopping,"Find Chubbies in Sandestin: category, contact info, website, location, and quick notes for WhereTo30A.","Chubbies, Sandestin, Grand Boulevard, shopping, 30A","A shopping listing in Sandestin, located in Grand Boulevard.",850.517.0899,,https://grandboulevard.com/directory/,"If you're spending time in Grand Boulevard, Sandestin, Chubbies is a shop worth knowing about. A shopping listing in Sandestin, located in Grand Boulevard. It fits naturally into a 30A day when you want something close by, easy to plan around, and tied to the feel of Sandestin.

## What It Is

Chubbies is a shopping stop located in Grand Boulevard in Sandestin. It is a good listing to know if you like browsing local boutiques, beach-town retail, home goods, apparel, gifts, or specialty finds while exploring Sandestin.

## What You'll Find

- Retail items that may include apparel, gifts, home goods, accessories, or specialty products
- A storefront in or near Grand Boulevard
- A browse-worthy stop between meals or beach plans
- A local shopping option to add to a 30A itinerary

## What People Like

People tend to like shops like Chubbies because they add character to a beach day. Instead of only planning around restaurants, this gives you somewhere to wander, browse, and find something that feels tied to the area.

## What to Know

Inventory, hours, and seasonal collections can change, so check the shop directly before making a special trip. Parking is easiest when you visit outside peak lunch and dinner windows, especially in busier town centers.

## Why You'd Go Here

- You want to browse local shops in Sandestin
- You are looking for gifts or vacation finds
- You need a break from the beach
- You are exploring Grand Boulevard on foot

## Bottom Line

Chubbies is a good shopping listing for anyone exploring Sandestin. It works well as part of a slower 30A day with time to wander."
Destin Cleaners,destin-cleaners,Sandestin,Grand Boulevard,services,"Find Destin Cleaners in Sandestin: category, contact info, website, location, and quick notes for WhereTo30A.","Destin Cleaners, Sandestin, Grand Boulevard, services, 30A","A service listing in Sandestin, located in Grand Boulevard.",850.837.2914,,https://grandboulevard.com/directory/,"If you're spending time in Grand Boulevard, Sandestin, Destin Cleaners is a local service worth knowing about. A service listing in Sandestin, located in Grand Boulevard. It fits naturally into a 30A day when you want something close by, easy to plan around, and tied to the feel of Sandestin.

## What It Is

Destin Cleaners is a local service business located in Grand Boulevard in Sandestin. It is useful to know about when you need something practical while living in, staying in, or planning around Sandestin.

## What You'll Find

- A service-based business serving locals, visitors, or nearby property owners
- A location connected to Grand Boulevard
- A practical resource for errands, appointments, planning, or support
- A business to contact directly for current availability and details

## What People Like

People usually look for service businesses like Destin Cleaners when they need something specific and nearby. The value is in convenience, local access, and being able to solve a practical need without leaving the 30A area.

## What to Know

For service businesses, it is best to contact them directly before going. Hours, appointment requirements, pricing, and availability can vary, especially during busy visitor seasons.

## Why You'd Go Here

- You need a local service in or near Sandestin
- You are staying nearby and want something convenient
- You are comparing practical resources along 30A
- You want a business located close to Grand Boulevard

## Bottom Line

Destin Cleaners is a practical listing to keep in your Sandestin directory. It is most useful when you need local access and clear contact information."
Drybar Grand Boulevard,drybar-grand-boulevard,Sandestin,Grand Boulevard,services,"Find Drybar Grand Boulevard in Sandestin: category, contact info, website, location, and quick notes for WhereTo30A.","Drybar Grand Boulevard, Sandestin, Grand Boulevard, services, 30A","A service listing in Sandestin, located in Grand Boulevard.",,,https://grandboulevard.com/directory/,"If you're spending time in Grand Boulevard, Sandestin, Drybar Grand Boulevard is a local service worth knowing about. A service listing in Sandestin, located in Grand Boulevard. It fits naturally into a 30A day when you want something close by, easy to plan around, and tied to the feel of Sandestin.

## What It Is

Drybar Grand Boulevard is a local service business located in Grand Boulevard in Sandestin. It is useful to know about when you need something practical while living in, staying in, or planning around Sandestin.

## What You'll Find

- A service-based business serving locals, visitors, or nearby property owners
- A location connected to Grand Boulevard
- A practical resource for errands, appointments, planning, or support
- A business to contact directly for current availability and details

## What People Like

People usually look for service businesses like Drybar Grand Boulevard when they need something specific and nearby. The value is in convenience, local access, and being able to solve a practical need without leaving the 30A area.

## What to Know

For service businesses, it is best to contact them directly before going. Hours, appointment requirements, pricing, and availability can vary, especially during busy visitor seasons.

## Why You'd Go Here

- You need a local service in or near Sandestin
- You are staying nearby and want something convenient
- You are comparing practical resources along 30A
- You want a business located close to Grand Boulevard

## Bottom Line

Drybar Grand Boulevard is a practical listing to keep in your Sandestin directory. It is most useful when you need local access and clear contact information."
Emerald Coast Chiropractic,emerald-coast-chiropractic,Sandestin,Grand Boulevard,services,"Find Emerald Coast Chiropractic in Sandestin: category, contact info, website, location, and quick notes for WhereTo30A.","Emerald Coast Chiropractic, Sandestin, Grand Boulevard, services, 30A","A service listing in Sandestin, located in Grand Boulevard.",850.654.1850,,https://grandboulevard.com/directory/,"If you're spending time in Grand Boulevard, Sandestin, Emerald Coast Chiropractic is a local service worth knowing about. A service listing in Sandestin, located in Grand Boulevard. It fits naturally into a 30A day when you want something close by, easy to plan around, and tied to the feel of Sandestin.

## What It Is

Emerald Coast Chiropractic is a local service business located in Grand Boulevard in Sandestin. It is useful to know about when you need something practical while living in, staying in, or planning around Sandestin.

## What You'll Find

- A service-based business serving locals, visitors, or nearby property owners
- A location connected to Grand Boulevard
- A practical resource for errands, appointments, planning, or support
- A business to contact directly for current availability and details

## What People Like

People usually look for service businesses like Emerald Coast Chiropractic when they need something specific and nearby. The value is in convenience, local access, and being able to solve a practical need without leaving the 30A area.

## What to Know

For service businesses, it is best to contact them directly before going. Hours, appointment requirements, pricing, and availability can vary, especially during busy visitor seasons.

## Why You'd Go Here

- You need a local service in or near Sandestin
- You are staying nearby and want something convenient
- You are comparing practical resources along 30A
- You want a business located close to Grand Boulevard

## Bottom Line

Emerald Coast Chiropractic is a practical listing to keep in your Sandestin directory. It is most useful when you need local access and clear contact information."
Emerald Coast Theatre Company,emerald-coast-theatre-company,Sandestin,Grand Boulevard,activity,"Find Emerald Coast Theatre Company in Sandestin: category, contact info, website, location, and quick notes for WhereTo30A.","Emerald Coast Theatre Company, Sandestin, Grand Boulevard, activity, 30A","A activity listing in Sandestin, located in Grand Boulevard.",850.684.0323,,https://grandboulevard.com/directory/,"If you're spending time in Grand Boulevard, Sandestin, Emerald Coast Theatre Company is a activity or experience worth knowing about. A activity listing in Sandestin, located in Grand Boulevard. It fits naturally into a 30A day when you want something close by, easy to plan around, and tied to the feel of Sandestin.

## What It Is

Emerald Coast Theatre Company is an activity or experience located in Grand Boulevard in Sandestin. It is a good option to consider when you want to do more than just sit on the beach and are looking for something to build into your Sandestin plans.

## What You'll Find

- An activity, attraction, rental, class, or experience depending on the business
- A location connected to Grand Boulevard
- A way to add structure to a beach day
- A good option for families, couples, groups, or visitors looking for something local

## What People Like

People tend to like activity-based stops like Emerald Coast Theatre Company because they make a 30A day feel more memorable. These are the kinds of places that help turn a simple beach trip into a fuller itinerary.

## What to Know

Book ahead if the activity depends on reservations, weather, equipment, or staffing. Availability can shift quickly during spring break, summer, and long weekends, so confirm details before you go.

## Why You'd Go Here

- You want something active to do in Sandestin
- You are planning a family or group outing
- You need a break from a full beach day
- You are building a more complete 30A itinerary

## Bottom Line

Emerald Coast Theatre Company is a useful activity listing for Sandestin. It is worth checking when you want your day to include something more planned or interactive."
"Emmanuel, Sheppard & Condon",emmanuel-sheppard-and-condon,Sandestin,Grand Boulevard,services,"Find Emmanuel, Sheppard & Condon in Sandestin: category, contact info, website, location, and quick notes for WhereTo30A.","Emmanuel, Sheppard & Condon, Sandestin, Grand Boulevard, services, 30A","A service listing in Sandestin, located in Grand Boulevard.",850.460.8000,,https://grandboulevard.com/directory/,"If you're spending time in Grand Boulevard, Sandestin, Emmanuel, Sheppard & Condon is a local service worth knowing about. A service listing in Sandestin, located in Grand Boulevard. It fits naturally into a 30A day when you want something close by, easy to plan around, and tied to the feel of Sandestin.

## What It Is

Emmanuel, Sheppard & Condon is a local service business located in Grand Boulevard in Sandestin. It is useful to know about when you need something practical while living in, staying in, or planning around Sandestin.

## What You'll Find

- A service-based business serving locals, visitors, or nearby property owners
- A location connected to Grand Boulevard
- A practical resource for errands, appointments, planning, or support
- A business to contact directly for current availability and details

## What People Like

People usually look for service businesses like Emmanuel, Sheppard & Condon when they need something specific and nearby. The value is in convenience, local access, and being able to solve a practical need without leaving the 30A area.

## What to Know

For service businesses, it is best to contact them directly before going. Hours, appointment requirements, pricing, and availability can vary, especially during busy visitor seasons.

## Why You'd Go Here

- You need a local service in or near Sandestin
- You are staying nearby and want something convenient
- You are comparing practical resources along 30A
- You want a business located close to Grand Boulevard

## Bottom Line

Emmanuel, Sheppard & Condon is a practical listing to keep in your Sandestin directory. It is most useful when you need local access and clear contact information."
Everkrisp,everkrisp,Sandestin,Grand Boulevard,restaurants,"Find Everkrisp in Sandestin: category, contact info, website, location, and quick notes for WhereTo30A.","Everkrisp, Sandestin, Grand Boulevard, restaurants, 30A","A restaurant listing in Sandestin, located in Grand Boulevard.",850.842.4504,,https://grandboulevard.com/directory/,"If you're spending time in Grand Boulevard, Sandestin, Everkrisp is a restaurant worth knowing about. A restaurant listing in Sandestin, located in Grand Boulevard. It fits naturally into a 30A day when you want something close by, easy to plan around, and tied to the feel of Sandestin.

## What It Is

Everkrisp is a restaurant located in Grand Boulevard in Sandestin. It is the kind of place to keep on your list when you are planning where to eat around Sandestin, whether you are coming from the beach, walking through the shopping area, or looking for an easy stop near where you are staying.

## What You'll Find

- Food and drink options for a casual 30A meal
- A convenient location in or near Grand Boulevard
- A good option to compare with other restaurants in Sandestin
- A stop that works well before or after beach time, shopping, or exploring nearby

## What People Like

People usually look for places like Everkrisp because they want an easy meal option that feels connected to the area instead of feeling random or out of the way. The biggest draw is the location, especially if you are already spending time around Grand Boulevard.

## What to Know

Check the current hours before you go, especially during slower seasons or on holiday weekends. Parking and crowds can vary a lot around Sandestin, so give yourself extra time if you are visiting during lunch, dinner, or peak vacation weeks.

## Why You'd Go Here

- You are looking for a meal near Grand Boulevard
- You want something convenient while exploring Sandestin
- You are building out a dining list for a beach trip
- You need a practical stop that does not require driving far

## Bottom Line

Everkrisp is a useful restaurant listing for anyone planning time in Sandestin. Add it to your WhereTo30A shortlist when convenience, location, and a clear sense of place matter."
Faherty Grand Boulevard,faherty-grand-boulevard,Sandestin,Grand Boulevard,shopping,"Find Faherty Grand Boulevard in Sandestin: category, contact info, website, location, and quick notes for WhereTo30A.","Faherty Grand Boulevard, Sandestin, Grand Boulevard, shopping, 30A","A shopping listing in Sandestin, located in Grand Boulevard.",,,https://grandboulevard.com/directory/,"If you're spending time in Grand Boulevard, Sandestin, Faherty Grand Boulevard is a shop worth knowing about. A shopping listing in Sandestin, located in Grand Boulevard. It fits naturally into a 30A day when you want something close by, easy to plan around, and tied to the feel of Sandestin.

## What It Is

Faherty Grand Boulevard is a shopping stop located in Grand Boulevard in Sandestin. It is a good listing to know if you like browsing local boutiques, beach-town retail, home goods, apparel, gifts, or specialty finds while exploring Sandestin.

## What You'll Find

- Retail items that may include apparel, gifts, home goods, accessories, or specialty products
- A storefront in or near Grand Boulevard
- A browse-worthy stop between meals or beach plans
- A local shopping option to add to a 30A itinerary

## What People Like

People tend to like shops like Faherty Grand Boulevard because they add character to a beach day. Instead of only planning around restaurants, this gives you somewhere to wander, browse, and find something that feels tied to the area.

## What to Know

Inventory, hours, and seasonal collections can change, so check the shop directly before making a special trip. Parking is easiest when you visit outside peak lunch and dinner windows, especially in busier town centers.

## Why You'd Go Here

- You want to browse local shops in Sandestin
- You are looking for gifts or vacation finds
- You need a break from the beach
- You are exploring Grand Boulevard on foot

## Bottom Line

Faherty Grand Boulevard is a good shopping listing for anyone exploring Sandestin. It works well as part of a slower 30A day with time to wander."
Fleming’s Prime Steakhouse & Wine Bar,flemings-prime-steakhouse-and-wine-bar,Sandestin,Grand Boulevard,restaurants,"Find Fleming’s Prime Steakhouse & Wine Bar in Sandestin: category, contact info, website, location, and quick notes for WhereTo30A.","Fleming’s Prime Steakhouse & Wine Bar, Sandestin, Grand Boulevard, restaurants, 30A","A restaurant listing in Sandestin, located in Grand Boulevard.",850.269.0830,,https://grandboulevard.com/directory/,"If you're spending time in Grand Boulevard, Sandestin, Fleming’s Prime Steakhouse & Wine Bar is a restaurant worth knowing about. A restaurant listing in Sandestin, located in Grand Boulevard. It fits naturally into a 30A day when you want something close by, easy to plan around, and tied to the feel of Sandestin.

## What It Is

Fleming’s Prime Steakhouse & Wine Bar is a restaurant located in Grand Boulevard in Sandestin. It is the kind of place to keep on your list when you are planning where to eat around Sandestin, whether you are coming from the beach, walking through the shopping area, or looking for an easy stop near where you are staying.

## What You'll Find

- Food and drink options for a casual 30A meal
- A convenient location in or near Grand Boulevard
- A good option to compare with other restaurants in Sandestin
- A stop that works well before or after beach time, shopping, or exploring nearby

## What People Like

People usually look for places like Fleming’s Prime Steakhouse & Wine Bar because they want an easy meal option that feels connected to the area instead of feeling random or out of the way. The biggest draw is the location, especially if you are already spending time around Grand Boulevard.

## What to Know

Check the current hours before you go, especially during slower seasons or on holiday weekends. Parking and crowds can vary a lot around Sandestin, so give yourself extra time if you are visiting during lunch, dinner, or peak vacation weeks.

## Why You'd Go Here

- You are looking for a meal near Grand Boulevard
- You want something convenient while exploring Sandestin
- You are building out a dining list for a beach trip
- You need a practical stop that does not require driving far

## Bottom Line

Fleming’s Prime Steakhouse & Wine Bar is a useful restaurant listing for anyone planning time in Sandestin. Add it to your WhereTo30A shortlist when convenience, location, and a clear sense of place matter."
Grand Fitness,grand-fitness,Sandestin,Grand Boulevard,activity,"Find Grand Fitness in Sandestin: category, contact info, website, location, and quick notes for WhereTo30A.","Grand Fitness, Sandestin, Grand Boulevard, activity, 30A","A activity listing in Sandestin, located in Grand Boulevard.",850.424.4301,,https://grandboulevard.com/directory/,"If you're spending time in Grand Boulevard, Sandestin, Grand Fitness is a activity or experience worth knowing about. A activity listing in Sandestin, located in Grand Boulevard. It fits naturally into a 30A day when you want something close by, easy to plan around, and tied to the feel of Sandestin.

## What It Is

Grand Fitness is an activity or experience located in Grand Boulevard in Sandestin. It is a good option to consider when you want to do more than just sit on the beach and are looking for something to build into your Sandestin plans.

## What You'll Find

- An activity, attraction, rental, class, or experience depending on the business
- A location connected to Grand Boulevard
- A way to add structure to a beach day
- A good option for families, couples, groups, or visitors looking for something local

## What People Like

People tend to like activity-based stops like Grand Fitness because they make a 30A day feel more memorable. These are the kinds of places that help turn a simple beach trip into a fuller itinerary.

## What to Know

Book ahead if the activity depends on reservations, weather, equipment, or staffing. Availability can shift quickly during spring break, summer, and long weekends, so confirm details before you go.

## Why You'd Go Here

- You want something active to do in Sandestin
- You are planning a family or group outing
- You need a break from a full beach day
- You are building a more complete 30A itinerary

## Bottom Line

Grand Fitness is a useful activity listing for Sandestin. It is worth checking when you want your day to include something more planned or interactive."
Grimaldi’s Coal Brick-Oven Pizza,grimaldis-coal-brick-oven-pizza,Sandestin,Grand Boulevard,restaurants,"Find Grimaldi’s Coal Brick-Oven Pizza in Sandestin: category, contact info, website, location, and quick notes for WhereTo30A.","Grimaldi’s Coal Brick-Oven Pizza, Sandestin, Grand Boulevard, restaurants, 30A","A restaurant listing in Sandestin, located in Grand Boulevard.",850.837.3095,,https://grandboulevard.com/directory/,"If you're spending time in Grand Boulevard, Sandestin, Grimaldi’s Coal Brick-Oven Pizza is a restaurant worth knowing about. A restaurant listing in Sandestin, located in Grand Boulevard. It fits naturally into a 30A day when you want something close by, easy to plan around, and tied to the feel of Sandestin.

## What It Is

Grimaldi’s Coal Brick-Oven Pizza is a restaurant located in Grand Boulevard in Sandestin. It is the kind of place to keep on your list when you are planning where to eat around Sandestin, whether you are coming from the beach, walking through the shopping area, or looking for an easy stop near where you are staying.

## What You'll Find

- Food and drink options for a casual 30A meal
- A convenient location in or near Grand Boulevard
- A good option to compare with other restaurants in Sandestin
- A stop that works well before or after beach time, shopping, or exploring nearby

## What People Like

People usually look for places like Grimaldi’s Coal Brick-Oven Pizza because they want an easy meal option that feels connected to the area instead of feeling random or out of the way. The biggest draw is the location, especially if you are already spending time around Grand Boulevard.

## What to Know

Check the current hours before you go, especially during slower seasons or on holiday weekends. Parking and crowds can vary a lot around Sandestin, so give yourself extra time if you are visiting during lunch, dinner, or peak vacation weeks.

## Why You'd Go Here

- You are looking for a meal near Grand Boulevard
- You want something convenient while exploring Sandestin
- You are building out a dining list for a beach trip
- You need a practical stop that does not require driving far

## Bottom Line

Grimaldi’s Coal Brick-Oven Pizza is a useful restaurant listing for anyone planning time in Sandestin. Add it to your WhereTo30A shortlist when convenience, location, and a clear sense of place matter."
Hemline Grand Boulevard,hemline-grand-boulevard,Sandestin,Grand Boulevard,shopping,"Find Hemline Grand Boulevard in Sandestin: category, contact info, website, location, and quick notes for WhereTo30A.","Hemline Grand Boulevard, Sandestin, Grand Boulevard, shopping, 30A","A shopping listing in Sandestin, located in Grand Boulevard.",850.608.6032,,https://grandboulevard.com/directory/,"If you're spending time in Grand Boulevard, Sandestin, Hemline Grand Boulevard is a shop worth knowing about. A shopping listing in Sandestin, located in Grand Boulevard. It fits naturally into a 30A day when you want something close by, easy to plan around, and tied to the feel of Sandestin.

## What It Is

Hemline Grand Boulevard is a shopping stop located in Grand Boulevard in Sandestin. It is a good listing to know if you like browsing local boutiques, beach-town retail, home goods, apparel, gifts, or specialty finds while exploring Sandestin.

## What You'll Find

- Retail items that may include apparel, gifts, home goods, accessories, or specialty products
- A storefront in or near Grand Boulevard
- A browse-worthy stop between meals or beach plans
- A local shopping option to add to a 30A itinerary

## What People Like

People tend to like shops like Hemline Grand Boulevard because they add character to a beach day. Instead of only planning around restaurants, this gives you somewhere to wander, browse, and find something that feels tied to the area.

## What to Know

Inventory, hours, and seasonal collections can change, so check the shop directly before making a special trip. Parking is easiest when you visit outside peak lunch and dinner windows, especially in busier town centers.

## Why You'd Go Here

- You want to browse local shops in Sandestin
- You are looking for gifts or vacation finds
- You need a break from the beach
- You are exploring Grand Boulevard on foot

## Bottom Line

Hemline Grand Boulevard is a good shopping listing for anyone exploring Sandestin. It works well as part of a slower 30A day with time to wander."
Hyatt Place Sandestin,hyatt-place-sandestin,Sandestin,Grand Boulevard,services,"Find Hyatt Place Sandestin in Sandestin: category, contact info, website, location, and quick notes for WhereTo30A.","Hyatt Place Sandestin, Sandestin, Grand Boulevard, services, 30A","A service listing in Sandestin, located in Grand Boulevard.",850.650.7611,,https://grandboulevard.com/directory/,"If you're spending time in Grand Boulevard, Sandestin, Hyatt Place Sandestin is a local service worth knowing about. A service listing in Sandestin, located in Grand Boulevard. It fits naturally into a 30A day when you want something close by, easy to plan around, and tied to the feel of Sandestin.

## What It Is

Hyatt Place Sandestin is a local service business located in Grand Boulevard in Sandestin. It is useful to know about when you need something practical while living in, staying in, or planning around Sandestin.

## What You'll Find

- A service-based business serving locals, visitors, or nearby property owners
- A location connected to Grand Boulevard
- A practical resource for errands, appointments, planning, or support
- A business to contact directly for current availability and details

## What People Like

People usually look for service businesses like Hyatt Place Sandestin when they need something specific and nearby. The value is in convenience, local access, and being able to solve a practical need without leaving the 30A area.

## What to Know

For service businesses, it is best to contact them directly before going. Hours, appointment requirements, pricing, and availability can vary, especially during busy visitor seasons.

## Why You'd Go Here

- You need a local service in or near Sandestin
- You are staying nearby and want something convenient
- You are comparing practical resources along 30A
- You want a business located close to Grand Boulevard

## Bottom Line

Hyatt Place Sandestin is a practical listing to keep in your Sandestin directory. It is most useful when you need local access and clear contact information."
J. Jill,j-jill,Sandestin,Grand Boulevard,shopping,"Find J. Jill in Sandestin: category, contact info, website, location, and quick notes for WhereTo30A.","J. Jill, Sandestin, Grand Boulevard, shopping, 30A","A shopping listing in Sandestin, located in Grand Boulevard.",850.650.0186,,https://grandboulevard.com/directory/,"If you're spending time in Grand Boulevard, Sandestin, J. Jill is a shop worth knowing about. A shopping listing in Sandestin, located in Grand Boulevard. It fits naturally into a 30A day when you want something close by, easy to plan around, and tied to the feel of Sandestin.

## What It Is

J. Jill is a shopping stop located in Grand Boulevard in Sandestin. It is a good listing to know if you like browsing local boutiques, beach-town retail, home goods, apparel, gifts, or specialty finds while exploring Sandestin.

## What You'll Find

- Retail items that may include apparel, gifts, home goods, accessories, or specialty products
- A storefront in or near Grand Boulevard
- A browse-worthy stop between meals or beach plans
- A local shopping option to add to a 30A itinerary

## What People Like

People tend to like shops like J. Jill because they add character to a beach day. Instead of only planning around restaurants, this gives you somewhere to wander, browse, and find something that feels tied to the area.

## What to Know

Inventory, hours, and seasonal collections can change, so check the shop directly before making a special trip. Parking is easiest when you visit outside peak lunch and dinner windows, especially in busier town centers.

## Why You'd Go Here

- You want to browse local shops in Sandestin
- You are looking for gifts or vacation finds
- You need a break from the beach
- You are exploring Grand Boulevard on foot

## Bottom Line

J. Jill is a good shopping listing for anyone exploring Sandestin. It works well as part of a slower 30A day with time to wander."
J.McLaughlin Grand Boulevard,j-mclaughlin-grand-boulevard,Sandestin,Grand Boulevard,shopping,"Find J.McLaughlin Grand Boulevard in Sandestin: category, contact info, website, location, and quick notes for WhereTo30A.","J.McLaughlin Grand Boulevard, Sandestin, Grand Boulevard, shopping, 30A","A shopping listing in Sandestin, located in Grand Boulevard.",850.424.3110,,https://grandboulevard.com/directory/,"If you're spending time in Grand Boulevard, Sandestin, J.McLaughlin Grand Boulevard is a shop worth knowing about. A shopping listing in Sandestin, located in Grand Boulevard. It fits naturally into a 30A day when you want something close by, easy to plan around, and tied to the feel of Sandestin.

## What It Is

J.McLaughlin Grand Boulevard is a shopping stop located in Grand Boulevard in Sandestin. It is a good listing to know if you like browsing local boutiques, beach-town retail, home goods, apparel, gifts, or specialty finds while exploring Sandestin.

## What You'll Find

- Retail items that may include apparel, gifts, home goods, accessories, or specialty products
- A storefront in or near Grand Boulevard
- A browse-worthy stop between meals or beach plans
- A local shopping option to add to a 30A itinerary

## What People Like

People tend to like shops like J.McLaughlin Grand Boulevard because they add character to a beach day. Instead of only planning around restaurants, this gives you somewhere to wander, browse, and find something that feels tied to the area.

## What to Know

Inventory, hours, and seasonal collections can change, so check the shop directly before making a special trip. Parking is easiest when you visit outside peak lunch and dinner windows, especially in busier town centers.

## Why You'd Go Here

- You want to browse local shops in Sandestin
- You are looking for gifts or vacation finds
- You need a break from the beach
- You are exploring Grand Boulevard on foot

## Bottom Line

J.McLaughlin Grand Boulevard is a good shopping listing for anyone exploring Sandestin. It works well as part of a slower 30A day with time to wander."
Jimmy John’s Grand Boulevard,jimmy-johns-grand-boulevard,Sandestin,Grand Boulevard,restaurants,"Find Jimmy John’s Grand Boulevard in Sandestin: category, contact info, website, location, and quick notes for WhereTo30A.","Jimmy John’s Grand Boulevard, Sandestin, Grand Boulevard, restaurants, 30A","A restaurant listing in Sandestin, located in Grand Boulevard.",850.460.8660,,https://grandboulevard.com/directory/,"If you're spending time in Grand Boulevard, Sandestin, Jimmy John’s Grand Boulevard is a restaurant worth knowing about. A restaurant listing in Sandestin, located in Grand Boulevard. It fits naturally into a 30A day when you want something close by, easy to plan around, and tied to the feel of Sandestin.

## What It Is

Jimmy John’s Grand Boulevard is a restaurant located in Grand Boulevard in Sandestin. It is the kind of place to keep on your list when you are planning where to eat around Sandestin, whether you are coming from the beach, walking through the shopping area, or looking for an easy stop near where you are staying.

## What You'll Find

- Food and drink options for a casual 30A meal
- A convenient location in or near Grand Boulevard
- A good option to compare with other restaurants in Sandestin
- A stop that works well before or after beach time, shopping, or exploring nearby

## What People Like

People usually look for places like Jimmy John’s Grand Boulevard because they want an easy meal option that feels connected to the area instead of feeling random or out of the way. The biggest draw is the location, especially if you are already spending time around Grand Boulevard.

## What to Know

Check the current hours before you go, especially during slower seasons or on holiday weekends. Parking and crowds can vary a lot around Sandestin, so give yourself extra time if you are visiting during lunch, dinner, or peak vacation weeks.

## Why You'd Go Here

- You are looking for a meal near Grand Boulevard
- You want something convenient while exploring Sandestin
- You are building out a dining list for a beach trip
- You need a practical stop that does not require driving far

## Bottom Line

Jimmy John’s Grand Boulevard is a useful restaurant listing for anyone planning time in Sandestin. Add it to your WhereTo30A shortlist when convenience, location, and a clear sense of place matter."
Johnnie-O Grand Boulevard,johnnie-o-grand-boulevard,Sandestin,Grand Boulevard,shopping,"Find Johnnie-O Grand Boulevard in Sandestin: category, contact info, website, location, and quick notes for WhereTo30A.","Johnnie-O Grand Boulevard, Sandestin, Grand Boulevard, shopping, 30A","A shopping listing in Sandestin, located in Grand Boulevard.",850.650.0036,,https://grandboulevard.com/directory/,"If you're spending time in Grand Boulevard, Sandestin, Johnnie-O Grand Boulevard is a shop worth knowing about. A shopping listing in Sandestin, located in Grand Boulevard. It fits naturally into a 30A day when you want something close by, easy to plan around, and tied to the feel of Sandestin.

## What It Is

Johnnie-O Grand Boulevard is a shopping stop located in Grand Boulevard in Sandestin. It is a good listing to know if you like browsing local boutiques, beach-town retail, home goods, apparel, gifts, or specialty finds while exploring Sandestin.

## What You'll Find

- Retail items that may include apparel, gifts, home goods, accessories, or specialty products
- A storefront in or near Grand Boulevard
- A browse-worthy stop between meals or beach plans
- A local shopping option to add to a 30A itinerary

## What People Like

People tend to like shops like Johnnie-O Grand Boulevard because they add character to a beach day. Instead of only planning around restaurants, this gives you somewhere to wander, browse, and find something that feels tied to the area.

## What to Know

Inventory, hours, and seasonal collections can change, so check the shop directly before making a special trip. Parking is easiest when you visit outside peak lunch and dinner windows, especially in busier town centers.

## Why You'd Go Here

- You want to browse local shops in Sandestin
- You are looking for gifts or vacation finds
- You need a break from the beach
- You are exploring Grand Boulevard on foot

## Bottom Line

Johnnie-O Grand Boulevard is a good shopping listing for anyone exploring Sandestin. It works well as part of a slower 30A day with time to wander."
Judd Jackson CPA,judd-jackson-cpa,Sandestin,Grand Boulevard,services,"Find Judd Jackson CPA in Sandestin: category, contact info, website, location, and quick notes for WhereTo30A.","Judd Jackson CPA, Sandestin, Grand Boulevard, services, 30A","A service listing in Sandestin, located in Grand Boulevard.",850.424.1711,,https://grandboulevard.com/directory/,"If you're spending time in Grand Boulevard, Sandestin, Judd Jackson CPA is a local service worth knowing about. A service listing in Sandestin, located in Grand Boulevard. It fits naturally into a 30A day when you want something close by, easy to plan around, and tied to the feel of Sandestin.

## What It Is

Judd Jackson CPA is a local service business located in Grand Boulevard in Sandestin. It is useful to know about when you need something practical while living in, staying in, or planning around Sandestin.

## What You'll Find

- A service-based business serving locals, visitors, or nearby property owners
- A location connected to Grand Boulevard
- A practical resource for errands, appointments, planning, or support
- A business to contact directly for current availability and details

## What People Like

People usually look for service businesses like Judd Jackson CPA when they need something specific and nearby. The value is in convenience, local access, and being able to solve a practical need without leaving the 30A area.

## What to Know

For service businesses, it is best to contact them directly before going. Hours, appointment requirements, pricing, and availability can vary, especially during busy visitor seasons.

## Why You'd Go Here

- You need a local service in or near Sandestin
- You are staying nearby and want something convenient
- You are comparing practical resources along 30A
- You want a business located close to Grand Boulevard

## Bottom Line

Judd Jackson CPA is a practical listing to keep in your Sandestin directory. It is most useful when you need local access and clear contact information."
Kendra Scott Grand Boulevard,kendra-scott-grand-boulevard,Sandestin,Grand Boulevard,shopping,"Find Kendra Scott Grand Boulevard in Sandestin: category, contact info, website, location, and quick notes for WhereTo30A.","Kendra Scott Grand Boulevard, Sandestin, Grand Boulevard, shopping, 30A","A shopping listing in Sandestin, located in Grand Boulevard.",850-204-5270,,https://grandboulevard.com/directory/,"If you're spending time in Grand Boulevard, Sandestin, Kendra Scott Grand Boulevard is a shop worth knowing about. A shopping listing in Sandestin, located in Grand Boulevard. It fits naturally into a 30A day when you want something close by, easy to plan around, and tied to the feel of Sandestin.

## What It Is

Kendra Scott Grand Boulevard is a shopping stop located in Grand Boulevard in Sandestin. It is a good listing to know if you like browsing local boutiques, beach-town retail, home goods, apparel, gifts, or specialty finds while exploring Sandestin.

## What You'll Find

- Retail items that may include apparel, gifts, home goods, accessories, or specialty products
- A storefront in or near Grand Boulevard
- A browse-worthy stop between meals or beach plans
- A local shopping option to add to a 30A itinerary

## What People Like

People tend to like shops like Kendra Scott Grand Boulevard because they add character to a beach day. Instead of only planning around restaurants, this gives you somewhere to wander, browse, and find something that feels tied to the area.

## What to Know

Inventory, hours, and seasonal collections can change, so check the shop directly before making a special trip. Parking is easiest when you visit outside peak lunch and dinner windows, especially in busier town centers.

## Why You'd Go Here

- You want to browse local shops in Sandestin
- You are looking for gifts or vacation finds
- You need a break from the beach
- You are exploring Grand Boulevard on foot

## Bottom Line

Kendra Scott Grand Boulevard is a good shopping listing for anyone exploring Sandestin. It works well as part of a slower 30A day with time to wander."
Kilwins Grand Boulevard,kilwins-grand-boulevard,Sandestin,Grand Boulevard,restaurants,"Find Kilwins Grand Boulevard in Sandestin: category, contact info, website, location, and quick notes for WhereTo30A.","Kilwins Grand Boulevard, Sandestin, Grand Boulevard, restaurants, 30A","A restaurant listing in Sandestin, located in Grand Boulevard.",850.837.9445,,https://grandboulevard.com/directory/,"If you're spending time in Grand Boulevard, Sandestin, Kilwins Grand Boulevard is a restaurant worth knowing about. A restaurant listing in Sandestin, located in Grand Boulevard. It fits naturally into a 30A day when you want something close by, easy to plan around, and tied to the feel of Sandestin.

## What It Is

Kilwins Grand Boulevard is a restaurant located in Grand Boulevard in Sandestin. It is the kind of place to keep on your list when you are planning where to eat around Sandestin, whether you are coming from the beach, walking through the shopping area, or looking for an easy stop near where you are staying.

## What You'll Find

- Food and drink options for a casual 30A meal
- A convenient location in or near Grand Boulevard
- A good option to compare with other restaurants in Sandestin
- A stop that works well before or after beach time, shopping, or exploring nearby

## What People Like

People usually look for places like Kilwins Grand Boulevard because they want an easy meal option that feels connected to the area instead of feeling random or out of the way. The biggest draw is the location, especially if you are already spending time around Grand Boulevard.

## What to Know

Check the current hours before you go, especially during slower seasons or on holiday weekends. Parking and crowds can vary a lot around Sandestin, so give yourself extra time if you are visiting during lunch, dinner, or peak vacation weeks.

## Why You'd Go Here

- You are looking for a meal near Grand Boulevard
- You want something convenient while exploring Sandestin
- You are building out a dining list for a beach trip
- You need a practical stop that does not require driving far

## Bottom Line

Kilwins Grand Boulevard is a useful restaurant listing for anyone planning time in Sandestin. Add it to your WhereTo30A shortlist when convenience, location, and a clear sense of place matter."
Krewe,krewe,Sandestin,Grand Boulevard,shopping,"Find Krewe in Sandestin: category, contact info, website, location, and quick notes for WhereTo30A.","Krewe, Sandestin, Grand Boulevard, shopping, 30A","A shopping listing in Sandestin, located in Grand Boulevard.",,,https://grandboulevard.com/directory/,"If you're spending time in Grand Boulevard, Sandestin, Krewe is a shop worth knowing about. A shopping listing in Sandestin, located in Grand Boulevard. It fits naturally into a 30A day when you want something close by, easy to plan around, and tied to the feel of Sandestin.

## What It Is

Krewe is a shopping stop located in Grand Boulevard in Sandestin. It is a good listing to know if you like browsing local boutiques, beach-town retail, home goods, apparel, gifts, or specialty finds while exploring Sandestin.

## What You'll Find

- Retail items that may include apparel, gifts, home goods, accessories, or specialty products
- A storefront in or near Grand Boulevard
- A browse-worthy stop between meals or beach plans
- A local shopping option to add to a 30A itinerary

## What People Like

People tend to like shops like Krewe because they add character to a beach day. Instead of only planning around restaurants, this gives you somewhere to wander, browse, and find something that feels tied to the area.

## What to Know

Inventory, hours, and seasonal collections can change, so check the shop directly before making a special trip. Parking is easiest when you visit outside peak lunch and dinner windows, especially in busier town centers.

## Why You'd Go Here

- You want to browse local shops in Sandestin
- You are looking for gifts or vacation finds
- You need a break from the beach
- You are exploring Grand Boulevard on foot

## Bottom Line

Krewe is a good shopping listing for anyone exploring Sandestin. It works well as part of a slower 30A day with time to wander."
La Luna Children’s Boutique,la-luna-childrens-boutique,Sandestin,Grand Boulevard,shopping,"Find La Luna Children’s Boutique in Sandestin: category, contact info, website, location, and quick notes for WhereTo30A.","La Luna Children’s Boutique, Sandestin, Grand Boulevard, shopping, 30A","A shopping listing in Sandestin, located in Grand Boulevard.",850.368.5654,,https://grandboulevard.com/directory/,"If you're spending time in Grand Boulevard, Sandestin, La Luna Children’s Boutique is a shop worth knowing about. A shopping listing in Sandestin, located in Grand Boulevard. It fits naturally into a 30A day when you want something close by, easy to plan around, and tied to the feel of Sandestin.

## What It Is

La Luna Children’s Boutique is a shopping stop located in Grand Boulevard in Sandestin. It is a good listing to know if you like browsing local boutiques, beach-town retail, home goods, apparel, gifts, or specialty finds while exploring Sandestin.

## What You'll Find

- Retail items that may include apparel, gifts, home goods, accessories, or specialty products
- A storefront in or near Grand Boulevard
- A browse-worthy stop between meals or beach plans
- A local shopping option to add to a 30A itinerary

## What People Like

People tend to like shops like La Luna Children’s Boutique because they add character to a beach day. Instead of only planning around restaurants, this gives you somewhere to wander, browse, and find something that feels tied to the area.

## What to Know

Inventory, hours, and seasonal collections can change, so check the shop directly before making a special trip. Parking is easiest when you visit outside peak lunch and dinner windows, especially in busier town centers.

## Why You'd Go Here

- You want to browse local shops in Sandestin
- You are looking for gifts or vacation finds
- You need a break from the beach
- You are exploring Grand Boulevard on foot

## Bottom Line

La Luna Children’s Boutique is a good shopping listing for anyone exploring Sandestin. It works well as part of a slower 30A day with time to wander."
Lee’s Spa & Nails,lees-spa-and-nails,Sandestin,Grand Boulevard,services,"Find Lee’s Spa & Nails in Sandestin: category, contact info, website, location, and quick notes for WhereTo30A.","Lee’s Spa & Nails, Sandestin, Grand Boulevard, services, 30A","A service listing in Sandestin, located in Grand Boulevard.",850.650.3590,,https://grandboulevard.com/directory/,"If you're spending time in Grand Boulevard, Sandestin, Lee’s Spa & Nails is a local service worth knowing about. A service listing in Sandestin, located in Grand Boulevard. It fits naturally into a 30A day when you want something close by, easy to plan around, and tied to the feel of Sandestin.

## What It Is

Lee’s Spa & Nails is a local service business located in Grand Boulevard in Sandestin. It is useful to know about when you need something practical while living in, staying in, or planning around Sandestin.

## What You'll Find

- A service-based business serving locals, visitors, or nearby property owners
- A location connected to Grand Boulevard
- A practical resource for errands, appointments, planning, or support
- A business to contact directly for current availability and details

## What People Like

People usually look for service businesses like Lee’s Spa & Nails when they need something specific and nearby. The value is in convenience, local access, and being able to solve a practical need without leaving the 30A area.

## What to Know

For service businesses, it is best to contact them directly before going. Hours, appointment requirements, pricing, and availability can vary, especially during busy visitor seasons.

## Why You'd Go Here

- You need a local service in or near Sandestin
- You are staying nearby and want something convenient
- You are comparing practical resources along 30A
- You want a business located close to Grand Boulevard

## Bottom Line

Lee’s Spa & Nails is a practical listing to keep in your Sandestin directory. It is most useful when you need local access and clear contact information."
Lilly Pulitzer,lilly-pulitzer,Sandestin,Grand Boulevard,shopping,"Find Lilly Pulitzer in Sandestin: category, contact info, website, location, and quick notes for WhereTo30A.","Lilly Pulitzer, Sandestin, Grand Boulevard, shopping, 30A","A shopping listing in Sandestin, located in Grand Boulevard.",850.650.2011,,https://grandboulevard.com/directory/,"If you're spending time in Grand Boulevard, Sandestin, Lilly Pulitzer is a shop worth knowing about. A shopping listing in Sandestin, located in Grand Boulevard. It fits naturally into a 30A day when you want something close by, easy to plan around, and tied to the feel of Sandestin.

## What It Is

Lilly Pulitzer is a shopping stop located in Grand Boulevard in Sandestin. It is a good listing to know if you like browsing local boutiques, beach-town retail, home goods, apparel, gifts, or specialty finds while exploring Sandestin.

## What You'll Find

- Retail items that may include apparel, gifts, home goods, accessories, or specialty products
- A storefront in or near Grand Boulevard
- A browse-worthy stop between meals or beach plans
- A local shopping option to add to a 30A itinerary

## What People Like

People tend to like shops like Lilly Pulitzer because they add character to a beach day. Instead of only planning around restaurants, this gives you somewhere to wander, browse, and find something that feels tied to the area.

## What to Know

Inventory, hours, and seasonal collections can change, so check the shop directly before making a special trip. Parking is easiest when you visit outside peak lunch and dinner windows, especially in busier town centers.

## Why You'd Go Here

- You want to browse local shops in Sandestin
- You are looking for gifts or vacation finds
- You need a break from the beach
- You are exploring Grand Boulevard on foot

## Bottom Line

Lilly Pulitzer is a good shopping listing for anyone exploring Sandestin. It works well as part of a slower 30A day with time to wander."
Lululemon Grand Boulevard,lululemon-grand-boulevard,Sandestin,Grand Boulevard,shopping,"Find Lululemon Grand Boulevard in Sandestin: category, contact info, website, location, and quick notes for WhereTo30A.","Lululemon Grand Boulevard, Sandestin, Grand Boulevard, shopping, 30A","A shopping listing in Sandestin, located in Grand Boulevard.",850.724.8859,,https://grandboulevard.com/directory/,"If you're spending time in Grand Boulevard, Sandestin, Lululemon Grand Boulevard is a shop worth knowing about. A shopping listing in Sandestin, located in Grand Boulevard. It fits naturally into a 30A day when you want something close by, easy to plan around, and tied to the feel of Sandestin.

## What It Is

Lululemon Grand Boulevard is a shopping stop located in Grand Boulevard in Sandestin. It is a good listing to know if you like browsing local boutiques, beach-town retail, home goods, apparel, gifts, or specialty finds while exploring Sandestin.

## What You'll Find

- Retail items that may include apparel, gifts, home goods, accessories, or specialty products
- A storefront in or near Grand Boulevard
- A browse-worthy stop between meals or beach plans
- A local shopping option to add to a 30A itinerary

## What People Like

People tend to like shops like Lululemon Grand Boulevard because they add character to a beach day. Instead of only planning around restaurants, this gives you somewhere to wander, browse, and find something that feels tied to the area.

## What to Know

Inventory, hours, and seasonal collections can change, so check the shop directly before making a special trip. Parking is easiest when you visit outside peak lunch and dinner windows, especially in busier town centers.

## Why You'd Go Here

- You want to browse local shops in Sandestin
- You are looking for gifts or vacation finds
- You need a break from the beach
- You are exploring Grand Boulevard on foot

## Bottom Line

Lululemon Grand Boulevard is a good shopping listing for anyone exploring Sandestin. It works well as part of a slower 30A day with time to wander."
My Vacation Haven,my-vacation-haven,Sandestin,Grand Boulevard,services,"Find My Vacation Haven in Sandestin: category, contact info, website, location, and quick notes for WhereTo30A.","My Vacation Haven, Sandestin, Grand Boulevard, services, 30A","A service listing in Sandestin, located in Grand Boulevard.",850.608.6078,,https://grandboulevard.com/directory/,"If you're spending time in Grand Boulevard, Sandestin, My Vacation Haven is a local service worth knowing about. A service listing in Sandestin, located in Grand Boulevard. It fits naturally into a 30A day when you want something close by, easy to plan around, and tied to the feel of Sandestin.

## What It Is

My Vacation Haven is a local service business located in Grand Boulevard in Sandestin. It is useful to know about when you need something practical while living in, staying in, or planning around Sandestin.

## What You'll Find

- A service-based business serving locals, visitors, or nearby property owners
- A location connected to Grand Boulevard
- A practical resource for errands, appointments, planning, or support
- A business to contact directly for current availability and details

## What People Like

People usually look for service businesses like My Vacation Haven when they need something specific and nearby. The value is in convenience, local access, and being able to solve a practical need without leaving the 30A area.

## What to Know

For service businesses, it is best to contact them directly before going. Hours, appointment requirements, pricing, and availability can vary, especially during busy visitor seasons.

## Why You'd Go Here

- You need a local service in or near Sandestin
- You are staying nearby and want something convenient
- You are comparing practical resources along 30A
- You want a business located close to Grand Boulevard

## Bottom Line

My Vacation Haven is a practical listing to keep in your Sandestin directory. It is most useful when you need local access and clear contact information."
NuWell Medicine,nuwell-medicine,Sandestin,Grand Boulevard,services,"Find NuWell Medicine in Sandestin: category, contact info, website, location, and quick notes for WhereTo30A.","NuWell Medicine, Sandestin, Grand Boulevard, services, 30A","A service listing in Sandestin, located in Grand Boulevard.",850.963.0020,,https://grandboulevard.com/directory/,"If you're spending time in Grand Boulevard, Sandestin, NuWell Medicine is a local service worth knowing about. A service listing in Sandestin, located in Grand Boulevard. It fits naturally into a 30A day when you want something close by, easy to plan around, and tied to the feel of Sandestin.

## What It Is

NuWell Medicine is a local service business located in Grand Boulevard in Sandestin. It is useful to know about when you need something practical while living in, staying in, or planning around Sandestin.

## What You'll Find

- A service-based business serving locals, visitors, or nearby property owners
- A location connected to Grand Boulevard
- A practical resource for errands, appointments, planning, or support
- A business to contact directly for current availability and details

## What People Like

People usually look for service businesses like NuWell Medicine when they need something specific and nearby. The value is in convenience, local access, and being able to solve a practical need without leaving the 30A area.

## What to Know

For service businesses, it is best to contact them directly before going. Hours, appointment requirements, pricing, and availability can vary, especially during busy visitor seasons.

## Why You'd Go Here

- You need a local service in or near Sandestin
- You are staying nearby and want something convenient
- You are comparing practical resources along 30A
- You want a business located close to Grand Boulevard

## Bottom Line

NuWell Medicine is a practical listing to keep in your Sandestin directory. It is most useful when you need local access and clear contact information."
Ohana Day School Grand Boulevard,ohana-day-school-grand-boulevard,Sandestin,Grand Boulevard,services,"Find Ohana Day School Grand Boulevard in Sandestin: category, contact info, website, location, and quick notes for WhereTo30A.","Ohana Day School Grand Boulevard, Sandestin, Grand Boulevard, services, 30A","A service listing in Sandestin, located in Grand Boulevard.",850.608.2081,,https://grandboulevard.com/directory/,"If you're spending time in Grand Boulevard, Sandestin, Ohana Day School Grand Boulevard is a local service worth knowing about. A service listing in Sandestin, located in Grand Boulevard. It fits naturally into a 30A day when you want something close by, easy to plan around, and tied to the feel of Sandestin.

## What It Is

Ohana Day School Grand Boulevard is a local service business located in Grand Boulevard in Sandestin. It is useful to know about when you need something practical while living in, staying in, or planning around Sandestin.

## What You'll Find

- A service-based business serving locals, visitors, or nearby property owners
- A location connected to Grand Boulevard
- A practical resource for errands, appointments, planning, or support
- A business to contact directly for current availability and details

## What People Like

People usually look for service businesses like Ohana Day School Grand Boulevard when they need something specific and nearby. The value is in convenience, local access, and being able to solve a practical need without leaving the 30A area.

## What to Know

For service businesses, it is best to contact them directly before going. Hours, appointment requirements, pricing, and availability can vary, especially during busy visitor seasons.

## Why You'd Go Here

- You need a local service in or near Sandestin
- You are staying nearby and want something convenient
- You are comparing practical resources along 30A
- You want a business located close to Grand Boulevard

## Bottom Line

Ohana Day School Grand Boulevard is a practical listing to keep in your Sandestin directory. It is most useful when you need local access and clear contact information."
Ophelia,ophelia,Sandestin,Grand Boulevard,shopping,"Find Ophelia in Sandestin: category, contact info, website, location, and quick notes for WhereTo30A.","Ophelia, Sandestin, Grand Boulevard, shopping, 30A","A shopping listing in Sandestin, located in Grand Boulevard.",850.842.4865,,https://grandboulevard.com/directory/,"If you're spending time in Grand Boulevard, Sandestin, Ophelia is a shop worth knowing about. A shopping listing in Sandestin, located in Grand Boulevard. It fits naturally into a 30A day when you want something close by, easy to plan around, and tied to the feel of Sandestin.

## What It Is

Ophelia is a shopping stop located in Grand Boulevard in Sandestin. It is a good listing to know if you like browsing local boutiques, beach-town retail, home goods, apparel, gifts, or specialty finds while exploring Sandestin.

## What You'll Find

- Retail items that may include apparel, gifts, home goods, accessories, or specialty products
- A storefront in or near Grand Boulevard
- A browse-worthy stop between meals or beach plans
- A local shopping option to add to a 30A itinerary

## What People Like

People tend to like shops like Ophelia because they add character to a beach day. Instead of only planning around restaurants, this gives you somewhere to wander, browse, and find something that feels tied to the area.

## What to Know

Inventory, hours, and seasonal collections can change, so check the shop directly before making a special trip. Parking is easiest when you visit outside peak lunch and dinner windows, especially in busier town centers.

## Why You'd Go Here

- You want to browse local shops in Sandestin
- You are looking for gifts or vacation finds
- You need a break from the beach
- You are exploring Grand Boulevard on foot

## Bottom Line

Ophelia is a good shopping listing for anyone exploring Sandestin. It works well as part of a slower 30A day with time to wander."
P.F. Chang’s China Bistro,p-f-changs-china-bistro,Sandestin,Grand Boulevard,restaurants,"Find P.F. Chang’s China Bistro in Sandestin: category, contact info, website, location, and quick notes for WhereTo30A.","P.F. Chang’s China Bistro, Sandestin, Grand Boulevard, restaurants, 30A","A restaurant listing in Sandestin, located in Grand Boulevard.",850.269.1806,,https://grandboulevard.com/directory/,"If you're spending time in Grand Boulevard, Sandestin, P.F. Chang’s China Bistro is a restaurant worth knowing about. A restaurant listing in Sandestin, located in Grand Boulevard. It fits naturally into a 30A day when you want something close by, easy to plan around, and tied to the feel of Sandestin.

## What It Is

P.F. Chang’s China Bistro is a restaurant located in Grand Boulevard in Sandestin. It is the kind of place to keep on your list when you are planning where to eat around Sandestin, whether you are coming from the beach, walking through the shopping area, or looking for an easy stop near where you are staying.

## What You'll Find

- Food and drink options for a casual 30A meal
- A convenient location in or near Grand Boulevard
- A good option to compare with other restaurants in Sandestin
- A stop that works well before or after beach time, shopping, or exploring nearby

## What People Like

People usually look for places like P.F. Chang’s China Bistro because they want an easy meal option that feels connected to the area instead of feeling random or out of the way. The biggest draw is the location, especially if you are already spending time around Grand Boulevard.

## What to Know

Check the current hours before you go, especially during slower seasons or on holiday weekends. Parking and crowds can vary a lot around Sandestin, so give yourself extra time if you are visiting during lunch, dinner, or peak vacation weeks.

## Why You'd Go Here

- You are looking for a meal near Grand Boulevard
- You want something convenient while exploring Sandestin
- You are building out a dining list for a beach trip
- You need a practical stop that does not require driving far

## Bottom Line

P.F. Chang’s China Bistro is a useful restaurant listing for anyone planning time in Sandestin. Add it to your WhereTo30A shortlist when convenience, location, and a clear sense of place matter."
Perla Baking Co.,perla-baking-co,Sandestin,Grand Boulevard,coffee shops,"Find Perla Baking Co. in Sandestin: category, contact info, website, location, and quick notes for WhereTo30A.","Perla Baking Co., Sandestin, Grand Boulevard, coffee shops, 30A","A coffee shop listing in Sandestin, located in Grand Boulevard.",850-213-2093,,https://grandboulevard.com/directory/,"If you're spending time in Grand Boulevard, Sandestin, Perla Baking Co. is a coffee shop worth knowing about. A coffee shop listing in Sandestin, located in Grand Boulevard. It fits naturally into a 30A day when you want something close by, easy to plan around, and tied to the feel of Sandestin.

## What It Is

Perla Baking Co. is a coffee shop located in Grand Boulevard in Sandestin. It is a good one to know when you want a morning stop, an afternoon pick-me-up, or a place to anchor a walk through Sandestin.

## What You'll Find

- Coffee, tea, or casual drinks depending on the shop
- A convenient stop near Grand Boulevard
- A place to begin the morning before the beach or shopping
- A low-key break during a longer 30A day

## What People Like

People tend to like coffee stops like Perla Baking Co. because they make a day in Sandestin feel easier. It gives you a natural starting point, especially if you are walking, biking, or meeting someone nearby.

## What to Know

Morning hours are usually the safest bet for coffee shops, but always confirm the current schedule before making a special trip. Lines can build during spring break, summer, and holiday weekends, so earlier is usually better.

## Why You'd Go Here

- You want coffee before heading to the beach
- You are meeting someone in Sandestin
- You need an easy stop while exploring Grand Boulevard
- You are creating a morning itinerary along 30A

## Bottom Line

Perla Baking Co. is a helpful coffee shop to keep on your Sandestin list. It works best as a simple morning stop or an easy pause while exploring nearby."
Peter Millar,peter-millar,Sandestin,Grand Boulevard,shopping,"Find Peter Millar in Sandestin: category, contact info, website, location, and quick notes for WhereTo30A.","Peter Millar, Sandestin, Grand Boulevard, shopping, 30A","A shopping listing in Sandestin, located in Grand Boulevard.",850.837.2004,,https://grandboulevard.com/directory/,"If you're spending time in Grand Boulevard, Sandestin, Peter Millar is a shop worth knowing about. A shopping listing in Sandestin, located in Grand Boulevard. It fits naturally into a 30A day when you want something close by, easy to plan around, and tied to the feel of Sandestin.

## What It Is

Peter Millar is a shopping stop located in Grand Boulevard in Sandestin. It is a good listing to know if you like browsing local boutiques, beach-town retail, home goods, apparel, gifts, or specialty finds while exploring Sandestin.

## What You'll Find

- Retail items that may include apparel, gifts, home goods, accessories, or specialty products
- A storefront in or near Grand Boulevard
- A browse-worthy stop between meals or beach plans
- A local shopping option to add to a 30A itinerary

## What People Like

People tend to like shops like Peter Millar because they add character to a beach day. Instead of only planning around restaurants, this gives you somewhere to wander, browse, and find something that feels tied to the area.

## What to Know

Inventory, hours, and seasonal collections can change, so check the shop directly before making a special trip. Parking is easiest when you visit outside peak lunch and dinner windows, especially in busier town centers.

## Why You'd Go Here

- You want to browse local shops in Sandestin
- You are looking for gifts or vacation finds
- You need a break from the beach
- You are exploring Grand Boulevard on foot

## Bottom Line

Peter Millar is a good shopping listing for anyone exploring Sandestin. It works well as part of a slower 30A day with time to wander."
Phelps Dunbar LLP,phelps-dunbar-llp,Sandestin,Grand Boulevard,services,"Find Phelps Dunbar LLP in Sandestin: category, contact info, website, location, and quick notes for WhereTo30A.","Phelps Dunbar LLP, Sandestin, Grand Boulevard, services, 30A","A service listing in Sandestin, located in Grand Boulevard.",850-650-4747,,https://grandboulevard.com/directory/,"If you're spending time in Grand Boulevard, Sandestin, Phelps Dunbar LLP is a local service worth knowing about. A service listing in Sandestin, located in Grand Boulevard. It fits naturally into a 30A day when you want something close by, easy to plan around, and tied to the feel of Sandestin.

## What It Is

Phelps Dunbar LLP is a local service business located in Grand Boulevard in Sandestin. It is useful to know about when you need something practical while living in, staying in, or planning around Sandestin.

## What You'll Find

- A service-based business serving locals, visitors, or nearby property owners
- A location connected to Grand Boulevard
- A practical resource for errands, appointments, planning, or support
- A business to contact directly for current availability and details

## What People Like

People usually look for service businesses like Phelps Dunbar LLP when they need something specific and nearby. The value is in convenience, local access, and being able to solve a practical need without leaving the 30A area.

## What to Know

For service businesses, it is best to contact them directly before going. Hours, appointment requirements, pricing, and availability can vary, especially during busy visitor seasons.

## Why You'd Go Here

- You need a local service in or near Sandestin
- You are staying nearby and want something convenient
- You are comparing practical resources along 30A
- You want a business located close to Grand Boulevard

## Bottom Line

Phelps Dunbar LLP is a practical listing to keep in your Sandestin directory. It is most useful when you need local access and clear contact information."
Pottery Barn,pottery-barn,Sandestin,Grand Boulevard,shopping,"Find Pottery Barn in Sandestin: category, contact info, website, location, and quick notes for WhereTo30A.","Pottery Barn, Sandestin, Grand Boulevard, shopping, 30A","A shopping listing in Sandestin, located in Grand Boulevard.",850.650.2319,,https://grandboulevard.com/directory/,"If you're spending time in Grand Boulevard, Sandestin, Pottery Barn is a shop worth knowing about. A shopping listing in Sandestin, located in Grand Boulevard. It fits naturally into a 30A day when you want something close by, easy to plan around, and tied to the feel of Sandestin.

## What It Is

Pottery Barn is a shopping stop located in Grand Boulevard in Sandestin. It is a good listing to know if you like browsing local boutiques, beach-town retail, home goods, apparel, gifts, or specialty finds while exploring Sandestin.

## What You'll Find

- Retail items that may include apparel, gifts, home goods, accessories, or specialty products
- A storefront in or near Grand Boulevard
- A browse-worthy stop between meals or beach plans
- A local shopping option to add to a 30A itinerary

## What People Like

People tend to like shops like Pottery Barn because they add character to a beach day. Instead of only planning around restaurants, this gives you somewhere to wander, browse, and find something that feels tied to the area.

## What to Know

Inventory, hours, and seasonal collections can change, so check the shop directly before making a special trip. Parking is easiest when you visit outside peak lunch and dinner windows, especially in busier town centers.

## Why You'd Go Here

- You want to browse local shops in Sandestin
- You are looking for gifts or vacation finds
- You need a break from the beach
- You are exploring Grand Boulevard on foot

## Bottom Line

Pottery Barn is a good shopping listing for anyone exploring Sandestin. It works well as part of a slower 30A day with time to wander."
Publix Grand Boulevard,publix-grand-boulevard,Sandestin,Grand Boulevard,shopping,"Find Publix Grand Boulevard in Sandestin: category, contact info, website, location, and quick notes for WhereTo30A.","Publix Grand Boulevard, Sandestin, Grand Boulevard, shopping, 30A","A shopping listing in Sandestin, located in Grand Boulevard.",850.622.2326,,https://grandboulevard.com/directory/,"If you're spending time in Grand Boulevard, Sandestin, Publix Grand Boulevard is a shop worth knowing about. A shopping listing in Sandestin, located in Grand Boulevard. It fits naturally into a 30A day when you want something close by, easy to plan around, and tied to the feel of Sandestin.

## What It Is

Publix Grand Boulevard is a shopping stop located in Grand Boulevard in Sandestin. It is a good listing to know if you like browsing local boutiques, beach-town retail, home goods, apparel, gifts, or specialty finds while exploring Sandestin.

## What You'll Find

- Retail items that may include apparel, gifts, home goods, accessories, or specialty products
- A storefront in or near Grand Boulevard
- A browse-worthy stop between meals or beach plans
- A local shopping option to add to a 30A itinerary

## What People Like

People tend to like shops like Publix Grand Boulevard because they add character to a beach day. Instead of only planning around restaurants, this gives you somewhere to wander, browse, and find something that feels tied to the area.

## What to Know

Inventory, hours, and seasonal collections can change, so check the shop directly before making a special trip. Parking is easiest when you visit outside peak lunch and dinner windows, especially in busier town centers.

## Why You'd Go Here

- You want to browse local shops in Sandestin
- You are looking for gifts or vacation finds
- You need a break from the beach
- You are exploring Grand Boulevard on foot

## Bottom Line

Publix Grand Boulevard is a good shopping listing for anyone exploring Sandestin. It works well as part of a slower 30A day with time to wander."
Pure Collective Salon,pure-collective-salon,Sandestin,Grand Boulevard,services,"Find Pure Collective Salon in Sandestin: category, contact info, website, location, and quick notes for WhereTo30A.","Pure Collective Salon, Sandestin, Grand Boulevard, services, 30A","A service listing in Sandestin, located in Grand Boulevard.",850-460-4965,,https://grandboulevard.com/directory/,"If you're spending time in Grand Boulevard, Sandestin, Pure Collective Salon is a local service worth knowing about. A service listing in Sandestin, located in Grand Boulevard. It fits naturally into a 30A day when you want something close by, easy to plan around, and tied to the feel of Sandestin.

## What It Is

Pure Collective Salon is a local service business located in Grand Boulevard in Sandestin. It is useful to know about when you need something practical while living in, staying in, or planning around Sandestin.

## What You'll Find

- A service-based business serving locals, visitors, or nearby property owners
- A location connected to Grand Boulevard
- A practical resource for errands, appointments, planning, or support
- A business to contact directly for current availability and details

## What People Like

People usually look for service businesses like Pure Collective Salon when they need something specific and nearby. The value is in convenience, local access, and being able to solve a practical need without leaving the 30A area.

## What to Know

For service businesses, it is best to contact them directly before going. Hours, appointment requirements, pricing, and availability can vary, especially during busy visitor seasons.

## Why You'd Go Here

- You need a local service in or near Sandestin
- You are staying nearby and want something convenient
- You are comparing practical resources along 30A
- You want a business located close to Grand Boulevard

## Bottom Line

Pure Collective Salon is a practical listing to keep in your Sandestin directory. It is most useful when you need local access and clear contact information."
Regions Bank Grand Boulevard,regions-bank-grand-boulevard,Sandestin,Grand Boulevard,services,"Find Regions Bank Grand Boulevard in Sandestin: category, contact info, website, location, and quick notes for WhereTo30A.","Regions Bank Grand Boulevard, Sandestin, Grand Boulevard, services, 30A","A service listing in Sandestin, located in Grand Boulevard.",850.502.2282,,https://grandboulevard.com/directory/,"If you're spending time in Grand Boulevard, Sandestin, Regions Bank Grand Boulevard is a local service worth knowing about. A service listing in Sandestin, located in Grand Boulevard. It fits naturally into a 30A day when you want something close by, easy to plan around, and tied to the feel of Sandestin.

## What It Is

Regions Bank Grand Boulevard is a local service business located in Grand Boulevard in Sandestin. It is useful to know about when you need something practical while living in, staying in, or planning around Sandestin.

## What You'll Find

- A service-based business serving locals, visitors, or nearby property owners
- A location connected to Grand Boulevard
- A practical resource for errands, appointments, planning, or support
- A business to contact directly for current availability and details

## What People Like

People usually look for service businesses like Regions Bank Grand Boulevard when they need something specific and nearby. The value is in convenience, local access, and being able to solve a practical need without leaving the 30A area.

## What to Know

For service businesses, it is best to contact them directly before going. Hours, appointment requirements, pricing, and availability can vary, especially during busy visitor seasons.

## Why You'd Go Here

- You need a local service in or near Sandestin
- You are staying nearby and want something convenient
- You are comparing practical resources along 30A
- You want a business located close to Grand Boulevard

## Bottom Line

Regions Bank Grand Boulevard is a practical listing to keep in your Sandestin directory. It is most useful when you need local access and clear contact information."
Residence Inn by Marriott Sandestin,residence-inn-by-marriott-sandestin,Sandestin,Grand Boulevard,services,"Find Residence Inn by Marriott Sandestin in Sandestin: category, contact info, website, location, and quick notes for WhereTo30A.","Residence Inn by Marriott Sandestin, Sandestin, Grand Boulevard, services, 30A","A service listing in Sandestin, located in Grand Boulevard.",850.650.7811,,https://grandboulevard.com/directory/,"If you're spending time in Grand Boulevard, Sandestin, Residence Inn by Marriott Sandestin is a local service worth knowing about. A service listing in Sandestin, located in Grand Boulevard. It fits naturally into a 30A day when you want something close by, easy to plan around, and tied to the feel of Sandestin.

## What It Is

Residence Inn by Marriott Sandestin is a local service business located in Grand Boulevard in Sandestin. It is useful to know about when you need something practical while living in, staying in, or planning around Sandestin.

## What You'll Find

- A service-based business serving locals, visitors, or nearby property owners
- A location connected to Grand Boulevard
- A practical resource for errands, appointments, planning, or support
- A business to contact directly for current availability and details

## What People Like

People usually look for service businesses like Residence Inn by Marriott Sandestin when they need something specific and nearby. The value is in convenience, local access, and being able to solve a practical need without leaving the 30A area.

## What to Know

For service businesses, it is best to contact them directly before going. Hours, appointment requirements, pricing, and availability can vary, especially during busy visitor seasons.

## Why You'd Go Here

- You need a local service in or near Sandestin
- You are staying nearby and want something convenient
- You are comparing practical resources along 30A
- You want a business located close to Grand Boulevard

## Bottom Line

Residence Inn by Marriott Sandestin is a practical listing to keep in your Sandestin directory. It is most useful when you need local access and clear contact information."
Rose & Co,rose-and-co,Sandestin,Grand Boulevard,shopping,"Find Rose & Co in Sandestin: category, contact info, website, location, and quick notes for WhereTo30A.","Rose & Co, Sandestin, Grand Boulevard, shopping, 30A","A shopping listing in Sandestin, located in Grand Boulevard.",850.650.0106,,https://grandboulevard.com/directory/,"If you're spending time in Grand Boulevard, Sandestin, Rose & Co is a shop worth knowing about. A shopping listing in Sandestin, located in Grand Boulevard. It fits naturally into a 30A day when you want something close by, easy to plan around, and tied to the feel of Sandestin.

## What It Is

Rose & Co is a shopping stop located in Grand Boulevard in Sandestin. It is a good listing to know if you like browsing local boutiques, beach-town retail, home goods, apparel, gifts, or specialty finds while exploring Sandestin.

## What You'll Find

- Retail items that may include apparel, gifts, home goods, accessories, or specialty products
- A storefront in or near Grand Boulevard
- A browse-worthy stop between meals or beach plans
- A local shopping option to add to a 30A itinerary

## What People Like

People tend to like shops like Rose & Co because they add character to a beach day. Instead of only planning around restaurants, this gives you somewhere to wander, browse, and find something that feels tied to the area.

## What to Know

Inventory, hours, and seasonal collections can change, so check the shop directly before making a special trip. Parking is easiest when you visit outside peak lunch and dinner windows, especially in busier town centers.

## Why You'd Go Here

- You want to browse local shops in Sandestin
- You are looking for gifts or vacation finds
- You need a break from the beach
- You are exploring Grand Boulevard on foot

## Bottom Line

Rose & Co is a good shopping listing for anyone exploring Sandestin. It works well as part of a slower 30A day with time to wander."
Russell & Russell Consulting,russell-and-russell-consulting,Sandestin,Grand Boulevard,services,"Find Russell & Russell Consulting in Sandestin: category, contact info, website, location, and quick notes for WhereTo30A.","Russell & Russell Consulting, Sandestin, Grand Boulevard, services, 30A","A service listing in Sandestin, located in Grand Boulevard.",202.288.0505,,https://grandboulevard.com/directory/,"If you're spending time in Grand Boulevard, Sandestin, Russell & Russell Consulting is a local service worth knowing about. A service listing in Sandestin, located in Grand Boulevard. It fits naturally into a 30A day when you want something close by, easy to plan around, and tied to the feel of Sandestin.

## What It Is

Russell & Russell Consulting is a local service business located in Grand Boulevard in Sandestin. It is useful to know about when you need something practical while living in, staying in, or planning around Sandestin.

## What You'll Find

- A service-based business serving locals, visitors, or nearby property owners
- A location connected to Grand Boulevard
- A practical resource for errands, appointments, planning, or support
- A business to contact directly for current availability and details

## What People Like

People usually look for service businesses like Russell & Russell Consulting when they need something specific and nearby. The value is in convenience, local access, and being able to solve a practical need without leaving the 30A area.

## What to Know

For service businesses, it is best to contact them directly before going. Hours, appointment requirements, pricing, and availability can vary, especially during busy visitor seasons.

## Why You'd Go Here

- You need a local service in or near Sandestin
- You are staying nearby and want something convenient
- You are comparing practical resources along 30A
- You want a business located close to Grand Boulevard

## Bottom Line

Russell & Russell Consulting is a practical listing to keep in your Sandestin directory. It is most useful when you need local access and clear contact information."
Sandestin Owners Association,sandestin-owners-association,Sandestin,Grand Boulevard,services,"Find Sandestin Owners Association in Sandestin: category, contact info, website, location, and quick notes for WhereTo30A.","Sandestin Owners Association, Sandestin, Grand Boulevard, services, 30A","A service listing in Sandestin, located in Grand Boulevard.",850.424.5950,,https://grandboulevard.com/directory/,"If you're spending time in Grand Boulevard, Sandestin, Sandestin Owners Association is a local service worth knowing about. A service listing in Sandestin, located in Grand Boulevard. It fits naturally into a 30A day when you want something close by, easy to plan around, and tied to the feel of Sandestin.

## What It Is

Sandestin Owners Association is a local service business located in Grand Boulevard in Sandestin. It is useful to know about when you need something practical while living in, staying in, or planning around Sandestin.

## What You'll Find

- A service-based business serving locals, visitors, or nearby property owners
- A location connected to Grand Boulevard
- A practical resource for errands, appointments, planning, or support
- A business to contact directly for current availability and details

## What People Like

People usually look for service businesses like Sandestin Owners Association when they need something specific and nearby. The value is in convenience, local access, and being able to solve a practical need without leaving the 30A area.

## What to Know

For service businesses, it is best to contact them directly before going. Hours, appointment requirements, pricing, and availability can vary, especially during busy visitor seasons.

## Why You'd Go Here

- You need a local service in or near Sandestin
- You are staying nearby and want something convenient
- You are comparing practical resources along 30A
- You want a business located close to Grand Boulevard

## Bottom Line

Sandestin Owners Association is a practical listing to keep in your Sandestin directory. It is most useful when you need local access and clear contact information."
Shades Bar & Grill Grand Boulevard,shades-bar-and-grill-grand-boulevard,Sandestin,Grand Boulevard,restaurants,"Find Shades Bar & Grill Grand Boulevard in Sandestin: category, contact info, website, location, and quick notes for WhereTo30A.","Shades Bar & Grill Grand Boulevard, Sandestin, Grand Boulevard, restaurants, 30A","A restaurant listing in Sandestin, located in Grand Boulevard.",,,https://grandboulevard.com/directory/,"If you're spending time in Grand Boulevard, Sandestin, Shades Bar & Grill Grand Boulevard is a restaurant worth knowing about. A restaurant listing in Sandestin, located in Grand Boulevard. It fits naturally into a 30A day when you want something close by, easy to plan around, and tied to the feel of Sandestin.

## What It Is

Shades Bar & Grill Grand Boulevard is a restaurant located in Grand Boulevard in Sandestin. It is the kind of place to keep on your list when you are planning where to eat around Sandestin, whether you are coming from the beach, walking through the shopping area, or looking for an easy stop near where you are staying.

## What You'll Find

- Food and drink options for a casual 30A meal
- A convenient location in or near Grand Boulevard
- A good option to compare with other restaurants in Sandestin
- A stop that works well before or after beach time, shopping, or exploring nearby

## What People Like

People usually look for places like Shades Bar & Grill Grand Boulevard because they want an easy meal option that feels connected to the area instead of feeling random or out of the way. The biggest draw is the location, especially if you are already spending time around Grand Boulevard.

## What to Know

Check the current hours before you go, especially during slower seasons or on holiday weekends. Parking and crowds can vary a lot around Sandestin, so give yourself extra time if you are visiting during lunch, dinner, or peak vacation weeks.

## Why You'd Go Here

- You are looking for a meal near Grand Boulevard
- You want something convenient while exploring Sandestin
- You are building out a dining list for a beach trip
- You need a practical stop that does not require driving far

## Bottom Line

Shades Bar & Grill Grand Boulevard is a useful restaurant listing for anyone planning time in Sandestin. Add it to your WhereTo30A shortlist when convenience, location, and a clear sense of place matter."
Southern Tide Grand Boulevard,southern-tide-grand-boulevard,Sandestin,Grand Boulevard,shopping,"Find Southern Tide Grand Boulevard in Sandestin: category, contact info, website, location, and quick notes for WhereTo30A.","Southern Tide Grand Boulevard, Sandestin, Grand Boulevard, shopping, 30A","A shopping listing in Sandestin, located in Grand Boulevard.",850.837.1224,,https://grandboulevard.com/directory/,"If you're spending time in Grand Boulevard, Sandestin, Southern Tide Grand Boulevard is a shop worth knowing about. A shopping listing in Sandestin, located in Grand Boulevard. It fits naturally into a 30A day when you want something close by, easy to plan around, and tied to the feel of Sandestin.

## What It Is

Southern Tide Grand Boulevard is a shopping stop located in Grand Boulevard in Sandestin. It is a good listing to know if you like browsing local boutiques, beach-town retail, home goods, apparel, gifts, or specialty finds while exploring Sandestin.

## What You'll Find

- Retail items that may include apparel, gifts, home goods, accessories, or specialty products
- A storefront in or near Grand Boulevard
- A browse-worthy stop between meals or beach plans
- A local shopping option to add to a 30A itinerary

## What People Like

People tend to like shops like Southern Tide Grand Boulevard because they add character to a beach day. Instead of only planning around restaurants, this gives you somewhere to wander, browse, and find something that feels tied to the area.

## What to Know

Inventory, hours, and seasonal collections can change, so check the shop directly before making a special trip. Parking is easiest when you visit outside peak lunch and dinner windows, especially in busier town centers.

## Why You'd Go Here

- You want to browse local shops in Sandestin
- You are looking for gifts or vacation finds
- You need a break from the beach
- You are exploring Grand Boulevard on foot

## Bottom Line

Southern Tide Grand Boulevard is a good shopping listing for anyone exploring Sandestin. It works well as part of a slower 30A day with time to wander."
Spaces Grand Boulevard,spaces-grand-boulevard,Sandestin,Grand Boulevard,services,"Find Spaces Grand Boulevard in Sandestin: category, contact info, website, location, and quick notes for WhereTo30A.","Spaces Grand Boulevard, Sandestin, Grand Boulevard, services, 30A","A service listing in Sandestin, located in Grand Boulevard.",855.217.7205,,https://grandboulevard.com/directory/,"If you're spending time in Grand Boulevard, Sandestin, Spaces Grand Boulevard is a local service worth knowing about. A service listing in Sandestin, located in Grand Boulevard. It fits naturally into a 30A day when you want something close by, easy to plan around, and tied to the feel of Sandestin.

## What It Is

Spaces Grand Boulevard is a local service business located in Grand Boulevard in Sandestin. It is useful to know about when you need something practical while living in, staying in, or planning around Sandestin.

## What You'll Find

- A service-based business serving locals, visitors, or nearby property owners
- A location connected to Grand Boulevard
- A practical resource for errands, appointments, planning, or support
- A business to contact directly for current availability and details

## What People Like

People usually look for service businesses like Spaces Grand Boulevard when they need something specific and nearby. The value is in convenience, local access, and being able to solve a practical need without leaving the 30A area.

## What to Know

For service businesses, it is best to contact them directly before going. Hours, appointment requirements, pricing, and availability can vary, especially during busy visitor seasons.

## Why You'd Go Here

- You need a local service in or near Sandestin
- You are staying nearby and want something convenient
- You are comparing practical resources along 30A
- You want a business located close to Grand Boulevard

## Bottom Line

Spaces Grand Boulevard is a practical listing to keep in your Sandestin directory. It is most useful when you need local access and clear contact information."
Stallworth,stallworth,Sandestin,Grand Boulevard,shopping,"Find Stallworth in Sandestin: category, contact info, website, location, and quick notes for WhereTo30A.","Stallworth, Sandestin, Grand Boulevard, shopping, 30A","A shopping listing in Sandestin, located in Grand Boulevard.",,,https://grandboulevard.com/directory/,"If you're spending time in Grand Boulevard, Sandestin, Stallworth is a shop worth knowing about. A shopping listing in Sandestin, located in Grand Boulevard. It fits naturally into a 30A day when you want something close by, easy to plan around, and tied to the feel of Sandestin.

## What It Is

Stallworth is a shopping stop located in Grand Boulevard in Sandestin. It is a good listing to know if you like browsing local boutiques, beach-town retail, home goods, apparel, gifts, or specialty finds while exploring Sandestin.

## What You'll Find

- Retail items that may include apparel, gifts, home goods, accessories, or specialty products
- A storefront in or near Grand Boulevard
- A browse-worthy stop between meals or beach plans
- A local shopping option to add to a 30A itinerary

## What People Like

People tend to like shops like Stallworth because they add character to a beach day. Instead of only planning around restaurants, this gives you somewhere to wander, browse, and find something that feels tied to the area.

## What to Know

Inventory, hours, and seasonal collections can change, so check the shop directly before making a special trip. Parking is easiest when you visit outside peak lunch and dinner windows, especially in busier town centers.

## Why You'd Go Here

- You want to browse local shops in Sandestin
- You are looking for gifts or vacation finds
- You need a break from the beach
- You are exploring Grand Boulevard on foot

## Bottom Line

Stallworth is a good shopping listing for anyone exploring Sandestin. It works well as part of a slower 30A day with time to wander."
Starbucks Grand Boulevard,starbucks-grand-boulevard,Sandestin,Grand Boulevard,coffee shops,"Find Starbucks Grand Boulevard in Sandestin: category, contact info, website, location, and quick notes for WhereTo30A.","Starbucks Grand Boulevard, Sandestin, Grand Boulevard, coffee shops, 30A","A coffee shop listing in Sandestin, located in Grand Boulevard.",850.622.0215,,https://grandboulevard.com/directory/,"If you're spending time in Grand Boulevard, Sandestin, Starbucks Grand Boulevard is a coffee shop worth knowing about. A coffee shop listing in Sandestin, located in Grand Boulevard. It fits naturally into a 30A day when you want something close by, easy to plan around, and tied to the feel of Sandestin.

## What It Is

Starbucks Grand Boulevard is a coffee shop located in Grand Boulevard in Sandestin. It is a good one to know when you want a morning stop, an afternoon pick-me-up, or a place to anchor a walk through Sandestin.

## What You'll Find

- Coffee, tea, or casual drinks depending on the shop
- A convenient stop near Grand Boulevard
- A place to begin the morning before the beach or shopping
- A low-key break during a longer 30A day

## What People Like

People tend to like coffee stops like Starbucks Grand Boulevard because they make a day in Sandestin feel easier. It gives you a natural starting point, especially if you are walking, biking, or meeting someone nearby.

## What to Know

Morning hours are usually the safest bet for coffee shops, but always confirm the current schedule before making a special trip. Lines can build during spring break, summer, and holiday weekends, so earlier is usually better.

## Why You'd Go Here

- You want coffee before heading to the beach
- You are meeting someone in Sandestin
- You need an easy stop while exploring Grand Boulevard
- You are creating a morning itinerary along 30A

## Bottom Line

Starbucks Grand Boulevard is a helpful coffee shop to keep on your Sandestin list. It works best as a simple morning stop or an easy pause while exploring nearby."
Sunglass Hut,sunglass-hut,Sandestin,Grand Boulevard,shopping,"Find Sunglass Hut in Sandestin: category, contact info, website, location, and quick notes for WhereTo30A.","Sunglass Hut, Sandestin, Grand Boulevard, shopping, 30A","A shopping listing in Sandestin, located in Grand Boulevard.",850.269.7700,,https://grandboulevard.com/directory/,"If you're spending time in Grand Boulevard, Sandestin, Sunglass Hut is a shop worth knowing about. A shopping listing in Sandestin, located in Grand Boulevard. It fits naturally into a 30A day when you want something close by, easy to plan around, and tied to the feel of Sandestin.

## What It Is

Sunglass Hut is a shopping stop located in Grand Boulevard in Sandestin. It is a good listing to know if you like browsing local boutiques, beach-town retail, home goods, apparel, gifts, or specialty finds while exploring Sandestin.

## What You'll Find

- Retail items that may include apparel, gifts, home goods, accessories, or specialty products
- A storefront in or near Grand Boulevard
- A browse-worthy stop between meals or beach plans
- A local shopping option to add to a 30A itinerary

## What People Like

People tend to like shops like Sunglass Hut because they add character to a beach day. Instead of only planning around restaurants, this gives you somewhere to wander, browse, and find something that feels tied to the area.

## What to Know

Inventory, hours, and seasonal collections can change, so check the shop directly before making a special trip. Parking is easiest when you visit outside peak lunch and dinner windows, especially in busier town centers.

## Why You'd Go Here

- You want to browse local shops in Sandestin
- You are looking for gifts or vacation finds
- You need a break from the beach
- You are exploring Grand Boulevard on foot

## Bottom Line

Sunglass Hut is a good shopping listing for anyone exploring Sandestin. It works well as part of a slower 30A day with time to wander."
Sunset Shoes & Lifestyles Grand Boulevard,sunset-shoes-and-lifestyles-grand-boulevard,Sandestin,Grand Boulevard,shopping,"Find Sunset Shoes & Lifestyles Grand Boulevard in Sandestin: category, contact info, website, location, and quick notes for WhereTo30A.","Sunset Shoes & Lifestyles Grand Boulevard, Sandestin, Grand Boulevard, shopping, 30A","A shopping listing in Sandestin, located in Grand Boulevard.",850.837.5466,,https://grandboulevard.com/directory/,"If you're spending time in Grand Boulevard, Sandestin, Sunset Shoes & Lifestyles Grand Boulevard is a shop worth knowing about. A shopping listing in Sandestin, located in Grand Boulevard. It fits naturally into a 30A day when you want something close by, easy to plan around, and tied to the feel of Sandestin.

## What It Is

Sunset Shoes & Lifestyles Grand Boulevard is a shopping stop located in Grand Boulevard in Sandestin. It is a good listing to know if you like browsing local boutiques, beach-town retail, home goods, apparel, gifts, or specialty finds while exploring Sandestin.

## What You'll Find

- Retail items that may include apparel, gifts, home goods, accessories, or specialty products
- A storefront in or near Grand Boulevard
- A browse-worthy stop between meals or beach plans
- A local shopping option to add to a 30A itinerary

## What People Like

People tend to like shops like Sunset Shoes & Lifestyles Grand Boulevard because they add character to a beach day. Instead of only planning around restaurants, this gives you somewhere to wander, browse, and find something that feels tied to the area.

## What to Know

Inventory, hours, and seasonal collections can change, so check the shop directly before making a special trip. Parking is easiest when you visit outside peak lunch and dinner windows, especially in busier town centers.

## Why You'd Go Here

- You want to browse local shops in Sandestin
- You are looking for gifts or vacation finds
- You need a break from the beach
- You are exploring Grand Boulevard on foot

## Bottom Line

Sunset Shoes & Lifestyles Grand Boulevard is a good shopping listing for anyone exploring Sandestin. It works well as part of a slower 30A day with time to wander."
The Beaufort Bonnet Company,the-beaufort-bonnet-company,Sandestin,Grand Boulevard,shopping,"Find The Beaufort Bonnet Company in Sandestin: category, contact info, website, location, and quick notes for WhereTo30A.","The Beaufort Bonnet Company, Sandestin, Grand Boulevard, shopping, 30A","A shopping listing in Sandestin, located in Grand Boulevard.",(850) 343-5920,,https://grandboulevard.com/directory/,"If you're spending time in Grand Boulevard, Sandestin, The Beaufort Bonnet Company is a shop worth knowing about. A shopping listing in Sandestin, located in Grand Boulevard. It fits naturally into a 30A day when you want something close by, easy to plan around, and tied to the feel of Sandestin.

## What It Is

The Beaufort Bonnet Company is a shopping stop located in Grand Boulevard in Sandestin. It is a good listing to know if you like browsing local boutiques, beach-town retail, home goods, apparel, gifts, or specialty finds while exploring Sandestin.

## What You'll Find

- Retail items that may include apparel, gifts, home goods, accessories, or specialty products
- A storefront in or near Grand Boulevard
- A browse-worthy stop between meals or beach plans
- A local shopping option to add to a 30A itinerary

## What People Like

People tend to like shops like The Beaufort Bonnet Company because they add character to a beach day. Instead of only planning around restaurants, this gives you somewhere to wander, browse, and find something that feels tied to the area.

## What to Know

Inventory, hours, and seasonal collections can change, so check the shop directly before making a special trip. Parking is easiest when you visit outside peak lunch and dinner windows, especially in busier town centers.

## Why You'd Go Here

- You want to browse local shops in Sandestin
- You are looking for gifts or vacation finds
- You need a break from the beach
- You are exploring Grand Boulevard on foot

## Bottom Line

The Beaufort Bonnet Company is a good shopping listing for anyone exploring Sandestin. It works well as part of a slower 30A day with time to wander."
The Craft Bar Grand Boulevard,the-craft-bar-grand-boulevard,Sandestin,Grand Boulevard,bars,"Find The Craft Bar Grand Boulevard in Sandestin: category, contact info, website, location, and quick notes for WhereTo30A.","The Craft Bar Grand Boulevard, Sandestin, Grand Boulevard, bars, 30A","A bar listing in Sandestin, located in Grand Boulevard.",850.608.6226,,https://grandboulevard.com/directory/,"If you're spending time in Grand Boulevard, Sandestin, The Craft Bar Grand Boulevard is a bar or nightlife stop worth knowing about. A bar listing in Sandestin, located in Grand Boulevard. It fits naturally into a 30A day when you want something close by, easy to plan around, and tied to the feel of Sandestin.

## What It Is

The Craft Bar Grand Boulevard is a bar or drinks-focused stop located in Grand Boulevard in Sandestin. It is the kind of place to consider when your 30A plans shift from beach time into dinner, drinks, or a more social evening.

## What You'll Find

- Beer, wine, cocktails, or casual drinks depending on the venue
- A location that works well around Grand Boulevard
- A spot to add to an evening itinerary
- A place to pair with dinner, live music, or a walk through the area when available

## What People Like

People are usually drawn to places like The Craft Bar Grand Boulevard for the setting and convenience. Around 30A, the best bar stops are often the ones that are easy to reach, easy to pair with dinner, and relaxed enough to fit the beach-town pace.

## What to Know

Hours, entertainment, and food availability can change by season. Check the current details before you go, especially if you are planning around live music, a late night, or a holiday weekend.

## Why You'd Go Here

- You want drinks near Grand Boulevard
- You are planning a casual evening in Sandestin
- You need a bar option to pair with dinner nearby
- You are looking for a social stop after beach time

## Bottom Line

The Craft Bar Grand Boulevard is worth saving as a drinks option in Sandestin. It is best used as part of a relaxed evening plan rather than a rushed stop."
The Eye Gallery Grand Boulevard,the-eye-gallery-grand-boulevard,Sandestin,Grand Boulevard,shopping,"Find The Eye Gallery Grand Boulevard in Sandestin: category, contact info, website, location, and quick notes for WhereTo30A.","The Eye Gallery Grand Boulevard, Sandestin, Grand Boulevard, shopping, 30A","A shopping listing in Sandestin, located in Grand Boulevard.",(850) 650-4370,,https://grandboulevard.com/directory/,"If you're spending time in Grand Boulevard, Sandestin, The Eye Gallery Grand Boulevard is a shop worth knowing about. A shopping listing in Sandestin, located in Grand Boulevard. It fits naturally into a 30A day when you want something close by, easy to plan around, and tied to the feel of Sandestin.

## What It Is

The Eye Gallery Grand Boulevard is a shopping stop located in Grand Boulevard in Sandestin. It is a good listing to know if you like browsing local boutiques, beach-town retail, home goods, apparel, gifts, or specialty finds while exploring Sandestin.

## What You'll Find

- Retail items that may include apparel, gifts, home goods, accessories, or specialty products
- A storefront in or near Grand Boulevard
- A browse-worthy stop between meals or beach plans
- A local shopping option to add to a 30A itinerary

## What People Like

People tend to like shops like The Eye Gallery Grand Boulevard because they add character to a beach day. Instead of only planning around restaurants, this gives you somewhere to wander, browse, and find something that feels tied to the area.

## What to Know

Inventory, hours, and seasonal collections can change, so check the shop directly before making a special trip. Parking is easiest when you visit outside peak lunch and dinner windows, especially in busier town centers.

## Why You'd Go Here

- You want to browse local shops in Sandestin
- You are looking for gifts or vacation finds
- You need a break from the beach
- You are exploring Grand Boulevard on foot

## Bottom Line

The Eye Gallery Grand Boulevard is a good shopping listing for anyone exploring Sandestin. It works well as part of a slower 30A day with time to wander."
The UPS Store Grand Boulevard,the-ups-store-grand-boulevard,Sandestin,Grand Boulevard,services,"Find The UPS Store Grand Boulevard in Sandestin: category, contact info, website, location, and quick notes for WhereTo30A.","The UPS Store Grand Boulevard, Sandestin, Grand Boulevard, services, 30A","A service listing in Sandestin, located in Grand Boulevard.",850.267.6050,,https://grandboulevard.com/directory/,"If you're spending time in Grand Boulevard, Sandestin, The UPS Store Grand Boulevard is a local service worth knowing about. A service listing in Sandestin, located in Grand Boulevard. It fits naturally into a 30A day when you want something close by, easy to plan around, and tied to the feel of Sandestin.

## What It Is

The UPS Store Grand Boulevard is a local service business located in Grand Boulevard in Sandestin. It is useful to know about when you need something practical while living in, staying in, or planning around Sandestin.

## What You'll Find

- A service-based business serving locals, visitors, or nearby property owners
- A location connected to Grand Boulevard
- A practical resource for errands, appointments, planning, or support
- A business to contact directly for current availability and details

## What People Like

People usually look for service businesses like The UPS Store Grand Boulevard when they need something specific and nearby. The value is in convenience, local access, and being able to solve a practical need without leaving the 30A area.

## What to Know

For service businesses, it is best to contact them directly before going. Hours, appointment requirements, pricing, and availability can vary, especially during busy visitor seasons.

## Why You'd Go Here

- You need a local service in or near Sandestin
- You are staying nearby and want something convenient
- You are comparing practical resources along 30A
- You want a business located close to Grand Boulevard

## Bottom Line

The UPS Store Grand Boulevard is a practical listing to keep in your Sandestin directory. It is most useful when you need local access and clear contact information."
The Wine Bar Grand Boulevard,the-wine-bar-grand-boulevard,Sandestin,Grand Boulevard,bars,"Find The Wine Bar Grand Boulevard in Sandestin: category, contact info, website, location, and quick notes for WhereTo30A.","The Wine Bar Grand Boulevard, Sandestin, Grand Boulevard, bars, 30A","A bar listing in Sandestin, located in Grand Boulevard.",850.622.0804,,https://grandboulevard.com/directory/,"If you're spending time in Grand Boulevard, Sandestin, The Wine Bar Grand Boulevard is a bar or nightlife stop worth knowing about. A bar listing in Sandestin, located in Grand Boulevard. It fits naturally into a 30A day when you want something close by, easy to plan around, and tied to the feel of Sandestin.

## What It Is

The Wine Bar Grand Boulevard is a bar or drinks-focused stop located in Grand Boulevard in Sandestin. It is the kind of place to consider when your 30A plans shift from beach time into dinner, drinks, or a more social evening.

## What You'll Find

- Beer, wine, cocktails, or casual drinks depending on the venue
- A location that works well around Grand Boulevard
- A spot to add to an evening itinerary
- A place to pair with dinner, live music, or a walk through the area when available

## What People Like

People are usually drawn to places like The Wine Bar Grand Boulevard for the setting and convenience. Around 30A, the best bar stops are often the ones that are easy to reach, easy to pair with dinner, and relaxed enough to fit the beach-town pace.

## What to Know

Hours, entertainment, and food availability can change by season. Check the current details before you go, especially if you are planning around live music, a late night, or a holiday weekend.

## Why You'd Go Here

- You want drinks near Grand Boulevard
- You are planning a casual evening in Sandestin
- You need a bar option to pair with dinner nearby
- You are looking for a social stop after beach time

## Bottom Line

The Wine Bar Grand Boulevard is worth saving as a drinks option in Sandestin. It is best used as part of a relaxed evening plan rather than a rushed stop."
The Zoo Gallery Grand Boulevard,the-zoo-gallery-grand-boulevard,Sandestin,Grand Boulevard,shopping,"Find The Zoo Gallery Grand Boulevard in Sandestin: category, contact info, website, location, and quick notes for WhereTo30A.","The Zoo Gallery Grand Boulevard, Sandestin, Grand Boulevard, shopping, 30A","A shopping listing in Sandestin, located in Grand Boulevard.",850.837.9233,,https://grandboulevard.com/directory/,"If you're spending time in Grand Boulevard, Sandestin, The Zoo Gallery Grand Boulevard is a shop worth knowing about. A shopping listing in Sandestin, located in Grand Boulevard. It fits naturally into a 30A day when you want something close by, easy to plan around, and tied to the feel of Sandestin.

## What It Is

The Zoo Gallery Grand Boulevard is a shopping stop located in Grand Boulevard in Sandestin. It is a good listing to know if you like browsing local boutiques, beach-town retail, home goods, apparel, gifts, or specialty finds while exploring Sandestin.

## What You'll Find

- Retail items that may include apparel, gifts, home goods, accessories, or specialty products
- A storefront in or near Grand Boulevard
- A browse-worthy stop between meals or beach plans
- A local shopping option to add to a 30A itinerary

## What People Like

People tend to like shops like The Zoo Gallery Grand Boulevard because they add character to a beach day. Instead of only planning around restaurants, this gives you somewhere to wander, browse, and find something that feels tied to the area.

## What to Know

Inventory, hours, and seasonal collections can change, so check the shop directly before making a special trip. Parking is easiest when you visit outside peak lunch and dinner windows, especially in busier town centers.

## Why You'd Go Here

- You want to browse local shops in Sandestin
- You are looking for gifts or vacation finds
- You need a break from the beach
- You are exploring Grand Boulevard on foot

## Bottom Line

The Zoo Gallery Grand Boulevard is a good shopping listing for anyone exploring Sandestin. It works well as part of a slower 30A day with time to wander."
Tommy Bahama Grand Boulevard,tommy-bahama-grand-boulevard,Sandestin,Grand Boulevard,shopping,"Find Tommy Bahama Grand Boulevard in Sandestin: category, contact info, website, location, and quick notes for WhereTo30A.","Tommy Bahama Grand Boulevard, Sandestin, Grand Boulevard, shopping, 30A","A shopping listing in Sandestin, located in Grand Boulevard.",850.650.0731,,https://grandboulevard.com/directory/,"If you're spending time in Grand Boulevard, Sandestin, Tommy Bahama Grand Boulevard is a shop worth knowing about. A shopping listing in Sandestin, located in Grand Boulevard. It fits naturally into a 30A day when you want something close by, easy to plan around, and tied to the feel of Sandestin.

## What It Is

Tommy Bahama Grand Boulevard is a shopping stop located in Grand Boulevard in Sandestin. It is a good listing to know if you like browsing local boutiques, beach-town retail, home goods, apparel, gifts, or specialty finds while exploring Sandestin.

## What You'll Find

- Retail items that may include apparel, gifts, home goods, accessories, or specialty products
- A storefront in or near Grand Boulevard
- A browse-worthy stop between meals or beach plans
- A local shopping option to add to a 30A itinerary

## What People Like

People tend to like shops like Tommy Bahama Grand Boulevard because they add character to a beach day. Instead of only planning around restaurants, this gives you somewhere to wander, browse, and find something that feels tied to the area.

## What to Know

Inventory, hours, and seasonal collections can change, so check the shop directly before making a special trip. Parking is easiest when you visit outside peak lunch and dinner windows, especially in busier town centers.

## Why You'd Go Here

- You want to browse local shops in Sandestin
- You are looking for gifts or vacation finds
- You need a break from the beach
- You are exploring Grand Boulevard on foot

## Bottom Line

Tommy Bahama Grand Boulevard is a good shopping listing for anyone exploring Sandestin. It works well as part of a slower 30A day with time to wander."
Tommy Bahama Restaurant & Bar Sandestin,tommy-bahama-restaurant-and-bar-sandestin,Sandestin,Grand Boulevard,restaurants,"Find Tommy Bahama Restaurant & Bar Sandestin in Sandestin: category, contact info, website, location, and quick notes for WhereTo30A.","Tommy Bahama Restaurant & Bar Sandestin, Sandestin, Grand Boulevard, restaurants, 30A","A restaurant listing in Sandestin, located in Grand Boulevard.",850.654.1743,,https://grandboulevard.com/directory/,"If you're spending time in Grand Boulevard, Sandestin, Tommy Bahama Restaurant & Bar Sandestin is a restaurant worth knowing about. A restaurant listing in Sandestin, located in Grand Boulevard. It fits naturally into a 30A day when you want something close by, easy to plan around, and tied to the feel of Sandestin.

## What It Is

Tommy Bahama Restaurant & Bar Sandestin is a restaurant located in Grand Boulevard in Sandestin. It is the kind of place to keep on your list when you are planning where to eat around Sandestin, whether you are coming from the beach, walking through the shopping area, or looking for an easy stop near where you are staying.

## What You'll Find

- Food and drink options for a casual 30A meal
- A convenient location in or near Grand Boulevard
- A good option to compare with other restaurants in Sandestin
- A stop that works well before or after beach time, shopping, or exploring nearby

## What People Like

People usually look for places like Tommy Bahama Restaurant & Bar Sandestin because they want an easy meal option that feels connected to the area instead of feeling random or out of the way. The biggest draw is the location, especially if you are already spending time around Grand Boulevard.

## What to Know

Check the current hours before you go, especially during slower seasons or on holiday weekends. Parking and crowds can vary a lot around Sandestin, so give yourself extra time if you are visiting during lunch, dinner, or peak vacation weeks.

## Why You'd Go Here

- You are looking for a meal near Grand Boulevard
- You want something convenient while exploring Sandestin
- You are building out a dining list for a beach trip
- You need a practical stop that does not require driving far

## Bottom Line

Tommy Bahama Restaurant & Bar Sandestin is a useful restaurant listing for anyone planning time in Sandestin. Add it to your WhereTo30A shortlist when convenience, location, and a clear sense of place matter."
Vin’tij Food & Wine,vintij-food-and-wine,Sandestin,Grand Boulevard,restaurants,"Find Vin’tij Food & Wine in Sandestin: category, contact info, website, location, and quick notes for WhereTo30A.","Vin’tij Food & Wine, Sandestin, Grand Boulevard, restaurants, 30A","A restaurant listing in Sandestin, located in Grand Boulevard.",850.650.9820,,https://grandboulevard.com/directory/,"If you're spending time in Grand Boulevard, Sandestin, Vin’tij Food & Wine is a restaurant worth knowing about. A restaurant listing in Sandestin, located in Grand Boulevard. It fits naturally into a 30A day when you want something close by, easy to plan around, and tied to the feel of Sandestin.

## What It Is

Vin’tij Food & Wine is a restaurant located in Grand Boulevard in Sandestin. It is the kind of place to keep on your list when you are planning where to eat around Sandestin, whether you are coming from the beach, walking through the shopping area, or looking for an easy stop near where you are staying.

## What You'll Find

- Food and drink options for a casual 30A meal
- A convenient location in or near Grand Boulevard
- A good option to compare with other restaurants in Sandestin
- A stop that works well before or after beach time, shopping, or exploring nearby

## What People Like

People usually look for places like Vin’tij Food & Wine because they want an easy meal option that feels connected to the area instead of feeling random or out of the way. The biggest draw is the location, especially if you are already spending time around Grand Boulevard.

## What to Know

Check the current hours before you go, especially during slower seasons or on holiday weekends. Parking and crowds can vary a lot around Sandestin, so give yourself extra time if you are visiting during lunch, dinner, or peak vacation weeks.

## Why You'd Go Here

- You are looking for a meal near Grand Boulevard
- You want something convenient while exploring Sandestin
- You are building out a dining list for a beach trip
- You need a practical stop that does not require driving far

## Bottom Line

Vin’tij Food & Wine is a useful restaurant listing for anyone planning time in Sandestin. Add it to your WhereTo30A shortlist when convenience, location, and a clear sense of place matter."
Vineyard Vines Grand Boulevard,vineyard-vines-grand-boulevard,Sandestin,Grand Boulevard,shopping,"Find Vineyard Vines Grand Boulevard in Sandestin: category, contact info, website, location, and quick notes for WhereTo30A.","Vineyard Vines Grand Boulevard, Sandestin, Grand Boulevard, shopping, 30A","A shopping listing in Sandestin, located in Grand Boulevard.",850.837.0987,,https://grandboulevard.com/directory/,"If you're spending time in Grand Boulevard, Sandestin, Vineyard Vines Grand Boulevard is a shop worth knowing about. A shopping listing in Sandestin, located in Grand Boulevard. It fits naturally into a 30A day when you want something close by, easy to plan around, and tied to the feel of Sandestin.

## What It Is

Vineyard Vines Grand Boulevard is a shopping stop located in Grand Boulevard in Sandestin. It is a good listing to know if you like browsing local boutiques, beach-town retail, home goods, apparel, gifts, or specialty finds while exploring Sandestin.

## What You'll Find

- Retail items that may include apparel, gifts, home goods, accessories, or specialty products
- A storefront in or near Grand Boulevard
- A browse-worthy stop between meals or beach plans
- A local shopping option to add to a 30A itinerary

## What People Like

People tend to like shops like Vineyard Vines Grand Boulevard because they add character to a beach day. Instead of only planning around restaurants, this gives you somewhere to wander, browse, and find something that feels tied to the area.

## What to Know

Inventory, hours, and seasonal collections can change, so check the shop directly before making a special trip. Parking is easiest when you visit outside peak lunch and dinner windows, especially in busier town centers.

## Why You'd Go Here

- You want to browse local shops in Sandestin
- You are looking for gifts or vacation finds
- You need a break from the beach
- You are exploring Grand Boulevard on foot

## Bottom Line

Vineyard Vines Grand Boulevard is a good shopping listing for anyone exploring Sandestin. It works well as part of a slower 30A day with time to wander."
Warby Parker Grand Boulevard,warby-parker-grand-boulevard,Sandestin,Grand Boulevard,shopping,"Find Warby Parker Grand Boulevard in Sandestin: category, contact info, website, location, and quick notes for WhereTo30A.","Warby Parker Grand Boulevard, Sandestin, Grand Boulevard, shopping, 30A","A shopping listing in Sandestin, located in Grand Boulevard.",,,https://grandboulevard.com/directory/,"If you're spending time in Grand Boulevard, Sandestin, Warby Parker Grand Boulevard is a shop worth knowing about. A shopping listing in Sandestin, located in Grand Boulevard. It fits naturally into a 30A day when you want something close by, easy to plan around, and tied to the feel of Sandestin.

## What It Is

Warby Parker Grand Boulevard is a shopping stop located in Grand Boulevard in Sandestin. It is a good listing to know if you like browsing local boutiques, beach-town retail, home goods, apparel, gifts, or specialty finds while exploring Sandestin.

## What You'll Find

- Retail items that may include apparel, gifts, home goods, accessories, or specialty products
- A storefront in or near Grand Boulevard
- A browse-worthy stop between meals or beach plans
- A local shopping option to add to a 30A itinerary

## What People Like

People tend to like shops like Warby Parker Grand Boulevard because they add character to a beach day. Instead of only planning around restaurants, this gives you somewhere to wander, browse, and find something that feels tied to the area.

## What to Know

Inventory, hours, and seasonal collections can change, so check the shop directly before making a special trip. Parking is easiest when you visit outside peak lunch and dinner windows, especially in busier town centers.

## Why You'd Go Here

- You want to browse local shops in Sandestin
- You are looking for gifts or vacation finds
- You need a break from the beach
- You are exploring Grand Boulevard on foot

## Bottom Line

Warby Parker Grand Boulevard is a good shopping listing for anyone exploring Sandestin. It works well as part of a slower 30A day with time to wander."
Wells Fargo Advisors Grand Boulevard,wells-fargo-advisors-grand-boulevard,Sandestin,Grand Boulevard,services,"Find Wells Fargo Advisors Grand Boulevard in Sandestin: category, contact info, website, location, and quick notes for WhereTo30A.","Wells Fargo Advisors Grand Boulevard, Sandestin, Grand Boulevard, services, 30A","A service listing in Sandestin, located in Grand Boulevard.",850.837.5366,,https://grandboulevard.com/directory/,"If you're spending time in Grand Boulevard, Sandestin, Wells Fargo Advisors Grand Boulevard is a local service worth knowing about. A service listing in Sandestin, located in Grand Boulevard. It fits naturally into a 30A day when you want something close by, easy to plan around, and tied to the feel of Sandestin.

## What It Is

Wells Fargo Advisors Grand Boulevard is a local service business located in Grand Boulevard in Sandestin. It is useful to know about when you need something practical while living in, staying in, or planning around Sandestin.

## What You'll Find

- A service-based business serving locals, visitors, or nearby property owners
- A location connected to Grand Boulevard
- A practical resource for errands, appointments, planning, or support
- A business to contact directly for current availability and details

## What People Like

People usually look for service businesses like Wells Fargo Advisors Grand Boulevard when they need something specific and nearby. The value is in convenience, local access, and being able to solve a practical need without leaving the 30A area.

## What to Know

For service businesses, it is best to contact them directly before going. Hours, appointment requirements, pricing, and availability can vary, especially during busy visitor seasons.

## Why You'd Go Here

- You need a local service in or near Sandestin
- You are staying nearby and want something convenient
- You are comparing practical resources along 30A
- You want a business located close to Grand Boulevard

## Bottom Line

Wells Fargo Advisors Grand Boulevard is a practical listing to keep in your Sandestin directory. It is most useful when you need local access and clear contact information."
Williams Sonoma Grand Boulevard,williams-sonoma-grand-boulevard,Sandestin,Grand Boulevard,shopping,"Find Williams Sonoma Grand Boulevard in Sandestin: category, contact info, website, location, and quick notes for WhereTo30A.","Williams Sonoma Grand Boulevard, Sandestin, Grand Boulevard, shopping, 30A","A shopping listing in Sandestin, located in Grand Boulevard.",850.837.0269,,https://grandboulevard.com/directory/,"If you're spending time in Grand Boulevard, Sandestin, Williams Sonoma Grand Boulevard is a shop worth knowing about. A shopping listing in Sandestin, located in Grand Boulevard. It fits naturally into a 30A day when you want something close by, easy to plan around, and tied to the feel of Sandestin.

## What It Is

Williams Sonoma Grand Boulevard is a shopping stop located in Grand Boulevard in Sandestin. It is a good listing to know if you like browsing local boutiques, beach-town retail, home goods, apparel, gifts, or specialty finds while exploring Sandestin.

## What You'll Find

- Retail items that may include apparel, gifts, home goods, accessories, or specialty products
- A storefront in or near Grand Boulevard
- A browse-worthy stop between meals or beach plans
- A local shopping option to add to a 30A itinerary

## What People Like

People tend to like shops like Williams Sonoma Grand Boulevard because they add character to a beach day. Instead of only planning around restaurants, this gives you somewhere to wander, browse, and find something that feels tied to the area.

## What to Know

Inventory, hours, and seasonal collections can change, so check the shop directly before making a special trip. Parking is easiest when you visit outside peak lunch and dinner windows, especially in busier town centers.

## Why You'd Go Here

- You want to browse local shops in Sandestin
- You are looking for gifts or vacation finds
- You need a break from the beach
- You are exploring Grand Boulevard on foot

## Bottom Line

Williams Sonoma Grand Boulevard is a good shopping listing for anyone exploring Sandestin. It works well as part of a slower 30A day with time to wander."
Wine World Grand Boulevard,wine-world-grand-boulevard,Sandestin,Grand Boulevard,bars,"Find Wine World Grand Boulevard in Sandestin: category, contact info, website, location, and quick notes for WhereTo30A.","Wine World Grand Boulevard, Sandestin, Grand Boulevard, bars, 30A","A bar listing in Sandestin, located in Grand Boulevard.",850.622.0802,,https://grandboulevard.com/directory/,"If you're spending time in Grand Boulevard, Sandestin, Wine World Grand Boulevard is a bar or nightlife stop worth knowing about. A bar listing in Sandestin, located in Grand Boulevard. It fits naturally into a 30A day when you want something close by, easy to plan around, and tied to the feel of Sandestin.

## What It Is

Wine World Grand Boulevard is a bar or drinks-focused stop located in Grand Boulevard in Sandestin. It is the kind of place to consider when your 30A plans shift from beach time into dinner, drinks, or a more social evening.

## What You'll Find

- Beer, wine, cocktails, or casual drinks depending on the venue
- A location that works well around Grand Boulevard
- A spot to add to an evening itinerary
- A place to pair with dinner, live music, or a walk through the area when available

## What People Like

People are usually drawn to places like Wine World Grand Boulevard for the setting and convenience. Around 30A, the best bar stops are often the ones that are easy to reach, easy to pair with dinner, and relaxed enough to fit the beach-town pace.

## What to Know

Hours, entertainment, and food availability can change by season. Check the current details before you go, especially if you are planning around live music, a late night, or a holiday weekend.

## Why You'd Go Here

- You want drinks near Grand Boulevard
- You are planning a casual evening in Sandestin
- You need a bar option to pair with dinner nearby
- You are looking for a social stop after beach time

## Bottom Line

Wine World Grand Boulevard is worth saving as a drinks option in Sandestin. It is best used as part of a relaxed evening plan rather than a rushed stop."
Amor Boutique,amor-boutique,Seagrove Beach,Greenway Station,shopping,"Find Amor Boutique in Seagrove Beach: category, contact info, website, location, and quick notes for WhereTo30A.","Amor Boutique, Seagrove Beach, Greenway Station, shopping, 30A","Women’s and children’s clothing, accessories, and special occasion pieces.",,https://amorboutiquepc.com,https://greenway30a.com/merchants/,"If you're spending time in Greenway Station, Seagrove Beach, Amor Boutique is a shop worth knowing about. Women’s and children’s clothing, accessories, and special occasion pieces. It fits naturally into a 30A day when you want something close by, easy to plan around, and tied to the feel of Seagrove Beach.

## What It Is

Amor Boutique is a shopping stop located in Greenway Station in Seagrove Beach. It is a good listing to know if you like browsing local boutiques, beach-town retail, home goods, apparel, gifts, or specialty finds while exploring Seagrove Beach.

## What You'll Find

- Retail items that may include apparel, gifts, home goods, accessories, or specialty products
- A storefront in or near Greenway Station
- A browse-worthy stop between meals or beach plans
- A local shopping option to add to a 30A itinerary

## What People Like

People tend to like shops like Amor Boutique because they add character to a beach day. Instead of only planning around restaurants, this gives you somewhere to wander, browse, and find something that feels tied to the area.

## What to Know

Inventory, hours, and seasonal collections can change, so check the shop directly before making a special trip. Parking is easiest when you visit outside peak lunch and dinner windows, especially in busier town centers.

## Why You'd Go Here

- You want to browse local shops in Seagrove Beach
- You are looking for gifts or vacation finds
- You need a break from the beach
- You are exploring Greenway Station on foot

## Bottom Line

Amor Boutique is a good shopping listing for anyone exploring Seagrove Beach. It works well as part of a slower 30A day with time to wander."
Canopy Road Greenway Station,canopy-road-greenway-station,Seagrove Beach,Greenway Station,restaurants,"Find Canopy Road Greenway Station in Seagrove Beach: category, contact info, website, location, and quick notes for WhereTo30A.","Canopy Road Greenway Station, Seagrove Beach, Greenway Station, restaurants, 30A",Breakfast and lunch cafe at Greenway Station.,,https://www.canopyroadcafe.com,https://greenway30a.com/merchants/,"If you're spending time in Greenway Station, Seagrove Beach, Canopy Road Greenway Station is a restaurant worth knowing about. Breakfast and lunch cafe at Greenway Station. It fits naturally into a 30A day when you want something close by, easy to plan around, and tied to the feel of Seagrove Beach.

## What It Is

Canopy Road Greenway Station is a restaurant located in Greenway Station in Seagrove Beach. It is the kind of place to keep on your list when you are planning where to eat around Seagrove Beach, whether you are coming from the beach, walking through the shopping area, or looking for an easy stop near where you are staying.

## What You'll Find

- Food and drink options for a casual 30A meal
- A convenient location in or near Greenway Station
- A good option to compare with other restaurants in Seagrove Beach
- A stop that works well before or after beach time, shopping, or exploring nearby

## What People Like

People usually look for places like Canopy Road Greenway Station because they want an easy meal option that feels connected to the area instead of feeling random or out of the way. The biggest draw is the location, especially if you are already spending time around Greenway Station.

## What to Know

Check the current hours before you go, especially during slower seasons or on holiday weekends. Parking and crowds can vary a lot around Seagrove Beach, so give yourself extra time if you are visiting during lunch, dinner, or peak vacation weeks.

## Why You'd Go Here

- You are looking for a meal near Greenway Station
- You want something convenient while exploring Seagrove Beach
- You are building out a dining list for a beach trip
- You need a practical stop that does not require driving far

## Bottom Line

Canopy Road Greenway Station is a useful restaurant listing for anyone planning time in Seagrove Beach. Add it to your WhereTo30A shortlist when convenience, location, and a clear sense of place matter."
Coast Hippie,coast-hippie,Seagrove Beach,Greenway Station,shopping,"Find Coast Hippie in Seagrove Beach: category, contact info, website, location, and quick notes for WhereTo30A.","Coast Hippie, Seagrove Beach, Greenway Station, shopping, 30A","Local coastal apparel brand with shirts, sun shirts, and hats.",,https://coasthippie.com,https://greenway30a.com/merchants/,"If you're spending time in Greenway Station, Seagrove Beach, Coast Hippie is a shop worth knowing about. Local coastal apparel brand with shirts, sun shirts, and hats. It fits naturally into a 30A day when you want something close by, easy to plan around, and tied to the feel of Seagrove Beach.

## What It Is

Coast Hippie is a shopping stop located in Greenway Station in Seagrove Beach. It is a good listing to know if you like browsing local boutiques, beach-town retail, home goods, apparel, gifts, or specialty finds while exploring Seagrove Beach.

## What You'll Find

- Retail items that may include apparel, gifts, home goods, accessories, or specialty products
- A storefront in or near Greenway Station
- A browse-worthy stop between meals or beach plans
- A local shopping option to add to a 30A itinerary

## What People Like

People tend to like shops like Coast Hippie because they add character to a beach day. Instead of only planning around restaurants, this gives you somewhere to wander, browse, and find something that feels tied to the area.

## What to Know

Inventory, hours, and seasonal collections can change, so check the shop directly before making a special trip. Parking is easiest when you visit outside peak lunch and dinner windows, especially in busier town centers.

## Why You'd Go Here

- You want to browse local shops in Seagrove Beach
- You are looking for gifts or vacation finds
- You need a break from the beach
- You are exploring Greenway Station on foot

## Bottom Line

Coast Hippie is a good shopping listing for anyone exploring Seagrove Beach. It works well as part of a slower 30A day with time to wander."
Free People Greenway Station,free-people-greenway-station,Seagrove Beach,Greenway Station,shopping,"Find Free People Greenway Station in Seagrove Beach: category, contact info, website, location, and quick notes for WhereTo30A.","Free People Greenway Station, Seagrove Beach, Greenway Station, shopping, 30A","Apparel, shoes, accessories, beauty, and lifestyle retail.",,https://www.freepeople.com,https://greenway30a.com/merchants/,"If you're spending time in Greenway Station, Seagrove Beach, Free People Greenway Station is a shop worth knowing about. Apparel, shoes, accessories, beauty, and lifestyle retail. It fits naturally into a 30A day when you want something close by, easy to plan around, and tied to the feel of Seagrove Beach.

## What It Is

Free People Greenway Station is a shopping stop located in Greenway Station in Seagrove Beach. It is a good listing to know if you like browsing local boutiques, beach-town retail, home goods, apparel, gifts, or specialty finds while exploring Seagrove Beach.

## What You'll Find

- Retail items that may include apparel, gifts, home goods, accessories, or specialty products
- A storefront in or near Greenway Station
- A browse-worthy stop between meals or beach plans
- A local shopping option to add to a 30A itinerary

## What People Like

People tend to like shops like Free People Greenway Station because they add character to a beach day. Instead of only planning around restaurants, this gives you somewhere to wander, browse, and find something that feels tied to the area.

## What to Know

Inventory, hours, and seasonal collections can change, so check the shop directly before making a special trip. Parking is easiest when you visit outside peak lunch and dinner windows, especially in busier town centers.

## Why You'd Go Here

- You want to browse local shops in Seagrove Beach
- You are looking for gifts or vacation finds
- You need a break from the beach
- You are exploring Greenway Station on foot

## Bottom Line

Free People Greenway Station is a good shopping listing for anyone exploring Seagrove Beach. It works well as part of a slower 30A day with time to wander."
Ghost Crab Pizza & Kitchen,ghost-crab-pizza-and-kitchen,Seagrove Beach,Greenway Station,restaurants,"Find Ghost Crab Pizza & Kitchen in Seagrove Beach: category, contact info, website, location, and quick notes for WhereTo30A.","Ghost Crab Pizza & Kitchen, Seagrove Beach, Greenway Station, restaurants, 30A","Pizza, salads, wings, sandwiches, and family-friendly dining.",,https://www.ghostcrabpizza.com,https://greenway30a.com/merchants/,"If you're spending time in Greenway Station, Seagrove Beach, Ghost Crab Pizza & Kitchen is a restaurant worth knowing about. Pizza, salads, wings, sandwiches, and family-friendly dining. It fits naturally into a 30A day when you want something close by, easy to plan around, and tied to the feel of Seagrove Beach.

## What It Is

Ghost Crab Pizza & Kitchen is a restaurant located in Greenway Station in Seagrove Beach. It is the kind of place to keep on your list when you are planning where to eat around Seagrove Beach, whether you are coming from the beach, walking through the shopping area, or looking for an easy stop near where you are staying.

## What You'll Find

- Food and drink options for a casual 30A meal
- A convenient location in or near Greenway Station
- A good option to compare with other restaurants in Seagrove Beach
- A stop that works well before or after beach time, shopping, or exploring nearby

## What People Like

People usually look for places like Ghost Crab Pizza & Kitchen because they want an easy meal option that feels connected to the area instead of feeling random or out of the way. The biggest draw is the location, especially if you are already spending time around Greenway Station.

## What to Know

Check the current hours before you go, especially during slower seasons or on holiday weekends. Parking and crowds can vary a lot around Seagrove Beach, so give yourself extra time if you are visiting during lunch, dinner, or peak vacation weeks.

## Why You'd Go Here

- You are looking for a meal near Greenway Station
- You want something convenient while exploring Seagrove Beach
- You are building out a dining list for a beach trip
- You need a practical stop that does not require driving far

## Bottom Line

Ghost Crab Pizza & Kitchen is a useful restaurant listing for anyone planning time in Seagrove Beach. Add it to your WhereTo30A shortlist when convenience, location, and a clear sense of place matter."
Jonah Allen Gallery,jonah-allen-gallery,Seagrove Beach,Greenway Station,shopping,"Find Jonah Allen Gallery in Seagrove Beach: category, contact info, website, location, and quick notes for WhereTo30A.","Jonah Allen Gallery, Seagrove Beach, Greenway Station, shopping, 30A",Fine art photography gallery.,,https://www.jonahallen.com,https://greenway30a.com/merchants/,"If you're spending time in Greenway Station, Seagrove Beach, Jonah Allen Gallery is a shop worth knowing about. Fine art photography gallery. It fits naturally into a 30A day when you want something close by, easy to plan around, and tied to the feel of Seagrove Beach.

## What It Is

Jonah Allen Gallery is a shopping stop located in Greenway Station in Seagrove Beach. It is a good listing to know if you like browsing local boutiques, beach-town retail, home goods, apparel, gifts, or specialty finds while exploring Seagrove Beach.

## What You'll Find

- Retail items that may include apparel, gifts, home goods, accessories, or specialty products
- A storefront in or near Greenway Station
- A browse-worthy stop between meals or beach plans
- A local shopping option to add to a 30A itinerary

## What People Like

People tend to like shops like Jonah Allen Gallery because they add character to a beach day. Instead of only planning around restaurants, this gives you somewhere to wander, browse, and find something that feels tied to the area.

## What to Know

Inventory, hours, and seasonal collections can change, so check the shop directly before making a special trip. Parking is easiest when you visit outside peak lunch and dinner windows, especially in busier town centers.

## Why You'd Go Here

- You want to browse local shops in Seagrove Beach
- You are looking for gifts or vacation finds
- You need a break from the beach
- You are exploring Greenway Station on foot

## Bottom Line

Jonah Allen Gallery is a good shopping listing for anyone exploring Seagrove Beach. It works well as part of a slower 30A day with time to wander."
Latitude 25,latitude-25,Seagrove Beach,Greenway Station,shopping,"Find Latitude 25 in Seagrove Beach: category, contact info, website, location, and quick notes for WhereTo30A.","Latitude 25, Seagrove Beach, Greenway Station, shopping, 30A","Resort wear, apparel, accessories, and beach brands.",,,https://greenway30a.com/merchants/,"If you're spending time in Greenway Station, Seagrove Beach, Latitude 25 is a shop worth knowing about. Resort wear, apparel, accessories, and beach brands. It fits naturally into a 30A day when you want something close by, easy to plan around, and tied to the feel of Seagrove Beach.

## What It Is

Latitude 25 is a shopping stop located in Greenway Station in Seagrove Beach. It is a good listing to know if you like browsing local boutiques, beach-town retail, home goods, apparel, gifts, or specialty finds while exploring Seagrove Beach.

## What You'll Find

- Retail items that may include apparel, gifts, home goods, accessories, or specialty products
- A storefront in or near Greenway Station
- A browse-worthy stop between meals or beach plans
- A local shopping option to add to a 30A itinerary

## What People Like

People tend to like shops like Latitude 25 because they add character to a beach day. Instead of only planning around restaurants, this gives you somewhere to wander, browse, and find something that feels tied to the area.

## What to Know

Inventory, hours, and seasonal collections can change, so check the shop directly before making a special trip. Parking is easiest when you visit outside peak lunch and dinner windows, especially in busier town centers.

## Why You'd Go Here

- You want to browse local shops in Seagrove Beach
- You are looking for gifts or vacation finds
- You need a break from the beach
- You are exploring Greenway Station on foot

## Bottom Line

Latitude 25 is a good shopping listing for anyone exploring Seagrove Beach. It works well as part of a slower 30A day with time to wander."
Linen & Sand,linen-and-sand,Seagrove Beach,Greenway Station,shopping,"Find Linen & Sand in Seagrove Beach: category, contact info, website, location, and quick notes for WhereTo30A.","Linen & Sand, Seagrove Beach, Greenway Station, shopping, 30A",Modern coastal lifestyle and home shop.,,https://linenandsand.com,https://greenway30a.com/merchants/,"If you're spending time in Greenway Station, Seagrove Beach, Linen & Sand is a shop worth knowing about. Modern coastal lifestyle and home shop. It fits naturally into a 30A day when you want something close by, easy to plan around, and tied to the feel of Seagrove Beach.

## What It Is

Linen & Sand is a shopping stop located in Greenway Station in Seagrove Beach. It is a good listing to know if you like browsing local boutiques, beach-town retail, home goods, apparel, gifts, or specialty finds while exploring Seagrove Beach.

## What You'll Find

- Retail items that may include apparel, gifts, home goods, accessories, or specialty products
- A storefront in or near Greenway Station
- A browse-worthy stop between meals or beach plans
- A local shopping option to add to a 30A itinerary

## What People Like

People tend to like shops like Linen & Sand because they add character to a beach day. Instead of only planning around restaurants, this gives you somewhere to wander, browse, and find something that feels tied to the area.

## What to Know

Inventory, hours, and seasonal collections can change, so check the shop directly before making a special trip. Parking is easiest when you visit outside peak lunch and dinner windows, especially in busier town centers.

## Why You'd Go Here

- You want to browse local shops in Seagrove Beach
- You are looking for gifts or vacation finds
- You need a break from the beach
- You are exploring Greenway Station on foot

## Bottom Line

Linen & Sand is a good shopping listing for anyone exploring Seagrove Beach. It works well as part of a slower 30A day with time to wander."
Local Cantina,local-cantina,Seagrove Beach,Greenway Station,restaurants,"Find Local Cantina in Seagrove Beach: category, contact info, website, location, and quick notes for WhereTo30A.","Local Cantina, Seagrove Beach, Greenway Station, restaurants, 30A",Mexican-inspired cuisine and craft beverages.,,https://www.localcantina.com,https://greenway30a.com/merchants/,"If you're spending time in Greenway Station, Seagrove Beach, Local Cantina is a restaurant worth knowing about. Mexican-inspired cuisine and craft beverages. It fits naturally into a 30A day when you want something close by, easy to plan around, and tied to the feel of Seagrove Beach.

## What It Is

Local Cantina is a restaurant located in Greenway Station in Seagrove Beach. It is the kind of place to keep on your list when you are planning where to eat around Seagrove Beach, whether you are coming from the beach, walking through the shopping area, or looking for an easy stop near where you are staying.

## What You'll Find

- Food and drink options for a casual 30A meal
- A convenient location in or near Greenway Station
- A good option to compare with other restaurants in Seagrove Beach
- A stop that works well before or after beach time, shopping, or exploring nearby

## What People Like

People usually look for places like Local Cantina because they want an easy meal option that feels connected to the area instead of feeling random or out of the way. The biggest draw is the location, especially if you are already spending time around Greenway Station.

## What to Know

Check the current hours before you go, especially during slower seasons or on holiday weekends. Parking and crowds can vary a lot around Seagrove Beach, so give yourself extra time if you are visiting during lunch, dinner, or peak vacation weeks.

## Why You'd Go Here

- You are looking for a meal near Greenway Station
- You want something convenient while exploring Seagrove Beach
- You are building out a dining list for a beach trip
- You need a practical stop that does not require driving far

## Bottom Line

Local Cantina is a useful restaurant listing for anyone planning time in Seagrove Beach. Add it to your WhereTo30A shortlist when convenience, location, and a clear sense of place matter."
Naples Soap Company,naples-soap-company,Seagrove Beach,Greenway Station,shopping,"Find Naples Soap Company in Seagrove Beach: category, contact info, website, location, and quick notes for WhereTo30A.","Naples Soap Company, Seagrove Beach, Greenway Station, shopping, 30A","Natural soaps, body care, and bath products.",,https://www.naplessoap.com,https://greenway30a.com/merchants/,"If you're spending time in Greenway Station, Seagrove Beach, Naples Soap Company is a shop worth knowing about. Natural soaps, body care, and bath products. It fits naturally into a 30A day when you want something close by, easy to plan around, and tied to the feel of Seagrove Beach.

## What It Is

Naples Soap Company is a shopping stop located in Greenway Station in Seagrove Beach. It is a good listing to know if you like browsing local boutiques, beach-town retail, home goods, apparel, gifts, or specialty finds while exploring Seagrove Beach.

## What You'll Find

- Retail items that may include apparel, gifts, home goods, accessories, or specialty products
- A storefront in or near Greenway Station
- A browse-worthy stop between meals or beach plans
- A local shopping option to add to a 30A itinerary

## What People Like

People tend to like shops like Naples Soap Company because they add character to a beach day. Instead of only planning around restaurants, this gives you somewhere to wander, browse, and find something that feels tied to the area.

## What to Know

Inventory, hours, and seasonal collections can change, so check the shop directly before making a special trip. Parking is easiest when you visit outside peak lunch and dinner windows, especially in busier town centers.

## Why You'd Go Here

- You want to browse local shops in Seagrove Beach
- You are looking for gifts or vacation finds
- You need a break from the beach
- You are exploring Greenway Station on foot

## Bottom Line

Naples Soap Company is a good shopping listing for anyone exploring Seagrove Beach. It works well as part of a slower 30A day with time to wander."
Pecan Jacks Greenway Station,pecan-jacks-greenway-station,Seagrove Beach,Greenway Station,restaurants,"Find Pecan Jacks Greenway Station in Seagrove Beach: category, contact info, website, location, and quick notes for WhereTo30A.","Pecan Jacks Greenway Station, Seagrove Beach, Greenway Station, restaurants, 30A","Ice cream, candy, pralines, and sweet treats.",,https://pecanjacks.com,https://greenway30a.com/merchants/,"If you're spending time in Greenway Station, Seagrove Beach, Pecan Jacks Greenway Station is a restaurant worth knowing about. Ice cream, candy, pralines, and sweet treats. It fits naturally into a 30A day when you want something close by, easy to plan around, and tied to the feel of Seagrove Beach.

## What It Is

Pecan Jacks Greenway Station is a restaurant located in Greenway Station in Seagrove Beach. It is the kind of place to keep on your list when you are planning where to eat around Seagrove Beach, whether you are coming from the beach, walking through the shopping area, or looking for an easy stop near where you are staying.

## What You'll Find

- Food and drink options for a casual 30A meal
- A convenient location in or near Greenway Station
- A good option to compare with other restaurants in Seagrove Beach
- A stop that works well before or after beach time, shopping, or exploring nearby

## What People Like

People usually look for places like Pecan Jacks Greenway Station because they want an easy meal option that feels connected to the area instead of feeling random or out of the way. The biggest draw is the location, especially if you are already spending time around Greenway Station.

## What to Know

Check the current hours before you go, especially during slower seasons or on holiday weekends. Parking and crowds can vary a lot around Seagrove Beach, so give yourself extra time if you are visiting during lunch, dinner, or peak vacation weeks.

## Why You'd Go Here

- You are looking for a meal near Greenway Station
- You want something convenient while exploring Seagrove Beach
- You are building out a dining list for a beach trip
- You need a practical stop that does not require driving far

## Bottom Line

Pecan Jacks Greenway Station is a useful restaurant listing for anyone planning time in Seagrove Beach. Add it to your WhereTo30A shortlist when convenience, location, and a clear sense of place matter."
Southern Tide Greenway Station,southern-tide-greenway-station,Seagrove Beach,Greenway Station,shopping,"Find Southern Tide Greenway Station in Seagrove Beach: category, contact info, website, location, and quick notes for WhereTo30A.","Southern Tide Greenway Station, Seagrove Beach, Greenway Station, shopping, 30A",Premium coastal lifestyle apparel.,,https://southerntide.com,https://greenway30a.com/merchants/,"If you're spending time in Greenway Station, Seagrove Beach, Southern Tide Greenway Station is a shop worth knowing about. Premium coastal lifestyle apparel. It fits naturally into a 30A day when you want something close by, easy to plan around, and tied to the feel of Seagrove Beach.

## What It Is

Southern Tide Greenway Station is a shopping stop located in Greenway Station in Seagrove Beach. It is a good listing to know if you like browsing local boutiques, beach-town retail, home goods, apparel, gifts, or specialty finds while exploring Seagrove Beach.

## What You'll Find

- Retail items that may include apparel, gifts, home goods, accessories, or specialty products
- A storefront in or near Greenway Station
- A browse-worthy stop between meals or beach plans
- A local shopping option to add to a 30A itinerary

## What People Like

People tend to like shops like Southern Tide Greenway Station because they add character to a beach day. Instead of only planning around restaurants, this gives you somewhere to wander, browse, and find something that feels tied to the area.

## What to Know

Inventory, hours, and seasonal collections can change, so check the shop directly before making a special trip. Parking is easiest when you visit outside peak lunch and dinner windows, especially in busier town centers.

## Why You'd Go Here

- You want to browse local shops in Seagrove Beach
- You are looking for gifts or vacation finds
- You need a break from the beach
- You are exploring Greenway Station on foot

## Bottom Line

Southern Tide Greenway Station is a good shopping listing for anyone exploring Seagrove Beach. It works well as part of a slower 30A day with time to wander."
The Lodge 30A,the-lodge-30a,Seagrove Beach,Greenway Station,services,"Find The Lodge 30A in Seagrove Beach: category, contact info, website, location, and quick notes for WhereTo30A.","The Lodge 30A, Seagrove Beach, Greenway Station, services, 30A",Boutique hotel at Greenway Station.,,https://www.thelodge30a.com,https://greenway30a.com/merchants/,"If you're spending time in Greenway Station, Seagrove Beach, The Lodge 30A is a local service worth knowing about. Boutique hotel at Greenway Station. It fits naturally into a 30A day when you want something close by, easy to plan around, and tied to the feel of Seagrove Beach.

## What It Is

The Lodge 30A is a local service business located in Greenway Station in Seagrove Beach. It is useful to know about when you need something practical while living in, staying in, or planning around Seagrove Beach.

## What You'll Find

- A service-based business serving locals, visitors, or nearby property owners
- A location connected to Greenway Station
- A practical resource for errands, appointments, planning, or support
- A business to contact directly for current availability and details

## What People Like

People usually look for service businesses like The Lodge 30A when they need something specific and nearby. The value is in convenience, local access, and being able to solve a practical need without leaving the 30A area.

## What to Know

For service businesses, it is best to contact them directly before going. Hours, appointment requirements, pricing, and availability can vary, especially during busy visitor seasons.

## Why You'd Go Here

- You need a local service in or near Seagrove Beach
- You are staying nearby and want something convenient
- You are comparing practical resources along 30A
- You want a business located close to Greenway Station

## Bottom Line

The Lodge 30A is a practical listing to keep in your Seagrove Beach directory. It is most useful when you need local access and clear contact information."
The Salty Butcher,the-salty-butcher,Seagrove Beach,Greenway Station,restaurants,"Find The Salty Butcher in Seagrove Beach: category, contact info, website, location, and quick notes for WhereTo30A.","The Salty Butcher, Seagrove Beach, Greenway Station, restaurants, 30A","Boutique butcher shop with meats, cheeses, wine, specialty goods, and sandwiches.",,https://thesaltybutcher30a.com,https://greenway30a.com/merchants/,"If you're spending time in Greenway Station, Seagrove Beach, The Salty Butcher is a restaurant worth knowing about. Boutique butcher shop with meats, cheeses, wine, specialty goods, and sandwiches. It fits naturally into a 30A day when you want something close by, easy to plan around, and tied to the feel of Seagrove Beach.

## What It Is

The Salty Butcher is a restaurant located in Greenway Station in Seagrove Beach. It is the kind of place to keep on your list when you are planning where to eat around Seagrove Beach, whether you are coming from the beach, walking through the shopping area, or looking for an easy stop near where you are staying.

## What You'll Find

- Food and drink options for a casual 30A meal
- A convenient location in or near Greenway Station
- A good option to compare with other restaurants in Seagrove Beach
- A stop that works well before or after beach time, shopping, or exploring nearby

## What People Like

People usually look for places like The Salty Butcher because they want an easy meal option that feels connected to the area instead of feeling random or out of the way. The biggest draw is the location, especially if you are already spending time around Greenway Station.

## What to Know

Check the current hours before you go, especially during slower seasons or on holiday weekends. Parking and crowds can vary a lot around Seagrove Beach, so give yourself extra time if you are visiting during lunch, dinner, or peak vacation weeks.

## Why You'd Go Here

- You are looking for a meal near Greenway Station
- You want something convenient while exploring Seagrove Beach
- You are building out a dining list for a beach trip
- You need a practical stop that does not require driving far

## Bottom Line

The Salty Butcher is a useful restaurant listing for anyone planning time in Seagrove Beach. Add it to your WhereTo30A shortlist when convenience, location, and a clear sense of place matter."
Turbo Coffee Greenway Station,turbo-coffee-greenway-station,Seagrove Beach,Greenway Station,coffee shops,"Find Turbo Coffee Greenway Station in Seagrove Beach: category, contact info, website, location, and quick notes for WhereTo30A.","Turbo Coffee Greenway Station, Seagrove Beach, Greenway Station, coffee shops, 30A","Coffee, smoothies, acai bowls, pastries, and healthy food.",,https://www.turbo-coffee.com,https://greenway30a.com/merchants/,"If you're spending time in Greenway Station, Seagrove Beach, Turbo Coffee Greenway Station is a coffee shop worth knowing about. Coffee, smoothies, acai bowls, pastries, and healthy food. It fits naturally into a 30A day when you want something close by, easy to plan around, and tied to the feel of Seagrove Beach.

## What It Is

Turbo Coffee Greenway Station is a coffee shop located in Greenway Station in Seagrove Beach. It is a good one to know when you want a morning stop, an afternoon pick-me-up, or a place to anchor a walk through Seagrove Beach.

## What You'll Find

- Coffee, tea, or casual drinks depending on the shop
- A convenient stop near Greenway Station
- A place to begin the morning before the beach or shopping
- A low-key break during a longer 30A day

## What People Like

People tend to like coffee stops like Turbo Coffee Greenway Station because they make a day in Seagrove Beach feel easier. It gives you a natural starting point, especially if you are walking, biking, or meeting someone nearby.

## What to Know

Morning hours are usually the safest bet for coffee shops, but always confirm the current schedule before making a special trip. Lines can build during spring break, summer, and holiday weekends, so earlier is usually better.

## Why You'd Go Here

- You want coffee before heading to the beach
- You are meeting someone in Seagrove Beach
- You need an easy stop while exploring Greenway Station
- You are creating a morning itinerary along 30A

## Bottom Line

Turbo Coffee Greenway Station is a helpful coffee shop to keep on your Seagrove Beach list. It works best as a simple morning stop or an easy pause while exploring nearby."
YOLO Board and Bike Greenway Station,yolo-board-and-bike-greenway-station,Seagrove Beach,Greenway Station,activity,"Find YOLO Board and Bike Greenway Station in Seagrove Beach: category, contact info, website, location, and quick notes for WhereTo30A.","YOLO Board and Bike Greenway Station, Seagrove Beach, Greenway Station, activity, 30A",Board and bike shop with beach lifestyle gear.,,https://yoloboard.com,https://greenway30a.com/merchants/,"If you're spending time in Greenway Station, Seagrove Beach, YOLO Board and Bike Greenway Station is a activity or experience worth knowing about. Board and bike shop with beach lifestyle gear. It fits naturally into a 30A day when you want something close by, easy to plan around, and tied to the feel of Seagrove Beach.

## What It Is

YOLO Board and Bike Greenway Station is an activity or experience located in Greenway Station in Seagrove Beach. It is a good option to consider when you want to do more than just sit on the beach and are looking for something to build into your Seagrove Beach plans.

## What You'll Find

- An activity, attraction, rental, class, or experience depending on the business
- A location connected to Greenway Station
- A way to add structure to a beach day
- A good option for families, couples, groups, or visitors looking for something local

## What People Like

People tend to like activity-based stops like YOLO Board and Bike Greenway Station because they make a 30A day feel more memorable. These are the kinds of places that help turn a simple beach trip into a fuller itinerary.

## What to Know

Book ahead if the activity depends on reservations, weather, equipment, or staffing. Availability can shift quickly during spring break, summer, and long weekends, so confirm details before you go.

## Why You'd Go Here

- You want something active to do in Seagrove Beach
- You are planning a family or group outing
- You need a break from a full beach day
- You are building a more complete 30A itinerary

## Bottom Line

YOLO Board and Bike Greenway Station is a useful activity listing for Seagrove Beach. It is worth checking when you want your day to include something more planned or interactive."
Art of Simple,art-of-simple,Seaside,Seaside Central Square / Airstream Row,shopping,"Find Art of Simple in Seaside: category, contact info, website, location, and quick notes for WhereTo30A.","Art of Simple, Seaside, Seaside Central Square / Airstream Row, shopping, 30A","Eclectic shop with apothecary, tabletop, home decor, gifts, fine art, and more.",850-231-6748,https://www.theartofsimpleonline.com,https://seasidefl.com/shopping/,"If you're spending time in Seaside Central Square / Airstream Row, Seaside, Art of Simple is a shop worth knowing about. Eclectic shop with apothecary, tabletop, home decor, gifts, fine art, and more. It fits naturally into a 30A day when you want something close by, easy to plan around, and tied to the feel of Seaside.

## What It Is

Art of Simple is a shopping stop located in Seaside Central Square / Airstream Row in Seaside. It is a good listing to know if you like browsing local boutiques, beach-town retail, home goods, apparel, gifts, or specialty finds while exploring Seaside.

## What You'll Find

- Retail items that may include apparel, gifts, home goods, accessories, or specialty products
- A storefront in or near Seaside Central Square / Airstream Row
- A browse-worthy stop between meals or beach plans
- A local shopping option to add to a 30A itinerary

## What People Like

People tend to like shops like Art of Simple because they add character to a beach day. Instead of only planning around restaurants, this gives you somewhere to wander, browse, and find something that feels tied to the area.

## What to Know

Inventory, hours, and seasonal collections can change, so check the shop directly before making a special trip. Parking is easiest when you visit outside peak lunch and dinner windows, especially in busier town centers.

## Why You'd Go Here

- You want to browse local shops in Seaside
- You are looking for gifts or vacation finds
- You need a break from the beach
- You are exploring Seaside Central Square / Airstream Row on foot

## Bottom Line

Art of Simple is a good shopping listing for anyone exploring Seaside. It works well as part of a slower 30A day with time to wander."
Poeta,poeta,Seaside,Seaside Central Square / Airstream Row,shopping,"Find Poeta in Seaside: category, contact info, website, location, and quick notes for WhereTo30A.","Poeta, Seaside, Seaside Central Square / Airstream Row, shopping, 30A",Handcrafted bag boutique designed in Seaside.,,,https://seasidefl.com/shopping/,"If you're spending time in Seaside Central Square / Airstream Row, Seaside, Poeta is a shop worth knowing about. Handcrafted bag boutique designed in Seaside. It fits naturally into a 30A day when you want something close by, easy to plan around, and tied to the feel of Seaside.

## What It Is

Poeta is a shopping stop located in Seaside Central Square / Airstream Row in Seaside. It is a good listing to know if you like browsing local boutiques, beach-town retail, home goods, apparel, gifts, or specialty finds while exploring Seaside.

## What You'll Find

- Retail items that may include apparel, gifts, home goods, accessories, or specialty products
- A storefront in or near Seaside Central Square / Airstream Row
- A browse-worthy stop between meals or beach plans
- A local shopping option to add to a 30A itinerary

## What People Like

People tend to like shops like Poeta because they add character to a beach day. Instead of only planning around restaurants, this gives you somewhere to wander, browse, and find something that feels tied to the area.

## What to Know

Inventory, hours, and seasonal collections can change, so check the shop directly before making a special trip. Parking is easiest when you visit outside peak lunch and dinner windows, especially in busier town centers.

## Why You'd Go Here

- You want to browse local shops in Seaside
- You are looking for gifts or vacation finds
- You need a break from the beach
- You are exploring Seaside Central Square / Airstream Row on foot

## Bottom Line

Poeta is a good shopping listing for anyone exploring Seaside. It works well as part of a slower 30A day with time to wander."
Town Square Shoes,town-square-shoes,Seaside,Seaside Central Square / Airstream Row,shopping,"Find Town Square Shoes in Seaside: category, contact info, website, location, and quick notes for WhereTo30A.","Town Square Shoes, Seaside, Seaside Central Square / Airstream Row, shopping, 30A","Shoe shop with Birkenstock, HOKA, On Running, and more.",850-399-4014,,https://seasidefl.com/shopping/,"If you're spending time in Seaside Central Square / Airstream Row, Seaside, Town Square Shoes is a shop worth knowing about. Shoe shop with Birkenstock, HOKA, On Running, and more. It fits naturally into a 30A day when you want something close by, easy to plan around, and tied to the feel of Seaside.

## What It Is

Town Square Shoes is a shopping stop located in Seaside Central Square / Airstream Row in Seaside. It is a good listing to know if you like browsing local boutiques, beach-town retail, home goods, apparel, gifts, or specialty finds while exploring Seaside.

## What You'll Find

- Retail items that may include apparel, gifts, home goods, accessories, or specialty products
- A storefront in or near Seaside Central Square / Airstream Row
- A browse-worthy stop between meals or beach plans
- A local shopping option to add to a 30A itinerary

## What People Like

People tend to like shops like Town Square Shoes because they add character to a beach day. Instead of only planning around restaurants, this gives you somewhere to wander, browse, and find something that feels tied to the area.

## What to Know

Inventory, hours, and seasonal collections can change, so check the shop directly before making a special trip. Parking is easiest when you visit outside peak lunch and dinner windows, especially in busier town centers.

## Why You'd Go Here

- You want to browse local shops in Seaside
- You are looking for gifts or vacation finds
- You need a break from the beach
- You are exploring Seaside Central Square / Airstream Row on foot

## Bottom Line

Town Square Shoes is a good shopping listing for anyone exploring Seaside. It works well as part of a slower 30A day with time to wander."
Kids + Baby by The Seaside Style,kids-baby-by-the-seaside-style,Seaside,Seaside Central Square / Airstream Row,shopping,"Find Kids + Baby by The Seaside Style in Seaside: category, contact info, website, location, and quick notes for WhereTo30A.","Kids + Baby by The Seaside Style, Seaside, Seaside Central Square / Airstream Row, shopping, 30A",Children’s boutique with baby essentials and playful gifts.,877-508-9411,https://theseasidestyle.com,https://seasidefl.com/shopping/,"If you're spending time in Seaside Central Square / Airstream Row, Seaside, Kids + Baby by The Seaside Style is a shop worth knowing about. Children’s boutique with baby essentials and playful gifts. It fits naturally into a 30A day when you want something close by, easy to plan around, and tied to the feel of Seaside.

## What It Is

Kids + Baby by The Seaside Style is a shopping stop located in Seaside Central Square / Airstream Row in Seaside. It is a good listing to know if you like browsing local boutiques, beach-town retail, home goods, apparel, gifts, or specialty finds while exploring Seaside.

## What You'll Find

- Retail items that may include apparel, gifts, home goods, accessories, or specialty products
- A storefront in or near Seaside Central Square / Airstream Row
- A browse-worthy stop between meals or beach plans
- A local shopping option to add to a 30A itinerary

## What People Like

People tend to like shops like Kids + Baby by The Seaside Style because they add character to a beach day. Instead of only planning around restaurants, this gives you somewhere to wander, browse, and find something that feels tied to the area.

## What to Know

Inventory, hours, and seasonal collections can change, so check the shop directly before making a special trip. Parking is easiest when you visit outside peak lunch and dinner windows, especially in busier town centers.

## Why You'd Go Here

- You want to browse local shops in Seaside
- You are looking for gifts or vacation finds
- You need a break from the beach
- You are exploring Seaside Central Square / Airstream Row on foot

## Bottom Line

Kids + Baby by The Seaside Style is a good shopping listing for anyone exploring Seaside. It works well as part of a slower 30A day with time to wander."
The Seaside Style,the-seaside-style,Seaside,Seaside Central Square / Airstream Row,shopping,"Find The Seaside Style in Seaside: category, contact info, website, location, and quick notes for WhereTo30A.","The Seaside Style, Seaside, Seaside Central Square / Airstream Row, shopping, 30A",Official Seaside lifestyle brand and logo wear.,877-508-9411,https://theseasidestyle.com,https://seasidefl.com/shopping/,"If you're spending time in Seaside Central Square / Airstream Row, Seaside, The Seaside Style is a shop worth knowing about. Official Seaside lifestyle brand and logo wear. It fits naturally into a 30A day when you want something close by, easy to plan around, and tied to the feel of Seaside.

## What It Is

The Seaside Style is a shopping stop located in Seaside Central Square / Airstream Row in Seaside. It is a good listing to know if you like browsing local boutiques, beach-town retail, home goods, apparel, gifts, or specialty finds while exploring Seaside.

## What You'll Find

- Retail items that may include apparel, gifts, home goods, accessories, or specialty products
- A storefront in or near Seaside Central Square / Airstream Row
- A browse-worthy stop between meals or beach plans
- A local shopping option to add to a 30A itinerary

## What People Like

People tend to like shops like The Seaside Style because they add character to a beach day. Instead of only planning around restaurants, this gives you somewhere to wander, browse, and find something that feels tied to the area.

## What to Know

Inventory, hours, and seasonal collections can change, so check the shop directly before making a special trip. Parking is easiest when you visit outside peak lunch and dinner windows, especially in busier town centers.

## Why You'd Go Here

- You want to browse local shops in Seaside
- You are looking for gifts or vacation finds
- You need a break from the beach
- You are exploring Seaside Central Square / Airstream Row on foot

## Bottom Line

The Seaside Style is a good shopping listing for anyone exploring Seaside. It works well as part of a slower 30A day with time to wander."
Sundog Books,sundog-books,Seaside,Seaside Central Square / Airstream Row,shopping,"Find Sundog Books in Seaside: category, contact info, website, location, and quick notes for WhereTo30A.","Sundog Books, Seaside, Seaside Central Square / Airstream Row, shopping, 30A",Independent bookstore in the heart of Seaside.,850-231-5481,,https://seasidefl.com/shopping/,"If you're spending time in Seaside Central Square / Airstream Row, Seaside, Sundog Books is a shop worth knowing about. Independent bookstore in the heart of Seaside. It fits naturally into a 30A day when you want something close by, easy to plan around, and tied to the feel of Seaside.

## What It Is

Sundog Books is a shopping stop located in Seaside Central Square / Airstream Row in Seaside. It is a good listing to know if you like browsing local boutiques, beach-town retail, home goods, apparel, gifts, or specialty finds while exploring Seaside.

## What You'll Find

- Retail items that may include apparel, gifts, home goods, accessories, or specialty products
- A storefront in or near Seaside Central Square / Airstream Row
- A browse-worthy stop between meals or beach plans
- A local shopping option to add to a 30A itinerary

## What People Like

People tend to like shops like Sundog Books because they add character to a beach day. Instead of only planning around restaurants, this gives you somewhere to wander, browse, and find something that feels tied to the area.

## What to Know

Inventory, hours, and seasonal collections can change, so check the shop directly before making a special trip. Parking is easiest when you visit outside peak lunch and dinner windows, especially in busier town centers.

## Why You'd Go Here

- You want to browse local shops in Seaside
- You are looking for gifts or vacation finds
- You need a break from the beach
- You are exploring Seaside Central Square / Airstream Row on foot

## Bottom Line

Sundog Books is a good shopping listing for anyone exploring Seaside. It works well as part of a slower 30A day with time to wander."
An Apartment in Paris,an-apartment-in-paris,Seaside,Seaside Central Square / Airstream Row,shopping,"Find An Apartment in Paris in Seaside: category, contact info, website, location, and quick notes for WhereTo30A.","An Apartment in Paris, Seaside, Seaside Central Square / Airstream Row, shopping, 30A","Home, gift, and decor boutique in Seaside.",850-534-0038,https://anapartmentinparis.com,https://seasidefl.com/shopping/,"If you're spending time in Seaside Central Square / Airstream Row, Seaside, An Apartment in Paris is a shop worth knowing about. Home, gift, and decor boutique in Seaside. It fits naturally into a 30A day when you want something close by, easy to plan around, and tied to the feel of Seaside.

## What It Is

An Apartment in Paris is a shopping stop located in Seaside Central Square / Airstream Row in Seaside. It is a good listing to know if you like browsing local boutiques, beach-town retail, home goods, apparel, gifts, or specialty finds while exploring Seaside.

## What You'll Find

- Retail items that may include apparel, gifts, home goods, accessories, or specialty products
- A storefront in or near Seaside Central Square / Airstream Row
- A browse-worthy stop between meals or beach plans
- A local shopping option to add to a 30A itinerary

## What People Like

People tend to like shops like An Apartment in Paris because they add character to a beach day. Instead of only planning around restaurants, this gives you somewhere to wander, browse, and find something that feels tied to the area.

## What to Know

Inventory, hours, and seasonal collections can change, so check the shop directly before making a special trip. Parking is easiest when you visit outside peak lunch and dinner windows, especially in busier town centers.

## Why You'd Go Here

- You want to browse local shops in Seaside
- You are looking for gifts or vacation finds
- You need a break from the beach
- You are exploring Seaside Central Square / Airstream Row on foot

## Bottom Line

An Apartment in Paris is a good shopping listing for anyone exploring Seaside. It works well as part of a slower 30A day with time to wander."
Artful Eye,artful-eye,Seaside,Seaside Central Square / Airstream Row,shopping,"Find Artful Eye in Seaside: category, contact info, website, location, and quick notes for WhereTo30A.","Artful Eye, Seaside, Seaside Central Square / Airstream Row, shopping, 30A",Optical shop for prescription and non-prescription eyewear.,888-264-4989,https://theeyegallery.com,https://seasidefl.com/shopping/,"If you're spending time in Seaside Central Square / Airstream Row, Seaside, Artful Eye is a shop worth knowing about. Optical shop for prescription and non-prescription eyewear. It fits naturally into a 30A day when you want something close by, easy to plan around, and tied to the feel of Seaside.

## What It Is

Artful Eye is a shopping stop located in Seaside Central Square / Airstream Row in Seaside. It is a good listing to know if you like browsing local boutiques, beach-town retail, home goods, apparel, gifts, or specialty finds while exploring Seaside.

## What You'll Find

- Retail items that may include apparel, gifts, home goods, accessories, or specialty products
- A storefront in or near Seaside Central Square / Airstream Row
- A browse-worthy stop between meals or beach plans
- A local shopping option to add to a 30A itinerary

## What People Like

People tend to like shops like Artful Eye because they add character to a beach day. Instead of only planning around restaurants, this gives you somewhere to wander, browse, and find something that feels tied to the area.

## What to Know

Inventory, hours, and seasonal collections can change, so check the shop directly before making a special trip. Parking is easiest when you visit outside peak lunch and dinner windows, especially in busier town centers.

## Why You'd Go Here

- You want to browse local shops in Seaside
- You are looking for gifts or vacation finds
- You need a break from the beach
- You are exploring Seaside Central Square / Airstream Row on foot

## Bottom Line

Artful Eye is a good shopping listing for anyone exploring Seaside. It works well as part of a slower 30A day with time to wander."
Brothers Fine Men’s Clothier,brothers-fine-mens-clothier,Seaside,Seaside Central Square / Airstream Row,shopping,"Find Brothers Fine Men’s Clothier in Seaside: category, contact info, website, location, and quick notes for WhereTo30A.","Brothers Fine Men’s Clothier, Seaside, Seaside Central Square / Airstream Row, shopping, 30A",Men’s clothing store in Seaside.,,,https://seasidefl.com/shopping/,"If you're spending time in Seaside Central Square / Airstream Row, Seaside, Brothers Fine Men’s Clothier is a shop worth knowing about. Men’s clothing store in Seaside. It fits naturally into a 30A day when you want something close by, easy to plan around, and tied to the feel of Seaside.

## What It Is

Brothers Fine Men’s Clothier is a shopping stop located in Seaside Central Square / Airstream Row in Seaside. It is a good listing to know if you like browsing local boutiques, beach-town retail, home goods, apparel, gifts, or specialty finds while exploring Seaside.

## What You'll Find

- Retail items that may include apparel, gifts, home goods, accessories, or specialty products
- A storefront in or near Seaside Central Square / Airstream Row
- A browse-worthy stop between meals or beach plans
- A local shopping option to add to a 30A itinerary

## What People Like

People tend to like shops like Brothers Fine Men’s Clothier because they add character to a beach day. Instead of only planning around restaurants, this gives you somewhere to wander, browse, and find something that feels tied to the area.

## What to Know

Inventory, hours, and seasonal collections can change, so check the shop directly before making a special trip. Parking is easiest when you visit outside peak lunch and dinner windows, especially in busier town centers.

## Why You'd Go Here

- You want to browse local shops in Seaside
- You are looking for gifts or vacation finds
- You need a break from the beach
- You are exploring Seaside Central Square / Airstream Row on foot

## Bottom Line

Brothers Fine Men’s Clothier is a good shopping listing for anyone exploring Seaside. It works well as part of a slower 30A day with time to wander."
Cabana by The Seaside Style,cabana-by-the-seaside-style,Seaside,Seaside Central Square / Airstream Row,shopping,"Find Cabana by The Seaside Style in Seaside: category, contact info, website, location, and quick notes for WhereTo30A.","Cabana by The Seaside Style, Seaside, Seaside Central Square / Airstream Row, shopping, 30A",Coastal boutique in Central Square.,877-508-9411,https://theseasidestyle.com,https://seasidefl.com/shopping/,"If you're spending time in Seaside Central Square / Airstream Row, Seaside, Cabana by The Seaside Style is a shop worth knowing about. Coastal boutique in Central Square. It fits naturally into a 30A day when you want something close by, easy to plan around, and tied to the feel of Seaside.

## What It Is

Cabana by The Seaside Style is a shopping stop located in Seaside Central Square / Airstream Row in Seaside. It is a good listing to know if you like browsing local boutiques, beach-town retail, home goods, apparel, gifts, or specialty finds while exploring Seaside.

## What You'll Find

- Retail items that may include apparel, gifts, home goods, accessories, or specialty products
- A storefront in or near Seaside Central Square / Airstream Row
- A browse-worthy stop between meals or beach plans
- A local shopping option to add to a 30A itinerary

## What People Like

People tend to like shops like Cabana by The Seaside Style because they add character to a beach day. Instead of only planning around restaurants, this gives you somewhere to wander, browse, and find something that feels tied to the area.

## What to Know

Inventory, hours, and seasonal collections can change, so check the shop directly before making a special trip. Parking is easiest when you visit outside peak lunch and dinner windows, especially in busier town centers.

## Why You'd Go Here

- You want to browse local shops in Seaside
- You are looking for gifts or vacation finds
- You need a break from the beach
- You are exploring Seaside Central Square / Airstream Row on foot

## Bottom Line

Cabana by The Seaside Style is a good shopping listing for anyone exploring Seaside. It works well as part of a slower 30A day with time to wander."
Central Square Records,central-square-records,Seaside,Seaside Central Square / Airstream Row,shopping,"Find Central Square Records in Seaside: category, contact info, website, location, and quick notes for WhereTo30A.","Central Square Records, Seaside, Seaside Central Square / Airstream Row, shopping, 30A",Independent record store overlooking downtown Seaside.,850-231-5669,https://centralsquarerecords.com,https://seasidefl.com/shopping/,"If you're spending time in Seaside Central Square / Airstream Row, Seaside, Central Square Records is a shop worth knowing about. Independent record store overlooking downtown Seaside. It fits naturally into a 30A day when you want something close by, easy to plan around, and tied to the feel of Seaside.

## What It Is

Central Square Records is a shopping stop located in Seaside Central Square / Airstream Row in Seaside. It is a good listing to know if you like browsing local boutiques, beach-town retail, home goods, apparel, gifts, or specialty finds while exploring Seaside.

## What You'll Find

- Retail items that may include apparel, gifts, home goods, accessories, or specialty products
- A storefront in or near Seaside Central Square / Airstream Row
- A browse-worthy stop between meals or beach plans
- A local shopping option to add to a 30A itinerary

## What People Like

People tend to like shops like Central Square Records because they add character to a beach day. Instead of only planning around restaurants, this gives you somewhere to wander, browse, and find something that feels tied to the area.

## What to Know

Inventory, hours, and seasonal collections can change, so check the shop directly before making a special trip. Parking is easiest when you visit outside peak lunch and dinner windows, especially in busier town centers.

## Why You'd Go Here

- You want to browse local shops in Seaside
- You are looking for gifts or vacation finds
- You need a break from the beach
- You are exploring Seaside Central Square / Airstream Row on foot

## Bottom Line

Central Square Records is a good shopping listing for anyone exploring Seaside. It works well as part of a slower 30A day with time to wander."
Charleston Shoe Company Seaside,charleston-shoe-company-seaside,Seaside,Seaside Central Square / Airstream Row,shopping,"Find Charleston Shoe Company Seaside in Seaside: category, contact info, website, location, and quick notes for WhereTo30A.","Charleston Shoe Company Seaside, Seaside, Seaside Central Square / Airstream Row, shopping, 30A",Women’s comfort shoe boutique.,,https://charlestonshoeco.com,https://seasidefl.com/shopping/,"If you're spending time in Seaside Central Square / Airstream Row, Seaside, Charleston Shoe Company Seaside is a shop worth knowing about. Women’s comfort shoe boutique. It fits naturally into a 30A day when you want something close by, easy to plan around, and tied to the feel of Seaside.

## What It Is

Charleston Shoe Company Seaside is a shopping stop located in Seaside Central Square / Airstream Row in Seaside. It is a good listing to know if you like browsing local boutiques, beach-town retail, home goods, apparel, gifts, or specialty finds while exploring Seaside.

## What You'll Find

- Retail items that may include apparel, gifts, home goods, accessories, or specialty products
- A storefront in or near Seaside Central Square / Airstream Row
- A browse-worthy stop between meals or beach plans
- A local shopping option to add to a 30A itinerary

## What People Like

People tend to like shops like Charleston Shoe Company Seaside because they add character to a beach day. Instead of only planning around restaurants, this gives you somewhere to wander, browse, and find something that feels tied to the area.

## What to Know

Inventory, hours, and seasonal collections can change, so check the shop directly before making a special trip. Parking is easiest when you visit outside peak lunch and dinner windows, especially in busier town centers.

## Why You'd Go Here

- You want to browse local shops in Seaside
- You are looking for gifts or vacation finds
- You need a break from the beach
- You are exploring Seaside Central Square / Airstream Row on foot

## Bottom Line

Charleston Shoe Company Seaside is a good shopping listing for anyone exploring Seaside. It works well as part of a slower 30A day with time to wander."
Duckies Shop of Fun,duckies-shop-of-fun,Seaside,Seaside Central Square / Airstream Row,shopping,"Find Duckies Shop of Fun in Seaside: category, contact info, website, location, and quick notes for WhereTo30A.","Duckies Shop of Fun, Seaside, Seaside Central Square / Airstream Row, shopping, 30A","Toys, kids clothing, and playful gifts.",850-231-4800,https://www.shopduckies.com,https://seasidefl.com/shopping/,"If you're spending time in Seaside Central Square / Airstream Row, Seaside, Duckies Shop of Fun is a shop worth knowing about. Toys, kids clothing, and playful gifts. It fits naturally into a 30A day when you want something close by, easy to plan around, and tied to the feel of Seaside.

## What It Is

Duckies Shop of Fun is a shopping stop located in Seaside Central Square / Airstream Row in Seaside. It is a good listing to know if you like browsing local boutiques, beach-town retail, home goods, apparel, gifts, or specialty finds while exploring Seaside.

## What You'll Find

- Retail items that may include apparel, gifts, home goods, accessories, or specialty products
- A storefront in or near Seaside Central Square / Airstream Row
- A browse-worthy stop between meals or beach plans
- A local shopping option to add to a 30A itinerary

## What People Like

People tend to like shops like Duckies Shop of Fun because they add character to a beach day. Instead of only planning around restaurants, this gives you somewhere to wander, browse, and find something that feels tied to the area.

## What to Know

Inventory, hours, and seasonal collections can change, so check the shop directly before making a special trip. Parking is easiest when you visit outside peak lunch and dinner windows, especially in busier town centers.

## Why You'd Go Here

- You want to browse local shops in Seaside
- You are looking for gifts or vacation finds
- You need a break from the beach
- You are exploring Seaside Central Square / Airstream Row on foot

## Bottom Line

Duckies Shop of Fun is a good shopping listing for anyone exploring Seaside. It works well as part of a slower 30A day with time to wander."
Headley Hat Co.,headley-hat-co,Seaside,Seaside Central Square / Airstream Row,shopping,"Find Headley Hat Co. in Seaside: category, contact info, website, location, and quick notes for WhereTo30A.","Headley Hat Co., Seaside, Seaside Central Square / Airstream Row, shopping, 30A",Custom hat boutique near the beach.,,https://www.headleyhat.com,https://seasidefl.com/shopping/,"If you're spending time in Seaside Central Square / Airstream Row, Seaside, Headley Hat Co. is a shop worth knowing about. Custom hat boutique near the beach. It fits naturally into a 30A day when you want something close by, easy to plan around, and tied to the feel of Seaside.

## What It Is

Headley Hat Co. is a shopping stop located in Seaside Central Square / Airstream Row in Seaside. It is a good listing to know if you like browsing local boutiques, beach-town retail, home goods, apparel, gifts, or specialty finds while exploring Seaside.

## What You'll Find

- Retail items that may include apparel, gifts, home goods, accessories, or specialty products
- A storefront in or near Seaside Central Square / Airstream Row
- A browse-worthy stop between meals or beach plans
- A local shopping option to add to a 30A itinerary

## What People Like

People tend to like shops like Headley Hat Co. because they add character to a beach day. Instead of only planning around restaurants, this gives you somewhere to wander, browse, and find something that feels tied to the area.

## What to Know

Inventory, hours, and seasonal collections can change, so check the shop directly before making a special trip. Parking is easiest when you visit outside peak lunch and dinner windows, especially in busier town centers.

## Why You'd Go Here

- You want to browse local shops in Seaside
- You are looking for gifts or vacation finds
- You need a break from the beach
- You are exploring Seaside Central Square / Airstream Row on foot

## Bottom Line

Headley Hat Co. is a good shopping listing for anyone exploring Seaside. It works well as part of a slower 30A day with time to wander."
Modica Market,modica-market,Seaside,Seaside Central Square / Airstream Row,restaurants,"Find Modica Market in Seaside: category, contact info, website, location, and quick notes for WhereTo30A.","Modica Market, Seaside, Seaside Central Square / Airstream Row, restaurants, 30A","Market, deli, grocery, and Seaside staple.",,,https://seasidefl.com/shopping/,"If you're spending time in Seaside Central Square / Airstream Row, Seaside, Modica Market is a restaurant worth knowing about. Market, deli, grocery, and Seaside staple. It fits naturally into a 30A day when you want something close by, easy to plan around, and tied to the feel of Seaside.

## What It Is

Modica Market is a restaurant located in Seaside Central Square / Airstream Row in Seaside. It is the kind of place to keep on your list when you are planning where to eat around Seaside, whether you are coming from the beach, walking through the shopping area, or looking for an easy stop near where you are staying.

## What You'll Find

- Food and drink options for a casual 30A meal
- A convenient location in or near Seaside Central Square / Airstream Row
- A good option to compare with other restaurants in Seaside
- A stop that works well before or after beach time, shopping, or exploring nearby

## What People Like

People usually look for places like Modica Market because they want an easy meal option that feels connected to the area instead of feeling random or out of the way. The biggest draw is the location, especially if you are already spending time around Seaside Central Square / Airstream Row.

## What to Know

Check the current hours before you go, especially during slower seasons or on holiday weekends. Parking and crowds can vary a lot around Seaside, so give yourself extra time if you are visiting during lunch, dinner, or peak vacation weeks.

## Why You'd Go Here

- You are looking for a meal near Seaside Central Square / Airstream Row
- You want something convenient while exploring Seaside
- You are building out a dining list for a beach trip
- You need a practical stop that does not require driving far

## Bottom Line

Modica Market is a useful restaurant listing for anyone planning time in Seaside. Add it to your WhereTo30A shortlist when convenience, location, and a clear sense of place matter."
Bud & Alley’s Waterfront Restaurant,bud-and-alleys-waterfront-restaurant,Seaside,Seaside Central Square / Airstream Row,restaurants,"Find Bud & Alley’s Waterfront Restaurant in Seaside: category, contact info, website, location, and quick notes for WhereTo30A.","Bud & Alley’s Waterfront Restaurant, Seaside, Seaside Central Square / Airstream Row, restaurants, 30A",Classic waterfront restaurant in Seaside.,,https://www.budandalleys.com,https://seasidefl.com/shopping/,"If you're spending time in Seaside Central Square / Airstream Row, Seaside, Bud & Alley’s Waterfront Restaurant is a restaurant worth knowing about. Classic waterfront restaurant in Seaside. It fits naturally into a 30A day when you want something close by, easy to plan around, and tied to the feel of Seaside.

## What It Is

Bud & Alley’s Waterfront Restaurant is a restaurant located in Seaside Central Square / Airstream Row in Seaside. It is the kind of place to keep on your list when you are planning where to eat around Seaside, whether you are coming from the beach, walking through the shopping area, or looking for an easy stop near where you are staying.

## What You'll Find

- Food and drink options for a casual 30A meal
- A convenient location in or near Seaside Central Square / Airstream Row
- A good option to compare with other restaurants in Seaside
- A stop that works well before or after beach time, shopping, or exploring nearby

## What People Like

People usually look for places like Bud & Alley’s Waterfront Restaurant because they want an easy meal option that feels connected to the area instead of feeling random or out of the way. The biggest draw is the location, especially if you are already spending time around Seaside Central Square / Airstream Row.

## What to Know

Check the current hours before you go, especially during slower seasons or on holiday weekends. Parking and crowds can vary a lot around Seaside, so give yourself extra time if you are visiting during lunch, dinner, or peak vacation weeks.

## Why You'd Go Here

- You are looking for a meal near Seaside Central Square / Airstream Row
- You want something convenient while exploring Seaside
- You are building out a dining list for a beach trip
- You need a practical stop that does not require driving far

## Bottom Line

Bud & Alley’s Waterfront Restaurant is a useful restaurant listing for anyone planning time in Seaside. Add it to your WhereTo30A shortlist when convenience, location, and a clear sense of place matter."
Bud & Alley’s Taco Bar,bud-and-alleys-taco-bar,Seaside,Seaside Central Square / Airstream Row,restaurants,"Find Bud & Alley’s Taco Bar in Seaside: category, contact info, website, location, and quick notes for WhereTo30A.","Bud & Alley’s Taco Bar, Seaside, Seaside Central Square / Airstream Row, restaurants, 30A",Casual taco spot in Seaside.,,https://www.budandalleys.com,https://seasidefl.com/shopping/,"If you're spending time in Seaside Central Square / Airstream Row, Seaside, Bud & Alley’s Taco Bar is a restaurant worth knowing about. Casual taco spot in Seaside. It fits naturally into a 30A day when you want something close by, easy to plan around, and tied to the feel of Seaside.

## What It Is

Bud & Alley’s Taco Bar is a restaurant located in Seaside Central Square / Airstream Row in Seaside. It is the kind of place to keep on your list when you are planning where to eat around Seaside, whether you are coming from the beach, walking through the shopping area, or looking for an easy stop near where you are staying.

## What You'll Find

- Food and drink options for a casual 30A meal
- A convenient location in or near Seaside Central Square / Airstream Row
- A good option to compare with other restaurants in Seaside
- A stop that works well before or after beach time, shopping, or exploring nearby

## What People Like

People usually look for places like Bud & Alley’s Taco Bar because they want an easy meal option that feels connected to the area instead of feeling random or out of the way. The biggest draw is the location, especially if you are already spending time around Seaside Central Square / Airstream Row.

## What to Know

Check the current hours before you go, especially during slower seasons or on holiday weekends. Parking and crowds can vary a lot around Seaside, so give yourself extra time if you are visiting during lunch, dinner, or peak vacation weeks.

## Why You'd Go Here

- You are looking for a meal near Seaside Central Square / Airstream Row
- You want something convenient while exploring Seaside
- You are building out a dining list for a beach trip
- You need a practical stop that does not require driving far

## Bottom Line

Bud & Alley’s Taco Bar is a useful restaurant listing for anyone planning time in Seaside. Add it to your WhereTo30A shortlist when convenience, location, and a clear sense of place matter."
Bud & Alley’s Pizza Bar,bud-and-alleys-pizza-bar,Seaside,Seaside Central Square / Airstream Row,restaurants,"Find Bud & Alley’s Pizza Bar in Seaside: category, contact info, website, location, and quick notes for WhereTo30A.","Bud & Alley’s Pizza Bar, Seaside, Seaside Central Square / Airstream Row, restaurants, 30A",Casual pizza bar in Seaside.,,https://www.budandalleys.com,https://seasidefl.com/shopping/,"If you're spending time in Seaside Central Square / Airstream Row, Seaside, Bud & Alley’s Pizza Bar is a restaurant worth knowing about. Casual pizza bar in Seaside. It fits naturally into a 30A day when you want something close by, easy to plan around, and tied to the feel of Seaside.

## What It Is

Bud & Alley’s Pizza Bar is a restaurant located in Seaside Central Square / Airstream Row in Seaside. It is the kind of place to keep on your list when you are planning where to eat around Seaside, whether you are coming from the beach, walking through the shopping area, or looking for an easy stop near where you are staying.

## What You'll Find

- Food and drink options for a casual 30A meal
- A convenient location in or near Seaside Central Square / Airstream Row
- A good option to compare with other restaurants in Seaside
- A stop that works well before or after beach time, shopping, or exploring nearby

## What People Like

People usually look for places like Bud & Alley’s Pizza Bar because they want an easy meal option that feels connected to the area instead of feeling random or out of the way. The biggest draw is the location, especially if you are already spending time around Seaside Central Square / Airstream Row.

## What to Know

Check the current hours before you go, especially during slower seasons or on holiday weekends. Parking and crowds can vary a lot around Seaside, so give yourself extra time if you are visiting during lunch, dinner, or peak vacation weeks.

## Why You'd Go Here

- You are looking for a meal near Seaside Central Square / Airstream Row
- You want something convenient while exploring Seaside
- You are building out a dining list for a beach trip
- You need a practical stop that does not require driving far

## Bottom Line

Bud & Alley’s Pizza Bar is a useful restaurant listing for anyone planning time in Seaside. Add it to your WhereTo30A shortlist when convenience, location, and a clear sense of place matter."
Great Southern Café,great-southern-cafe,Seaside,Seaside Central Square / Airstream Row,restaurants,"Find Great Southern Café in Seaside: category, contact info, website, location, and quick notes for WhereTo30A.","Great Southern Café, Seaside, Seaside Central Square / Airstream Row, restaurants, 30A",Southern coastal restaurant in Central Square.,,https://thegreatsoutherncafe.com,https://seasidefl.com/shopping/,"If you're spending time in Seaside Central Square / Airstream Row, Seaside, Great Southern Café is a restaurant worth knowing about. Southern coastal restaurant in Central Square. It fits naturally into a 30A day when you want something close by, easy to plan around, and tied to the feel of Seaside.

## What It Is

Great Southern Café is a restaurant located in Seaside Central Square / Airstream Row in Seaside. It is the kind of place to keep on your list when you are planning where to eat around Seaside, whether you are coming from the beach, walking through the shopping area, or looking for an easy stop near where you are staying.

## What You'll Find

- Food and drink options for a casual 30A meal
- A convenient location in or near Seaside Central Square / Airstream Row
- A good option to compare with other restaurants in Seaside
- A stop that works well before or after beach time, shopping, or exploring nearby

## What People Like

People usually look for places like Great Southern Café because they want an easy meal option that feels connected to the area instead of feeling random or out of the way. The biggest draw is the location, especially if you are already spending time around Seaside Central Square / Airstream Row.

## What to Know

Check the current hours before you go, especially during slower seasons or on holiday weekends. Parking and crowds can vary a lot around Seaside, so give yourself extra time if you are visiting during lunch, dinner, or peak vacation weeks.

## Why You'd Go Here

- You are looking for a meal near Seaside Central Square / Airstream Row
- You want something convenient while exploring Seaside
- You are building out a dining list for a beach trip
- You need a practical stop that does not require driving far

## Bottom Line

Great Southern Café is a useful restaurant listing for anyone planning time in Seaside. Add it to your WhereTo30A shortlist when convenience, location, and a clear sense of place matter."
Pickle’s Burger and Shake,pickles-burger-and-shake,Seaside,Seaside Central Square / Airstream Row,restaurants,"Find Pickle’s Burger and Shake in Seaside: category, contact info, website, location, and quick notes for WhereTo30A.","Pickle’s Burger and Shake, Seaside, Seaside Central Square / Airstream Row, restaurants, 30A","Burgers, shakes, and casual beach food.",,,https://seasidefl.com/shopping/,"If you're spending time in Seaside Central Square / Airstream Row, Seaside, Pickle’s Burger and Shake is a restaurant worth knowing about. Burgers, shakes, and casual beach food. It fits naturally into a 30A day when you want something close by, easy to plan around, and tied to the feel of Seaside.

## What It Is

Pickle’s Burger and Shake is a restaurant located in Seaside Central Square / Airstream Row in Seaside. It is the kind of place to keep on your list when you are planning where to eat around Seaside, whether you are coming from the beach, walking through the shopping area, or looking for an easy stop near where you are staying.

## What You'll Find

- Food and drink options for a casual 30A meal
- A convenient location in or near Seaside Central Square / Airstream Row
- A good option to compare with other restaurants in Seaside
- A stop that works well before or after beach time, shopping, or exploring nearby

## What People Like

People usually look for places like Pickle’s Burger and Shake because they want an easy meal option that feels connected to the area instead of feeling random or out of the way. The biggest draw is the location, especially if you are already spending time around Seaside Central Square / Airstream Row.

## What to Know

Check the current hours before you go, especially during slower seasons or on holiday weekends. Parking and crowds can vary a lot around Seaside, so give yourself extra time if you are visiting during lunch, dinner, or peak vacation weeks.

## Why You'd Go Here

- You are looking for a meal near Seaside Central Square / Airstream Row
- You want something convenient while exploring Seaside
- You are building out a dining list for a beach trip
- You need a practical stop that does not require driving far

## Bottom Line

Pickle’s Burger and Shake is a useful restaurant listing for anyone planning time in Seaside. Add it to your WhereTo30A shortlist when convenience, location, and a clear sense of place matter."
Meltdown on 30A,meltdown-on-30a,Seaside,Seaside Central Square / Airstream Row,restaurants,"Find Meltdown on 30A in Seaside: category, contact info, website, location, and quick notes for WhereTo30A.","Meltdown on 30A, Seaside, Seaside Central Square / Airstream Row, restaurants, 30A",Airstream Row grilled cheese and comfort food.,,,https://seasidefl.com/shopping/,"If you're spending time in Seaside Central Square / Airstream Row, Seaside, Meltdown on 30A is a restaurant worth knowing about. Airstream Row grilled cheese and comfort food. It fits naturally into a 30A day when you want something close by, easy to plan around, and tied to the feel of Seaside.

## What It Is

Meltdown on 30A is a restaurant located in Seaside Central Square / Airstream Row in Seaside. It is the kind of place to keep on your list when you are planning where to eat around Seaside, whether you are coming from the beach, walking through the shopping area, or looking for an easy stop near where you are staying.

## What You'll Find

- Food and drink options for a casual 30A meal
- A convenient location in or near Seaside Central Square / Airstream Row
- A good option to compare with other restaurants in Seaside
- A stop that works well before or after beach time, shopping, or exploring nearby

## What People Like

People usually look for places like Meltdown on 30A because they want an easy meal option that feels connected to the area instead of feeling random or out of the way. The biggest draw is the location, especially if you are already spending time around Seaside Central Square / Airstream Row.

## What to Know

Check the current hours before you go, especially during slower seasons or on holiday weekends. Parking and crowds can vary a lot around Seaside, so give yourself extra time if you are visiting during lunch, dinner, or peak vacation weeks.

## Why You'd Go Here

- You are looking for a meal near Seaside Central Square / Airstream Row
- You want something convenient while exploring Seaside
- You are building out a dining list for a beach trip
- You need a practical stop that does not require driving far

## Bottom Line

Meltdown on 30A is a useful restaurant listing for anyone planning time in Seaside. Add it to your WhereTo30A shortlist when convenience, location, and a clear sense of place matter."
Wild Bill’s Beach Dogs,wild-bills-beach-dogs,Seaside,Seaside Central Square / Airstream Row,restaurants,"Find Wild Bill’s Beach Dogs in Seaside: category, contact info, website, location, and quick notes for WhereTo30A.","Wild Bill’s Beach Dogs, Seaside, Seaside Central Square / Airstream Row, restaurants, 30A",Airstream Row hot dogs and casual eats.,,,https://seasidefl.com/shopping/,"If you're spending time in Seaside Central Square / Airstream Row, Seaside, Wild Bill’s Beach Dogs is a restaurant worth knowing about. Airstream Row hot dogs and casual eats. It fits naturally into a 30A day when you want something close by, easy to plan around, and tied to the feel of Seaside.

## What It Is

Wild Bill’s Beach Dogs is a restaurant located in Seaside Central Square / Airstream Row in Seaside. It is the kind of place to keep on your list when you are planning where to eat around Seaside, whether you are coming from the beach, walking through the shopping area, or looking for an easy stop near where you are staying.

## What You'll Find

- Food and drink options for a casual 30A meal
- A convenient location in or near Seaside Central Square / Airstream Row
- A good option to compare with other restaurants in Seaside
- A stop that works well before or after beach time, shopping, or exploring nearby

## What People Like

People usually look for places like Wild Bill’s Beach Dogs because they want an easy meal option that feels connected to the area instead of feeling random or out of the way. The biggest draw is the location, especially if you are already spending time around Seaside Central Square / Airstream Row.

## What to Know

Check the current hours before you go, especially during slower seasons or on holiday weekends. Parking and crowds can vary a lot around Seaside, so give yourself extra time if you are visiting during lunch, dinner, or peak vacation weeks.

## Why You'd Go Here

- You are looking for a meal near Seaside Central Square / Airstream Row
- You want something convenient while exploring Seaside
- You are building out a dining list for a beach trip
- You need a practical stop that does not require driving far

## Bottom Line

Wild Bill’s Beach Dogs is a useful restaurant listing for anyone planning time in Seaside. Add it to your WhereTo30A shortlist when convenience, location, and a clear sense of place matter."
Crepes du Soleil,crepes-du-soleil,Seaside,Seaside Central Square / Airstream Row,restaurants,"Find Crepes du Soleil in Seaside: category, contact info, website, location, and quick notes for WhereTo30A.","Crepes du Soleil, Seaside, Seaside Central Square / Airstream Row, restaurants, 30A",Airstream Row sweet and savory crepes.,,,https://seasidefl.com/shopping/,"If you're spending time in Seaside Central Square / Airstream Row, Seaside, Crepes du Soleil is a restaurant worth knowing about. Airstream Row sweet and savory crepes. It fits naturally into a 30A day when you want something close by, easy to plan around, and tied to the feel of Seaside.

## What It Is

Crepes du Soleil is a restaurant located in Seaside Central Square / Airstream Row in Seaside. It is the kind of place to keep on your list when you are planning where to eat around Seaside, whether you are coming from the beach, walking through the shopping area, or looking for an easy stop near where you are staying.

## What You'll Find

- Food and drink options for a casual 30A meal
- A convenient location in or near Seaside Central Square / Airstream Row
- A good option to compare with other restaurants in Seaside
- A stop that works well before or after beach time, shopping, or exploring nearby

## What People Like

People usually look for places like Crepes du Soleil because they want an easy meal option that feels connected to the area instead of feeling random or out of the way. The biggest draw is the location, especially if you are already spending time around Seaside Central Square / Airstream Row.

## What to Know

Check the current hours before you go, especially during slower seasons or on holiday weekends. Parking and crowds can vary a lot around Seaside, so give yourself extra time if you are visiting during lunch, dinner, or peak vacation weeks.

## Why You'd Go Here

- You are looking for a meal near Seaside Central Square / Airstream Row
- You want something convenient while exploring Seaside
- You are building out a dining list for a beach trip
- You need a practical stop that does not require driving far

## Bottom Line

Crepes du Soleil is a useful restaurant listing for anyone planning time in Seaside. Add it to your WhereTo30A shortlist when convenience, location, and a clear sense of place matter."
Frost Bites,frost-bites,Seaside,Seaside Central Square / Airstream Row,restaurants,"Find Frost Bites in Seaside: category, contact info, website, location, and quick notes for WhereTo30A.","Frost Bites, Seaside, Seaside Central Square / Airstream Row, restaurants, 30A",Shaved ice and frozen treats on Airstream Row.,,,https://seasidefl.com/shopping/,"If you're spending time in Seaside Central Square / Airstream Row, Seaside, Frost Bites is a restaurant worth knowing about. Shaved ice and frozen treats on Airstream Row. It fits naturally into a 30A day when you want something close by, easy to plan around, and tied to the feel of Seaside.

## What It Is

Frost Bites is a restaurant located in Seaside Central Square / Airstream Row in Seaside. It is the kind of place to keep on your list when you are planning where to eat around Seaside, whether you are coming from the beach, walking through the shopping area, or looking for an easy stop near where you are staying.

## What You'll Find

- Food and drink options for a casual 30A meal
- A convenient location in or near Seaside Central Square / Airstream Row
- A good option to compare with other restaurants in Seaside
- A stop that works well before or after beach time, shopping, or exploring nearby

## What People Like

People usually look for places like Frost Bites because they want an easy meal option that feels connected to the area instead of feeling random or out of the way. The biggest draw is the location, especially if you are already spending time around Seaside Central Square / Airstream Row.

## What to Know

Check the current hours before you go, especially during slower seasons or on holiday weekends. Parking and crowds can vary a lot around Seaside, so give yourself extra time if you are visiting during lunch, dinner, or peak vacation weeks.

## Why You'd Go Here

- You are looking for a meal near Seaside Central Square / Airstream Row
- You want something convenient while exploring Seaside
- You are building out a dining list for a beach trip
- You need a practical stop that does not require driving far

## Bottom Line

Frost Bites is a useful restaurant listing for anyone planning time in Seaside. Add it to your WhereTo30A shortlist when convenience, location, and a clear sense of place matter."
Barefoot BBQ,barefoot-bbq,Seaside,Seaside Central Square / Airstream Row,restaurants,"Find Barefoot BBQ in Seaside: category, contact info, website, location, and quick notes for WhereTo30A.","Barefoot BBQ, Seaside, Seaside Central Square / Airstream Row, restaurants, 30A",Airstream Row barbecue and casual plates.,,,https://seasidefl.com/shopping/,"If you're spending time in Seaside Central Square / Airstream Row, Seaside, Barefoot BBQ is a restaurant worth knowing about. Airstream Row barbecue and casual plates. It fits naturally into a 30A day when you want something close by, easy to plan around, and tied to the feel of Seaside.

## What It Is

Barefoot BBQ is a restaurant located in Seaside Central Square / Airstream Row in Seaside. It is the kind of place to keep on your list when you are planning where to eat around Seaside, whether you are coming from the beach, walking through the shopping area, or looking for an easy stop near where you are staying.

## What You'll Find

- Food and drink options for a casual 30A meal
- A convenient location in or near Seaside Central Square / Airstream Row
- A good option to compare with other restaurants in Seaside
- A stop that works well before or after beach time, shopping, or exploring nearby

## What People Like

People usually look for places like Barefoot BBQ because they want an easy meal option that feels connected to the area instead of feeling random or out of the way. The biggest draw is the location, especially if you are already spending time around Seaside Central Square / Airstream Row.

## What to Know

Check the current hours before you go, especially during slower seasons or on holiday weekends. Parking and crowds can vary a lot around Seaside, so give yourself extra time if you are visiting during lunch, dinner, or peak vacation weeks.

## Why You'd Go Here

- You are looking for a meal near Seaside Central Square / Airstream Row
- You want something convenient while exploring Seaside
- You are building out a dining list for a beach trip
- You need a practical stop that does not require driving far

## Bottom Line

Barefoot BBQ is a useful restaurant listing for anyone planning time in Seaside. Add it to your WhereTo30A shortlist when convenience, location, and a clear sense of place matter."
Five Daughters Bakery Seaside,five-daughters-bakery-seaside,Seaside,Seaside Central Square / Airstream Row,coffee shops,"Find Five Daughters Bakery Seaside in Seaside: category, contact info, website, location, and quick notes for WhereTo30A.","Five Daughters Bakery Seaside, Seaside, Seaside Central Square / Airstream Row, coffee shops, 30A",Bakery with donuts and pastries.,,,https://seasidefl.com/shopping/,"If you're spending time in Seaside Central Square / Airstream Row, Seaside, Five Daughters Bakery Seaside is a coffee shop worth knowing about. Bakery with donuts and pastries. It fits naturally into a 30A day when you want something close by, easy to plan around, and tied to the feel of Seaside.

## What It Is

Five Daughters Bakery Seaside is a coffee shop located in Seaside Central Square / Airstream Row in Seaside. It is a good one to know when you want a morning stop, an afternoon pick-me-up, or a place to anchor a walk through Seaside.

## What You'll Find

- Coffee, tea, or casual drinks depending on the shop
- A convenient stop near Seaside Central Square / Airstream Row
- A place to begin the morning before the beach or shopping
- A low-key break during a longer 30A day

## What People Like

People tend to like coffee stops like Five Daughters Bakery Seaside because they make a day in Seaside feel easier. It gives you a natural starting point, especially if you are walking, biking, or meeting someone nearby.

## What to Know

Morning hours are usually the safest bet for coffee shops, but always confirm the current schedule before making a special trip. Lines can build during spring break, summer, and holiday weekends, so earlier is usually better.

## Why You'd Go Here

- You want coffee before heading to the beach
- You are meeting someone in Seaside
- You need an easy stop while exploring Seaside Central Square / Airstream Row
- You are creating a morning itinerary along 30A

## Bottom Line

Five Daughters Bakery Seaside is a helpful coffee shop to keep on your Seaside list. It works best as a simple morning stop or an easy pause while exploring nearby."
Black Bear Bread Co. Seaside,black-bear-bread-co-seaside,Seaside,Seaside Central Square / Airstream Row,coffee shops,"Find Black Bear Bread Co. Seaside in Seaside: category, contact info, website, location, and quick notes for WhereTo30A.","Black Bear Bread Co. Seaside, Seaside, Seaside Central Square / Airstream Row, coffee shops, 30A","Coffee, bread, pastries, and cafe fare in Seaside.",,https://blackbearbreadco.com,https://seasidefl.com/shopping/,"If you're spending time in Seaside Central Square / Airstream Row, Seaside, Black Bear Bread Co. Seaside is a coffee shop worth knowing about. Coffee, bread, pastries, and cafe fare in Seaside. It fits naturally into a 30A day when you want something close by, easy to plan around, and tied to the feel of Seaside.

## What It Is

Black Bear Bread Co. Seaside is a coffee shop located in Seaside Central Square / Airstream Row in Seaside. It is a good one to know when you want a morning stop, an afternoon pick-me-up, or a place to anchor a walk through Seaside.

## What You'll Find

- Coffee, tea, or casual drinks depending on the shop
- A convenient stop near Seaside Central Square / Airstream Row
- A place to begin the morning before the beach or shopping
- A low-key break during a longer 30A day

## What People Like

People tend to like coffee stops like Black Bear Bread Co. Seaside because they make a day in Seaside feel easier. It gives you a natural starting point, especially if you are walking, biking, or meeting someone nearby.

## What to Know

Morning hours are usually the safest bet for coffee shops, but always confirm the current schedule before making a special trip. Lines can build during spring break, summer, and holiday weekends, so earlier is usually better.

## Why You'd Go Here

- You want coffee before heading to the beach
- You are meeting someone in Seaside
- You need an easy stop while exploring Seaside Central Square / Airstream Row
- You are creating a morning itinerary along 30A

## Bottom Line

Black Bear Bread Co. Seaside is a helpful coffee shop to keep on your Seaside list. It works best as a simple morning stop or an easy pause while exploring nearby."
Amavida Coffee Seaside,amavida-coffee-seaside,Seaside,Seaside Central Square / Airstream Row,coffee shops,"Find Amavida Coffee Seaside in Seaside: category, contact info, website, location, and quick notes for WhereTo30A.","Amavida Coffee Seaside, Seaside, Seaside Central Square / Airstream Row, coffee shops, 30A",Local coffee shop in Seaside.,,https://amavida.com,https://seasidefl.com/shopping/,"If you're spending time in Seaside Central Square / Airstream Row, Seaside, Amavida Coffee Seaside is a coffee shop worth knowing about. Local coffee shop in Seaside. It fits naturally into a 30A day when you want something close by, easy to plan around, and tied to the feel of Seaside.

## What It Is

Amavida Coffee Seaside is a coffee shop located in Seaside Central Square / Airstream Row in Seaside. It is a good one to know when you want a morning stop, an afternoon pick-me-up, or a place to anchor a walk through Seaside.

## What You'll Find

- Coffee, tea, or casual drinks depending on the shop
- A convenient stop near Seaside Central Square / Airstream Row
- A place to begin the morning before the beach or shopping
- A low-key break during a longer 30A day

## What People Like

People tend to like coffee stops like Amavida Coffee Seaside because they make a day in Seaside feel easier. It gives you a natural starting point, especially if you are walking, biking, or meeting someone nearby.

## What to Know

Morning hours are usually the safest bet for coffee shops, but always confirm the current schedule before making a special trip. Lines can build during spring break, summer, and holiday weekends, so earlier is usually better.

## Why You'd Go Here

- You want coffee before heading to the beach
- You are meeting someone in Seaside
- You need an easy stop while exploring Seaside Central Square / Airstream Row
- You are creating a morning itinerary along 30A

## Bottom Line

Amavida Coffee Seaside is a helpful coffee shop to keep on your Seaside list. It works best as a simple morning stop or an easy pause while exploring nearby."
Shrimp Shack,shrimp-shack,Seaside,Seaside Central Square / Airstream Row,restaurants,"Find Shrimp Shack in Seaside: category, contact info, website, location, and quick notes for WhereTo30A.","Shrimp Shack, Seaside, Seaside Central Square / Airstream Row, restaurants, 30A",Casual seafood spot in Seaside.,,,https://seasidefl.com/shopping/,"If you're spending time in Seaside Central Square / Airstream Row, Seaside, Shrimp Shack is a restaurant worth knowing about. Casual seafood spot in Seaside. It fits naturally into a 30A day when you want something close by, easy to plan around, and tied to the feel of Seaside.

## What It Is

Shrimp Shack is a restaurant located in Seaside Central Square / Airstream Row in Seaside. It is the kind of place to keep on your list when you are planning where to eat around Seaside, whether you are coming from the beach, walking through the shopping area, or looking for an easy stop near where you are staying.

## What You'll Find

- Food and drink options for a casual 30A meal
- A convenient location in or near Seaside Central Square / Airstream Row
- A good option to compare with other restaurants in Seaside
- A stop that works well before or after beach time, shopping, or exploring nearby

## What People Like

People usually look for places like Shrimp Shack because they want an easy meal option that feels connected to the area instead of feeling random or out of the way. The biggest draw is the location, especially if you are already spending time around Seaside Central Square / Airstream Row.

## What to Know

Check the current hours before you go, especially during slower seasons or on holiday weekends. Parking and crowds can vary a lot around Seaside, so give yourself extra time if you are visiting during lunch, dinner, or peak vacation weeks.

## Why You'd Go Here

- You are looking for a meal near Seaside Central Square / Airstream Row
- You want something convenient while exploring Seaside
- You are building out a dining list for a beach trip
- You need a practical stop that does not require driving far

## Bottom Line

Shrimp Shack is a useful restaurant listing for anyone planning time in Seaside. Add it to your WhereTo30A shortlist when convenience, location, and a clear sense of place matter."
The Daytrader Tiki Bar & Restaurant,the-daytrader-tiki-bar-and-restaurant,Seaside,Seaside Central Square / Airstream Row,bars,"Find The Daytrader Tiki Bar & Restaurant in Seaside: category, contact info, website, location, and quick notes for WhereTo30A.","The Daytrader Tiki Bar & Restaurant, Seaside, Seaside Central Square / Airstream Row, bars, 30A",Tiki bar and restaurant in Seaside.,,,https://seasidefl.com/shopping/,"If you're spending time in Seaside Central Square / Airstream Row, Seaside, The Daytrader Tiki Bar & Restaurant is a bar or nightlife stop worth knowing about. Tiki bar and restaurant in Seaside. It fits naturally into a 30A day when you want something close by, easy to plan around, and tied to the feel of Seaside.

## What It Is

The Daytrader Tiki Bar & Restaurant is a bar or drinks-focused stop located in Seaside Central Square / Airstream Row in Seaside. It is the kind of place to consider when your 30A plans shift from beach time into dinner, drinks, or a more social evening.

## What You'll Find

- Beer, wine, cocktails, or casual drinks depending on the venue
- A location that works well around Seaside Central Square / Airstream Row
- A spot to add to an evening itinerary
- A place to pair with dinner, live music, or a walk through the area when available

## What People Like

People are usually drawn to places like The Daytrader Tiki Bar & Restaurant for the setting and convenience. Around 30A, the best bar stops are often the ones that are easy to reach, easy to pair with dinner, and relaxed enough to fit the beach-town pace.

## What to Know

Hours, entertainment, and food availability can change by season. Check the current details before you go, especially if you are planning around live music, a late night, or a holiday weekend.

## Why You'd Go Here

- You want drinks near Seaside Central Square / Airstream Row
- You are planning a casual evening in Seaside
- You need a bar option to pair with dinner nearby
- You are looking for a social stop after beach time

## Bottom Line

The Daytrader Tiki Bar & Restaurant is worth saving as a drinks option in Seaside. It is best used as part of a relaxed evening plan rather than a rushed stop."
Huck’s Bandana Bar,hucks-bandana-bar,Seaside,Seaside Central Square / Airstream Row,shopping,"Find Huck’s Bandana Bar in Seaside: category, contact info, website, location, and quick notes for WhereTo30A.","Huck’s Bandana Bar, Seaside, Seaside Central Square / Airstream Row, shopping, 30A",Dog bandana stand and pet accessory shop in Seaside.,,,https://seasidefl.com/shopping/,"If you're spending time in Seaside Central Square / Airstream Row, Seaside, Huck’s Bandana Bar is a shop worth knowing about. Dog bandana stand and pet accessory shop in Seaside. It fits naturally into a 30A day when you want something close by, easy to plan around, and tied to the feel of Seaside.

## What It Is

Huck’s Bandana Bar is a shopping stop located in Seaside Central Square / Airstream Row in Seaside. It is a good listing to know if you like browsing local boutiques, beach-town retail, home goods, apparel, gifts, or specialty finds while exploring Seaside.

## What You'll Find

- Retail items that may include apparel, gifts, home goods, accessories, or specialty products
- A storefront in or near Seaside Central Square / Airstream Row
- A browse-worthy stop between meals or beach plans
- A local shopping option to add to a 30A itinerary

## What People Like

People tend to like shops like Huck’s Bandana Bar because they add character to a beach day. Instead of only planning around restaurants, this gives you somewhere to wander, browse, and find something that feels tied to the area.

## What to Know

Inventory, hours, and seasonal collections can change, so check the shop directly before making a special trip. Parking is easiest when you visit outside peak lunch and dinner windows, especially in busier town centers.

## Why You'd Go Here

- You want to browse local shops in Seaside
- You are looking for gifts or vacation finds
- You need a break from the beach
- You are exploring Seaside Central Square / Airstream Row on foot

## Bottom Line

Huck’s Bandana Bar is a good shopping listing for anyone exploring Seaside. It works well as part of a slower 30A day with time to wander."
Huck & Harlowe Seaside,huck-and-harlowe-seaside,Seaside,Seaside Central Square / Airstream Row,shopping,"Find Huck & Harlowe Seaside in Seaside: category, contact info, website, location, and quick notes for WhereTo30A.","Huck & Harlowe Seaside, Seaside, Seaside Central Square / Airstream Row, shopping, 30A",Dog outfitter and pet goods shop.,,https://www.huckandharlowe.com,https://seasidefl.com/shopping/,"If you're spending time in Seaside Central Square / Airstream Row, Seaside, Huck & Harlowe Seaside is a shop worth knowing about. Dog outfitter and pet goods shop. It fits naturally into a 30A day when you want something close by, easy to plan around, and tied to the feel of Seaside.

## What It Is

Huck & Harlowe Seaside is a shopping stop located in Seaside Central Square / Airstream Row in Seaside. It is a good listing to know if you like browsing local boutiques, beach-town retail, home goods, apparel, gifts, or specialty finds while exploring Seaside.

## What You'll Find

- Retail items that may include apparel, gifts, home goods, accessories, or specialty products
- A storefront in or near Seaside Central Square / Airstream Row
- A browse-worthy stop between meals or beach plans
- A local shopping option to add to a 30A itinerary

## What People Like

People tend to like shops like Huck & Harlowe Seaside because they add character to a beach day. Instead of only planning around restaurants, this gives you somewhere to wander, browse, and find something that feels tied to the area.

## What to Know

Inventory, hours, and seasonal collections can change, so check the shop directly before making a special trip. Parking is easiest when you visit outside peak lunch and dinner windows, especially in busier town centers.

## Why You'd Go Here

- You want to browse local shops in Seaside
- You are looking for gifts or vacation finds
- You need a break from the beach
- You are exploring Seaside Central Square / Airstream Row on foot

## Bottom Line

Huck & Harlowe Seaside is a good shopping listing for anyone exploring Seaside. It works well as part of a slower 30A day with time to wander."
The REP Theatre,the-rep-theatre,Seaside,Seaside Central Square / Airstream Row,activity,"Find The REP Theatre in Seaside: category, contact info, website, location, and quick notes for WhereTo30A.","The REP Theatre, Seaside, Seaside Central Square / Airstream Row, activity, 30A",Live theater and performing arts in Seaside.,,https://lovetherep.com,https://seasidefl.com/shopping/,"If you're spending time in Seaside Central Square / Airstream Row, Seaside, The REP Theatre is a activity or experience worth knowing about. Live theater and performing arts in Seaside. It fits naturally into a 30A day when you want something close by, easy to plan around, and tied to the feel of Seaside.

## What It Is

The REP Theatre is an activity or experience located in Seaside Central Square / Airstream Row in Seaside. It is a good option to consider when you want to do more than just sit on the beach and are looking for something to build into your Seaside plans.

## What You'll Find

- An activity, attraction, rental, class, or experience depending on the business
- A location connected to Seaside Central Square / Airstream Row
- A way to add structure to a beach day
- A good option for families, couples, groups, or visitors looking for something local

## What People Like

People tend to like activity-based stops like The REP Theatre because they make a 30A day feel more memorable. These are the kinds of places that help turn a simple beach trip into a fuller itinerary.

## What to Know

Book ahead if the activity depends on reservations, weather, equipment, or staffing. Availability can shift quickly during spring break, summer, and long weekends, so confirm details before you go.

## Why You'd Go Here

- You want something active to do in Seaside
- You are planning a family or group outing
- You need a break from a full beach day
- You are building a more complete 30A itinerary

## Bottom Line

The REP Theatre is a useful activity listing for Seaside. It is worth checking when you want your day to include something more planned or interactive."
Seaside Transit Authority,seaside-transit-authority,Seaside,Seaside Central Square / Airstream Row,activity,"Find Seaside Transit Authority in Seaside: category, contact info, website, location, and quick notes for WhereTo30A.","Seaside Transit Authority, Seaside, Seaside Central Square / Airstream Row, activity, 30A",Bike rentals and beach town transportation.,,,https://seasidefl.com/shopping/,"If you're spending time in Seaside Central Square / Airstream Row, Seaside, Seaside Transit Authority is a activity or experience worth knowing about. Bike rentals and beach town transportation. It fits naturally into a 30A day when you want something close by, easy to plan around, and tied to the feel of Seaside.

## What It Is

Seaside Transit Authority is an activity or experience located in Seaside Central Square / Airstream Row in Seaside. It is a good option to consider when you want to do more than just sit on the beach and are looking for something to build into your Seaside plans.

## What You'll Find

- An activity, attraction, rental, class, or experience depending on the business
- A location connected to Seaside Central Square / Airstream Row
- A way to add structure to a beach day
- A good option for families, couples, groups, or visitors looking for something local

## What People Like

People tend to like activity-based stops like Seaside Transit Authority because they make a 30A day feel more memorable. These are the kinds of places that help turn a simple beach trip into a fuller itinerary.

## What to Know

Book ahead if the activity depends on reservations, weather, equipment, or staffing. Availability can shift quickly during spring break, summer, and long weekends, so confirm details before you go.

## Why You'd Go Here

- You want something active to do in Seaside
- You are planning a family or group outing
- You need a break from a full beach day
- You are building a more complete 30A itinerary

## Bottom Line

Seaside Transit Authority is a useful activity listing for Seaside. It is worth checking when you want your day to include something more planned or interactive."
Summer of Spivey,summer-of-spivey,Grayton Beach,Shops of Grayton,shopping,"Find Summer of Spivey in Grayton Beach: category, contact info, website, location, and quick notes for WhereTo30A.","Summer of Spivey, Grayton Beach, Shops of Grayton, shopping, 30A",Shop at the Shops of Grayton.,,,https://www.shopsofgrayton.com/,"If you're spending time in Shops of Grayton, Grayton Beach, Summer of Spivey is a shop worth knowing about. Shop at the Shops of Grayton. It fits naturally into a 30A day when you want something close by, easy to plan around, and tied to the feel of Grayton Beach.

## What It Is

Summer of Spivey is a shopping stop located in Shops of Grayton in Grayton Beach. It is a good listing to know if you like browsing local boutiques, beach-town retail, home goods, apparel, gifts, or specialty finds while exploring Grayton Beach.

## What You'll Find

- Retail items that may include apparel, gifts, home goods, accessories, or specialty products
- A storefront in or near Shops of Grayton
- A browse-worthy stop between meals or beach plans
- A local shopping option to add to a 30A itinerary

## What People Like

People tend to like shops like Summer of Spivey because they add character to a beach day. Instead of only planning around restaurants, this gives you somewhere to wander, browse, and find something that feels tied to the area.

## What to Know

Inventory, hours, and seasonal collections can change, so check the shop directly before making a special trip. Parking is easiest when you visit outside peak lunch and dinner windows, especially in busier town centers.

## Why You'd Go Here

- You want to browse local shops in Grayton Beach
- You are looking for gifts or vacation finds
- You need a break from the beach
- You are exploring Shops of Grayton on foot

## Bottom Line

Summer of Spivey is a good shopping listing for anyone exploring Grayton Beach. It works well as part of a slower 30A day with time to wander."
Saladita Taqueria,saladita-taqueria,Grayton Beach,Shops of Grayton,restaurants,"Find Saladita Taqueria in Grayton Beach: category, contact info, website, location, and quick notes for WhereTo30A.","Saladita Taqueria, Grayton Beach, Shops of Grayton, restaurants, 30A",Taqueria at the Shops of Grayton.,,,https://www.shopsofgrayton.com/,"If you're spending time in Shops of Grayton, Grayton Beach, Saladita Taqueria is a restaurant worth knowing about. Taqueria at the Shops of Grayton. It fits naturally into a 30A day when you want something close by, easy to plan around, and tied to the feel of Grayton Beach.

## What It Is

Saladita Taqueria is a restaurant located in Shops of Grayton in Grayton Beach. It is the kind of place to keep on your list when you are planning where to eat around Grayton Beach, whether you are coming from the beach, walking through the shopping area, or looking for an easy stop near where you are staying.

## What You'll Find

- Food and drink options for a casual 30A meal
- A convenient location in or near Shops of Grayton
- A good option to compare with other restaurants in Grayton Beach
- A stop that works well before or after beach time, shopping, or exploring nearby

## What People Like

People usually look for places like Saladita Taqueria because they want an easy meal option that feels connected to the area instead of feeling random or out of the way. The biggest draw is the location, especially if you are already spending time around Shops of Grayton.

## What to Know

Check the current hours before you go, especially during slower seasons or on holiday weekends. Parking and crowds can vary a lot around Grayton Beach, so give yourself extra time if you are visiting during lunch, dinner, or peak vacation weeks.

## Why You'd Go Here

- You are looking for a meal near Shops of Grayton
- You want something convenient while exploring Grayton Beach
- You are building out a dining list for a beach trip
- You need a practical stop that does not require driving far

## Bottom Line

Saladita Taqueria is a useful restaurant listing for anyone planning time in Grayton Beach. Add it to your WhereTo30A shortlist when convenience, location, and a clear sense of place matter."
The Studio Gallery,the-studio-gallery,Grayton Beach,Shops of Grayton,shopping,"Find The Studio Gallery in Grayton Beach: category, contact info, website, location, and quick notes for WhereTo30A.","The Studio Gallery, Grayton Beach, Shops of Grayton, shopping, 30A",Art gallery at the Shops of Grayton.,,,https://www.shopsofgrayton.com/,"If you're spending time in Shops of Grayton, Grayton Beach, The Studio Gallery is a shop worth knowing about. Art gallery at the Shops of Grayton. It fits naturally into a 30A day when you want something close by, easy to plan around, and tied to the feel of Grayton Beach.

## What It Is

The Studio Gallery is a shopping stop located in Shops of Grayton in Grayton Beach. It is a good listing to know if you like browsing local boutiques, beach-town retail, home goods, apparel, gifts, or specialty finds while exploring Grayton Beach.

## What You'll Find

- Retail items that may include apparel, gifts, home goods, accessories, or specialty products
- A storefront in or near Shops of Grayton
- A browse-worthy stop between meals or beach plans
- A local shopping option to add to a 30A itinerary

## What People Like

People tend to like shops like The Studio Gallery because they add character to a beach day. Instead of only planning around restaurants, this gives you somewhere to wander, browse, and find something that feels tied to the area.

## What to Know

Inventory, hours, and seasonal collections can change, so check the shop directly before making a special trip. Parking is easiest when you visit outside peak lunch and dinner windows, especially in busier town centers.

## Why You'd Go Here

- You want to browse local shops in Grayton Beach
- You are looking for gifts or vacation finds
- You need a break from the beach
- You are exploring Shops of Grayton on foot

## Bottom Line

The Studio Gallery is a good shopping listing for anyone exploring Grayton Beach. It works well as part of a slower 30A day with time to wander."
The Shard Shop,the-shard-shop,Grayton Beach,Shops of Grayton,activity,"Find The Shard Shop in Grayton Beach: category, contact info, website, location, and quick notes for WhereTo30A.","The Shard Shop, Grayton Beach, Shops of Grayton, activity, 30A",Art activity and glass shard workshop.,,,https://www.shopsofgrayton.com/,"If you're spending time in Shops of Grayton, Grayton Beach, The Shard Shop is a activity or experience worth knowing about. Art activity and glass shard workshop. It fits naturally into a 30A day when you want something close by, easy to plan around, and tied to the feel of Grayton Beach.

## What It Is

The Shard Shop is an activity or experience located in Shops of Grayton in Grayton Beach. It is a good option to consider when you want to do more than just sit on the beach and are looking for something to build into your Grayton Beach plans.

## What You'll Find

- An activity, attraction, rental, class, or experience depending on the business
- A location connected to Shops of Grayton
- A way to add structure to a beach day
- A good option for families, couples, groups, or visitors looking for something local

## What People Like

People tend to like activity-based stops like The Shard Shop because they make a 30A day feel more memorable. These are the kinds of places that help turn a simple beach trip into a fuller itinerary.

## What to Know

Book ahead if the activity depends on reservations, weather, equipment, or staffing. Availability can shift quickly during spring break, summer, and long weekends, so confirm details before you go.

## Why You'd Go Here

- You want something active to do in Grayton Beach
- You are planning a family or group outing
- You need a break from a full beach day
- You are building a more complete 30A itinerary

## Bottom Line

The Shard Shop is a useful activity listing for Grayton Beach. It is worth checking when you want your day to include something more planned or interactive."
Ria Leigh Gallery,ria-leigh-gallery,Grayton Beach,Shops of Grayton,shopping,"Find Ria Leigh Gallery in Grayton Beach: category, contact info, website, location, and quick notes for WhereTo30A.","Ria Leigh Gallery, Grayton Beach, Shops of Grayton, shopping, 30A",Art gallery at the Shops of Grayton.,,,https://www.shopsofgrayton.com/,"If you're spending time in Shops of Grayton, Grayton Beach, Ria Leigh Gallery is a shop worth knowing about. Art gallery at the Shops of Grayton. It fits naturally into a 30A day when you want something close by, easy to plan around, and tied to the feel of Grayton Beach.

## What It Is

Ria Leigh Gallery is a shopping stop located in Shops of Grayton in Grayton Beach. It is a good listing to know if you like browsing local boutiques, beach-town retail, home goods, apparel, gifts, or specialty finds while exploring Grayton Beach.

## What You'll Find

- Retail items that may include apparel, gifts, home goods, accessories, or specialty products
- A storefront in or near Shops of Grayton
- A browse-worthy stop between meals or beach plans
- A local shopping option to add to a 30A itinerary

## What People Like

People tend to like shops like Ria Leigh Gallery because they add character to a beach day. Instead of only planning around restaurants, this gives you somewhere to wander, browse, and find something that feels tied to the area.

## What to Know

Inventory, hours, and seasonal collections can change, so check the shop directly before making a special trip. Parking is easiest when you visit outside peak lunch and dinner windows, especially in busier town centers.

## Why You'd Go Here

- You want to browse local shops in Grayton Beach
- You are looking for gifts or vacation finds
- You need a break from the beach
- You are exploring Shops of Grayton on foot

## Bottom Line

Ria Leigh Gallery is a good shopping listing for anyone exploring Grayton Beach. It works well as part of a slower 30A day with time to wander."
Black Bear Bread Co. Grayton,black-bear-bread-co-grayton,Grayton Beach,Shops of Grayton,coffee shops,"Find Black Bear Bread Co. Grayton in Grayton Beach: category, contact info, website, location, and quick notes for WhereTo30A.","Black Bear Bread Co. Grayton, Grayton Beach, Shops of Grayton, coffee shops, 30A",Bakery and coffee shop in Grayton.,,https://blackbearbreadco.com,https://www.shopsofgrayton.com/,"If you're spending time in Shops of Grayton, Grayton Beach, Black Bear Bread Co. Grayton is a coffee shop worth knowing about. Bakery and coffee shop in Grayton. It fits naturally into a 30A day when you want something close by, easy to plan around, and tied to the feel of Grayton Beach.

## What It Is

Black Bear Bread Co. Grayton is a coffee shop located in Shops of Grayton in Grayton Beach. It is a good one to know when you want a morning stop, an afternoon pick-me-up, or a place to anchor a walk through Grayton Beach.

## What You'll Find

- Coffee, tea, or casual drinks depending on the shop
- A convenient stop near Shops of Grayton
- A place to begin the morning before the beach or shopping
- A low-key break during a longer 30A day

## What People Like

People tend to like coffee stops like Black Bear Bread Co. Grayton because they make a day in Grayton Beach feel easier. It gives you a natural starting point, especially if you are walking, biking, or meeting someone nearby.

## What to Know

Morning hours are usually the safest bet for coffee shops, but always confirm the current schedule before making a special trip. Lines can build during spring break, summer, and holiday weekends, so earlier is usually better.

## Why You'd Go Here

- You want coffee before heading to the beach
- You are meeting someone in Grayton Beach
- You need an easy stop while exploring Shops of Grayton
- You are creating a morning itinerary along 30A

## Bottom Line

Black Bear Bread Co. Grayton is a helpful coffee shop to keep on your Grayton Beach list. It works best as a simple morning stop or an easy pause while exploring nearby."
Black Bear Bar Room,black-bear-bar-room,Grayton Beach,Shops of Grayton,bars,"Find Black Bear Bar Room in Grayton Beach: category, contact info, website, location, and quick notes for WhereTo30A.","Black Bear Bar Room, Grayton Beach, Shops of Grayton, bars, 30A",Bar room connected to Black Bear Bread Co. in Grayton.,,,https://www.shopsofgrayton.com/,"If you're spending time in Shops of Grayton, Grayton Beach, Black Bear Bar Room is a bar or nightlife stop worth knowing about. Bar room connected to Black Bear Bread Co. in Grayton. It fits naturally into a 30A day when you want something close by, easy to plan around, and tied to the feel of Grayton Beach.

## What It Is

Black Bear Bar Room is a bar or drinks-focused stop located in Shops of Grayton in Grayton Beach. It is the kind of place to consider when your 30A plans shift from beach time into dinner, drinks, or a more social evening.

## What You'll Find

- Beer, wine, cocktails, or casual drinks depending on the venue
- A location that works well around Shops of Grayton
- A spot to add to an evening itinerary
- A place to pair with dinner, live music, or a walk through the area when available

## What People Like

People are usually drawn to places like Black Bear Bar Room for the setting and convenience. Around 30A, the best bar stops are often the ones that are easy to reach, easy to pair with dinner, and relaxed enough to fit the beach-town pace.

## What to Know

Hours, entertainment, and food availability can change by season. Check the current details before you go, especially if you are planning around live music, a late night, or a holiday weekend.

## Why You'd Go Here

- You want drinks near Shops of Grayton
- You are planning a casual evening in Grayton Beach
- You need a bar option to pair with dinner nearby
- You are looking for a social stop after beach time

## Bottom Line

Black Bear Bar Room is worth saving as a drinks option in Grayton Beach. It is best used as part of a relaxed evening plan rather than a rushed stop."
The Red Bar,the-red-bar,Grayton Beach,Grayton Beach / Uptown Grayton,restaurants,"Find The Red Bar in Grayton Beach: category, contact info, website, location, and quick notes for WhereTo30A.","The Red Bar, Grayton Beach, Grayton Beach / Uptown Grayton, restaurants, 30A",Iconic Grayton Beach restaurant and live music spot.,850-231-1008,https://theredbar.com,https://30a.com/shopping-in-grayton-beach/,"If you're spending time in Grayton Beach / Uptown Grayton, Grayton Beach, The Red Bar is a restaurant worth knowing about. Iconic Grayton Beach restaurant and live music spot. It fits naturally into a 30A day when you want something close by, easy to plan around, and tied to the feel of Grayton Beach.

## What It Is

The Red Bar is a restaurant located in Grayton Beach / Uptown Grayton in Grayton Beach. It is the kind of place to keep on your list when you are planning where to eat around Grayton Beach, whether you are coming from the beach, walking through the shopping area, or looking for an easy stop near where you are staying.

## What You'll Find

- Food and drink options for a casual 30A meal
- A convenient location in or near Grayton Beach / Uptown Grayton
- A good option to compare with other restaurants in Grayton Beach
- A stop that works well before or after beach time, shopping, or exploring nearby

## What People Like

People usually look for places like The Red Bar because they want an easy meal option that feels connected to the area instead of feeling random or out of the way. The biggest draw is the location, especially if you are already spending time around Grayton Beach / Uptown Grayton.

## What to Know

Check the current hours before you go, especially during slower seasons or on holiday weekends. Parking and crowds can vary a lot around Grayton Beach, so give yourself extra time if you are visiting during lunch, dinner, or peak vacation weeks.

## Why You'd Go Here

- You are looking for a meal near Grayton Beach / Uptown Grayton
- You want something convenient while exploring Grayton Beach
- You are building out a dining list for a beach trip
- You need a practical stop that does not require driving far

## Bottom Line

The Red Bar is a useful restaurant listing for anyone planning time in Grayton Beach. Add it to your WhereTo30A shortlist when convenience, location, and a clear sense of place matter."
Chiringo,chiringo,Grayton Beach,Grayton Beach / Uptown Grayton,restaurants,"Find Chiringo in Grayton Beach: category, contact info, website, location, and quick notes for WhereTo30A.","Chiringo, Grayton Beach, Grayton Beach / Uptown Grayton, restaurants, 30A",Casual beach restaurant in Grayton Beach.,,https://chiringograyton.com,https://30a.com/shopping-in-grayton-beach/,"If you're spending time in Grayton Beach / Uptown Grayton, Grayton Beach, Chiringo is a restaurant worth knowing about. Casual beach restaurant in Grayton Beach. It fits naturally into a 30A day when you want something close by, easy to plan around, and tied to the feel of Grayton Beach.

## What It Is

Chiringo is a restaurant located in Grayton Beach / Uptown Grayton in Grayton Beach. It is the kind of place to keep on your list when you are planning where to eat around Grayton Beach, whether you are coming from the beach, walking through the shopping area, or looking for an easy stop near where you are staying.

## What You'll Find

- Food and drink options for a casual 30A meal
- A convenient location in or near Grayton Beach / Uptown Grayton
- A good option to compare with other restaurants in Grayton Beach
- A stop that works well before or after beach time, shopping, or exploring nearby

## What People Like

People usually look for places like Chiringo because they want an easy meal option that feels connected to the area instead of feeling random or out of the way. The biggest draw is the location, especially if you are already spending time around Grayton Beach / Uptown Grayton.

## What to Know

Check the current hours before you go, especially during slower seasons or on holiday weekends. Parking and crowds can vary a lot around Grayton Beach, so give yourself extra time if you are visiting during lunch, dinner, or peak vacation weeks.

## Why You'd Go Here

- You are looking for a meal near Grayton Beach / Uptown Grayton
- You want something convenient while exploring Grayton Beach
- You are building out a dining list for a beach trip
- You need a practical stop that does not require driving far

## Bottom Line

Chiringo is a useful restaurant listing for anyone planning time in Grayton Beach. Add it to your WhereTo30A shortlist when convenience, location, and a clear sense of place matter."
AJ’s Grayton Beach,ajs-grayton-beach,Grayton Beach,Grayton Beach / Uptown Grayton,bars,"Find AJ’s Grayton Beach in Grayton Beach: category, contact info, website, location, and quick notes for WhereTo30A.","AJ’s Grayton Beach, Grayton Beach, Grayton Beach / Uptown Grayton, bars, 30A","Seafood, bar, and live music venue in Grayton.",850-231-4102,https://ajsgrayton.com,https://30a.com/shopping-in-grayton-beach/,"If you're spending time in Grayton Beach / Uptown Grayton, Grayton Beach, AJ’s Grayton Beach is a bar or nightlife stop worth knowing about. Seafood, bar, and live music venue in Grayton. It fits naturally into a 30A day when you want something close by, easy to plan around, and tied to the feel of Grayton Beach.

## What It Is

AJ’s Grayton Beach is a bar or drinks-focused stop located in Grayton Beach / Uptown Grayton in Grayton Beach. It is the kind of place to consider when your 30A plans shift from beach time into dinner, drinks, or a more social evening.

## What You'll Find

- Beer, wine, cocktails, or casual drinks depending on the venue
- A location that works well around Grayton Beach / Uptown Grayton
- A spot to add to an evening itinerary
- A place to pair with dinner, live music, or a walk through the area when available

## What People Like

People are usually drawn to places like AJ’s Grayton Beach for the setting and convenience. Around 30A, the best bar stops are often the ones that are easy to reach, easy to pair with dinner, and relaxed enough to fit the beach-town pace.

## What to Know

Hours, entertainment, and food availability can change by season. Check the current details before you go, especially if you are planning around live music, a late night, or a holiday weekend.

## Why You'd Go Here

- You want drinks near Grayton Beach / Uptown Grayton
- You are planning a casual evening in Grayton Beach
- You need a bar option to pair with dinner nearby
- You are looking for a social stop after beach time

## Bottom Line

AJ’s Grayton Beach is worth saving as a drinks option in Grayton Beach. It is best used as part of a relaxed evening plan rather than a rushed stop."
Hotz Coffee,hotz-coffee,Grayton Beach,Grayton Beach / Uptown Grayton,coffee shops,"Find Hotz Coffee in Grayton Beach: category, contact info, website, location, and quick notes for WhereTo30A.","Hotz Coffee, Grayton Beach, Grayton Beach / Uptown Grayton, coffee shops, 30A",Coffee shop in Grayton Beach.,,,https://30a.com/shopping-in-grayton-beach/,"If you're spending time in Grayton Beach / Uptown Grayton, Grayton Beach, Hotz Coffee is a coffee shop worth knowing about. Coffee shop in Grayton Beach. It fits naturally into a 30A day when you want something close by, easy to plan around, and tied to the feel of Grayton Beach.

## What It Is

Hotz Coffee is a coffee shop located in Grayton Beach / Uptown Grayton in Grayton Beach. It is a good one to know when you want a morning stop, an afternoon pick-me-up, or a place to anchor a walk through Grayton Beach.

## What You'll Find

- Coffee, tea, or casual drinks depending on the shop
- A convenient stop near Grayton Beach / Uptown Grayton
- A place to begin the morning before the beach or shopping
- A low-key break during a longer 30A day

## What People Like

People tend to like coffee stops like Hotz Coffee because they make a day in Grayton Beach feel easier. It gives you a natural starting point, especially if you are walking, biking, or meeting someone nearby.

## What to Know

Morning hours are usually the safest bet for coffee shops, but always confirm the current schedule before making a special trip. Lines can build during spring break, summer, and holiday weekends, so earlier is usually better.

## Why You'd Go Here

- You want coffee before heading to the beach
- You are meeting someone in Grayton Beach
- You need an easy stop while exploring Grayton Beach / Uptown Grayton
- You are creating a morning itinerary along 30A

## Bottom Line

Hotz Coffee is a helpful coffee shop to keep on your Grayton Beach list. It works best as a simple morning stop or an easy pause while exploring nearby."
Grayton Seafood Co.,grayton-seafood-co,Grayton Beach,Grayton Beach / Uptown Grayton,restaurants,"Find Grayton Seafood Co. in Grayton Beach: category, contact info, website, location, and quick notes for WhereTo30A.","Grayton Seafood Co., Grayton Beach, Grayton Beach / Uptown Grayton, restaurants, 30A",Seafood restaurant in Grayton Beach.,,,https://30a.com/shopping-in-grayton-beach/,"If you're spending time in Grayton Beach / Uptown Grayton, Grayton Beach, Grayton Seafood Co. is a restaurant worth knowing about. Seafood restaurant in Grayton Beach. It fits naturally into a 30A day when you want something close by, easy to plan around, and tied to the feel of Grayton Beach.

## What It Is

Grayton Seafood Co. is a restaurant located in Grayton Beach / Uptown Grayton in Grayton Beach. It is the kind of place to keep on your list when you are planning where to eat around Grayton Beach, whether you are coming from the beach, walking through the shopping area, or looking for an easy stop near where you are staying.

## What You'll Find

- Food and drink options for a casual 30A meal
- A convenient location in or near Grayton Beach / Uptown Grayton
- A good option to compare with other restaurants in Grayton Beach
- A stop that works well before or after beach time, shopping, or exploring nearby

## What People Like

People usually look for places like Grayton Seafood Co. because they want an easy meal option that feels connected to the area instead of feeling random or out of the way. The biggest draw is the location, especially if you are already spending time around Grayton Beach / Uptown Grayton.

## What to Know

Check the current hours before you go, especially during slower seasons or on holiday weekends. Parking and crowds can vary a lot around Grayton Beach, so give yourself extra time if you are visiting during lunch, dinner, or peak vacation weeks.

## Why You'd Go Here

- You are looking for a meal near Grayton Beach / Uptown Grayton
- You want something convenient while exploring Grayton Beach
- You are building out a dining list for a beach trip
- You need a practical stop that does not require driving far

## Bottom Line

Grayton Seafood Co. is a useful restaurant listing for anyone planning time in Grayton Beach. Add it to your WhereTo30A shortlist when convenience, location, and a clear sense of place matter."
Crackings Grayton,crackings-grayton,Grayton Beach,Grayton Beach / Uptown Grayton,restaurants,"Find Crackings Grayton in Grayton Beach: category, contact info, website, location, and quick notes for WhereTo30A.","Crackings Grayton, Grayton Beach, Grayton Beach / Uptown Grayton, restaurants, 30A",Breakfast and brunch restaurant in Uptown Grayton.,850.231.7835,,https://30a.com/shopping-in-grayton-beach/,"If you're spending time in Grayton Beach / Uptown Grayton, Grayton Beach, Crackings Grayton is a restaurant worth knowing about. Breakfast and brunch restaurant in Uptown Grayton. It fits naturally into a 30A day when you want something close by, easy to plan around, and tied to the feel of Grayton Beach.

## What It Is

Crackings Grayton is a restaurant located in Grayton Beach / Uptown Grayton in Grayton Beach. It is the kind of place to keep on your list when you are planning where to eat around Grayton Beach, whether you are coming from the beach, walking through the shopping area, or looking for an easy stop near where you are staying.

## What You'll Find

- Food and drink options for a casual 30A meal
- A convenient location in or near Grayton Beach / Uptown Grayton
- A good option to compare with other restaurants in Grayton Beach
- A stop that works well before or after beach time, shopping, or exploring nearby

## What People Like

People usually look for places like Crackings Grayton because they want an easy meal option that feels connected to the area instead of feeling random or out of the way. The biggest draw is the location, especially if you are already spending time around Grayton Beach / Uptown Grayton.

## What to Know

Check the current hours before you go, especially during slower seasons or on holiday weekends. Parking and crowds can vary a lot around Grayton Beach, so give yourself extra time if you are visiting during lunch, dinner, or peak vacation weeks.

## Why You'd Go Here

- You are looking for a meal near Grayton Beach / Uptown Grayton
- You want something convenient while exploring Grayton Beach
- You are building out a dining list for a beach trip
- You need a practical stop that does not require driving far

## Bottom Line

Crackings Grayton is a useful restaurant listing for anyone planning time in Grayton Beach. Add it to your WhereTo30A shortlist when convenience, location, and a clear sense of place matter."
Bad Ass Coffee Grayton Beach,bad-ass-coffee-grayton-beach,Grayton Beach,Grayton Beach / Uptown Grayton,coffee shops,"Find Bad Ass Coffee Grayton Beach in Grayton Beach: category, contact info, website, location, and quick notes for WhereTo30A.","Bad Ass Coffee Grayton Beach, Grayton Beach, Grayton Beach / Uptown Grayton, coffee shops, 30A",Coffee shop in Uptown Grayton.,,,https://30a.com/shopping-in-grayton-beach/,"If you're spending time in Grayton Beach / Uptown Grayton, Grayton Beach, Bad Ass Coffee Grayton Beach is a coffee shop worth knowing about. Coffee shop in Uptown Grayton. It fits naturally into a 30A day when you want something close by, easy to plan around, and tied to the feel of Grayton Beach.

## What It Is

Bad Ass Coffee Grayton Beach is a coffee shop located in Grayton Beach / Uptown Grayton in Grayton Beach. It is a good one to know when you want a morning stop, an afternoon pick-me-up, or a place to anchor a walk through Grayton Beach.

## What You'll Find

- Coffee, tea, or casual drinks depending on the shop
- A convenient stop near Grayton Beach / Uptown Grayton
- A place to begin the morning before the beach or shopping
- A low-key break during a longer 30A day

## What People Like

People tend to like coffee stops like Bad Ass Coffee Grayton Beach because they make a day in Grayton Beach feel easier. It gives you a natural starting point, especially if you are walking, biking, or meeting someone nearby.

## What to Know

Morning hours are usually the safest bet for coffee shops, but always confirm the current schedule before making a special trip. Lines can build during spring break, summer, and holiday weekends, so earlier is usually better.

## Why You'd Go Here

- You want coffee before heading to the beach
- You are meeting someone in Grayton Beach
- You need an easy stop while exploring Grayton Beach / Uptown Grayton
- You are creating a morning itinerary along 30A

## Bottom Line

Bad Ass Coffee Grayton Beach is a helpful coffee shop to keep on your Grayton Beach list. It works best as a simple morning stop or an easy pause while exploring nearby."
Hurricane Oyster Bar & Grill,hurricane-oyster-bar-and-grill,Grayton Beach,Grayton Beach / Uptown Grayton,restaurants,"Find Hurricane Oyster Bar & Grill in Grayton Beach: category, contact info, website, location, and quick notes for WhereTo30A.","Hurricane Oyster Bar & Grill, Grayton Beach, Grayton Beach / Uptown Grayton, restaurants, 30A",Oyster bar and grill in Grayton Beach.,,,https://30a.com/shopping-in-grayton-beach/,"If you're spending time in Grayton Beach / Uptown Grayton, Grayton Beach, Hurricane Oyster Bar & Grill is a restaurant worth knowing about. Oyster bar and grill in Grayton Beach. It fits naturally into a 30A day when you want something close by, easy to plan around, and tied to the feel of Grayton Beach.

## What It Is

Hurricane Oyster Bar & Grill is a restaurant located in Grayton Beach / Uptown Grayton in Grayton Beach. It is the kind of place to keep on your list when you are planning where to eat around Grayton Beach, whether you are coming from the beach, walking through the shopping area, or looking for an easy stop near where you are staying.

## What You'll Find

- Food and drink options for a casual 30A meal
- A convenient location in or near Grayton Beach / Uptown Grayton
- A good option to compare with other restaurants in Grayton Beach
- A stop that works well before or after beach time, shopping, or exploring nearby

## What People Like

People usually look for places like Hurricane Oyster Bar & Grill because they want an easy meal option that feels connected to the area instead of feeling random or out of the way. The biggest draw is the location, especially if you are already spending time around Grayton Beach / Uptown Grayton.

## What to Know

Check the current hours before you go, especially during slower seasons or on holiday weekends. Parking and crowds can vary a lot around Grayton Beach, so give yourself extra time if you are visiting during lunch, dinner, or peak vacation weeks.

## Why You'd Go Here

- You are looking for a meal near Grayton Beach / Uptown Grayton
- You want something convenient while exploring Grayton Beach
- You are building out a dining list for a beach trip
- You need a practical stop that does not require driving far

## Bottom Line

Hurricane Oyster Bar & Grill is a useful restaurant listing for anyone planning time in Grayton Beach. Add it to your WhereTo30A shortlist when convenience, location, and a clear sense of place matter."
Chanticleer Eatery,chanticleer-eatery,Grayton Beach,Grayton Beach / Uptown Grayton,restaurants,"Find Chanticleer Eatery in Grayton Beach: category, contact info, website, location, and quick notes for WhereTo30A.","Chanticleer Eatery, Grayton Beach, Grayton Beach / Uptown Grayton, restaurants, 30A",Casual restaurant near Grayton Beach.,,,https://30a.com/shopping-in-grayton-beach/,"If you're spending time in Grayton Beach / Uptown Grayton, Grayton Beach, Chanticleer Eatery is a restaurant worth knowing about. Casual restaurant near Grayton Beach. It fits naturally into a 30A day when you want something close by, easy to plan around, and tied to the feel of Grayton Beach.

## What It Is

Chanticleer Eatery is a restaurant located in Grayton Beach / Uptown Grayton in Grayton Beach. It is the kind of place to keep on your list when you are planning where to eat around Grayton Beach, whether you are coming from the beach, walking through the shopping area, or looking for an easy stop near where you are staying.

## What You'll Find

- Food and drink options for a casual 30A meal
- A convenient location in or near Grayton Beach / Uptown Grayton
- A good option to compare with other restaurants in Grayton Beach
- A stop that works well before or after beach time, shopping, or exploring nearby

## What People Like

People usually look for places like Chanticleer Eatery because they want an easy meal option that feels connected to the area instead of feeling random or out of the way. The biggest draw is the location, especially if you are already spending time around Grayton Beach / Uptown Grayton.

## What to Know

Check the current hours before you go, especially during slower seasons or on holiday weekends. Parking and crowds can vary a lot around Grayton Beach, so give yourself extra time if you are visiting during lunch, dinner, or peak vacation weeks.

## Why You'd Go Here

- You are looking for a meal near Grayton Beach / Uptown Grayton
- You want something convenient while exploring Grayton Beach
- You are building out a dining list for a beach trip
- You need a practical stop that does not require driving far

## Bottom Line

Chanticleer Eatery is a useful restaurant listing for anyone planning time in Grayton Beach. Add it to your WhereTo30A shortlist when convenience, location, and a clear sense of place matter."
Shaggy Dog Outfitters,shaggy-dog-outfitters,Grayton Beach,Grayton Beach / Uptown Grayton,shopping,"Find Shaggy Dog Outfitters in Grayton Beach: category, contact info, website, location, and quick notes for WhereTo30A.","Shaggy Dog Outfitters, Grayton Beach, Grayton Beach / Uptown Grayton, shopping, 30A",Outdoor and dog-friendly lifestyle outfitter.,,,https://30a.com/shopping-in-grayton-beach/,"If you're spending time in Grayton Beach / Uptown Grayton, Grayton Beach, Shaggy Dog Outfitters is a shop worth knowing about. Outdoor and dog-friendly lifestyle outfitter. It fits naturally into a 30A day when you want something close by, easy to plan around, and tied to the feel of Grayton Beach.

## What It Is

Shaggy Dog Outfitters is a shopping stop located in Grayton Beach / Uptown Grayton in Grayton Beach. It is a good listing to know if you like browsing local boutiques, beach-town retail, home goods, apparel, gifts, or specialty finds while exploring Grayton Beach.

## What You'll Find

- Retail items that may include apparel, gifts, home goods, accessories, or specialty products
- A storefront in or near Grayton Beach / Uptown Grayton
- A browse-worthy stop between meals or beach plans
- A local shopping option to add to a 30A itinerary

## What People Like

People tend to like shops like Shaggy Dog Outfitters because they add character to a beach day. Instead of only planning around restaurants, this gives you somewhere to wander, browse, and find something that feels tied to the area.

## What to Know

Inventory, hours, and seasonal collections can change, so check the shop directly before making a special trip. Parking is easiest when you visit outside peak lunch and dinner windows, especially in busier town centers.

## Why You'd Go Here

- You want to browse local shops in Grayton Beach
- You are looking for gifts or vacation finds
- You need a break from the beach
- You are exploring Grayton Beach / Uptown Grayton on foot

## Bottom Line

Shaggy Dog Outfitters is a good shopping listing for anyone exploring Grayton Beach. It works well as part of a slower 30A day with time to wander."
Clint Eagar Design,clint-eagar-design,Grayton Beach,Grayton Beach / Uptown Grayton,shopping,"Find Clint Eagar Design in Grayton Beach: category, contact info, website, location, and quick notes for WhereTo30A.","Clint Eagar Design, Grayton Beach, Grayton Beach / Uptown Grayton, shopping, 30A",Art and design studio in Grayton.,,,https://30a.com/shopping-in-grayton-beach/,"If you're spending time in Grayton Beach / Uptown Grayton, Grayton Beach, Clint Eagar Design is a shop worth knowing about. Art and design studio in Grayton. It fits naturally into a 30A day when you want something close by, easy to plan around, and tied to the feel of Grayton Beach.

## What It Is

Clint Eagar Design is a shopping stop located in Grayton Beach / Uptown Grayton in Grayton Beach. It is a good listing to know if you like browsing local boutiques, beach-town retail, home goods, apparel, gifts, or specialty finds while exploring Grayton Beach.

## What You'll Find

- Retail items that may include apparel, gifts, home goods, accessories, or specialty products
- A storefront in or near Grayton Beach / Uptown Grayton
- A browse-worthy stop between meals or beach plans
- A local shopping option to add to a 30A itinerary

## What People Like

People tend to like shops like Clint Eagar Design because they add character to a beach day. Instead of only planning around restaurants, this gives you somewhere to wander, browse, and find something that feels tied to the area.

## What to Know

Inventory, hours, and seasonal collections can change, so check the shop directly before making a special trip. Parking is easiest when you visit outside peak lunch and dinner windows, especially in busier town centers.

## Why You'd Go Here

- You want to browse local shops in Grayton Beach
- You are looking for gifts or vacation finds
- You need a break from the beach
- You are exploring Grayton Beach / Uptown Grayton on foot

## Bottom Line

Clint Eagar Design is a good shopping listing for anyone exploring Grayton Beach. It works well as part of a slower 30A day with time to wander."
The Workshop by Ginger Leigh Designs,the-workshop-by-ginger-leigh-designs,Grayton Beach,Grayton Beach / Uptown Grayton,shopping,"Find The Workshop by Ginger Leigh Designs in Grayton Beach: category, contact info, website, location, and quick notes for WhereTo30A.","The Workshop by Ginger Leigh Designs, Grayton Beach, Grayton Beach / Uptown Grayton, shopping, 30A","Art, jewelry, and gift shop in Grayton.",,,https://30a.com/shopping-in-grayton-beach/,"If you're spending time in Grayton Beach / Uptown Grayton, Grayton Beach, The Workshop by Ginger Leigh Designs is a shop worth knowing about. Art, jewelry, and gift shop in Grayton. It fits naturally into a 30A day when you want something close by, easy to plan around, and tied to the feel of Grayton Beach.

## What It Is

The Workshop by Ginger Leigh Designs is a shopping stop located in Grayton Beach / Uptown Grayton in Grayton Beach. It is a good listing to know if you like browsing local boutiques, beach-town retail, home goods, apparel, gifts, or specialty finds while exploring Grayton Beach.

## What You'll Find

- Retail items that may include apparel, gifts, home goods, accessories, or specialty products
- A storefront in or near Grayton Beach / Uptown Grayton
- A browse-worthy stop between meals or beach plans
- A local shopping option to add to a 30A itinerary

## What People Like

People tend to like shops like The Workshop by Ginger Leigh Designs because they add character to a beach day. Instead of only planning around restaurants, this gives you somewhere to wander, browse, and find something that feels tied to the area.

## What to Know

Inventory, hours, and seasonal collections can change, so check the shop directly before making a special trip. Parking is easiest when you visit outside peak lunch and dinner windows, especially in busier town centers.

## Why You'd Go Here

- You want to browse local shops in Grayton Beach
- You are looking for gifts or vacation finds
- You need a break from the beach
- You are exploring Grayton Beach / Uptown Grayton on foot

## Bottom Line

The Workshop by Ginger Leigh Designs is a good shopping listing for anyone exploring Grayton Beach. It works well as part of a slower 30A day with time to wander."
Fashionably Late,fashionably-late,Grayton Beach,Grayton Beach / Uptown Grayton,shopping,"Find Fashionably Late in Grayton Beach: category, contact info, website, location, and quick notes for WhereTo30A.","Fashionably Late, Grayton Beach, Grayton Beach / Uptown Grayton, shopping, 30A",Boutique in Uptown Grayton.,,,https://30a.com/shopping-in-grayton-beach/,"If you're spending time in Grayton Beach / Uptown Grayton, Grayton Beach, Fashionably Late is a shop worth knowing about. Boutique in Uptown Grayton. It fits naturally into a 30A day when you want something close by, easy to plan around, and tied to the feel of Grayton Beach.

## What It Is

Fashionably Late is a shopping stop located in Grayton Beach / Uptown Grayton in Grayton Beach. It is a good listing to know if you like browsing local boutiques, beach-town retail, home goods, apparel, gifts, or specialty finds while exploring Grayton Beach.

## What You'll Find

- Retail items that may include apparel, gifts, home goods, accessories, or specialty products
- A storefront in or near Grayton Beach / Uptown Grayton
- A browse-worthy stop between meals or beach plans
- A local shopping option to add to a 30A itinerary

## What People Like

People tend to like shops like Fashionably Late because they add character to a beach day. Instead of only planning around restaurants, this gives you somewhere to wander, browse, and find something that feels tied to the area.

## What to Know

Inventory, hours, and seasonal collections can change, so check the shop directly before making a special trip. Parking is easiest when you visit outside peak lunch and dinner windows, especially in busier town centers.

## Why You'd Go Here

- You want to browse local shops in Grayton Beach
- You are looking for gifts or vacation finds
- You need a break from the beach
- You are exploring Grayton Beach / Uptown Grayton on foot

## Bottom Line

Fashionably Late is a good shopping listing for anyone exploring Grayton Beach. It works well as part of a slower 30A day with time to wander."
Basmati’s Asian Cuisine,basmatis-asian-cuisine,Blue Mountain Beach,Blue Mountain Beach / Redfish Village Area,restaurants,"Find Basmati’s Asian Cuisine in Blue Mountain Beach: category, contact info, website, location, and quick notes for WhereTo30A.","Basmati’s Asian Cuisine, Blue Mountain Beach, Blue Mountain Beach / Redfish Village Area, restaurants, 30A",Asian fusion restaurant in Blue Mountain Beach.,850-267-3028,,https://discover30a.com/30a-dining-locations/blue-mountain-beach/,"If you're spending time in Blue Mountain Beach / Redfish Village Area, Blue Mountain Beach, Basmati’s Asian Cuisine is a restaurant worth knowing about. Asian fusion restaurant in Blue Mountain Beach. It fits naturally into a 30A day when you want something close by, easy to plan around, and tied to the feel of Blue Mountain Beach.

## What It Is

Basmati’s Asian Cuisine is a restaurant located in Blue Mountain Beach / Redfish Village Area in Blue Mountain Beach. It is the kind of place to keep on your list when you are planning where to eat around Blue Mountain Beach, whether you are coming from the beach, walking through the shopping area, or looking for an easy stop near where you are staying.

## What You'll Find

- Food and drink options for a casual 30A meal
- A convenient location in or near Blue Mountain Beach / Redfish Village Area
- A good option to compare with other restaurants in Blue Mountain Beach
- A stop that works well before or after beach time, shopping, or exploring nearby

## What People Like

People usually look for places like Basmati’s Asian Cuisine because they want an easy meal option that feels connected to the area instead of feeling random or out of the way. The biggest draw is the location, especially if you are already spending time around Blue Mountain Beach / Redfish Village Area.

## What to Know

Check the current hours before you go, especially during slower seasons or on holiday weekends. Parking and crowds can vary a lot around Blue Mountain Beach, so give yourself extra time if you are visiting during lunch, dinner, or peak vacation weeks.

## Why You'd Go Here

- You are looking for a meal near Blue Mountain Beach / Redfish Village Area
- You want something convenient while exploring Blue Mountain Beach
- You are building out a dining list for a beach trip
- You need a practical stop that does not require driving far

## Bottom Line

Basmati’s Asian Cuisine is a useful restaurant listing for anyone planning time in Blue Mountain Beach. Add it to your WhereTo30A shortlist when convenience, location, and a clear sense of place matter."
Blue Mountain Bakery,blue-mountain-bakery,Blue Mountain Beach,Blue Mountain Beach / Redfish Village Area,coffee shops,"Find Blue Mountain Bakery in Blue Mountain Beach: category, contact info, website, location, and quick notes for WhereTo30A.","Blue Mountain Bakery, Blue Mountain Beach, Blue Mountain Beach / Redfish Village Area, coffee shops, 30A",Bakery with baked goods and lunch options.,,,https://discover30a.com/30a-dining-locations/blue-mountain-beach/,"If you're spending time in Blue Mountain Beach / Redfish Village Area, Blue Mountain Beach, Blue Mountain Bakery is a coffee shop worth knowing about. Bakery with baked goods and lunch options. It fits naturally into a 30A day when you want something close by, easy to plan around, and tied to the feel of Blue Mountain Beach.

## What It Is

Blue Mountain Bakery is a coffee shop located in Blue Mountain Beach / Redfish Village Area in Blue Mountain Beach. It is a good one to know when you want a morning stop, an afternoon pick-me-up, or a place to anchor a walk through Blue Mountain Beach.

## What You'll Find

- Coffee, tea, or casual drinks depending on the shop
- A convenient stop near Blue Mountain Beach / Redfish Village Area
- A place to begin the morning before the beach or shopping
- A low-key break during a longer 30A day

## What People Like

People tend to like coffee stops like Blue Mountain Bakery because they make a day in Blue Mountain Beach feel easier. It gives you a natural starting point, especially if you are walking, biking, or meeting someone nearby.

## What to Know

Morning hours are usually the safest bet for coffee shops, but always confirm the current schedule before making a special trip. Lines can build during spring break, summer, and holiday weekends, so earlier is usually better.

## Why You'd Go Here

- You want coffee before heading to the beach
- You are meeting someone in Blue Mountain Beach
- You need an easy stop while exploring Blue Mountain Beach / Redfish Village Area
- You are creating a morning itinerary along 30A

## Bottom Line

Blue Mountain Bakery is a helpful coffee shop to keep on your Blue Mountain Beach list. It works best as a simple morning stop or an easy pause while exploring nearby."
Blue Mountain Beach Creamery,blue-mountain-beach-creamery,Blue Mountain Beach,Blue Mountain Beach / Redfish Village Area,restaurants,"Find Blue Mountain Beach Creamery in Blue Mountain Beach: category, contact info, website, location, and quick notes for WhereTo30A.","Blue Mountain Beach Creamery, Blue Mountain Beach, Blue Mountain Beach / Redfish Village Area, restaurants, 30A",Homemade ice cream shop near the beach access.,850-278-6849,,https://discover30a.com/30a-dining-locations/blue-mountain-beach/,"If you're spending time in Blue Mountain Beach / Redfish Village Area, Blue Mountain Beach, Blue Mountain Beach Creamery is a restaurant worth knowing about. Homemade ice cream shop near the beach access. It fits naturally into a 30A day when you want something close by, easy to plan around, and tied to the feel of Blue Mountain Beach.

## What It Is

Blue Mountain Beach Creamery is a restaurant located in Blue Mountain Beach / Redfish Village Area in Blue Mountain Beach. It is the kind of place to keep on your list when you are planning where to eat around Blue Mountain Beach, whether you are coming from the beach, walking through the shopping area, or looking for an easy stop near where you are staying.

## What You'll Find

- Food and drink options for a casual 30A meal
- A convenient location in or near Blue Mountain Beach / Redfish Village Area
- A good option to compare with other restaurants in Blue Mountain Beach
- A stop that works well before or after beach time, shopping, or exploring nearby

## What People Like

People usually look for places like Blue Mountain Beach Creamery because they want an easy meal option that feels connected to the area instead of feeling random or out of the way. The biggest draw is the location, especially if you are already spending time around Blue Mountain Beach / Redfish Village Area.

## What to Know

Check the current hours before you go, especially during slower seasons or on holiday weekends. Parking and crowds can vary a lot around Blue Mountain Beach, so give yourself extra time if you are visiting during lunch, dinner, or peak vacation weeks.

## Why You'd Go Here

- You are looking for a meal near Blue Mountain Beach / Redfish Village Area
- You want something convenient while exploring Blue Mountain Beach
- You are building out a dining list for a beach trip
- You need a practical stop that does not require driving far

## Bottom Line

Blue Mountain Beach Creamery is a useful restaurant listing for anyone planning time in Blue Mountain Beach. Add it to your WhereTo30A shortlist when convenience, location, and a clear sense of place matter."
Cowgirl Kitchen Blue Mountain Beach,cowgirl-kitchen-blue-mountain-beach,Blue Mountain Beach,Blue Mountain Beach / Redfish Village Area,restaurants,"Find Cowgirl Kitchen Blue Mountain Beach in Blue Mountain Beach: category, contact info, website, location, and quick notes for WhereTo30A.","Cowgirl Kitchen Blue Mountain Beach, Blue Mountain Beach, Blue Mountain Beach / Redfish Village Area, restaurants, 30A",Casual market and cafe in Blue Mountain Beach.,,,https://discover30a.com/30a-dining-locations/blue-mountain-beach/,"If you're spending time in Blue Mountain Beach / Redfish Village Area, Blue Mountain Beach, Cowgirl Kitchen Blue Mountain Beach is a restaurant worth knowing about. Casual market and cafe in Blue Mountain Beach. It fits naturally into a 30A day when you want something close by, easy to plan around, and tied to the feel of Blue Mountain Beach.

## What It Is

Cowgirl Kitchen Blue Mountain Beach is a restaurant located in Blue Mountain Beach / Redfish Village Area in Blue Mountain Beach. It is the kind of place to keep on your list when you are planning where to eat around Blue Mountain Beach, whether you are coming from the beach, walking through the shopping area, or looking for an easy stop near where you are staying.

## What You'll Find

- Food and drink options for a casual 30A meal
- A convenient location in or near Blue Mountain Beach / Redfish Village Area
- A good option to compare with other restaurants in Blue Mountain Beach
- A stop that works well before or after beach time, shopping, or exploring nearby

## What People Like

People usually look for places like Cowgirl Kitchen Blue Mountain Beach because they want an easy meal option that feels connected to the area instead of feeling random or out of the way. The biggest draw is the location, especially if you are already spending time around Blue Mountain Beach / Redfish Village Area.

## What to Know

Check the current hours before you go, especially during slower seasons or on holiday weekends. Parking and crowds can vary a lot around Blue Mountain Beach, so give yourself extra time if you are visiting during lunch, dinner, or peak vacation weeks.

## Why You'd Go Here

- You are looking for a meal near Blue Mountain Beach / Redfish Village Area
- You want something convenient while exploring Blue Mountain Beach
- You are building out a dining list for a beach trip
- You need a practical stop that does not require driving far

## Bottom Line

Cowgirl Kitchen Blue Mountain Beach is a useful restaurant listing for anyone planning time in Blue Mountain Beach. Add it to your WhereTo30A shortlist when convenience, location, and a clear sense of place matter."
Red Fish Taco,red-fish-taco,Blue Mountain Beach,Blue Mountain Beach / Redfish Village Area,restaurants,"Find Red Fish Taco in Blue Mountain Beach: category, contact info, website, location, and quick notes for WhereTo30A.","Red Fish Taco, Blue Mountain Beach, Blue Mountain Beach / Redfish Village Area, restaurants, 30A","Tacos, seafood, margaritas, and live music.",850-994-7443,https://redfishtaco.com,https://discover30a.com/30a-dining-locations/blue-mountain-beach/,"If you're spending time in Blue Mountain Beach / Redfish Village Area, Blue Mountain Beach, Red Fish Taco is a restaurant worth knowing about. Tacos, seafood, margaritas, and live music. It fits naturally into a 30A day when you want something close by, easy to plan around, and tied to the feel of Blue Mountain Beach.

## What It Is

Red Fish Taco is a restaurant located in Blue Mountain Beach / Redfish Village Area in Blue Mountain Beach. It is the kind of place to keep on your list when you are planning where to eat around Blue Mountain Beach, whether you are coming from the beach, walking through the shopping area, or looking for an easy stop near where you are staying.

## What You'll Find

- Food and drink options for a casual 30A meal
- A convenient location in or near Blue Mountain Beach / Redfish Village Area
- A good option to compare with other restaurants in Blue Mountain Beach
- A stop that works well before or after beach time, shopping, or exploring nearby

## What People Like

People usually look for places like Red Fish Taco because they want an easy meal option that feels connected to the area instead of feeling random or out of the way. The biggest draw is the location, especially if you are already spending time around Blue Mountain Beach / Redfish Village Area.

## What to Know

Check the current hours before you go, especially during slower seasons or on holiday weekends. Parking and crowds can vary a lot around Blue Mountain Beach, so give yourself extra time if you are visiting during lunch, dinner, or peak vacation weeks.

## Why You'd Go Here

- You are looking for a meal near Blue Mountain Beach / Redfish Village Area
- You want something convenient while exploring Blue Mountain Beach
- You are building out a dining list for a beach trip
- You need a practical stop that does not require driving far

## Bottom Line

Red Fish Taco is a useful restaurant listing for anyone planning time in Blue Mountain Beach. Add it to your WhereTo30A shortlist when convenience, location, and a clear sense of place matter."
Johnny McTighe’s Irish Pub,johnny-mctighes-irish-pub,Blue Mountain Beach,Blue Mountain Beach / Redfish Village Area,bars,"Find Johnny McTighe’s Irish Pub in Blue Mountain Beach: category, contact info, website, location, and quick notes for WhereTo30A.","Johnny McTighe’s Irish Pub, Blue Mountain Beach, Blue Mountain Beach / Redfish Village Area, bars, 30A",Irish pub and casual restaurant in Blue Mountain Beach.,,,https://discover30a.com/30a-dining-locations/blue-mountain-beach/,"If you're spending time in Blue Mountain Beach / Redfish Village Area, Blue Mountain Beach, Johnny McTighe’s Irish Pub is a bar or nightlife stop worth knowing about. Irish pub and casual restaurant in Blue Mountain Beach. It fits naturally into a 30A day when you want something close by, easy to plan around, and tied to the feel of Blue Mountain Beach.

## What It Is

Johnny McTighe’s Irish Pub is a bar or drinks-focused stop located in Blue Mountain Beach / Redfish Village Area in Blue Mountain Beach. It is the kind of place to consider when your 30A plans shift from beach time into dinner, drinks, or a more social evening.

## What You'll Find

- Beer, wine, cocktails, or casual drinks depending on the venue
- A location that works well around Blue Mountain Beach / Redfish Village Area
- A spot to add to an evening itinerary
- A place to pair with dinner, live music, or a walk through the area when available

## What People Like

People are usually drawn to places like Johnny McTighe’s Irish Pub for the setting and convenience. Around 30A, the best bar stops are often the ones that are easy to reach, easy to pair with dinner, and relaxed enough to fit the beach-town pace.

## What to Know

Hours, entertainment, and food availability can change by season. Check the current details before you go, especially if you are planning around live music, a late night, or a holiday weekend.

## Why You'd Go Here

- You want drinks near Blue Mountain Beach / Redfish Village Area
- You are planning a casual evening in Blue Mountain Beach
- You need a bar option to pair with dinner nearby
- You are looking for a social stop after beach time

## Bottom Line

Johnny McTighe’s Irish Pub is worth saving as a drinks option in Blue Mountain Beach. It is best used as part of a relaxed evening plan rather than a rushed stop."
Local Catch Bar & Grill,local-catch-bar-and-grill,Blue Mountain Beach,Blue Mountain Beach / Redfish Village Area,restaurants,"Find Local Catch Bar & Grill in Blue Mountain Beach: category, contact info, website, location, and quick notes for WhereTo30A.","Local Catch Bar & Grill, Blue Mountain Beach, Blue Mountain Beach / Redfish Village Area, restaurants, 30A",Seafood and coastal grill in Blue Mountain Beach.,850-622-2022,,https://discover30a.com/30a-dining-locations/blue-mountain-beach/,"If you're spending time in Blue Mountain Beach / Redfish Village Area, Blue Mountain Beach, Local Catch Bar & Grill is a restaurant worth knowing about. Seafood and coastal grill in Blue Mountain Beach. It fits naturally into a 30A day when you want something close by, easy to plan around, and tied to the feel of Blue Mountain Beach.

## What It Is

Local Catch Bar & Grill is a restaurant located in Blue Mountain Beach / Redfish Village Area in Blue Mountain Beach. It is the kind of place to keep on your list when you are planning where to eat around Blue Mountain Beach, whether you are coming from the beach, walking through the shopping area, or looking for an easy stop near where you are staying.

## What You'll Find

- Food and drink options for a casual 30A meal
- A convenient location in or near Blue Mountain Beach / Redfish Village Area
- A good option to compare with other restaurants in Blue Mountain Beach
- A stop that works well before or after beach time, shopping, or exploring nearby

## What People Like

People usually look for places like Local Catch Bar & Grill because they want an easy meal option that feels connected to the area instead of feeling random or out of the way. The biggest draw is the location, especially if you are already spending time around Blue Mountain Beach / Redfish Village Area.

## What to Know

Check the current hours before you go, especially during slower seasons or on holiday weekends. Parking and crowds can vary a lot around Blue Mountain Beach, so give yourself extra time if you are visiting during lunch, dinner, or peak vacation weeks.

## Why You'd Go Here

- You are looking for a meal near Blue Mountain Beach / Redfish Village Area
- You want something convenient while exploring Blue Mountain Beach
- You are building out a dining list for a beach trip
- You need a practical stop that does not require driving far

## Bottom Line

Local Catch Bar & Grill is a useful restaurant listing for anyone planning time in Blue Mountain Beach. Add it to your WhereTo30A shortlist when convenience, location, and a clear sense of place matter."
Mimmo’s 30A,mimmos-30a,Blue Mountain Beach,Blue Mountain Beach / Redfish Village Area,restaurants,"Find Mimmo’s 30A in Blue Mountain Beach: category, contact info, website, location, and quick notes for WhereTo30A.","Mimmo’s 30A, Blue Mountain Beach, Blue Mountain Beach / Redfish Village Area, restaurants, 30A",Italian restaurant in Blue Mountain Beach.,,,https://discover30a.com/30a-dining-locations/blue-mountain-beach/,"If you're spending time in Blue Mountain Beach / Redfish Village Area, Blue Mountain Beach, Mimmo’s 30A is a restaurant worth knowing about. Italian restaurant in Blue Mountain Beach. It fits naturally into a 30A day when you want something close by, easy to plan around, and tied to the feel of Blue Mountain Beach.

## What It Is

Mimmo’s 30A is a restaurant located in Blue Mountain Beach / Redfish Village Area in Blue Mountain Beach. It is the kind of place to keep on your list when you are planning where to eat around Blue Mountain Beach, whether you are coming from the beach, walking through the shopping area, or looking for an easy stop near where you are staying.

## What You'll Find

- Food and drink options for a casual 30A meal
- A convenient location in or near Blue Mountain Beach / Redfish Village Area
- A good option to compare with other restaurants in Blue Mountain Beach
- A stop that works well before or after beach time, shopping, or exploring nearby

## What People Like

People usually look for places like Mimmo’s 30A because they want an easy meal option that feels connected to the area instead of feeling random or out of the way. The biggest draw is the location, especially if you are already spending time around Blue Mountain Beach / Redfish Village Area.

## What to Know

Check the current hours before you go, especially during slower seasons or on holiday weekends. Parking and crowds can vary a lot around Blue Mountain Beach, so give yourself extra time if you are visiting during lunch, dinner, or peak vacation weeks.

## Why You'd Go Here

- You are looking for a meal near Blue Mountain Beach / Redfish Village Area
- You want something convenient while exploring Blue Mountain Beach
- You are building out a dining list for a beach trip
- You need a practical stop that does not require driving far

## Bottom Line

Mimmo’s 30A is a useful restaurant listing for anyone planning time in Blue Mountain Beach. Add it to your WhereTo30A shortlist when convenience, location, and a clear sense of place matter."
Cafe Tango,cafe-tango,Blue Mountain Beach,Blue Mountain Beach / Redfish Village Area,restaurants,"Find Cafe Tango in Blue Mountain Beach: category, contact info, website, location, and quick notes for WhereTo30A.","Cafe Tango, Blue Mountain Beach, Blue Mountain Beach / Redfish Village Area, restaurants, 30A",Intimate fine dining restaurant in Blue Mountain Beach.,,,https://discover30a.com/30a-dining-locations/blue-mountain-beach/,"If you're spending time in Blue Mountain Beach / Redfish Village Area, Blue Mountain Beach, Cafe Tango is a restaurant worth knowing about. Intimate fine dining restaurant in Blue Mountain Beach. It fits naturally into a 30A day when you want something close by, easy to plan around, and tied to the feel of Blue Mountain Beach.

## What It Is

Cafe Tango is a restaurant located in Blue Mountain Beach / Redfish Village Area in Blue Mountain Beach. It is the kind of place to keep on your list when you are planning where to eat around Blue Mountain Beach, whether you are coming from the beach, walking through the shopping area, or looking for an easy stop near where you are staying.

## What You'll Find

- Food and drink options for a casual 30A meal
- A convenient location in or near Blue Mountain Beach / Redfish Village Area
- A good option to compare with other restaurants in Blue Mountain Beach
- A stop that works well before or after beach time, shopping, or exploring nearby

## What People Like

People usually look for places like Cafe Tango because they want an easy meal option that feels connected to the area instead of feeling random or out of the way. The biggest draw is the location, especially if you are already spending time around Blue Mountain Beach / Redfish Village Area.

## What to Know

Check the current hours before you go, especially during slower seasons or on holiday weekends. Parking and crowds can vary a lot around Blue Mountain Beach, so give yourself extra time if you are visiting during lunch, dinner, or peak vacation weeks.

## Why You'd Go Here

- You are looking for a meal near Blue Mountain Beach / Redfish Village Area
- You want something convenient while exploring Blue Mountain Beach
- You are building out a dining list for a beach trip
- You need a practical stop that does not require driving far

## Bottom Line

Cafe Tango is a useful restaurant listing for anyone planning time in Blue Mountain Beach. Add it to your WhereTo30A shortlist when convenience, location, and a clear sense of place matter."
For the Health of It,for-the-health-of-it,Blue Mountain Beach,Blue Mountain Beach / Redfish Village Area,shopping,"Find For the Health of It in Blue Mountain Beach: category, contact info, website, location, and quick notes for WhereTo30A.","For the Health of It, Blue Mountain Beach, Blue Mountain Beach / Redfish Village Area, shopping, 30A",Natural foods and wellness market in Blue Mountain Beach.,,,https://discover30a.com/30a-dining-locations/blue-mountain-beach/,"If you're spending time in Blue Mountain Beach / Redfish Village Area, Blue Mountain Beach, For the Health of It is a shop worth knowing about. Natural foods and wellness market in Blue Mountain Beach. It fits naturally into a 30A day when you want something close by, easy to plan around, and tied to the feel of Blue Mountain Beach.

## What It Is

For the Health of It is a shopping stop located in Blue Mountain Beach / Redfish Village Area in Blue Mountain Beach. It is a good listing to know if you like browsing local boutiques, beach-town retail, home goods, apparel, gifts, or specialty finds while exploring Blue Mountain Beach.

## What You'll Find

- Retail items that may include apparel, gifts, home goods, accessories, or specialty products
- A storefront in or near Blue Mountain Beach / Redfish Village Area
- A browse-worthy stop between meals or beach plans
- A local shopping option to add to a 30A itinerary

## What People Like

People tend to like shops like For the Health of It because they add character to a beach day. Instead of only planning around restaurants, this gives you somewhere to wander, browse, and find something that feels tied to the area.

## What to Know

Inventory, hours, and seasonal collections can change, so check the shop directly before making a special trip. Parking is easiest when you visit outside peak lunch and dinner windows, especially in busier town centers.

## Why You'd Go Here

- You want to browse local shops in Blue Mountain Beach
- You are looking for gifts or vacation finds
- You need a break from the beach
- You are exploring Blue Mountain Beach / Redfish Village Area on foot

## Bottom Line

For the Health of It is a good shopping listing for anyone exploring Blue Mountain Beach. It works well as part of a slower 30A day with time to wander."
Big Daddy’s Bike Shop,big-daddys-bike-shop,Blue Mountain Beach,Blue Mountain Beach / Redfish Village Area,activity,"Find Big Daddy’s Bike Shop in Blue Mountain Beach: category, contact info, website, location, and quick notes for WhereTo30A.","Big Daddy’s Bike Shop, Blue Mountain Beach, Blue Mountain Beach / Redfish Village Area, activity, 30A","Bike rentals, service, and beach gear.",,,https://discover30a.com/30a-dining-locations/blue-mountain-beach/,"If you're spending time in Blue Mountain Beach / Redfish Village Area, Blue Mountain Beach, Big Daddy’s Bike Shop is a activity or experience worth knowing about. Bike rentals, service, and beach gear. It fits naturally into a 30A day when you want something close by, easy to plan around, and tied to the feel of Blue Mountain Beach.

## What It Is

Big Daddy’s Bike Shop is an activity or experience located in Blue Mountain Beach / Redfish Village Area in Blue Mountain Beach. It is a good option to consider when you want to do more than just sit on the beach and are looking for something to build into your Blue Mountain Beach plans.

## What You'll Find

- An activity, attraction, rental, class, or experience depending on the business
- A location connected to Blue Mountain Beach / Redfish Village Area
- A way to add structure to a beach day
- A good option for families, couples, groups, or visitors looking for something local

## What People Like

People tend to like activity-based stops like Big Daddy’s Bike Shop because they make a 30A day feel more memorable. These are the kinds of places that help turn a simple beach trip into a fuller itinerary.

## What to Know

Book ahead if the activity depends on reservations, weather, equipment, or staffing. Availability can shift quickly during spring break, summer, and long weekends, so confirm details before you go.

## Why You'd Go Here

- You want something active to do in Blue Mountain Beach
- You are planning a family or group outing
- You need a break from a full beach day
- You are building a more complete 30A itinerary

## Bottom Line

Big Daddy’s Bike Shop is a useful activity listing for Blue Mountain Beach. It is worth checking when you want your day to include something more planned or interactive."
Real and Raw 30A,real-and-raw-30a,Blue Mountain Beach,Blue Mountain Beach / Redfish Village Area,restaurants,"Find Real and Raw 30A in Blue Mountain Beach: category, contact info, website, location, and quick notes for WhereTo30A.","Real and Raw 30A, Blue Mountain Beach, Blue Mountain Beach / Redfish Village Area, restaurants, 30A",Organic eatery and market in Blue Mountain Beach.,,,https://discover30a.com/30a-dining-locations/blue-mountain-beach/,"If you're spending time in Blue Mountain Beach / Redfish Village Area, Blue Mountain Beach, Real and Raw 30A is a restaurant worth knowing about. Organic eatery and market in Blue Mountain Beach. It fits naturally into a 30A day when you want something close by, easy to plan around, and tied to the feel of Blue Mountain Beach.

## What It Is

Real and Raw 30A is a restaurant located in Blue Mountain Beach / Redfish Village Area in Blue Mountain Beach. It is the kind of place to keep on your list when you are planning where to eat around Blue Mountain Beach, whether you are coming from the beach, walking through the shopping area, or looking for an easy stop near where you are staying.

## What You'll Find

- Food and drink options for a casual 30A meal
- A convenient location in or near Blue Mountain Beach / Redfish Village Area
- A good option to compare with other restaurants in Blue Mountain Beach
- A stop that works well before or after beach time, shopping, or exploring nearby

## What People Like

People usually look for places like Real and Raw 30A because they want an easy meal option that feels connected to the area instead of feeling random or out of the way. The biggest draw is the location, especially if you are already spending time around Blue Mountain Beach / Redfish Village Area.

## What to Know

Check the current hours before you go, especially during slower seasons or on holiday weekends. Parking and crowds can vary a lot around Blue Mountain Beach, so give yourself extra time if you are visiting during lunch, dinner, or peak vacation weeks.

## Why You'd Go Here

- You are looking for a meal near Blue Mountain Beach / Redfish Village Area
- You want something convenient while exploring Blue Mountain Beach
- You are building out a dining list for a beach trip
- You need a practical stop that does not require driving far

## Bottom Line

Real and Raw 30A is a useful restaurant listing for anyone planning time in Blue Mountain Beach. Add it to your WhereTo30A shortlist when convenience, location, and a clear sense of place matter."
Shunk Gulley Oyster Bar,shunk-gulley-oyster-bar,Gulf Place,Gulf Place Town Center,restaurants,"Find Shunk Gulley Oyster Bar in Gulf Place: category, contact info, website, location, and quick notes for WhereTo30A.","Shunk Gulley Oyster Bar, Gulf Place, Gulf Place Town Center, restaurants, 30A",Coastal oyster bar and restaurant at Gulf Place.,850-622-2733,https://shunkgulley.com,https://discover30a.com/30a-dining-locations/gulf-place/,"If you're spending time in Gulf Place Town Center, Gulf Place, Shunk Gulley Oyster Bar is a restaurant worth knowing about. Coastal oyster bar and restaurant at Gulf Place. It fits naturally into a 30A day when you want something close by, easy to plan around, and tied to the feel of Gulf Place.

## What It Is

Shunk Gulley Oyster Bar is a restaurant located in Gulf Place Town Center in Gulf Place. It is the kind of place to keep on your list when you are planning where to eat around Gulf Place, whether you are coming from the beach, walking through the shopping area, or looking for an easy stop near where you are staying.

## What You'll Find

- Food and drink options for a casual 30A meal
- A convenient location in or near Gulf Place Town Center
- A good option to compare with other restaurants in Gulf Place
- A stop that works well before or after beach time, shopping, or exploring nearby

## What People Like

People usually look for places like Shunk Gulley Oyster Bar because they want an easy meal option that feels connected to the area instead of feeling random or out of the way. The biggest draw is the location, especially if you are already spending time around Gulf Place Town Center.

## What to Know

Check the current hours before you go, especially during slower seasons or on holiday weekends. Parking and crowds can vary a lot around Gulf Place, so give yourself extra time if you are visiting during lunch, dinner, or peak vacation weeks.

## Why You'd Go Here

- You are looking for a meal near Gulf Place Town Center
- You want something convenient while exploring Gulf Place
- You are building out a dining list for a beach trip
- You need a practical stop that does not require driving far

## Bottom Line

Shunk Gulley Oyster Bar is a useful restaurant listing for anyone planning time in Gulf Place. Add it to your WhereTo30A shortlist when convenience, location, and a clear sense of place matter."
Pizza by the Sea Gulf Place,pizza-by-the-sea-gulf-place,Gulf Place,Gulf Place Town Center,restaurants,"Find Pizza by the Sea Gulf Place in Gulf Place: category, contact info, website, location, and quick notes for WhereTo30A.","Pizza by the Sea Gulf Place, Gulf Place, Gulf Place Town Center, restaurants, 30A","Pizza, pasta, sandwiches, salads, and kid-friendly dining.",850-267-2202,https://pizzabythesea.com,https://discover30a.com/30a-dining-locations/gulf-place/,"If you're spending time in Gulf Place Town Center, Gulf Place, Pizza by the Sea Gulf Place is a restaurant worth knowing about. Pizza, pasta, sandwiches, salads, and kid-friendly dining. It fits naturally into a 30A day when you want something close by, easy to plan around, and tied to the feel of Gulf Place.

## What It Is

Pizza by the Sea Gulf Place is a restaurant located in Gulf Place Town Center in Gulf Place. It is the kind of place to keep on your list when you are planning where to eat around Gulf Place, whether you are coming from the beach, walking through the shopping area, or looking for an easy stop near where you are staying.

## What You'll Find

- Food and drink options for a casual 30A meal
- A convenient location in or near Gulf Place Town Center
- A good option to compare with other restaurants in Gulf Place
- A stop that works well before or after beach time, shopping, or exploring nearby

## What People Like

People usually look for places like Pizza by the Sea Gulf Place because they want an easy meal option that feels connected to the area instead of feeling random or out of the way. The biggest draw is the location, especially if you are already spending time around Gulf Place Town Center.

## What to Know

Check the current hours before you go, especially during slower seasons or on holiday weekends. Parking and crowds can vary a lot around Gulf Place, so give yourself extra time if you are visiting during lunch, dinner, or peak vacation weeks.

## Why You'd Go Here

- You are looking for a meal near Gulf Place Town Center
- You want something convenient while exploring Gulf Place
- You are building out a dining list for a beach trip
- You need a practical stop that does not require driving far

## Bottom Line

Pizza by the Sea Gulf Place is a useful restaurant listing for anyone planning time in Gulf Place. Add it to your WhereTo30A shortlist when convenience, location, and a clear sense of place matter."
The Perfect Pig Gulf Place,the-perfect-pig-gulf-place,Gulf Place,Gulf Place Town Center,restaurants,"Find The Perfect Pig Gulf Place in Gulf Place: category, contact info, website, location, and quick notes for WhereTo30A.","The Perfect Pig Gulf Place, Gulf Place, Gulf Place Town Center, restaurants, 30A","Breakfast, lunch, dinner, cafe, and gourmet market.",850-660-1591,,https://discover30a.com/30a-dining-locations/gulf-place/,"If you're spending time in Gulf Place Town Center, Gulf Place, The Perfect Pig Gulf Place is a restaurant worth knowing about. Breakfast, lunch, dinner, cafe, and gourmet market. It fits naturally into a 30A day when you want something close by, easy to plan around, and tied to the feel of Gulf Place.

## What It Is

The Perfect Pig Gulf Place is a restaurant located in Gulf Place Town Center in Gulf Place. It is the kind of place to keep on your list when you are planning where to eat around Gulf Place, whether you are coming from the beach, walking through the shopping area, or looking for an easy stop near where you are staying.

## What You'll Find

- Food and drink options for a casual 30A meal
- A convenient location in or near Gulf Place Town Center
- A good option to compare with other restaurants in Gulf Place
- A stop that works well before or after beach time, shopping, or exploring nearby

## What People Like

People usually look for places like The Perfect Pig Gulf Place because they want an easy meal option that feels connected to the area instead of feeling random or out of the way. The biggest draw is the location, especially if you are already spending time around Gulf Place Town Center.

## What to Know

Check the current hours before you go, especially during slower seasons or on holiday weekends. Parking and crowds can vary a lot around Gulf Place, so give yourself extra time if you are visiting during lunch, dinner, or peak vacation weeks.

## Why You'd Go Here

- You are looking for a meal near Gulf Place Town Center
- You want something convenient while exploring Gulf Place
- You are building out a dining list for a beach trip
- You need a practical stop that does not require driving far

## Bottom Line

The Perfect Pig Gulf Place is a useful restaurant listing for anyone planning time in Gulf Place. Add it to your WhereTo30A shortlist when convenience, location, and a clear sense of place matter."
South of Philly,south-of-philly,Gulf Place,Gulf Place Town Center,restaurants,"Find South of Philly in Gulf Place: category, contact info, website, location, and quick notes for WhereTo30A.","South of Philly, Gulf Place, Gulf Place Town Center, restaurants, 30A","Cheesesteaks, burgers, fries, wraps, and casual food.",850-662-1055,,https://discover30a.com/30a-dining-locations/gulf-place/,"If you're spending time in Gulf Place Town Center, Gulf Place, South of Philly is a restaurant worth knowing about. Cheesesteaks, burgers, fries, wraps, and casual food. It fits naturally into a 30A day when you want something close by, easy to plan around, and tied to the feel of Gulf Place.

## What It Is

South of Philly is a restaurant located in Gulf Place Town Center in Gulf Place. It is the kind of place to keep on your list when you are planning where to eat around Gulf Place, whether you are coming from the beach, walking through the shopping area, or looking for an easy stop near where you are staying.

## What You'll Find

- Food and drink options for a casual 30A meal
- A convenient location in or near Gulf Place Town Center
- A good option to compare with other restaurants in Gulf Place
- A stop that works well before or after beach time, shopping, or exploring nearby

## What People Like

People usually look for places like South of Philly because they want an easy meal option that feels connected to the area instead of feeling random or out of the way. The biggest draw is the location, especially if you are already spending time around Gulf Place Town Center.

## What to Know

Check the current hours before you go, especially during slower seasons or on holiday weekends. Parking and crowds can vary a lot around Gulf Place, so give yourself extra time if you are visiting during lunch, dinner, or peak vacation weeks.

## Why You'd Go Here

- You are looking for a meal near Gulf Place Town Center
- You want something convenient while exploring Gulf Place
- You are building out a dining list for a beach trip
- You need a practical stop that does not require driving far

## Bottom Line

South of Philly is a useful restaurant listing for anyone planning time in Gulf Place. Add it to your WhereTo30A shortlist when convenience, location, and a clear sense of place matter."
Growler Garage 30A,growler-garage-30a,Gulf Place,Gulf Place Town Center,bars,"Find Growler Garage 30A in Gulf Place: category, contact info, website, location, and quick notes for WhereTo30A.","Growler Garage 30A, Gulf Place, Gulf Place Town Center, bars, 30A","Craft beer, bar, and live music at Gulf Place.",,,https://discover30a.com/30a-dining-locations/gulf-place/,"If you're spending time in Gulf Place Town Center, Gulf Place, Growler Garage 30A is a bar or nightlife stop worth knowing about. Craft beer, bar, and live music at Gulf Place. It fits naturally into a 30A day when you want something close by, easy to plan around, and tied to the feel of Gulf Place.

## What It Is

Growler Garage 30A is a bar or drinks-focused stop located in Gulf Place Town Center in Gulf Place. It is the kind of place to consider when your 30A plans shift from beach time into dinner, drinks, or a more social evening.

## What You'll Find

- Beer, wine, cocktails, or casual drinks depending on the venue
- A location that works well around Gulf Place Town Center
- A spot to add to an evening itinerary
- A place to pair with dinner, live music, or a walk through the area when available

## What People Like

People are usually drawn to places like Growler Garage 30A for the setting and convenience. Around 30A, the best bar stops are often the ones that are easy to reach, easy to pair with dinner, and relaxed enough to fit the beach-town pace.

## What to Know

Hours, entertainment, and food availability can change by season. Check the current details before you go, especially if you are planning around live music, a late night, or a holiday weekend.

## Why You'd Go Here

- You want drinks near Gulf Place Town Center
- You are planning a casual evening in Gulf Place
- You need a bar option to pair with dinner nearby
- You are looking for a social stop after beach time

## Bottom Line

Growler Garage 30A is worth saving as a drinks option in Gulf Place. It is best used as part of a relaxed evening plan rather than a rushed stop."
Pecan Jacks Gulf Place,pecan-jacks-gulf-place,Gulf Place,Gulf Place Town Center,restaurants,"Find Pecan Jacks Gulf Place in Gulf Place: category, contact info, website, location, and quick notes for WhereTo30A.","Pecan Jacks Gulf Place, Gulf Place, Gulf Place Town Center, restaurants, 30A","Ice cream, candy, pralines, and sweets.",850-622-0011,https://pecanjacks.com,https://discover30a.com/30a-dining-locations/gulf-place/,"If you're spending time in Gulf Place Town Center, Gulf Place, Pecan Jacks Gulf Place is a restaurant worth knowing about. Ice cream, candy, pralines, and sweets. It fits naturally into a 30A day when you want something close by, easy to plan around, and tied to the feel of Gulf Place.

## What It Is

Pecan Jacks Gulf Place is a restaurant located in Gulf Place Town Center in Gulf Place. It is the kind of place to keep on your list when you are planning where to eat around Gulf Place, whether you are coming from the beach, walking through the shopping area, or looking for an easy stop near where you are staying.

## What You'll Find

- Food and drink options for a casual 30A meal
- A convenient location in or near Gulf Place Town Center
- A good option to compare with other restaurants in Gulf Place
- A stop that works well before or after beach time, shopping, or exploring nearby

## What People Like

People usually look for places like Pecan Jacks Gulf Place because they want an easy meal option that feels connected to the area instead of feeling random or out of the way. The biggest draw is the location, especially if you are already spending time around Gulf Place Town Center.

## What to Know

Check the current hours before you go, especially during slower seasons or on holiday weekends. Parking and crowds can vary a lot around Gulf Place, so give yourself extra time if you are visiting during lunch, dinner, or peak vacation weeks.

## Why You'd Go Here

- You are looking for a meal near Gulf Place Town Center
- You want something convenient while exploring Gulf Place
- You are building out a dining list for a beach trip
- You need a practical stop that does not require driving far

## Bottom Line

Pecan Jacks Gulf Place is a useful restaurant listing for anyone planning time in Gulf Place. Add it to your WhereTo30A shortlist when convenience, location, and a clear sense of place matter."
Sunrise Coffee Co.,sunrise-coffee-co,Gulf Place,Gulf Place Town Center,coffee shops,"Find Sunrise Coffee Co. in Gulf Place: category, contact info, website, location, and quick notes for WhereTo30A.","Sunrise Coffee Co., Gulf Place, Gulf Place Town Center, coffee shops, 30A",Coffee shop at Gulf Place.,850-499-8130,,https://discover30a.com/30a-dining-locations/gulf-place/,"If you're spending time in Gulf Place Town Center, Gulf Place, Sunrise Coffee Co. is a coffee shop worth knowing about. Coffee shop at Gulf Place. It fits naturally into a 30A day when you want something close by, easy to plan around, and tied to the feel of Gulf Place.

## What It Is

Sunrise Coffee Co. is a coffee shop located in Gulf Place Town Center in Gulf Place. It is a good one to know when you want a morning stop, an afternoon pick-me-up, or a place to anchor a walk through Gulf Place.

## What You'll Find

- Coffee, tea, or casual drinks depending on the shop
- A convenient stop near Gulf Place Town Center
- A place to begin the morning before the beach or shopping
- A low-key break during a longer 30A day

## What People Like

People tend to like coffee stops like Sunrise Coffee Co. because they make a day in Gulf Place feel easier. It gives you a natural starting point, especially if you are walking, biking, or meeting someone nearby.

## What to Know

Morning hours are usually the safest bet for coffee shops, but always confirm the current schedule before making a special trip. Lines can build during spring break, summer, and holiday weekends, so earlier is usually better.

## Why You'd Go Here

- You want coffee before heading to the beach
- You are meeting someone in Gulf Place
- You need an easy stop while exploring Gulf Place Town Center
- You are creating a morning itinerary along 30A

## Bottom Line

Sunrise Coffee Co. is a helpful coffee shop to keep on your Gulf Place list. It works best as a simple morning stop or an easy pause while exploring nearby."
Shelby’s Beach Bar & Grill,shelbys-beach-bar-and-grill,Gulf Place,Gulf Place Town Center,restaurants,"Find Shelby’s Beach Bar & Grill in Gulf Place: category, contact info, website, location, and quick notes for WhereTo30A.","Shelby’s Beach Bar & Grill, Gulf Place, Gulf Place Town Center, restaurants, 30A",Beach bar and grill at Gulf Place.,,,https://discover30a.com/30a-dining-locations/gulf-place/,"If you're spending time in Gulf Place Town Center, Gulf Place, Shelby’s Beach Bar & Grill is a restaurant worth knowing about. Beach bar and grill at Gulf Place. It fits naturally into a 30A day when you want something close by, easy to plan around, and tied to the feel of Gulf Place.

## What It Is

Shelby’s Beach Bar & Grill is a restaurant located in Gulf Place Town Center in Gulf Place. It is the kind of place to keep on your list when you are planning where to eat around Gulf Place, whether you are coming from the beach, walking through the shopping area, or looking for an easy stop near where you are staying.

## What You'll Find

- Food and drink options for a casual 30A meal
- A convenient location in or near Gulf Place Town Center
- A good option to compare with other restaurants in Gulf Place
- A stop that works well before or after beach time, shopping, or exploring nearby

## What People Like

People usually look for places like Shelby’s Beach Bar & Grill because they want an easy meal option that feels connected to the area instead of feeling random or out of the way. The biggest draw is the location, especially if you are already spending time around Gulf Place Town Center.

## What to Know

Check the current hours before you go, especially during slower seasons or on holiday weekends. Parking and crowds can vary a lot around Gulf Place, so give yourself extra time if you are visiting during lunch, dinner, or peak vacation weeks.

## Why You'd Go Here

- You are looking for a meal near Gulf Place Town Center
- You want something convenient while exploring Gulf Place
- You are building out a dining list for a beach trip
- You need a practical stop that does not require driving far

## Bottom Line

Shelby’s Beach Bar & Grill is a useful restaurant listing for anyone planning time in Gulf Place. Add it to your WhereTo30A shortlist when convenience, location, and a clear sense of place matter."
SOHO Beach House / Gulf Place Boutique,soho-beach-house-gulf-place-boutique,Gulf Place,Gulf Place Town Center,shopping,"Find SOHO Beach House / Gulf Place Boutique in Gulf Place: category, contact info, website, location, and quick notes for WhereTo30A.","SOHO Beach House / Gulf Place Boutique, Gulf Place, Gulf Place Town Center, shopping, 30A",Boutique shopping at Gulf Place.,,,https://discover30a.com/30a-dining-locations/gulf-place/,"If you're spending time in Gulf Place Town Center, Gulf Place, SOHO Beach House / Gulf Place Boutique is a shop worth knowing about. Boutique shopping at Gulf Place. It fits naturally into a 30A day when you want something close by, easy to plan around, and tied to the feel of Gulf Place.

## What It Is

SOHO Beach House / Gulf Place Boutique is a shopping stop located in Gulf Place Town Center in Gulf Place. It is a good listing to know if you like browsing local boutiques, beach-town retail, home goods, apparel, gifts, or specialty finds while exploring Gulf Place.

## What You'll Find

- Retail items that may include apparel, gifts, home goods, accessories, or specialty products
- A storefront in or near Gulf Place Town Center
- A browse-worthy stop between meals or beach plans
- A local shopping option to add to a 30A itinerary

## What People Like

People tend to like shops like SOHO Beach House / Gulf Place Boutique because they add character to a beach day. Instead of only planning around restaurants, this gives you somewhere to wander, browse, and find something that feels tied to the area.

## What to Know

Inventory, hours, and seasonal collections can change, so check the shop directly before making a special trip. Parking is easiest when you visit outside peak lunch and dinner windows, especially in busier town centers.

## Why You'd Go Here

- You want to browse local shops in Gulf Place
- You are looking for gifts or vacation finds
- You need a break from the beach
- You are exploring Gulf Place Town Center on foot

## Bottom Line

SOHO Beach House / Gulf Place Boutique is a good shopping listing for anyone exploring Gulf Place. It works well as part of a slower 30A day with time to wander."
Artists at Gulf Place,artists-at-gulf-place,Gulf Place,Gulf Place Town Center,shopping,"Find Artists at Gulf Place in Gulf Place: category, contact info, website, location, and quick notes for WhereTo30A.","Artists at Gulf Place, Gulf Place, Gulf Place Town Center, shopping, 30A",Artist colony and local art kiosks at Gulf Place.,,,https://discover30a.com/30a-dining-locations/gulf-place/,"If you're spending time in Gulf Place Town Center, Gulf Place, Artists at Gulf Place is a shop worth knowing about. Artist colony and local art kiosks at Gulf Place. It fits naturally into a 30A day when you want something close by, easy to plan around, and tied to the feel of Gulf Place.

## What It Is

Artists at Gulf Place is a shopping stop located in Gulf Place Town Center in Gulf Place. It is a good listing to know if you like browsing local boutiques, beach-town retail, home goods, apparel, gifts, or specialty finds while exploring Gulf Place.

## What You'll Find

- Retail items that may include apparel, gifts, home goods, accessories, or specialty products
- A storefront in or near Gulf Place Town Center
- A browse-worthy stop between meals or beach plans
- A local shopping option to add to a 30A itinerary

## What People Like

People tend to like shops like Artists at Gulf Place because they add character to a beach day. Instead of only planning around restaurants, this gives you somewhere to wander, browse, and find something that feels tied to the area.

## What to Know

Inventory, hours, and seasonal collections can change, so check the shop directly before making a special trip. Parking is easiest when you visit outside peak lunch and dinner windows, especially in busier town centers.

## Why You'd Go Here

- You want to browse local shops in Gulf Place
- You are looking for gifts or vacation finds
- You need a break from the beach
- You are exploring Gulf Place Town Center on foot

## Bottom Line

Artists at Gulf Place is a good shopping listing for anyone exploring Gulf Place. It works well as part of a slower 30A day with time to wander."
Coastal Paradise,coastal-paradise,Gulf Place,Gulf Place Town Center,shopping,"Find Coastal Paradise in Gulf Place: category, contact info, website, location, and quick notes for WhereTo30A.","Coastal Paradise, Gulf Place, Gulf Place Town Center, shopping, 30A",Beach clothing and gifts at Gulf Place.,,,https://discover30a.com/30a-dining-locations/gulf-place/,"If you're spending time in Gulf Place Town Center, Gulf Place, Coastal Paradise is a shop worth knowing about. Beach clothing and gifts at Gulf Place. It fits naturally into a 30A day when you want something close by, easy to plan around, and tied to the feel of Gulf Place.

## What It Is

Coastal Paradise is a shopping stop located in Gulf Place Town Center in Gulf Place. It is a good listing to know if you like browsing local boutiques, beach-town retail, home goods, apparel, gifts, or specialty finds while exploring Gulf Place.

## What You'll Find

- Retail items that may include apparel, gifts, home goods, accessories, or specialty products
- A storefront in or near Gulf Place Town Center
- A browse-worthy stop between meals or beach plans
- A local shopping option to add to a 30A itinerary

## What People Like

People tend to like shops like Coastal Paradise because they add character to a beach day. Instead of only planning around restaurants, this gives you somewhere to wander, browse, and find something that feels tied to the area.

## What to Know

Inventory, hours, and seasonal collections can change, so check the shop directly before making a special trip. Parking is easiest when you visit outside peak lunch and dinner windows, especially in busier town centers.

## Why You'd Go Here

- You want to browse local shops in Gulf Place
- You are looking for gifts or vacation finds
- You need a break from the beach
- You are exploring Gulf Place Town Center on foot

## Bottom Line

Coastal Paradise is a good shopping listing for anyone exploring Gulf Place. It works well as part of a slower 30A day with time to wander."
30A Store Gulf Place,30a-store-gulf-place,Gulf Place,Gulf Place Town Center,shopping,"Find 30A Store Gulf Place in Gulf Place: category, contact info, website, location, and quick notes for WhereTo30A.","30A Store Gulf Place, Gulf Place, Gulf Place Town Center, shopping, 30A",30A logo wear and gifts at Gulf Place.,,https://30agear.com,https://discover30a.com/30a-dining-locations/gulf-place/,"If you're spending time in Gulf Place Town Center, Gulf Place, 30A Store Gulf Place is a shop worth knowing about. 30A logo wear and gifts at Gulf Place. It fits naturally into a 30A day when you want something close by, easy to plan around, and tied to the feel of Gulf Place.

## What It Is

30A Store Gulf Place is a shopping stop located in Gulf Place Town Center in Gulf Place. It is a good listing to know if you like browsing local boutiques, beach-town retail, home goods, apparel, gifts, or specialty finds while exploring Gulf Place.

## What You'll Find

- Retail items that may include apparel, gifts, home goods, accessories, or specialty products
- A storefront in or near Gulf Place Town Center
- A browse-worthy stop between meals or beach plans
- A local shopping option to add to a 30A itinerary

## What People Like

People tend to like shops like 30A Store Gulf Place because they add character to a beach day. Instead of only planning around restaurants, this gives you somewhere to wander, browse, and find something that feels tied to the area.

## What to Know

Inventory, hours, and seasonal collections can change, so check the shop directly before making a special trip. Parking is easiest when you visit outside peak lunch and dinner windows, especially in busier town centers.

## Why You'd Go Here

- You want to browse local shops in Gulf Place
- You are looking for gifts or vacation finds
- You need a break from the beach
- You are exploring Gulf Place Town Center on foot

## Bottom Line

30A Store Gulf Place is a good shopping listing for anyone exploring Gulf Place. It works well as part of a slower 30A day with time to wander."
YOLO Board + Bike Gulf Place,yolo-board-bike-gulf-place,Gulf Place,Gulf Place Town Center,activity,"Find YOLO Board + Bike Gulf Place in Gulf Place: category, contact info, website, location, and quick notes for WhereTo30A.","YOLO Board + Bike Gulf Place, Gulf Place, Gulf Place Town Center, activity, 30A","Board, bike, and beach lifestyle gear.",,https://yoloboard.com,https://discover30a.com/30a-dining-locations/gulf-place/,"If you're spending time in Gulf Place Town Center, Gulf Place, YOLO Board + Bike Gulf Place is a activity or experience worth knowing about. Board, bike, and beach lifestyle gear. It fits naturally into a 30A day when you want something close by, easy to plan around, and tied to the feel of Gulf Place.

## What It Is

YOLO Board + Bike Gulf Place is an activity or experience located in Gulf Place Town Center in Gulf Place. It is a good option to consider when you want to do more than just sit on the beach and are looking for something to build into your Gulf Place plans.

## What You'll Find

- An activity, attraction, rental, class, or experience depending on the business
- A location connected to Gulf Place Town Center
- A way to add structure to a beach day
- A good option for families, couples, groups, or visitors looking for something local

## What People Like

People tend to like activity-based stops like YOLO Board + Bike Gulf Place because they make a 30A day feel more memorable. These are the kinds of places that help turn a simple beach trip into a fuller itinerary.

## What to Know

Book ahead if the activity depends on reservations, weather, equipment, or staffing. Availability can shift quickly during spring break, summer, and long weekends, so confirm details before you go.

## Why You'd Go Here

- You want something active to do in Gulf Place
- You are planning a family or group outing
- You need a break from a full beach day
- You are building a more complete 30A itinerary

## Bottom Line

YOLO Board + Bike Gulf Place is a useful activity listing for Gulf Place. It is worth checking when you want your day to include something more planned or interactive."
Reef Beach Rentals,reef-beach-rentals,Gulf Place,Gulf Place Town Center,activity,"Find Reef Beach Rentals in Gulf Place: category, contact info, website, location, and quick notes for WhereTo30A.","Reef Beach Rentals, Gulf Place, Gulf Place Town Center, activity, 30A",Beach rental service near Gulf Place.,,,https://discover30a.com/30a-dining-locations/gulf-place/,"If you're spending time in Gulf Place Town Center, Gulf Place, Reef Beach Rentals is a activity or experience worth knowing about. Beach rental service near Gulf Place. It fits naturally into a 30A day when you want something close by, easy to plan around, and tied to the feel of Gulf Place.

## What It Is

Reef Beach Rentals is an activity or experience located in Gulf Place Town Center in Gulf Place. It is a good option to consider when you want to do more than just sit on the beach and are looking for something to build into your Gulf Place plans.

## What You'll Find

- An activity, attraction, rental, class, or experience depending on the business
- A location connected to Gulf Place Town Center
- A way to add structure to a beach day
- A good option for families, couples, groups, or visitors looking for something local

## What People Like

People tend to like activity-based stops like Reef Beach Rentals because they make a 30A day feel more memorable. These are the kinds of places that help turn a simple beach trip into a fuller itinerary.

## What to Know

Book ahead if the activity depends on reservations, weather, equipment, or staffing. Availability can shift quickly during spring break, summer, and long weekends, so confirm details before you go.

## Why You'd Go Here

- You want something active to do in Gulf Place
- You are planning a family or group outing
- You need a break from a full beach day
- You are building a more complete 30A itinerary

## Bottom Line

Reef Beach Rentals is a useful activity listing for Gulf Place. It is worth checking when you want your day to include something more planned or interactive."
Stinky’s Fish Camp,stinkys-fish-camp,Dune Allen Beach / Santa Rosa Beach,Dune Allen / West 30A,restaurants,"Find Stinky’s Fish Camp in Dune Allen Beach / Santa Rosa Beach: category, contact info, website, location, and quick notes for WhereTo30A.","Stinky’s Fish Camp, Dune Allen Beach / Santa Rosa Beach, Dune Allen / West 30A, restaurants, 30A",Seafood and Cajun-inspired restaurant in Dune Allen.,850-267-3053,https://stinkysfishcamp.com,https://discover30a.com/30a-dining-locations/dune-allen-beach/,"If you're spending time in Dune Allen / West 30A, Dune Allen Beach / Santa Rosa Beach, Stinky’s Fish Camp is a restaurant worth knowing about. Seafood and Cajun-inspired restaurant in Dune Allen. It fits naturally into a 30A day when you want something close by, easy to plan around, and tied to the feel of Dune Allen Beach / Santa Rosa Beach.

## What It Is

Stinky’s Fish Camp is a restaurant located in Dune Allen / West 30A in Dune Allen Beach / Santa Rosa Beach. It is the kind of place to keep on your list when you are planning where to eat around Dune Allen Beach / Santa Rosa Beach, whether you are coming from the beach, walking through the shopping area, or looking for an easy stop near where you are staying.

## What You'll Find

- Food and drink options for a casual 30A meal
- A convenient location in or near Dune Allen / West 30A
- A good option to compare with other restaurants in Dune Allen Beach / Santa Rosa Beach
- A stop that works well before or after beach time, shopping, or exploring nearby

## What People Like

People usually look for places like Stinky’s Fish Camp because they want an easy meal option that feels connected to the area instead of feeling random or out of the way. The biggest draw is the location, especially if you are already spending time around Dune Allen / West 30A.

## What to Know

Check the current hours before you go, especially during slower seasons or on holiday weekends. Parking and crowds can vary a lot around Dune Allen Beach / Santa Rosa Beach, so give yourself extra time if you are visiting during lunch, dinner, or peak vacation weeks.

## Why You'd Go Here

- You are looking for a meal near Dune Allen / West 30A
- You want something convenient while exploring Dune Allen Beach / Santa Rosa Beach
- You are building out a dining list for a beach trip
- You need a practical stop that does not require driving far

## Bottom Line

Stinky’s Fish Camp is a useful restaurant listing for anyone planning time in Dune Allen Beach / Santa Rosa Beach. Add it to your WhereTo30A shortlist when convenience, location, and a clear sense of place matter."
Vue on 30A,vue-on-30a,Dune Allen Beach / Santa Rosa Beach,Dune Allen / West 30A,restaurants,"Find Vue on 30A in Dune Allen Beach / Santa Rosa Beach: category, contact info, website, location, and quick notes for WhereTo30A.","Vue on 30A, Dune Allen Beach / Santa Rosa Beach, Dune Allen / West 30A, restaurants, 30A",Gulf-front restaurant in Dune Allen Beach.,850-267-2305,,https://discover30a.com/30a-dining-locations/dune-allen-beach/,"If you're spending time in Dune Allen / West 30A, Dune Allen Beach / Santa Rosa Beach, Vue on 30A is a restaurant worth knowing about. Gulf-front restaurant in Dune Allen Beach. It fits naturally into a 30A day when you want something close by, easy to plan around, and tied to the feel of Dune Allen Beach / Santa Rosa Beach.

## What It Is

Vue on 30A is a restaurant located in Dune Allen / West 30A in Dune Allen Beach / Santa Rosa Beach. It is the kind of place to keep on your list when you are planning where to eat around Dune Allen Beach / Santa Rosa Beach, whether you are coming from the beach, walking through the shopping area, or looking for an easy stop near where you are staying.

## What You'll Find

- Food and drink options for a casual 30A meal
- A convenient location in or near Dune Allen / West 30A
- A good option to compare with other restaurants in Dune Allen Beach / Santa Rosa Beach
- A stop that works well before or after beach time, shopping, or exploring nearby

## What People Like

People usually look for places like Vue on 30A because they want an easy meal option that feels connected to the area instead of feeling random or out of the way. The biggest draw is the location, especially if you are already spending time around Dune Allen / West 30A.

## What to Know

Check the current hours before you go, especially during slower seasons or on holiday weekends. Parking and crowds can vary a lot around Dune Allen Beach / Santa Rosa Beach, so give yourself extra time if you are visiting during lunch, dinner, or peak vacation weeks.

## Why You'd Go Here

- You are looking for a meal near Dune Allen / West 30A
- You want something convenient while exploring Dune Allen Beach / Santa Rosa Beach
- You are building out a dining list for a beach trip
- You need a practical stop that does not require driving far

## Bottom Line

Vue on 30A is a useful restaurant listing for anyone planning time in Dune Allen Beach / Santa Rosa Beach. Add it to your WhereTo30A shortlist when convenience, location, and a clear sense of place matter."
Stinky’s Bait Shack,stinkys-bait-shack,Dune Allen Beach / Santa Rosa Beach,Dune Allen / West 30A,shopping,"Find Stinky’s Bait Shack in Dune Allen Beach / Santa Rosa Beach: category, contact info, website, location, and quick notes for WhereTo30A.","Stinky’s Bait Shack, Dune Allen Beach / Santa Rosa Beach, Dune Allen / West 30A, shopping, 30A","Fishing, bait, and beach supplies near Stinky’s.",,,https://discover30a.com/30a-dining-locations/dune-allen-beach/,"If you're spending time in Dune Allen / West 30A, Dune Allen Beach / Santa Rosa Beach, Stinky’s Bait Shack is a shop worth knowing about. Fishing, bait, and beach supplies near Stinky’s. It fits naturally into a 30A day when you want something close by, easy to plan around, and tied to the feel of Dune Allen Beach / Santa Rosa Beach.

## What It Is

Stinky’s Bait Shack is a shopping stop located in Dune Allen / West 30A in Dune Allen Beach / Santa Rosa Beach. It is a good listing to know if you like browsing local boutiques, beach-town retail, home goods, apparel, gifts, or specialty finds while exploring Dune Allen Beach / Santa Rosa Beach.

## What You'll Find

- Retail items that may include apparel, gifts, home goods, accessories, or specialty products
- A storefront in or near Dune Allen / West 30A
- A browse-worthy stop between meals or beach plans
- A local shopping option to add to a 30A itinerary

## What People Like

People tend to like shops like Stinky’s Bait Shack because they add character to a beach day. Instead of only planning around restaurants, this gives you somewhere to wander, browse, and find something that feels tied to the area.

## What to Know

Inventory, hours, and seasonal collections can change, so check the shop directly before making a special trip. Parking is easiest when you visit outside peak lunch and dinner windows, especially in busier town centers.

## Why You'd Go Here

- You want to browse local shops in Dune Allen Beach / Santa Rosa Beach
- You are looking for gifts or vacation finds
- You need a break from the beach
- You are exploring Dune Allen / West 30A on foot

## Bottom Line

Stinky’s Bait Shack is a good shopping listing for anyone exploring Dune Allen Beach / Santa Rosa Beach. It works well as part of a slower 30A day with time to wander."
Pazzo Italiano Santa Rosa Beach,pazzo-italiano-santa-rosa-beach,Dune Allen Beach / Santa Rosa Beach,Dune Allen / West 30A,restaurants,"Find Pazzo Italiano Santa Rosa Beach in Dune Allen Beach / Santa Rosa Beach: category, contact info, website, location, and quick notes for WhereTo30A.","Pazzo Italiano Santa Rosa Beach, Dune Allen Beach / Santa Rosa Beach, Dune Allen / West 30A, restaurants, 30A",Italian restaurant in Santa Rosa Beach.,,,https://discover30a.com/30a-dining-locations/dune-allen-beach/,"If you're spending time in Dune Allen / West 30A, Dune Allen Beach / Santa Rosa Beach, Pazzo Italiano Santa Rosa Beach is a restaurant worth knowing about. Italian restaurant in Santa Rosa Beach. It fits naturally into a 30A day when you want something close by, easy to plan around, and tied to the feel of Dune Allen Beach / Santa Rosa Beach.

## What It Is

Pazzo Italiano Santa Rosa Beach is a restaurant located in Dune Allen / West 30A in Dune Allen Beach / Santa Rosa Beach. It is the kind of place to keep on your list when you are planning where to eat around Dune Allen Beach / Santa Rosa Beach, whether you are coming from the beach, walking through the shopping area, or looking for an easy stop near where you are staying.

## What You'll Find

- Food and drink options for a casual 30A meal
- A convenient location in or near Dune Allen / West 30A
- A good option to compare with other restaurants in Dune Allen Beach / Santa Rosa Beach
- A stop that works well before or after beach time, shopping, or exploring nearby

## What People Like

People usually look for places like Pazzo Italiano Santa Rosa Beach because they want an easy meal option that feels connected to the area instead of feeling random or out of the way. The biggest draw is the location, especially if you are already spending time around Dune Allen / West 30A.

## What to Know

Check the current hours before you go, especially during slower seasons or on holiday weekends. Parking and crowds can vary a lot around Dune Allen Beach / Santa Rosa Beach, so give yourself extra time if you are visiting during lunch, dinner, or peak vacation weeks.

## Why You'd Go Here

- You are looking for a meal near Dune Allen / West 30A
- You want something convenient while exploring Dune Allen Beach / Santa Rosa Beach
- You are building out a dining list for a beach trip
- You need a practical stop that does not require driving far

## Bottom Line

Pazzo Italiano Santa Rosa Beach is a useful restaurant listing for anyone planning time in Dune Allen Beach / Santa Rosa Beach. Add it to your WhereTo30A shortlist when convenience, location, and a clear sense of place matter."
Down Island Gulf Seafood Restaurant,down-island-gulf-seafood-restaurant,Dune Allen Beach / Santa Rosa Beach,Dune Allen / West 30A,restaurants,"Find Down Island Gulf Seafood Restaurant in Dune Allen Beach / Santa Rosa Beach: category, contact info, website, location, and quick notes for WhereTo30A.","Down Island Gulf Seafood Restaurant, Dune Allen Beach / Santa Rosa Beach, Dune Allen / West 30A, restaurants, 30A",Seafood restaurant in Santa Rosa Beach.,,,https://discover30a.com/30a-dining-locations/dune-allen-beach/,"If you're spending time in Dune Allen / West 30A, Dune Allen Beach / Santa Rosa Beach, Down Island Gulf Seafood Restaurant is a restaurant worth knowing about. Seafood restaurant in Santa Rosa Beach. It fits naturally into a 30A day when you want something close by, easy to plan around, and tied to the feel of Dune Allen Beach / Santa Rosa Beach.

## What It Is

Down Island Gulf Seafood Restaurant is a restaurant located in Dune Allen / West 30A in Dune Allen Beach / Santa Rosa Beach. It is the kind of place to keep on your list when you are planning where to eat around Dune Allen Beach / Santa Rosa Beach, whether you are coming from the beach, walking through the shopping area, or looking for an easy stop near where you are staying.

## What You'll Find

- Food and drink options for a casual 30A meal
- A convenient location in or near Dune Allen / West 30A
- A good option to compare with other restaurants in Dune Allen Beach / Santa Rosa Beach
- A stop that works well before or after beach time, shopping, or exploring nearby

## What People Like

People usually look for places like Down Island Gulf Seafood Restaurant because they want an easy meal option that feels connected to the area instead of feeling random or out of the way. The biggest draw is the location, especially if you are already spending time around Dune Allen / West 30A.

## What to Know

Check the current hours before you go, especially during slower seasons or on holiday weekends. Parking and crowds can vary a lot around Dune Allen Beach / Santa Rosa Beach, so give yourself extra time if you are visiting during lunch, dinner, or peak vacation weeks.

## Why You'd Go Here

- You are looking for a meal near Dune Allen / West 30A
- You want something convenient while exploring Dune Allen Beach / Santa Rosa Beach
- You are building out a dining list for a beach trip
- You need a practical stop that does not require driving far

## Bottom Line

Down Island Gulf Seafood Restaurant is a useful restaurant listing for anyone planning time in Dune Allen Beach / Santa Rosa Beach. Add it to your WhereTo30A shortlist when convenience, location, and a clear sense of place matter."
Thai Chiang Rai,thai-chiang-rai,Dune Allen Beach / Santa Rosa Beach,Dune Allen / West 30A,restaurants,"Find Thai Chiang Rai in Dune Allen Beach / Santa Rosa Beach: category, contact info, website, location, and quick notes for WhereTo30A.","Thai Chiang Rai, Dune Allen Beach / Santa Rosa Beach, Dune Allen / West 30A, restaurants, 30A",Thai restaurant in Santa Rosa Beach.,,,https://discover30a.com/30a-dining-locations/dune-allen-beach/,"If you're spending time in Dune Allen / West 30A, Dune Allen Beach / Santa Rosa Beach, Thai Chiang Rai is a restaurant worth knowing about. Thai restaurant in Santa Rosa Beach. It fits naturally into a 30A day when you want something close by, easy to plan around, and tied to the feel of Dune Allen Beach / Santa Rosa Beach.

## What It Is

Thai Chiang Rai is a restaurant located in Dune Allen / West 30A in Dune Allen Beach / Santa Rosa Beach. It is the kind of place to keep on your list when you are planning where to eat around Dune Allen Beach / Santa Rosa Beach, whether you are coming from the beach, walking through the shopping area, or looking for an easy stop near where you are staying.

## What You'll Find

- Food and drink options for a casual 30A meal
- A convenient location in or near Dune Allen / West 30A
- A good option to compare with other restaurants in Dune Allen Beach / Santa Rosa Beach
- A stop that works well before or after beach time, shopping, or exploring nearby

## What People Like

People usually look for places like Thai Chiang Rai because they want an easy meal option that feels connected to the area instead of feeling random or out of the way. The biggest draw is the location, especially if you are already spending time around Dune Allen / West 30A.

## What to Know

Check the current hours before you go, especially during slower seasons or on holiday weekends. Parking and crowds can vary a lot around Dune Allen Beach / Santa Rosa Beach, so give yourself extra time if you are visiting during lunch, dinner, or peak vacation weeks.

## Why You'd Go Here

- You are looking for a meal near Dune Allen / West 30A
- You want something convenient while exploring Dune Allen Beach / Santa Rosa Beach
- You are building out a dining list for a beach trip
- You need a practical stop that does not require driving far

## Bottom Line

Thai Chiang Rai is a useful restaurant listing for anyone planning time in Dune Allen Beach / Santa Rosa Beach. Add it to your WhereTo30A shortlist when convenience, location, and a clear sense of place matter."
Louis Louis,louis-louis,Dune Allen Beach / Santa Rosa Beach,Dune Allen / West 30A,restaurants,"Find Louis Louis in Dune Allen Beach / Santa Rosa Beach: category, contact info, website, location, and quick notes for WhereTo30A.","Louis Louis, Dune Allen Beach / Santa Rosa Beach, Dune Allen / West 30A, restaurants, 30A",Eclectic restaurant in Santa Rosa Beach.,850-267-1500,,https://discover30a.com/30a-dining-locations/dune-allen-beach/,"If you're spending time in Dune Allen / West 30A, Dune Allen Beach / Santa Rosa Beach, Louis Louis is a restaurant worth knowing about. Eclectic restaurant in Santa Rosa Beach. It fits naturally into a 30A day when you want something close by, easy to plan around, and tied to the feel of Dune Allen Beach / Santa Rosa Beach.

## What It Is

Louis Louis is a restaurant located in Dune Allen / West 30A in Dune Allen Beach / Santa Rosa Beach. It is the kind of place to keep on your list when you are planning where to eat around Dune Allen Beach / Santa Rosa Beach, whether you are coming from the beach, walking through the shopping area, or looking for an easy stop near where you are staying.

## What You'll Find

- Food and drink options for a casual 30A meal
- A convenient location in or near Dune Allen / West 30A
- A good option to compare with other restaurants in Dune Allen Beach / Santa Rosa Beach
- A stop that works well before or after beach time, shopping, or exploring nearby

## What People Like

People usually look for places like Louis Louis because they want an easy meal option that feels connected to the area instead of feeling random or out of the way. The biggest draw is the location, especially if you are already spending time around Dune Allen / West 30A.

## What to Know

Check the current hours before you go, especially during slower seasons or on holiday weekends. Parking and crowds can vary a lot around Dune Allen Beach / Santa Rosa Beach, so give yourself extra time if you are visiting during lunch, dinner, or peak vacation weeks.

## Why You'd Go Here

- You are looking for a meal near Dune Allen / West 30A
- You want something convenient while exploring Dune Allen Beach / Santa Rosa Beach
- You are building out a dining list for a beach trip
- You need a practical stop that does not require driving far

## Bottom Line

Louis Louis is a useful restaurant listing for anyone planning time in Dune Allen Beach / Santa Rosa Beach. Add it to your WhereTo30A shortlist when convenience, location, and a clear sense of place matter."
Goatfeathers Seafood Restaurant,goatfeathers-seafood-restaurant,Dune Allen Beach / Santa Rosa Beach,Dune Allen / West 30A,restaurants,"Find Goatfeathers Seafood Restaurant in Dune Allen Beach / Santa Rosa Beach: category, contact info, website, location, and quick notes for WhereTo30A.","Goatfeathers Seafood Restaurant, Dune Allen Beach / Santa Rosa Beach, Dune Allen / West 30A, restaurants, 30A",Seafood restaurant and market in Santa Rosa Beach.,850-267-3342,,https://discover30a.com/30a-dining-locations/dune-allen-beach/,"If you're spending time in Dune Allen / West 30A, Dune Allen Beach / Santa Rosa Beach, Goatfeathers Seafood Restaurant is a restaurant worth knowing about. Seafood restaurant and market in Santa Rosa Beach. It fits naturally into a 30A day when you want something close by, easy to plan around, and tied to the feel of Dune Allen Beach / Santa Rosa Beach.

## What It Is

Goatfeathers Seafood Restaurant is a restaurant located in Dune Allen / West 30A in Dune Allen Beach / Santa Rosa Beach. It is the kind of place to keep on your list when you are planning where to eat around Dune Allen Beach / Santa Rosa Beach, whether you are coming from the beach, walking through the shopping area, or looking for an easy stop near where you are staying.

## What You'll Find

- Food and drink options for a casual 30A meal
- A convenient location in or near Dune Allen / West 30A
- A good option to compare with other restaurants in Dune Allen Beach / Santa Rosa Beach
- A stop that works well before or after beach time, shopping, or exploring nearby

## What People Like

People usually look for places like Goatfeathers Seafood Restaurant because they want an easy meal option that feels connected to the area instead of feeling random or out of the way. The biggest draw is the location, especially if you are already spending time around Dune Allen / West 30A.

## What to Know

Check the current hours before you go, especially during slower seasons or on holiday weekends. Parking and crowds can vary a lot around Dune Allen Beach / Santa Rosa Beach, so give yourself extra time if you are visiting during lunch, dinner, or peak vacation weeks.

## Why You'd Go Here

- You are looking for a meal near Dune Allen / West 30A
- You want something convenient while exploring Dune Allen Beach / Santa Rosa Beach
- You are building out a dining list for a beach trip
- You need a practical stop that does not require driving far

## Bottom Line

Goatfeathers Seafood Restaurant is a useful restaurant listing for anyone planning time in Dune Allen Beach / Santa Rosa Beach. Add it to your WhereTo30A shortlist when convenience, location, and a clear sense of place matter."
Angelina’s Pizzeria & Pasta,angelinas-pizzeria-and-pasta,Seagrove Beach,Seagrove Plaza / Seagrove Beach,restaurants,"Find Angelina’s Pizzeria & Pasta in Seagrove Beach: category, contact info, website, location, and quick notes for WhereTo30A.","Angelina’s Pizzeria & Pasta, Seagrove Beach, Seagrove Plaza / Seagrove Beach, restaurants, 30A",Italian and pizza restaurant in Seagrove Beach.,850-231-2500,https://angelinas30a.com,https://discover30a.com/30a-dining-locations/seagrove-beach/,"If you're spending time in Seagrove Plaza / Seagrove Beach, Seagrove Beach, Angelina’s Pizzeria & Pasta is a restaurant worth knowing about. Italian and pizza restaurant in Seagrove Beach. It fits naturally into a 30A day when you want something close by, easy to plan around, and tied to the feel of Seagrove Beach.

## What It Is

Angelina’s Pizzeria & Pasta is a restaurant located in Seagrove Plaza / Seagrove Beach in Seagrove Beach. It is the kind of place to keep on your list when you are planning where to eat around Seagrove Beach, whether you are coming from the beach, walking through the shopping area, or looking for an easy stop near where you are staying.

## What You'll Find

- Food and drink options for a casual 30A meal
- A convenient location in or near Seagrove Plaza / Seagrove Beach
- A good option to compare with other restaurants in Seagrove Beach
- A stop that works well before or after beach time, shopping, or exploring nearby

## What People Like

People usually look for places like Angelina’s Pizzeria & Pasta because they want an easy meal option that feels connected to the area instead of feeling random or out of the way. The biggest draw is the location, especially if you are already spending time around Seagrove Plaza / Seagrove Beach.

## What to Know

Check the current hours before you go, especially during slower seasons or on holiday weekends. Parking and crowds can vary a lot around Seagrove Beach, so give yourself extra time if you are visiting during lunch, dinner, or peak vacation weeks.

## Why You'd Go Here

- You are looking for a meal near Seagrove Plaza / Seagrove Beach
- You want something convenient while exploring Seagrove Beach
- You are building out a dining list for a beach trip
- You need a practical stop that does not require driving far

## Bottom Line

Angelina’s Pizzeria & Pasta is a useful restaurant listing for anyone planning time in Seagrove Beach. Add it to your WhereTo30A shortlist when convenience, location, and a clear sense of place matter."
Café Thirty-A,cafe-thirty-a,Seagrove Beach,Seagrove Plaza / Seagrove Beach,restaurants,"Find Café Thirty-A in Seagrove Beach: category, contact info, website, location, and quick notes for WhereTo30A.","Café Thirty-A, Seagrove Beach, Seagrove Plaza / Seagrove Beach, restaurants, 30A",Fine dining restaurant in Seagrove Beach.,850-231-2166,https://cafethirtya.com,https://discover30a.com/30a-dining-locations/seagrove-beach/,"If you're spending time in Seagrove Plaza / Seagrove Beach, Seagrove Beach, Café Thirty-A is a restaurant worth knowing about. Fine dining restaurant in Seagrove Beach. It fits naturally into a 30A day when you want something close by, easy to plan around, and tied to the feel of Seagrove Beach.

## What It Is

Café Thirty-A is a restaurant located in Seagrove Plaza / Seagrove Beach in Seagrove Beach. It is the kind of place to keep on your list when you are planning where to eat around Seagrove Beach, whether you are coming from the beach, walking through the shopping area, or looking for an easy stop near where you are staying.

## What You'll Find

- Food and drink options for a casual 30A meal
- A convenient location in or near Seagrove Plaza / Seagrove Beach
- A good option to compare with other restaurants in Seagrove Beach
- A stop that works well before or after beach time, shopping, or exploring nearby

## What People Like

People usually look for places like Café Thirty-A because they want an easy meal option that feels connected to the area instead of feeling random or out of the way. The biggest draw is the location, especially if you are already spending time around Seagrove Plaza / Seagrove Beach.

## What to Know

Check the current hours before you go, especially during slower seasons or on holiday weekends. Parking and crowds can vary a lot around Seagrove Beach, so give yourself extra time if you are visiting during lunch, dinner, or peak vacation weeks.

## Why You'd Go Here

- You are looking for a meal near Seagrove Plaza / Seagrove Beach
- You want something convenient while exploring Seagrove Beach
- You are building out a dining list for a beach trip
- You need a practical stop that does not require driving far

## Bottom Line

Café Thirty-A is a useful restaurant listing for anyone planning time in Seagrove Beach. Add it to your WhereTo30A shortlist when convenience, location, and a clear sense of place matter."
Old Florida Fish House,old-florida-fish-house,Seagrove Beach,Seagrove Plaza / Seagrove Beach,restaurants,"Find Old Florida Fish House in Seagrove Beach: category, contact info, website, location, and quick notes for WhereTo30A.","Old Florida Fish House, Seagrove Beach, Seagrove Plaza / Seagrove Beach, restaurants, 30A",Lakefront restaurant and live music spot in Seagrove Beach.,,https://oldfloridafishhouse.com,https://discover30a.com/30a-dining-locations/seagrove-beach/,"If you're spending time in Seagrove Plaza / Seagrove Beach, Seagrove Beach, Old Florida Fish House is a restaurant worth knowing about. Lakefront restaurant and live music spot in Seagrove Beach. It fits naturally into a 30A day when you want something close by, easy to plan around, and tied to the feel of Seagrove Beach.

## What It Is

Old Florida Fish House is a restaurant located in Seagrove Plaza / Seagrove Beach in Seagrove Beach. It is the kind of place to keep on your list when you are planning where to eat around Seagrove Beach, whether you are coming from the beach, walking through the shopping area, or looking for an easy stop near where you are staying.

## What You'll Find

- Food and drink options for a casual 30A meal
- A convenient location in or near Seagrove Plaza / Seagrove Beach
- A good option to compare with other restaurants in Seagrove Beach
- A stop that works well before or after beach time, shopping, or exploring nearby

## What People Like

People usually look for places like Old Florida Fish House because they want an easy meal option that feels connected to the area instead of feeling random or out of the way. The biggest draw is the location, especially if you are already spending time around Seagrove Plaza / Seagrove Beach.

## What to Know

Check the current hours before you go, especially during slower seasons or on holiday weekends. Parking and crowds can vary a lot around Seagrove Beach, so give yourself extra time if you are visiting during lunch, dinner, or peak vacation weeks.

## Why You'd Go Here

- You are looking for a meal near Seagrove Plaza / Seagrove Beach
- You want something convenient while exploring Seagrove Beach
- You are building out a dining list for a beach trip
- You need a practical stop that does not require driving far

## Bottom Line

Old Florida Fish House is a useful restaurant listing for anyone planning time in Seagrove Beach. Add it to your WhereTo30A shortlist when convenience, location, and a clear sense of place matter."
Seagrove Village Market Café,seagrove-village-market-cafe,Seagrove Beach,Seagrove Plaza / Seagrove Beach,restaurants,"Find Seagrove Village Market Café in Seagrove Beach: category, contact info, website, location, and quick notes for WhereTo30A.","Seagrove Village Market Café, Seagrove Beach, Seagrove Plaza / Seagrove Beach, restaurants, 30A",Historic casual Seagrove restaurant and market.,850-231-5736,,https://discover30a.com/30a-dining-locations/seagrove-beach/,"If you're spending time in Seagrove Plaza / Seagrove Beach, Seagrove Beach, Seagrove Village Market Café is a restaurant worth knowing about. Historic casual Seagrove restaurant and market. It fits naturally into a 30A day when you want something close by, easy to plan around, and tied to the feel of Seagrove Beach.

## What It Is

Seagrove Village Market Café is a restaurant located in Seagrove Plaza / Seagrove Beach in Seagrove Beach. It is the kind of place to keep on your list when you are planning where to eat around Seagrove Beach, whether you are coming from the beach, walking through the shopping area, or looking for an easy stop near where you are staying.

## What You'll Find

- Food and drink options for a casual 30A meal
- A convenient location in or near Seagrove Plaza / Seagrove Beach
- A good option to compare with other restaurants in Seagrove Beach
- A stop that works well before or after beach time, shopping, or exploring nearby

## What People Like

People usually look for places like Seagrove Village Market Café because they want an easy meal option that feels connected to the area instead of feeling random or out of the way. The biggest draw is the location, especially if you are already spending time around Seagrove Plaza / Seagrove Beach.

## What to Know

Check the current hours before you go, especially during slower seasons or on holiday weekends. Parking and crowds can vary a lot around Seagrove Beach, so give yourself extra time if you are visiting during lunch, dinner, or peak vacation weeks.

## Why You'd Go Here

- You are looking for a meal near Seagrove Plaza / Seagrove Beach
- You want something convenient while exploring Seagrove Beach
- You are building out a dining list for a beach trip
- You need a practical stop that does not require driving far

## Bottom Line

Seagrove Village Market Café is a useful restaurant listing for anyone planning time in Seagrove Beach. Add it to your WhereTo30A shortlist when convenience, location, and a clear sense of place matter."
Surfing Deer,surfing-deer,Seagrove Beach,Seagrove Plaza / Seagrove Beach,restaurants,"Find Surfing Deer in Seagrove Beach: category, contact info, website, location, and quick notes for WhereTo30A.","Surfing Deer, Seagrove Beach, Seagrove Plaza / Seagrove Beach, restaurants, 30A",Upscale restaurant at 30A and 395.,850-213-4200,,https://discover30a.com/30a-dining-locations/seagrove-beach/,"If you're spending time in Seagrove Plaza / Seagrove Beach, Seagrove Beach, Surfing Deer is a restaurant worth knowing about. Upscale restaurant at 30A and 395. It fits naturally into a 30A day when you want something close by, easy to plan around, and tied to the feel of Seagrove Beach.

## What It Is

Surfing Deer is a restaurant located in Seagrove Plaza / Seagrove Beach in Seagrove Beach. It is the kind of place to keep on your list when you are planning where to eat around Seagrove Beach, whether you are coming from the beach, walking through the shopping area, or looking for an easy stop near where you are staying.

## What You'll Find

- Food and drink options for a casual 30A meal
- A convenient location in or near Seagrove Plaza / Seagrove Beach
- A good option to compare with other restaurants in Seagrove Beach
- A stop that works well before or after beach time, shopping, or exploring nearby

## What People Like

People usually look for places like Surfing Deer because they want an easy meal option that feels connected to the area instead of feeling random or out of the way. The biggest draw is the location, especially if you are already spending time around Seagrove Plaza / Seagrove Beach.

## What to Know

Check the current hours before you go, especially during slower seasons or on holiday weekends. Parking and crowds can vary a lot around Seagrove Beach, so give yourself extra time if you are visiting during lunch, dinner, or peak vacation weeks.

## Why You'd Go Here

- You are looking for a meal near Seagrove Plaza / Seagrove Beach
- You want something convenient while exploring Seagrove Beach
- You are building out a dining list for a beach trip
- You need a practical stop that does not require driving far

## Bottom Line

Surfing Deer is a useful restaurant listing for anyone planning time in Seagrove Beach. Add it to your WhereTo30A shortlist when convenience, location, and a clear sense of place matter."
The Perfect Pig Seagrove,the-perfect-pig-seagrove,Seagrove Beach,Seagrove Plaza / Seagrove Beach,restaurants,"Find The Perfect Pig Seagrove in Seagrove Beach: category, contact info, website, location, and quick notes for WhereTo30A.","The Perfect Pig Seagrove, Seagrove Beach, Seagrove Plaza / Seagrove Beach, restaurants, 30A",All-day cafe and restaurant in Seagrove.,,,https://discover30a.com/30a-dining-locations/seagrove-beach/,"If you're spending time in Seagrove Plaza / Seagrove Beach, Seagrove Beach, The Perfect Pig Seagrove is a restaurant worth knowing about. All-day cafe and restaurant in Seagrove. It fits naturally into a 30A day when you want something close by, easy to plan around, and tied to the feel of Seagrove Beach.

## What It Is

The Perfect Pig Seagrove is a restaurant located in Seagrove Plaza / Seagrove Beach in Seagrove Beach. It is the kind of place to keep on your list when you are planning where to eat around Seagrove Beach, whether you are coming from the beach, walking through the shopping area, or looking for an easy stop near where you are staying.

## What You'll Find

- Food and drink options for a casual 30A meal
- A convenient location in or near Seagrove Plaza / Seagrove Beach
- A good option to compare with other restaurants in Seagrove Beach
- A stop that works well before or after beach time, shopping, or exploring nearby

## What People Like

People usually look for places like The Perfect Pig Seagrove because they want an easy meal option that feels connected to the area instead of feeling random or out of the way. The biggest draw is the location, especially if you are already spending time around Seagrove Plaza / Seagrove Beach.

## What to Know

Check the current hours before you go, especially during slower seasons or on holiday weekends. Parking and crowds can vary a lot around Seagrove Beach, so give yourself extra time if you are visiting during lunch, dinner, or peak vacation weeks.

## Why You'd Go Here

- You are looking for a meal near Seagrove Plaza / Seagrove Beach
- You want something convenient while exploring Seagrove Beach
- You are building out a dining list for a beach trip
- You need a practical stop that does not require driving far

## Bottom Line

The Perfect Pig Seagrove is a useful restaurant listing for anyone planning time in Seagrove Beach. Add it to your WhereTo30A shortlist when convenience, location, and a clear sense of place matter."
Scratch Biscuit Kitchen,scratch-biscuit-kitchen,Seagrove Beach,Seagrove Plaza / Seagrove Beach,restaurants,"Find Scratch Biscuit Kitchen in Seagrove Beach: category, contact info, website, location, and quick notes for WhereTo30A.","Scratch Biscuit Kitchen, Seagrove Beach, Seagrove Plaza / Seagrove Beach, restaurants, 30A",Biscuit-focused breakfast and brunch restaurant.,,https://scratchbk.com,https://discover30a.com/30a-dining-locations/seagrove-beach/,"If you're spending time in Seagrove Plaza / Seagrove Beach, Seagrove Beach, Scratch Biscuit Kitchen is a restaurant worth knowing about. Biscuit-focused breakfast and brunch restaurant. It fits naturally into a 30A day when you want something close by, easy to plan around, and tied to the feel of Seagrove Beach.

## What It Is

Scratch Biscuit Kitchen is a restaurant located in Seagrove Plaza / Seagrove Beach in Seagrove Beach. It is the kind of place to keep on your list when you are planning where to eat around Seagrove Beach, whether you are coming from the beach, walking through the shopping area, or looking for an easy stop near where you are staying.

## What You'll Find

- Food and drink options for a casual 30A meal
- A convenient location in or near Seagrove Plaza / Seagrove Beach
- A good option to compare with other restaurants in Seagrove Beach
- A stop that works well before or after beach time, shopping, or exploring nearby

## What People Like

People usually look for places like Scratch Biscuit Kitchen because they want an easy meal option that feels connected to the area instead of feeling random or out of the way. The biggest draw is the location, especially if you are already spending time around Seagrove Plaza / Seagrove Beach.

## What to Know

Check the current hours before you go, especially during slower seasons or on holiday weekends. Parking and crowds can vary a lot around Seagrove Beach, so give yourself extra time if you are visiting during lunch, dinner, or peak vacation weeks.

## Why You'd Go Here

- You are looking for a meal near Seagrove Plaza / Seagrove Beach
- You want something convenient while exploring Seagrove Beach
- You are building out a dining list for a beach trip
- You need a practical stop that does not require driving far

## Bottom Line

Scratch Biscuit Kitchen is a useful restaurant listing for anyone planning time in Seagrove Beach. Add it to your WhereTo30A shortlist when convenience, location, and a clear sense of place matter."
30A Store Seagrove,30a-store-seagrove,Seagrove Beach,Seagrove Plaza / Seagrove Beach,shopping,"Find 30A Store Seagrove in Seagrove Beach: category, contact info, website, location, and quick notes for WhereTo30A.","30A Store Seagrove, Seagrove Beach, Seagrove Plaza / Seagrove Beach, shopping, 30A",30A logo wear and gifts in Seagrove Plaza.,,https://30agear.com,https://discover30a.com/30a-dining-locations/seagrove-beach/,"If you're spending time in Seagrove Plaza / Seagrove Beach, Seagrove Beach, 30A Store Seagrove is a shop worth knowing about. 30A logo wear and gifts in Seagrove Plaza. It fits naturally into a 30A day when you want something close by, easy to plan around, and tied to the feel of Seagrove Beach.

## What It Is

30A Store Seagrove is a shopping stop located in Seagrove Plaza / Seagrove Beach in Seagrove Beach. It is a good listing to know if you like browsing local boutiques, beach-town retail, home goods, apparel, gifts, or specialty finds while exploring Seagrove Beach.

## What You'll Find

- Retail items that may include apparel, gifts, home goods, accessories, or specialty products
- A storefront in or near Seagrove Plaza / Seagrove Beach
- A browse-worthy stop between meals or beach plans
- A local shopping option to add to a 30A itinerary

## What People Like

People tend to like shops like 30A Store Seagrove because they add character to a beach day. Instead of only planning around restaurants, this gives you somewhere to wander, browse, and find something that feels tied to the area.

## What to Know

Inventory, hours, and seasonal collections can change, so check the shop directly before making a special trip. Parking is easiest when you visit outside peak lunch and dinner windows, especially in busier town centers.

## Why You'd Go Here

- You want to browse local shops in Seagrove Beach
- You are looking for gifts or vacation finds
- You need a break from the beach
- You are exploring Seagrove Plaza / Seagrove Beach on foot

## Bottom Line

30A Store Seagrove is a good shopping listing for anyone exploring Seagrove Beach. It works well as part of a slower 30A day with time to wander."
30A Jewelry,30a-jewelry,Seagrove Beach,Seagrove Plaza / Seagrove Beach,shopping,"Find 30A Jewelry in Seagrove Beach: category, contact info, website, location, and quick notes for WhereTo30A.","30A Jewelry, Seagrove Beach, Seagrove Plaza / Seagrove Beach, shopping, 30A",Jewelry shop in Seagrove Plaza.,,,https://discover30a.com/30a-dining-locations/seagrove-beach/,"If you're spending time in Seagrove Plaza / Seagrove Beach, Seagrove Beach, 30A Jewelry is a shop worth knowing about. Jewelry shop in Seagrove Plaza. It fits naturally into a 30A day when you want something close by, easy to plan around, and tied to the feel of Seagrove Beach.

## What It Is

30A Jewelry is a shopping stop located in Seagrove Plaza / Seagrove Beach in Seagrove Beach. It is a good listing to know if you like browsing local boutiques, beach-town retail, home goods, apparel, gifts, or specialty finds while exploring Seagrove Beach.

## What You'll Find

- Retail items that may include apparel, gifts, home goods, accessories, or specialty products
- A storefront in or near Seagrove Plaza / Seagrove Beach
- A browse-worthy stop between meals or beach plans
- A local shopping option to add to a 30A itinerary

## What People Like

People tend to like shops like 30A Jewelry because they add character to a beach day. Instead of only planning around restaurants, this gives you somewhere to wander, browse, and find something that feels tied to the area.

## What to Know

Inventory, hours, and seasonal collections can change, so check the shop directly before making a special trip. Parking is easiest when you visit outside peak lunch and dinner windows, especially in busier town centers.

## Why You'd Go Here

- You want to browse local shops in Seagrove Beach
- You are looking for gifts or vacation finds
- You need a break from the beach
- You are exploring Seagrove Plaza / Seagrove Beach on foot

## Bottom Line

30A Jewelry is a good shopping listing for anyone exploring Seagrove Beach. It works well as part of a slower 30A day with time to wander."
A-List Hair Salon,a-list-hair-salon,Seagrove Beach,Seagrove Plaza / Seagrove Beach,services,"Find A-List Hair Salon in Seagrove Beach: category, contact info, website, location, and quick notes for WhereTo30A.","A-List Hair Salon, Seagrove Beach, Seagrove Plaza / Seagrove Beach, services, 30A",Hair salon in Seagrove Plaza.,,,https://discover30a.com/30a-dining-locations/seagrove-beach/,"If you're spending time in Seagrove Plaza / Seagrove Beach, Seagrove Beach, A-List Hair Salon is a local service worth knowing about. Hair salon in Seagrove Plaza. It fits naturally into a 30A day when you want something close by, easy to plan around, and tied to the feel of Seagrove Beach.

## What It Is

A-List Hair Salon is a local service business located in Seagrove Plaza / Seagrove Beach in Seagrove Beach. It is useful to know about when you need something practical while living in, staying in, or planning around Seagrove Beach.

## What You'll Find

- A service-based business serving locals, visitors, or nearby property owners
- A location connected to Seagrove Plaza / Seagrove Beach
- A practical resource for errands, appointments, planning, or support
- A business to contact directly for current availability and details

## What People Like

People usually look for service businesses like A-List Hair Salon when they need something specific and nearby. The value is in convenience, local access, and being able to solve a practical need without leaving the 30A area.

## What to Know

For service businesses, it is best to contact them directly before going. Hours, appointment requirements, pricing, and availability can vary, especially during busy visitor seasons.

## Why You'd Go Here

- You need a local service in or near Seagrove Beach
- You are staying nearby and want something convenient
- You are comparing practical resources along 30A
- You want a business located close to Seagrove Plaza / Seagrove Beach

## Bottom Line

A-List Hair Salon is a practical listing to keep in your Seagrove Beach directory. It is most useful when you need local access and clear contact information."
Liz Fashions,liz-fashions,Seagrove Beach,Seagrove Plaza / Seagrove Beach,shopping,"Find Liz Fashions in Seagrove Beach: category, contact info, website, location, and quick notes for WhereTo30A.","Liz Fashions, Seagrove Beach, Seagrove Plaza / Seagrove Beach, shopping, 30A",Clothing boutique in Seagrove Plaza.,,,https://discover30a.com/30a-dining-locations/seagrove-beach/,"If you're spending time in Seagrove Plaza / Seagrove Beach, Seagrove Beach, Liz Fashions is a shop worth knowing about. Clothing boutique in Seagrove Plaza. It fits naturally into a 30A day when you want something close by, easy to plan around, and tied to the feel of Seagrove Beach.

## What It Is

Liz Fashions is a shopping stop located in Seagrove Plaza / Seagrove Beach in Seagrove Beach. It is a good listing to know if you like browsing local boutiques, beach-town retail, home goods, apparel, gifts, or specialty finds while exploring Seagrove Beach.

## What You'll Find

- Retail items that may include apparel, gifts, home goods, accessories, or specialty products
- A storefront in or near Seagrove Plaza / Seagrove Beach
- A browse-worthy stop between meals or beach plans
- A local shopping option to add to a 30A itinerary

## What People Like

People tend to like shops like Liz Fashions because they add character to a beach day. Instead of only planning around restaurants, this gives you somewhere to wander, browse, and find something that feels tied to the area.

## What to Know

Inventory, hours, and seasonal collections can change, so check the shop directly before making a special trip. Parking is easiest when you visit outside peak lunch and dinner windows, especially in busier town centers.

## Why You'd Go Here

- You want to browse local shops in Seagrove Beach
- You are looking for gifts or vacation finds
- You need a break from the beach
- You are exploring Seagrove Plaza / Seagrove Beach on foot

## Bottom Line

Liz Fashions is a good shopping listing for anyone exploring Seagrove Beach. It works well as part of a slower 30A day with time to wander."
The Green Owl,the-green-owl,Seagrove Beach,Seagrove Plaza / Seagrove Beach,shopping,"Find The Green Owl in Seagrove Beach: category, contact info, website, location, and quick notes for WhereTo30A.","The Green Owl, Seagrove Beach, Seagrove Plaza / Seagrove Beach, shopping, 30A",Home goods store in Seagrove Plaza.,,,https://discover30a.com/30a-dining-locations/seagrove-beach/,"If you're spending time in Seagrove Plaza / Seagrove Beach, Seagrove Beach, The Green Owl is a shop worth knowing about. Home goods store in Seagrove Plaza. It fits naturally into a 30A day when you want something close by, easy to plan around, and tied to the feel of Seagrove Beach.

## What It Is

The Green Owl is a shopping stop located in Seagrove Plaza / Seagrove Beach in Seagrove Beach. It is a good listing to know if you like browsing local boutiques, beach-town retail, home goods, apparel, gifts, or specialty finds while exploring Seagrove Beach.

## What You'll Find

- Retail items that may include apparel, gifts, home goods, accessories, or specialty products
- A storefront in or near Seagrove Plaza / Seagrove Beach
- A browse-worthy stop between meals or beach plans
- A local shopping option to add to a 30A itinerary

## What People Like

People tend to like shops like The Green Owl because they add character to a beach day. Instead of only planning around restaurants, this gives you somewhere to wander, browse, and find something that feels tied to the area.

## What to Know

Inventory, hours, and seasonal collections can change, so check the shop directly before making a special trip. Parking is easiest when you visit outside peak lunch and dinner windows, especially in busier town centers.

## Why You'd Go Here

- You want to browse local shops in Seagrove Beach
- You are looking for gifts or vacation finds
- You need a break from the beach
- You are exploring Seagrove Plaza / Seagrove Beach on foot

## Bottom Line

The Green Owl is a good shopping listing for anyone exploring Seagrove Beach. It works well as part of a slower 30A day with time to wander."
Sweet Henrietta’s Seagrove,sweet-henriettas-seagrove,Seagrove Beach,Seagrove Plaza / Seagrove Beach,coffee shops,"Find Sweet Henrietta’s Seagrove in Seagrove Beach: category, contact info, website, location, and quick notes for WhereTo30A.","Sweet Henrietta’s Seagrove, Seagrove Beach, Seagrove Plaza / Seagrove Beach, coffee shops, 30A",Bakery and sweets shop in Seagrove Plaza.,,,https://discover30a.com/30a-dining-locations/seagrove-beach/,"If you're spending time in Seagrove Plaza / Seagrove Beach, Seagrove Beach, Sweet Henrietta’s Seagrove is a coffee shop worth knowing about. Bakery and sweets shop in Seagrove Plaza. It fits naturally into a 30A day when you want something close by, easy to plan around, and tied to the feel of Seagrove Beach.

## What It Is

Sweet Henrietta’s Seagrove is a coffee shop located in Seagrove Plaza / Seagrove Beach in Seagrove Beach. It is a good one to know when you want a morning stop, an afternoon pick-me-up, or a place to anchor a walk through Seagrove Beach.

## What You'll Find

- Coffee, tea, or casual drinks depending on the shop
- A convenient stop near Seagrove Plaza / Seagrove Beach
- A place to begin the morning before the beach or shopping
- A low-key break during a longer 30A day

## What People Like

People tend to like coffee stops like Sweet Henrietta’s Seagrove because they make a day in Seagrove Beach feel easier. It gives you a natural starting point, especially if you are walking, biking, or meeting someone nearby.

## What to Know

Morning hours are usually the safest bet for coffee shops, but always confirm the current schedule before making a special trip. Lines can build during spring break, summer, and holiday weekends, so earlier is usually better.

## Why You'd Go Here

- You want coffee before heading to the beach
- You are meeting someone in Seagrove Beach
- You need an easy stop while exploring Seagrove Plaza / Seagrove Beach
- You are creating a morning itinerary along 30A

## Bottom Line

Sweet Henrietta’s Seagrove is a helpful coffee shop to keep on your Seagrove Beach list. It works best as a simple morning stop or an easy pause while exploring nearby."
Yellowfin Ocean Sports,yellowfin-ocean-sports,Seagrove Beach,Seagrove Plaza / Seagrove Beach,activity,"Find Yellowfin Ocean Sports in Seagrove Beach: category, contact info, website, location, and quick notes for WhereTo30A.","Yellowfin Ocean Sports, Seagrove Beach, Seagrove Plaza / Seagrove Beach, activity, 30A","Bike, kayak, paddleboard, and beach gear shop.",,,https://discover30a.com/30a-dining-locations/seagrove-beach/,"If you're spending time in Seagrove Plaza / Seagrove Beach, Seagrove Beach, Yellowfin Ocean Sports is a activity or experience worth knowing about. Bike, kayak, paddleboard, and beach gear shop. It fits naturally into a 30A day when you want something close by, easy to plan around, and tied to the feel of Seagrove Beach.

## What It Is

Yellowfin Ocean Sports is an activity or experience located in Seagrove Plaza / Seagrove Beach in Seagrove Beach. It is a good option to consider when you want to do more than just sit on the beach and are looking for something to build into your Seagrove Beach plans.

## What You'll Find

- An activity, attraction, rental, class, or experience depending on the business
- A location connected to Seagrove Plaza / Seagrove Beach
- A way to add structure to a beach day
- A good option for families, couples, groups, or visitors looking for something local

## What People Like

People tend to like activity-based stops like Yellowfin Ocean Sports because they make a 30A day feel more memorable. These are the kinds of places that help turn a simple beach trip into a fuller itinerary.

## What to Know

Book ahead if the activity depends on reservations, weather, equipment, or staffing. Availability can shift quickly during spring break, summer, and long weekends, so confirm details before you go.

## Why You'd Go Here

- You want something active to do in Seagrove Beach
- You are planning a family or group outing
- You need a break from a full beach day
- You are building a more complete 30A itinerary

## Bottom Line

Yellowfin Ocean Sports is a useful activity listing for Seagrove Beach. It is worth checking when you want your day to include something more planned or interactive."
La Cocina Mexican Grill & Bar,la-cocina-mexican-grill-and-bar,Seacrest Beach,Peddlers Pavilion / Seacrest Village,restaurants,"Find La Cocina Mexican Grill & Bar in Seacrest Beach: category, contact info, website, location, and quick notes for WhereTo30A.","La Cocina Mexican Grill & Bar, Seacrest Beach, Peddlers Pavilion / Seacrest Village, restaurants, 30A",Mexican restaurant in Seacrest Beach.,850-231-4021,https://www.lacocina30a.com,https://discover30a.com/30a-dining-locations/seacrest-beach/,"If you're spending time in Peddlers Pavilion / Seacrest Village, Seacrest Beach, La Cocina Mexican Grill & Bar is a restaurant worth knowing about. Mexican restaurant in Seacrest Beach. It fits naturally into a 30A day when you want something close by, easy to plan around, and tied to the feel of Seacrest Beach.

## What It Is

La Cocina Mexican Grill & Bar is a restaurant located in Peddlers Pavilion / Seacrest Village in Seacrest Beach. It is the kind of place to keep on your list when you are planning where to eat around Seacrest Beach, whether you are coming from the beach, walking through the shopping area, or looking for an easy stop near where you are staying.

## What You'll Find

- Food and drink options for a casual 30A meal
- A convenient location in or near Peddlers Pavilion / Seacrest Village
- A good option to compare with other restaurants in Seacrest Beach
- A stop that works well before or after beach time, shopping, or exploring nearby

## What People Like

People usually look for places like La Cocina Mexican Grill & Bar because they want an easy meal option that feels connected to the area instead of feeling random or out of the way. The biggest draw is the location, especially if you are already spending time around Peddlers Pavilion / Seacrest Village.

## What to Know

Check the current hours before you go, especially during slower seasons or on holiday weekends. Parking and crowds can vary a lot around Seacrest Beach, so give yourself extra time if you are visiting during lunch, dinner, or peak vacation weeks.

## Why You'd Go Here

- You are looking for a meal near Peddlers Pavilion / Seacrest Village
- You want something convenient while exploring Seacrest Beach
- You are building out a dining list for a beach trip
- You need a practical stop that does not require driving far

## Bottom Line

La Cocina Mexican Grill & Bar is a useful restaurant listing for anyone planning time in Seacrest Beach. Add it to your WhereTo30A shortlist when convenience, location, and a clear sense of place matter."
Peddler’s Pub,peddlers-pub,Seacrest Beach,Peddlers Pavilion / Seacrest Village,bars,"Find Peddler’s Pub in Seacrest Beach: category, contact info, website, location, and quick notes for WhereTo30A.","Peddler’s Pub, Seacrest Beach, Peddlers Pavilion / Seacrest Village, bars, 30A","Beer, wine, live music, and casual drinks at Peddlers Pavilion.",,https://peddlerspavilion.com,https://discover30a.com/30a-dining-locations/seacrest-beach/,"If you're spending time in Peddlers Pavilion / Seacrest Village, Seacrest Beach, Peddler’s Pub is a bar or nightlife stop worth knowing about. Beer, wine, live music, and casual drinks at Peddlers Pavilion. It fits naturally into a 30A day when you want something close by, easy to plan around, and tied to the feel of Seacrest Beach.

## What It Is

Peddler’s Pub is a bar or drinks-focused stop located in Peddlers Pavilion / Seacrest Village in Seacrest Beach. It is the kind of place to consider when your 30A plans shift from beach time into dinner, drinks, or a more social evening.

## What You'll Find

- Beer, wine, cocktails, or casual drinks depending on the venue
- A location that works well around Peddlers Pavilion / Seacrest Village
- A spot to add to an evening itinerary
- A place to pair with dinner, live music, or a walk through the area when available

## What People Like

People are usually drawn to places like Peddler’s Pub for the setting and convenience. Around 30A, the best bar stops are often the ones that are easy to reach, easy to pair with dinner, and relaxed enough to fit the beach-town pace.

## What to Know

Hours, entertainment, and food availability can change by season. Check the current details before you go, especially if you are planning around live music, a late night, or a holiday weekend.

## Why You'd Go Here

- You want drinks near Peddlers Pavilion / Seacrest Village
- You are planning a casual evening in Seacrest Beach
- You need a bar option to pair with dinner nearby
- You are looking for a social stop after beach time

## Bottom Line

Peddler’s Pub is worth saving as a drinks option in Seacrest Beach. It is best used as part of a relaxed evening plan rather than a rushed stop."
Seacrest Sundries,seacrest-sundries,Seacrest Beach,Peddlers Pavilion / Seacrest Village,coffee shops,"Find Seacrest Sundries in Seacrest Beach: category, contact info, website, location, and quick notes for WhereTo30A.","Seacrest Sundries, Seacrest Beach, Peddlers Pavilion / Seacrest Village, coffee shops, 30A","Convenience shop with breakfast, coffee, sandwiches, burgers, and Wi-Fi.",850-588-4860,https://www.seacrestsundries.com,https://discover30a.com/30a-dining-locations/seacrest-beach/,"If you're spending time in Peddlers Pavilion / Seacrest Village, Seacrest Beach, Seacrest Sundries is a coffee shop worth knowing about. Convenience shop with breakfast, coffee, sandwiches, burgers, and Wi-Fi. It fits naturally into a 30A day when you want something close by, easy to plan around, and tied to the feel of Seacrest Beach.

## What It Is

Seacrest Sundries is a coffee shop located in Peddlers Pavilion / Seacrest Village in Seacrest Beach. It is a good one to know when you want a morning stop, an afternoon pick-me-up, or a place to anchor a walk through Seacrest Beach.

## What You'll Find

- Coffee, tea, or casual drinks depending on the shop
- A convenient stop near Peddlers Pavilion / Seacrest Village
- A place to begin the morning before the beach or shopping
- A low-key break during a longer 30A day

## What People Like

People tend to like coffee stops like Seacrest Sundries because they make a day in Seacrest Beach feel easier. It gives you a natural starting point, especially if you are walking, biking, or meeting someone nearby.

## What to Know

Morning hours are usually the safest bet for coffee shops, but always confirm the current schedule before making a special trip. Lines can build during spring break, summer, and holiday weekends, so earlier is usually better.

## Why You'd Go Here

- You want coffee before heading to the beach
- You are meeting someone in Seacrest Beach
- You need an easy stop while exploring Peddlers Pavilion / Seacrest Village
- You are creating a morning itinerary along 30A

## Bottom Line

Seacrest Sundries is a helpful coffee shop to keep on your Seacrest Beach list. It works best as a simple morning stop or an easy pause while exploring nearby."
Ticheli’s Pizza,tichelis-pizza,Seacrest Beach,Peddlers Pavilion / Seacrest Village,restaurants,"Find Ticheli’s Pizza in Seacrest Beach: category, contact info, website, location, and quick notes for WhereTo30A.","Ticheli’s Pizza, Seacrest Beach, Peddlers Pavilion / Seacrest Village, restaurants, 30A",Seasonal pizza spot at Peddlers Pavilion.,850-502-3777,https://www.tichelispizza.com,https://discover30a.com/30a-dining-locations/seacrest-beach/,"If you're spending time in Peddlers Pavilion / Seacrest Village, Seacrest Beach, Ticheli’s Pizza is a restaurant worth knowing about. Seasonal pizza spot at Peddlers Pavilion. It fits naturally into a 30A day when you want something close by, easy to plan around, and tied to the feel of Seacrest Beach.

## What It Is

Ticheli’s Pizza is a restaurant located in Peddlers Pavilion / Seacrest Village in Seacrest Beach. It is the kind of place to keep on your list when you are planning where to eat around Seacrest Beach, whether you are coming from the beach, walking through the shopping area, or looking for an easy stop near where you are staying.

## What You'll Find

- Food and drink options for a casual 30A meal
- A convenient location in or near Peddlers Pavilion / Seacrest Village
- A good option to compare with other restaurants in Seacrest Beach
- A stop that works well before or after beach time, shopping, or exploring nearby

## What People Like

People usually look for places like Ticheli’s Pizza because they want an easy meal option that feels connected to the area instead of feeling random or out of the way. The biggest draw is the location, especially if you are already spending time around Peddlers Pavilion / Seacrest Village.

## What to Know

Check the current hours before you go, especially during slower seasons or on holiday weekends. Parking and crowds can vary a lot around Seacrest Beach, so give yourself extra time if you are visiting during lunch, dinner, or peak vacation weeks.

## Why You'd Go Here

- You are looking for a meal near Peddlers Pavilion / Seacrest Village
- You want something convenient while exploring Seacrest Beach
- You are building out a dining list for a beach trip
- You need a practical stop that does not require driving far

## Bottom Line

Ticheli’s Pizza is a useful restaurant listing for anyone planning time in Seacrest Beach. Add it to your WhereTo30A shortlist when convenience, location, and a clear sense of place matter."
Charlie’s Donut Shop,charlies-donut-shop,Seacrest Beach,Peddlers Pavilion / Seacrest Village,coffee shops,"Find Charlie’s Donut Shop in Seacrest Beach: category, contact info, website, location, and quick notes for WhereTo30A.","Charlie’s Donut Shop, Seacrest Beach, Peddlers Pavilion / Seacrest Village, coffee shops, 30A",Donut shop in Seacrest Beach.,,,https://discover30a.com/30a-dining-locations/seacrest-beach/,"If you're spending time in Peddlers Pavilion / Seacrest Village, Seacrest Beach, Charlie’s Donut Shop is a coffee shop worth knowing about. Donut shop in Seacrest Beach. It fits naturally into a 30A day when you want something close by, easy to plan around, and tied to the feel of Seacrest Beach.

## What It Is

Charlie’s Donut Shop is a coffee shop located in Peddlers Pavilion / Seacrest Village in Seacrest Beach. It is a good one to know when you want a morning stop, an afternoon pick-me-up, or a place to anchor a walk through Seacrest Beach.

## What You'll Find

- Coffee, tea, or casual drinks depending on the shop
- A convenient stop near Peddlers Pavilion / Seacrest Village
- A place to begin the morning before the beach or shopping
- A low-key break during a longer 30A day

## What People Like

People tend to like coffee stops like Charlie’s Donut Shop because they make a day in Seacrest Beach feel easier. It gives you a natural starting point, especially if you are walking, biking, or meeting someone nearby.

## What to Know

Morning hours are usually the safest bet for coffee shops, but always confirm the current schedule before making a special trip. Lines can build during spring break, summer, and holiday weekends, so earlier is usually better.

## Why You'd Go Here

- You want coffee before heading to the beach
- You are meeting someone in Seacrest Beach
- You need an easy stop while exploring Peddlers Pavilion / Seacrest Village
- You are creating a morning itinerary along 30A

## Bottom Line

Charlie’s Donut Shop is a helpful coffee shop to keep on your Seacrest Beach list. It works best as a simple morning stop or an easy pause while exploring nearby."
Peddlers Pavilion,peddlers-pavilion,Seacrest Beach,Peddlers Pavilion / Seacrest Village,activity,"Find Peddlers Pavilion in Seacrest Beach: category, contact info, website, location, and quick notes for WhereTo30A.","Peddlers Pavilion, Seacrest Beach, Peddlers Pavilion / Seacrest Village, activity, 30A","Open-air kiosks, food, shopping, bikes, and paddle rentals.",850-708-5528,https://peddlerspavilion.com,https://discover30a.com/30a-dining-locations/seacrest-beach/,"If you're spending time in Peddlers Pavilion / Seacrest Village, Seacrest Beach, Peddlers Pavilion is a activity or experience worth knowing about. Open-air kiosks, food, shopping, bikes, and paddle rentals. It fits naturally into a 30A day when you want something close by, easy to plan around, and tied to the feel of Seacrest Beach.

## What It Is

Peddlers Pavilion is an activity or experience located in Peddlers Pavilion / Seacrest Village in Seacrest Beach. It is a good option to consider when you want to do more than just sit on the beach and are looking for something to build into your Seacrest Beach plans.

## What You'll Find

- An activity, attraction, rental, class, or experience depending on the business
- A location connected to Peddlers Pavilion / Seacrest Village
- A way to add structure to a beach day
- A good option for families, couples, groups, or visitors looking for something local

## What People Like

People tend to like activity-based stops like Peddlers Pavilion because they make a 30A day feel more memorable. These are the kinds of places that help turn a simple beach trip into a fuller itinerary.

## What to Know

Book ahead if the activity depends on reservations, weather, equipment, or staffing. Availability can shift quickly during spring break, summer, and long weekends, so confirm details before you go.

## Why You'd Go Here

- You want something active to do in Seacrest Beach
- You are planning a family or group outing
- You need a break from a full beach day
- You are building a more complete 30A itinerary

## Bottom Line

Peddlers Pavilion is a useful activity listing for Seacrest Beach. It is worth checking when you want your day to include something more planned or interactive."
Peddlers Paddle Boards and Kayaks,peddlers-paddle-boards-and-kayaks,Seacrest Beach,Peddlers Pavilion / Seacrest Village,activity,"Find Peddlers Paddle Boards and Kayaks in Seacrest Beach: category, contact info, website, location, and quick notes for WhereTo30A.","Peddlers Paddle Boards and Kayaks, Seacrest Beach, Peddlers Pavilion / Seacrest Village, activity, 30A",SUP and kayak rentals at Peddlers Pavilion.,850-708-5528,https://peddlerspavilion.com,https://discover30a.com/30a-dining-locations/seacrest-beach/,"If you're spending time in Peddlers Pavilion / Seacrest Village, Seacrest Beach, Peddlers Paddle Boards and Kayaks is a activity or experience worth knowing about. SUP and kayak rentals at Peddlers Pavilion. It fits naturally into a 30A day when you want something close by, easy to plan around, and tied to the feel of Seacrest Beach.

## What It Is

Peddlers Paddle Boards and Kayaks is an activity or experience located in Peddlers Pavilion / Seacrest Village in Seacrest Beach. It is a good option to consider when you want to do more than just sit on the beach and are looking for something to build into your Seacrest Beach plans.

## What You'll Find

- An activity, attraction, rental, class, or experience depending on the business
- A location connected to Peddlers Pavilion / Seacrest Village
- A way to add structure to a beach day
- A good option for families, couples, groups, or visitors looking for something local

## What People Like

People tend to like activity-based stops like Peddlers Paddle Boards and Kayaks because they make a 30A day feel more memorable. These are the kinds of places that help turn a simple beach trip into a fuller itinerary.

## What to Know

Book ahead if the activity depends on reservations, weather, equipment, or staffing. Availability can shift quickly during spring break, summer, and long weekends, so confirm details before you go.

## Why You'd Go Here

- You want something active to do in Seacrest Beach
- You are planning a family or group outing
- You need a break from a full beach day
- You are building a more complete 30A itinerary

## Bottom Line

Peddlers Paddle Boards and Kayaks is a useful activity listing for Seacrest Beach. It is worth checking when you want your day to include something more planned or interactive."
Pizza by the Sea Seacrest,pizza-by-the-sea-seacrest,Seacrest Beach,Peddlers Pavilion / Seacrest Village,restaurants,"Find Pizza by the Sea Seacrest in Seacrest Beach: category, contact info, website, location, and quick notes for WhereTo30A.","Pizza by the Sea Seacrest, Seacrest Beach, Peddlers Pavilion / Seacrest Village, restaurants, 30A",Pizza restaurant in Seacrest Beach.,850-534-0044,https://pizzabythesea.com,https://discover30a.com/30a-dining-locations/seacrest-beach/,"If you're spending time in Peddlers Pavilion / Seacrest Village, Seacrest Beach, Pizza by the Sea Seacrest is a restaurant worth knowing about. Pizza restaurant in Seacrest Beach. It fits naturally into a 30A day when you want something close by, easy to plan around, and tied to the feel of Seacrest Beach.

## What It Is

Pizza by the Sea Seacrest is a restaurant located in Peddlers Pavilion / Seacrest Village in Seacrest Beach. It is the kind of place to keep on your list when you are planning where to eat around Seacrest Beach, whether you are coming from the beach, walking through the shopping area, or looking for an easy stop near where you are staying.

## What You'll Find

- Food and drink options for a casual 30A meal
- A convenient location in or near Peddlers Pavilion / Seacrest Village
- A good option to compare with other restaurants in Seacrest Beach
- A stop that works well before or after beach time, shopping, or exploring nearby

## What People Like

People usually look for places like Pizza by the Sea Seacrest because they want an easy meal option that feels connected to the area instead of feeling random or out of the way. The biggest draw is the location, especially if you are already spending time around Peddlers Pavilion / Seacrest Village.

## What to Know

Check the current hours before you go, especially during slower seasons or on holiday weekends. Parking and crowds can vary a lot around Seacrest Beach, so give yourself extra time if you are visiting during lunch, dinner, or peak vacation weeks.

## Why You'd Go Here

- You are looking for a meal near Peddlers Pavilion / Seacrest Village
- You want something convenient while exploring Seacrest Beach
- You are building out a dining list for a beach trip
- You need a practical stop that does not require driving far

## Bottom Line

Pizza by the Sea Seacrest is a useful restaurant listing for anyone planning time in Seacrest Beach. Add it to your WhereTo30A shortlist when convenience, location, and a clear sense of place matter."
The Candy Bar 30A,the-candy-bar-30a,Seacrest Beach,Peddlers Pavilion / Seacrest Village,shopping,"Find The Candy Bar 30A in Seacrest Beach: category, contact info, website, location, and quick notes for WhereTo30A.","The Candy Bar 30A, Seacrest Beach, Peddlers Pavilion / Seacrest Village, shopping, 30A",Candy and sweets shop in Seacrest Beach.,850-231-1149,https://www.thecandybar30a.com,https://discover30a.com/30a-dining-locations/seacrest-beach/,"If you're spending time in Peddlers Pavilion / Seacrest Village, Seacrest Beach, The Candy Bar 30A is a shop worth knowing about. Candy and sweets shop in Seacrest Beach. It fits naturally into a 30A day when you want something close by, easy to plan around, and tied to the feel of Seacrest Beach.

## What It Is

The Candy Bar 30A is a shopping stop located in Peddlers Pavilion / Seacrest Village in Seacrest Beach. It is a good listing to know if you like browsing local boutiques, beach-town retail, home goods, apparel, gifts, or specialty finds while exploring Seacrest Beach.

## What You'll Find

- Retail items that may include apparel, gifts, home goods, accessories, or specialty products
- A storefront in or near Peddlers Pavilion / Seacrest Village
- A browse-worthy stop between meals or beach plans
- A local shopping option to add to a 30A itinerary

## What People Like

People tend to like shops like The Candy Bar 30A because they add character to a beach day. Instead of only planning around restaurants, this gives you somewhere to wander, browse, and find something that feels tied to the area.

## What to Know

Inventory, hours, and seasonal collections can change, so check the shop directly before making a special trip. Parking is easiest when you visit outside peak lunch and dinner windows, especially in busier town centers.

## Why You'd Go Here

- You want to browse local shops in Seacrest Beach
- You are looking for gifts or vacation finds
- You need a break from the beach
- You are exploring Peddlers Pavilion / Seacrest Village on foot

## Bottom Line

The Candy Bar 30A is a good shopping listing for anyone exploring Seacrest Beach. It works well as part of a slower 30A day with time to wander."
Lola Coastal Italian,lola-coastal-italian,Seacrest Beach,Peddlers Pavilion / Seacrest Village,restaurants,"Find Lola Coastal Italian in Seacrest Beach: category, contact info, website, location, and quick notes for WhereTo30A.","Lola Coastal Italian, Seacrest Beach, Peddlers Pavilion / Seacrest Village, restaurants, 30A",Coastal Italian restaurant near Seacrest Beach.,850-541-9440,,https://discover30a.com/30a-dining-locations/seacrest-beach/,"If you're spending time in Peddlers Pavilion / Seacrest Village, Seacrest Beach, Lola Coastal Italian is a restaurant worth knowing about. Coastal Italian restaurant near Seacrest Beach. It fits naturally into a 30A day when you want something close by, easy to plan around, and tied to the feel of Seacrest Beach.

## What It Is

Lola Coastal Italian is a restaurant located in Peddlers Pavilion / Seacrest Village in Seacrest Beach. It is the kind of place to keep on your list when you are planning where to eat around Seacrest Beach, whether you are coming from the beach, walking through the shopping area, or looking for an easy stop near where you are staying.

## What You'll Find

- Food and drink options for a casual 30A meal
- A convenient location in or near Peddlers Pavilion / Seacrest Village
- A good option to compare with other restaurants in Seacrest Beach
- A stop that works well before or after beach time, shopping, or exploring nearby

## What People Like

People usually look for places like Lola Coastal Italian because they want an easy meal option that feels connected to the area instead of feeling random or out of the way. The biggest draw is the location, especially if you are already spending time around Peddlers Pavilion / Seacrest Village.

## What to Know

Check the current hours before you go, especially during slower seasons or on holiday weekends. Parking and crowds can vary a lot around Seacrest Beach, so give yourself extra time if you are visiting during lunch, dinner, or peak vacation weeks.

## Why You'd Go Here

- You are looking for a meal near Peddlers Pavilion / Seacrest Village
- You want something convenient while exploring Seacrest Beach
- You are building out a dining list for a beach trip
- You need a practical stop that does not require driving far

## Bottom Line

Lola Coastal Italian is a useful restaurant listing for anyone planning time in Seacrest Beach. Add it to your WhereTo30A shortlist when convenience, location, and a clear sense of place matter."
Shaka Sushi & Cocktail Bar,shaka-sushi-and-cocktail-bar,Inlet Beach,Inlet Beach / Shoppes at Inlet / Big Chill Area,restaurants,"Find Shaka Sushi & Cocktail Bar in Inlet Beach: category, contact info, website, location, and quick notes for WhereTo30A.","Shaka Sushi & Cocktail Bar, Inlet Beach, Inlet Beach / Shoppes at Inlet / Big Chill Area, restaurants, 30A",Sushi and cocktail bar in the Shoppes at Inlet.,,,https://discover30a.com/30a-dining-locations/inlet-beach/,"If you're spending time in Inlet Beach / Shoppes at Inlet / Big Chill Area, Inlet Beach, Shaka Sushi & Cocktail Bar is a restaurant worth knowing about. Sushi and cocktail bar in the Shoppes at Inlet. It fits naturally into a 30A day when you want something close by, easy to plan around, and tied to the feel of Inlet Beach.

## What It Is

Shaka Sushi & Cocktail Bar is a restaurant located in Inlet Beach / Shoppes at Inlet / Big Chill Area in Inlet Beach. It is the kind of place to keep on your list when you are planning where to eat around Inlet Beach, whether you are coming from the beach, walking through the shopping area, or looking for an easy stop near where you are staying.

## What You'll Find

- Food and drink options for a casual 30A meal
- A convenient location in or near Inlet Beach / Shoppes at Inlet / Big Chill Area
- A good option to compare with other restaurants in Inlet Beach
- A stop that works well before or after beach time, shopping, or exploring nearby

## What People Like

People usually look for places like Shaka Sushi & Cocktail Bar because they want an easy meal option that feels connected to the area instead of feeling random or out of the way. The biggest draw is the location, especially if you are already spending time around Inlet Beach / Shoppes at Inlet / Big Chill Area.

## What to Know

Check the current hours before you go, especially during slower seasons or on holiday weekends. Parking and crowds can vary a lot around Inlet Beach, so give yourself extra time if you are visiting during lunch, dinner, or peak vacation weeks.

## Why You'd Go Here

- You are looking for a meal near Inlet Beach / Shoppes at Inlet / Big Chill Area
- You want something convenient while exploring Inlet Beach
- You are building out a dining list for a beach trip
- You need a practical stop that does not require driving far

## Bottom Line

Shaka Sushi & Cocktail Bar is a useful restaurant listing for anyone planning time in Inlet Beach. Add it to your WhereTo30A shortlist when convenience, location, and a clear sense of place matter."
Big Bad Breakfast Inlet Beach,big-bad-breakfast-inlet-beach,Inlet Beach,Inlet Beach / Shoppes at Inlet / Big Chill Area,restaurants,"Find Big Bad Breakfast Inlet Beach in Inlet Beach: category, contact info, website, location, and quick notes for WhereTo30A.","Big Bad Breakfast Inlet Beach, Inlet Beach, Inlet Beach / Shoppes at Inlet / Big Chill Area, restaurants, 30A",Breakfast and brunch restaurant in Inlet Beach.,,,https://discover30a.com/30a-dining-locations/inlet-beach/,"If you're spending time in Inlet Beach / Shoppes at Inlet / Big Chill Area, Inlet Beach, Big Bad Breakfast Inlet Beach is a restaurant worth knowing about. Breakfast and brunch restaurant in Inlet Beach. It fits naturally into a 30A day when you want something close by, easy to plan around, and tied to the feel of Inlet Beach.

## What It Is

Big Bad Breakfast Inlet Beach is a restaurant located in Inlet Beach / Shoppes at Inlet / Big Chill Area in Inlet Beach. It is the kind of place to keep on your list when you are planning where to eat around Inlet Beach, whether you are coming from the beach, walking through the shopping area, or looking for an easy stop near where you are staying.

## What You'll Find

- Food and drink options for a casual 30A meal
- A convenient location in or near Inlet Beach / Shoppes at Inlet / Big Chill Area
- A good option to compare with other restaurants in Inlet Beach
- A stop that works well before or after beach time, shopping, or exploring nearby

## What People Like

People usually look for places like Big Bad Breakfast Inlet Beach because they want an easy meal option that feels connected to the area instead of feeling random or out of the way. The biggest draw is the location, especially if you are already spending time around Inlet Beach / Shoppes at Inlet / Big Chill Area.

## What to Know

Check the current hours before you go, especially during slower seasons or on holiday weekends. Parking and crowds can vary a lot around Inlet Beach, so give yourself extra time if you are visiting during lunch, dinner, or peak vacation weeks.

## Why You'd Go Here

- You are looking for a meal near Inlet Beach / Shoppes at Inlet / Big Chill Area
- You want something convenient while exploring Inlet Beach
- You are building out a dining list for a beach trip
- You need a practical stop that does not require driving far

## Bottom Line

Big Bad Breakfast Inlet Beach is a useful restaurant listing for anyone planning time in Inlet Beach. Add it to your WhereTo30A shortlist when convenience, location, and a clear sense of place matter."
Amavida Coffee Inlet Beach,amavida-coffee-inlet-beach,Inlet Beach,Inlet Beach / Shoppes at Inlet / Big Chill Area,coffee shops,"Find Amavida Coffee Inlet Beach in Inlet Beach: category, contact info, website, location, and quick notes for WhereTo30A.","Amavida Coffee Inlet Beach, Inlet Beach, Inlet Beach / Shoppes at Inlet / Big Chill Area, coffee shops, 30A",Coffee shop in Inlet Beach.,,https://amavida.com,https://discover30a.com/30a-dining-locations/inlet-beach/,"If you're spending time in Inlet Beach / Shoppes at Inlet / Big Chill Area, Inlet Beach, Amavida Coffee Inlet Beach is a coffee shop worth knowing about. Coffee shop in Inlet Beach. It fits naturally into a 30A day when you want something close by, easy to plan around, and tied to the feel of Inlet Beach.

## What It Is

Amavida Coffee Inlet Beach is a coffee shop located in Inlet Beach / Shoppes at Inlet / Big Chill Area in Inlet Beach. It is a good one to know when you want a morning stop, an afternoon pick-me-up, or a place to anchor a walk through Inlet Beach.

## What You'll Find

- Coffee, tea, or casual drinks depending on the shop
- A convenient stop near Inlet Beach / Shoppes at Inlet / Big Chill Area
- A place to begin the morning before the beach or shopping
- A low-key break during a longer 30A day

## What People Like

People tend to like coffee stops like Amavida Coffee Inlet Beach because they make a day in Inlet Beach feel easier. It gives you a natural starting point, especially if you are walking, biking, or meeting someone nearby.

## What to Know

Morning hours are usually the safest bet for coffee shops, but always confirm the current schedule before making a special trip. Lines can build during spring break, summer, and holiday weekends, so earlier is usually better.

## Why You'd Go Here

- You want coffee before heading to the beach
- You are meeting someone in Inlet Beach
- You need an easy stop while exploring Inlet Beach / Shoppes at Inlet / Big Chill Area
- You are creating a morning itinerary along 30A

## Bottom Line

Amavida Coffee Inlet Beach is a helpful coffee shop to keep on your Inlet Beach list. It works best as a simple morning stop or an easy pause while exploring nearby."
Shades Bar & Grill Inlet Beach,shades-bar-and-grill-inlet-beach,Inlet Beach,Inlet Beach / Shoppes at Inlet / Big Chill Area,bars,"Find Shades Bar & Grill Inlet Beach in Inlet Beach: category, contact info, website, location, and quick notes for WhereTo30A.","Shades Bar & Grill Inlet Beach, Inlet Beach, Inlet Beach / Shoppes at Inlet / Big Chill Area, bars, 30A",Sports bar and grill near the east end of 30A.,,,https://discover30a.com/30a-dining-locations/inlet-beach/,"If you're spending time in Inlet Beach / Shoppes at Inlet / Big Chill Area, Inlet Beach, Shades Bar & Grill Inlet Beach is a bar or nightlife stop worth knowing about. Sports bar and grill near the east end of 30A. It fits naturally into a 30A day when you want something close by, easy to plan around, and tied to the feel of Inlet Beach.

## What It Is

Shades Bar & Grill Inlet Beach is a bar or drinks-focused stop located in Inlet Beach / Shoppes at Inlet / Big Chill Area in Inlet Beach. It is the kind of place to consider when your 30A plans shift from beach time into dinner, drinks, or a more social evening.

## What You'll Find

- Beer, wine, cocktails, or casual drinks depending on the venue
- A location that works well around Inlet Beach / Shoppes at Inlet / Big Chill Area
- A spot to add to an evening itinerary
- A place to pair with dinner, live music, or a walk through the area when available

## What People Like

People are usually drawn to places like Shades Bar & Grill Inlet Beach for the setting and convenience. Around 30A, the best bar stops are often the ones that are easy to reach, easy to pair with dinner, and relaxed enough to fit the beach-town pace.

## What to Know

Hours, entertainment, and food availability can change by season. Check the current details before you go, especially if you are planning around live music, a late night, or a holiday weekend.

## Why You'd Go Here

- You want drinks near Inlet Beach / Shoppes at Inlet / Big Chill Area
- You are planning a casual evening in Inlet Beach
- You need a bar option to pair with dinner nearby
- You are looking for a social stop after beach time

## Bottom Line

Shades Bar & Grill Inlet Beach is worth saving as a drinks option in Inlet Beach. It is best used as part of a relaxed evening plan rather than a rushed stop."
Donut Hole Inlet Beach,donut-hole-inlet-beach,Inlet Beach,Inlet Beach / Shoppes at Inlet / Big Chill Area,coffee shops,"Find Donut Hole Inlet Beach in Inlet Beach: category, contact info, website, location, and quick notes for WhereTo30A.","Donut Hole Inlet Beach, Inlet Beach, Inlet Beach / Shoppes at Inlet / Big Chill Area, coffee shops, 30A","Donuts, bakery, breakfast, and cafe.",,,https://discover30a.com/30a-dining-locations/inlet-beach/,"If you're spending time in Inlet Beach / Shoppes at Inlet / Big Chill Area, Inlet Beach, Donut Hole Inlet Beach is a coffee shop worth knowing about. Donuts, bakery, breakfast, and cafe. It fits naturally into a 30A day when you want something close by, easy to plan around, and tied to the feel of Inlet Beach.

## What It Is

Donut Hole Inlet Beach is a coffee shop located in Inlet Beach / Shoppes at Inlet / Big Chill Area in Inlet Beach. It is a good one to know when you want a morning stop, an afternoon pick-me-up, or a place to anchor a walk through Inlet Beach.

## What You'll Find

- Coffee, tea, or casual drinks depending on the shop
- A convenient stop near Inlet Beach / Shoppes at Inlet / Big Chill Area
- A place to begin the morning before the beach or shopping
- A low-key break during a longer 30A day

## What People Like

People tend to like coffee stops like Donut Hole Inlet Beach because they make a day in Inlet Beach feel easier. It gives you a natural starting point, especially if you are walking, biking, or meeting someone nearby.

## What to Know

Morning hours are usually the safest bet for coffee shops, but always confirm the current schedule before making a special trip. Lines can build during spring break, summer, and holiday weekends, so earlier is usually better.

## Why You'd Go Here

- You want coffee before heading to the beach
- You are meeting someone in Inlet Beach
- You need an easy stop while exploring Inlet Beach / Shoppes at Inlet / Big Chill Area
- You are creating a morning itinerary along 30A

## Bottom Line

Donut Hole Inlet Beach is a helpful coffee shop to keep on your Inlet Beach list. It works best as a simple morning stop or an easy pause while exploring nearby."
Freshii 30A,freshii-30a,Inlet Beach,Inlet Beach / Shoppes at Inlet / Big Chill Area,restaurants,"Find Freshii 30A in Inlet Beach: category, contact info, website, location, and quick notes for WhereTo30A.","Freshii 30A, Inlet Beach, Inlet Beach / Shoppes at Inlet / Big Chill Area, restaurants, 30A","Fast casual bowls, salads, wraps, and smoothies.",,,https://discover30a.com/30a-dining-locations/inlet-beach/,"If you're spending time in Inlet Beach / Shoppes at Inlet / Big Chill Area, Inlet Beach, Freshii 30A is a restaurant worth knowing about. Fast casual bowls, salads, wraps, and smoothies. It fits naturally into a 30A day when you want something close by, easy to plan around, and tied to the feel of Inlet Beach.

## What It Is

Freshii 30A is a restaurant located in Inlet Beach / Shoppes at Inlet / Big Chill Area in Inlet Beach. It is the kind of place to keep on your list when you are planning where to eat around Inlet Beach, whether you are coming from the beach, walking through the shopping area, or looking for an easy stop near where you are staying.

## What You'll Find

- Food and drink options for a casual 30A meal
- A convenient location in or near Inlet Beach / Shoppes at Inlet / Big Chill Area
- A good option to compare with other restaurants in Inlet Beach
- A stop that works well before or after beach time, shopping, or exploring nearby

## What People Like

People usually look for places like Freshii 30A because they want an easy meal option that feels connected to the area instead of feeling random or out of the way. The biggest draw is the location, especially if you are already spending time around Inlet Beach / Shoppes at Inlet / Big Chill Area.

## What to Know

Check the current hours before you go, especially during slower seasons or on holiday weekends. Parking and crowds can vary a lot around Inlet Beach, so give yourself extra time if you are visiting during lunch, dinner, or peak vacation weeks.

## Why You'd Go Here

- You are looking for a meal near Inlet Beach / Shoppes at Inlet / Big Chill Area
- You want something convenient while exploring Inlet Beach
- You are building out a dining list for a beach trip
- You need a practical stop that does not require driving far

## Bottom Line

Freshii 30A is a useful restaurant listing for anyone planning time in Inlet Beach. Add it to your WhereTo30A shortlist when convenience, location, and a clear sense of place matter."
30A Burger,30a-burger,Inlet Beach,Inlet Beach / Shoppes at Inlet / Big Chill Area,restaurants,"Find 30A Burger in Inlet Beach: category, contact info, website, location, and quick notes for WhereTo30A.","30A Burger, Inlet Beach, Inlet Beach / Shoppes at Inlet / Big Chill Area, restaurants, 30A",Burger restaurant in Inlet Beach.,,,https://discover30a.com/30a-dining-locations/inlet-beach/,"If you're spending time in Inlet Beach / Shoppes at Inlet / Big Chill Area, Inlet Beach, 30A Burger is a restaurant worth knowing about. Burger restaurant in Inlet Beach. It fits naturally into a 30A day when you want something close by, easy to plan around, and tied to the feel of Inlet Beach.

## What It Is

30A Burger is a restaurant located in Inlet Beach / Shoppes at Inlet / Big Chill Area in Inlet Beach. It is the kind of place to keep on your list when you are planning where to eat around Inlet Beach, whether you are coming from the beach, walking through the shopping area, or looking for an easy stop near where you are staying.

## What You'll Find

- Food and drink options for a casual 30A meal
- A convenient location in or near Inlet Beach / Shoppes at Inlet / Big Chill Area
- A good option to compare with other restaurants in Inlet Beach
- A stop that works well before or after beach time, shopping, or exploring nearby

## What People Like

People usually look for places like 30A Burger because they want an easy meal option that feels connected to the area instead of feeling random or out of the way. The biggest draw is the location, especially if you are already spending time around Inlet Beach / Shoppes at Inlet / Big Chill Area.

## What to Know

Check the current hours before you go, especially during slower seasons or on holiday weekends. Parking and crowds can vary a lot around Inlet Beach, so give yourself extra time if you are visiting during lunch, dinner, or peak vacation weeks.

## Why You'd Go Here

- You are looking for a meal near Inlet Beach / Shoppes at Inlet / Big Chill Area
- You want something convenient while exploring Inlet Beach
- You are building out a dining list for a beach trip
- You need a practical stop that does not require driving far

## Bottom Line

30A Burger is a useful restaurant listing for anyone planning time in Inlet Beach. Add it to your WhereTo30A shortlist when convenience, location, and a clear sense of place matter."
The Hub / Big Chill 30A,the-hub-big-chill-30a,Inlet Beach,Inlet Beach / Shoppes at Inlet / Big Chill Area,activity,"Find The Hub / Big Chill 30A in Inlet Beach: category, contact info, website, location, and quick notes for WhereTo30A.","The Hub / Big Chill 30A, Inlet Beach, Inlet Beach / Shoppes at Inlet / Big Chill Area, activity, 30A","Outdoor entertainment, dining, drinks, and family hangout.",,https://thebigchill.com,https://discover30a.com/30a-dining-locations/inlet-beach/,"If you're spending time in Inlet Beach / Shoppes at Inlet / Big Chill Area, Inlet Beach, The Hub / Big Chill 30A is a activity or experience worth knowing about. Outdoor entertainment, dining, drinks, and family hangout. It fits naturally into a 30A day when you want something close by, easy to plan around, and tied to the feel of Inlet Beach.

## What It Is

The Hub / Big Chill 30A is an activity or experience located in Inlet Beach / Shoppes at Inlet / Big Chill Area in Inlet Beach. It is a good option to consider when you want to do more than just sit on the beach and are looking for something to build into your Inlet Beach plans.

## What You'll Find

- An activity, attraction, rental, class, or experience depending on the business
- A location connected to Inlet Beach / Shoppes at Inlet / Big Chill Area
- A way to add structure to a beach day
- A good option for families, couples, groups, or visitors looking for something local

## What People Like

People tend to like activity-based stops like The Hub / Big Chill 30A because they make a 30A day feel more memorable. These are the kinds of places that help turn a simple beach trip into a fuller itinerary.

## What to Know

Book ahead if the activity depends on reservations, weather, equipment, or staffing. Availability can shift quickly during spring break, summer, and long weekends, so confirm details before you go.

## Why You'd Go Here

- You want something active to do in Inlet Beach
- You are planning a family or group outing
- You need a break from a full beach day
- You are building a more complete 30A itinerary

## Bottom Line

The Hub / Big Chill 30A is a useful activity listing for Inlet Beach. It is worth checking when you want your day to include something more planned or interactive."
Fish Out of Water,fish-out-of-water,WaterColor,WaterColor Town Center,restaurants,"Find Fish Out of Water in WaterColor: category, contact info, website, location, and quick notes for WhereTo30A.","Fish Out of Water, WaterColor, WaterColor Town Center, restaurants, 30A",Gulf-view restaurant at WaterColor Inn.,850-534-5050,https://www.dinefish30a.com,https://discover30a.com/30a-dining-locations/watercolor/,"If you're spending time in WaterColor Town Center, WaterColor, Fish Out of Water is a restaurant worth knowing about. Gulf-view restaurant at WaterColor Inn. It fits naturally into a 30A day when you want something close by, easy to plan around, and tied to the feel of WaterColor.

## What It Is

Fish Out of Water is a restaurant located in WaterColor Town Center in WaterColor. It is the kind of place to keep on your list when you are planning where to eat around WaterColor, whether you are coming from the beach, walking through the shopping area, or looking for an easy stop near where you are staying.

## What You'll Find

- Food and drink options for a casual 30A meal
- A convenient location in or near WaterColor Town Center
- A good option to compare with other restaurants in WaterColor
- A stop that works well before or after beach time, shopping, or exploring nearby

## What People Like

People usually look for places like Fish Out of Water because they want an easy meal option that feels connected to the area instead of feeling random or out of the way. The biggest draw is the location, especially if you are already spending time around WaterColor Town Center.

## What to Know

Check the current hours before you go, especially during slower seasons or on holiday weekends. Parking and crowds can vary a lot around WaterColor, so give yourself extra time if you are visiting during lunch, dinner, or peak vacation weeks.

## Why You'd Go Here

- You are looking for a meal near WaterColor Town Center
- You want something convenient while exploring WaterColor
- You are building out a dining list for a beach trip
- You need a practical stop that does not require driving far

## Bottom Line

Fish Out of Water is a useful restaurant listing for anyone planning time in WaterColor. Add it to your WhereTo30A shortlist when convenience, location, and a clear sense of place matter."
The Wine Bar WaterColor,the-wine-bar-watercolor,WaterColor,WaterColor Town Center,bars,"Find The Wine Bar WaterColor in WaterColor: category, contact info, website, location, and quick notes for WhereTo30A.","The Wine Bar WaterColor, WaterColor, WaterColor Town Center, bars, 30A",Wine bar and restaurant in WaterColor.,866-426-2656,https://www.thewinebarfl.com/the-wine-bar-watercolor-on-30a,https://discover30a.com/30a-dining-locations/watercolor/,"If you're spending time in WaterColor Town Center, WaterColor, The Wine Bar WaterColor is a bar or nightlife stop worth knowing about. Wine bar and restaurant in WaterColor. It fits naturally into a 30A day when you want something close by, easy to plan around, and tied to the feel of WaterColor.

## What It Is

The Wine Bar WaterColor is a bar or drinks-focused stop located in WaterColor Town Center in WaterColor. It is the kind of place to consider when your 30A plans shift from beach time into dinner, drinks, or a more social evening.

## What You'll Find

- Beer, wine, cocktails, or casual drinks depending on the venue
- A location that works well around WaterColor Town Center
- A spot to add to an evening itinerary
- A place to pair with dinner, live music, or a walk through the area when available

## What People Like

People are usually drawn to places like The Wine Bar WaterColor for the setting and convenience. Around 30A, the best bar stops are often the ones that are easy to reach, easy to pair with dinner, and relaxed enough to fit the beach-town pace.

## What to Know

Hours, entertainment, and food availability can change by season. Check the current details before you go, especially if you are planning around live music, a late night, or a holiday weekend.

## Why You'd Go Here

- You want drinks near WaterColor Town Center
- You are planning a casual evening in WaterColor
- You need a bar option to pair with dinner nearby
- You are looking for a social stop after beach time

## Bottom Line

The Wine Bar WaterColor is worth saving as a drinks option in WaterColor. It is best used as part of a relaxed evening plan rather than a rushed stop."
The Perfect Pig WaterColor,the-perfect-pig-watercolor,WaterColor,WaterColor Town Center,restaurants,"Find The Perfect Pig WaterColor in WaterColor: category, contact info, website, location, and quick notes for WhereTo30A.","The Perfect Pig WaterColor, WaterColor, WaterColor Town Center, restaurants, 30A",Cafe and gourmet market in WaterColor.,,,https://discover30a.com/30a-dining-locations/watercolor/,"If you're spending time in WaterColor Town Center, WaterColor, The Perfect Pig WaterColor is a restaurant worth knowing about. Cafe and gourmet market in WaterColor. It fits naturally into a 30A day when you want something close by, easy to plan around, and tied to the feel of WaterColor.

## What It Is

The Perfect Pig WaterColor is a restaurant located in WaterColor Town Center in WaterColor. It is the kind of place to keep on your list when you are planning where to eat around WaterColor, whether you are coming from the beach, walking through the shopping area, or looking for an easy stop near where you are staying.

## What You'll Find

- Food and drink options for a casual 30A meal
- A convenient location in or near WaterColor Town Center
- A good option to compare with other restaurants in WaterColor
- A stop that works well before or after beach time, shopping, or exploring nearby

## What People Like

People usually look for places like The Perfect Pig WaterColor because they want an easy meal option that feels connected to the area instead of feeling random or out of the way. The biggest draw is the location, especially if you are already spending time around WaterColor Town Center.

## What to Know

Check the current hours before you go, especially during slower seasons or on holiday weekends. Parking and crowds can vary a lot around WaterColor, so give yourself extra time if you are visiting during lunch, dinner, or peak vacation weeks.

## Why You'd Go Here

- You are looking for a meal near WaterColor Town Center
- You want something convenient while exploring WaterColor
- You are building out a dining list for a beach trip
- You need a practical stop that does not require driving far

## Bottom Line

The Perfect Pig WaterColor is a useful restaurant listing for anyone planning time in WaterColor. Add it to your WhereTo30A shortlist when convenience, location, and a clear sense of place matter."
WaterColor Grill,watercolor-grill,WaterColor,WaterColor Town Center,restaurants,"Find WaterColor Grill in WaterColor: category, contact info, website, location, and quick notes for WhereTo30A.","WaterColor Grill, WaterColor, WaterColor Town Center, restaurants, 30A",Casual poolside-style dining venue in WaterColor Resort.,,https://www.watercolorresort.com/dining,https://discover30a.com/30a-dining-locations/watercolor/,"If you're spending time in WaterColor Town Center, WaterColor, WaterColor Grill is a restaurant worth knowing about. Casual poolside-style dining venue in WaterColor Resort. It fits naturally into a 30A day when you want something close by, easy to plan around, and tied to the feel of WaterColor.

## What It Is

WaterColor Grill is a restaurant located in WaterColor Town Center in WaterColor. It is the kind of place to keep on your list when you are planning where to eat around WaterColor, whether you are coming from the beach, walking through the shopping area, or looking for an easy stop near where you are staying.

## What You'll Find

- Food and drink options for a casual 30A meal
- A convenient location in or near WaterColor Town Center
- A good option to compare with other restaurants in WaterColor
- A stop that works well before or after beach time, shopping, or exploring nearby

## What People Like

People usually look for places like WaterColor Grill because they want an easy meal option that feels connected to the area instead of feeling random or out of the way. The biggest draw is the location, especially if you are already spending time around WaterColor Town Center.

## What to Know

Check the current hours before you go, especially during slower seasons or on holiday weekends. Parking and crowds can vary a lot around WaterColor, so give yourself extra time if you are visiting during lunch, dinner, or peak vacation weeks.

## Why You'd Go Here

- You are looking for a meal near WaterColor Town Center
- You want something convenient while exploring WaterColor
- You are building out a dining list for a beach trip
- You need a practical stop that does not require driving far

## Bottom Line

WaterColor Grill is a useful restaurant listing for anyone planning time in WaterColor. Add it to your WhereTo30A shortlist when convenience, location, and a clear sense of place matter."
Gather Kitchen + Bar,gather-kitchen-bar,WaterColor,WaterColor Town Center,restaurants,"Find Gather Kitchen + Bar in WaterColor: category, contact info, website, location, and quick notes for WhereTo30A.","Gather Kitchen + Bar, WaterColor, WaterColor Town Center, restaurants, 30A",Restaurant and bar at WaterColor Resort.,,https://www.watercolorresort.com/dining,https://discover30a.com/30a-dining-locations/watercolor/,"If you're spending time in WaterColor Town Center, WaterColor, Gather Kitchen + Bar is a restaurant worth knowing about. Restaurant and bar at WaterColor Resort. It fits naturally into a 30A day when you want something close by, easy to plan around, and tied to the feel of WaterColor.

## What It Is

Gather Kitchen + Bar is a restaurant located in WaterColor Town Center in WaterColor. It is the kind of place to keep on your list when you are planning where to eat around WaterColor, whether you are coming from the beach, walking through the shopping area, or looking for an easy stop near where you are staying.

## What You'll Find

- Food and drink options for a casual 30A meal
- A convenient location in or near WaterColor Town Center
- A good option to compare with other restaurants in WaterColor
- A stop that works well before or after beach time, shopping, or exploring nearby

## What People Like

People usually look for places like Gather Kitchen + Bar because they want an easy meal option that feels connected to the area instead of feeling random or out of the way. The biggest draw is the location, especially if you are already spending time around WaterColor Town Center.

## What to Know

Check the current hours before you go, especially during slower seasons or on holiday weekends. Parking and crowds can vary a lot around WaterColor, so give yourself extra time if you are visiting during lunch, dinner, or peak vacation weeks.

## Why You'd Go Here

- You are looking for a meal near WaterColor Town Center
- You want something convenient while exploring WaterColor
- You are building out a dining list for a beach trip
- You need a practical stop that does not require driving far

## Bottom Line

Gather Kitchen + Bar is a useful restaurant listing for anyone planning time in WaterColor. Add it to your WhereTo30A shortlist when convenience, location, and a clear sense of place matter."
WaterColor Store,watercolor-store,WaterColor,WaterColor Town Center,shopping,"Find WaterColor Store in WaterColor: category, contact info, website, location, and quick notes for WhereTo30A.","WaterColor Store, WaterColor, WaterColor Town Center, shopping, 30A","WaterColor logo wear, gifts, and resort retail.",,,https://discover30a.com/30a-dining-locations/watercolor/,"If you're spending time in WaterColor Town Center, WaterColor, WaterColor Store is a shop worth knowing about. WaterColor logo wear, gifts, and resort retail. It fits naturally into a 30A day when you want something close by, easy to plan around, and tied to the feel of WaterColor.

## What It Is

WaterColor Store is a shopping stop located in WaterColor Town Center in WaterColor. It is a good listing to know if you like browsing local boutiques, beach-town retail, home goods, apparel, gifts, or specialty finds while exploring WaterColor.

## What You'll Find

- Retail items that may include apparel, gifts, home goods, accessories, or specialty products
- A storefront in or near WaterColor Town Center
- A browse-worthy stop between meals or beach plans
- A local shopping option to add to a 30A itinerary

## What People Like

People tend to like shops like WaterColor Store because they add character to a beach day. Instead of only planning around restaurants, this gives you somewhere to wander, browse, and find something that feels tied to the area.

## What to Know

Inventory, hours, and seasonal collections can change, so check the shop directly before making a special trip. Parking is easiest when you visit outside peak lunch and dinner windows, especially in busier town centers.

## Why You'd Go Here

- You want to browse local shops in WaterColor
- You are looking for gifts or vacation finds
- You need a break from the beach
- You are exploring WaterColor Town Center on foot

## Bottom Line

WaterColor Store is a good shopping listing for anyone exploring WaterColor. It works well as part of a slower 30A day with time to wander."
Indigo WaterColor,indigo-watercolor,WaterColor,WaterColor Town Center,shopping,"Find Indigo WaterColor in WaterColor: category, contact info, website, location, and quick notes for WhereTo30A.","Indigo WaterColor, WaterColor, WaterColor Town Center, shopping, 30A",Resort wear boutique in WaterColor.,,,https://discover30a.com/30a-dining-locations/watercolor/,"If you're spending time in WaterColor Town Center, WaterColor, Indigo WaterColor is a shop worth knowing about. Resort wear boutique in WaterColor. It fits naturally into a 30A day when you want something close by, easy to plan around, and tied to the feel of WaterColor.

## What It Is

Indigo WaterColor is a shopping stop located in WaterColor Town Center in WaterColor. It is a good listing to know if you like browsing local boutiques, beach-town retail, home goods, apparel, gifts, or specialty finds while exploring WaterColor.

## What You'll Find

- Retail items that may include apparel, gifts, home goods, accessories, or specialty products
- A storefront in or near WaterColor Town Center
- A browse-worthy stop between meals or beach plans
- A local shopping option to add to a 30A itinerary

## What People Like

People tend to like shops like Indigo WaterColor because they add character to a beach day. Instead of only planning around restaurants, this gives you somewhere to wander, browse, and find something that feels tied to the area.

## What to Know

Inventory, hours, and seasonal collections can change, so check the shop directly before making a special trip. Parking is easiest when you visit outside peak lunch and dinner windows, especially in busier town centers.

## Why You'd Go Here

- You want to browse local shops in WaterColor
- You are looking for gifts or vacation finds
- You need a break from the beach
- You are exploring WaterColor Town Center on foot

## Bottom Line

Indigo WaterColor is a good shopping listing for anyone exploring WaterColor. It works well as part of a slower 30A day with time to wander."
Old Florida Outfitters,old-florida-outfitters,WaterColor,WaterColor Town Center,shopping,"Find Old Florida Outfitters in WaterColor: category, contact info, website, location, and quick notes for WhereTo30A.","Old Florida Outfitters, WaterColor, WaterColor Town Center, shopping, 30A","Outdoor, fishing, and beach outfitter in WaterColor.",,,https://discover30a.com/30a-dining-locations/watercolor/,"If you're spending time in WaterColor Town Center, WaterColor, Old Florida Outfitters is a shop worth knowing about. Outdoor, fishing, and beach outfitter in WaterColor. It fits naturally into a 30A day when you want something close by, easy to plan around, and tied to the feel of WaterColor.

## What It Is

Old Florida Outfitters is a shopping stop located in WaterColor Town Center in WaterColor. It is a good listing to know if you like browsing local boutiques, beach-town retail, home goods, apparel, gifts, or specialty finds while exploring WaterColor.

## What You'll Find

- Retail items that may include apparel, gifts, home goods, accessories, or specialty products
- A storefront in or near WaterColor Town Center
- A browse-worthy stop between meals or beach plans
- A local shopping option to add to a 30A itinerary

## What People Like

People tend to like shops like Old Florida Outfitters because they add character to a beach day. Instead of only planning around restaurants, this gives you somewhere to wander, browse, and find something that feels tied to the area.

## What to Know

Inventory, hours, and seasonal collections can change, so check the shop directly before making a special trip. Parking is easiest when you visit outside peak lunch and dinner windows, especially in busier town centers.

## Why You'd Go Here

- You want to browse local shops in WaterColor
- You are looking for gifts or vacation finds
- You need a break from the beach
- You are exploring WaterColor Town Center on foot

## Bottom Line

Old Florida Outfitters is a good shopping listing for anyone exploring WaterColor. It works well as part of a slower 30A day with time to wander."
The BoatHouse Paddle Club,the-boathouse-paddle-club,WaterColor,WaterColor Town Center,activity,"Find The BoatHouse Paddle Club in WaterColor: category, contact info, website, location, and quick notes for WhereTo30A.","The BoatHouse Paddle Club, WaterColor, WaterColor Town Center, activity, 30A","Paddleboard, kayak, and outdoor activities on Western Lake.",,,https://discover30a.com/30a-dining-locations/watercolor/,"If you're spending time in WaterColor Town Center, WaterColor, The BoatHouse Paddle Club is a activity or experience worth knowing about. Paddleboard, kayak, and outdoor activities on Western Lake. It fits naturally into a 30A day when you want something close by, easy to plan around, and tied to the feel of WaterColor.

## What It Is

The BoatHouse Paddle Club is an activity or experience located in WaterColor Town Center in WaterColor. It is a good option to consider when you want to do more than just sit on the beach and are looking for something to build into your WaterColor plans.

## What You'll Find

- An activity, attraction, rental, class, or experience depending on the business
- A location connected to WaterColor Town Center
- A way to add structure to a beach day
- A good option for families, couples, groups, or visitors looking for something local

## What People Like

People tend to like activity-based stops like The BoatHouse Paddle Club because they make a 30A day feel more memorable. These are the kinds of places that help turn a simple beach trip into a fuller itinerary.

## What to Know

Book ahead if the activity depends on reservations, weather, equipment, or staffing. Availability can shift quickly during spring break, summer, and long weekends, so confirm details before you go.

## Why You'd Go Here

- You want something active to do in WaterColor
- You are planning a family or group outing
- You need a break from a full beach day
- You are building a more complete 30A itinerary

## Bottom Line

The BoatHouse Paddle Club is a useful activity listing for WaterColor. It is worth checking when you want your day to include something more planned or interactive."
WaterColor Bike Barn,watercolor-bike-barn,WaterColor,WaterColor Town Center,activity,"Find WaterColor Bike Barn in WaterColor: category, contact info, website, location, and quick notes for WhereTo30A.","WaterColor Bike Barn, WaterColor, WaterColor Town Center, activity, 30A",Bike rental and recreation support in WaterColor.,,,https://discover30a.com/30a-dining-locations/watercolor/,"If you're spending time in WaterColor Town Center, WaterColor, WaterColor Bike Barn is a activity or experience worth knowing about. Bike rental and recreation support in WaterColor. It fits naturally into a 30A day when you want something close by, easy to plan around, and tied to the feel of WaterColor.

## What It Is

WaterColor Bike Barn is an activity or experience located in WaterColor Town Center in WaterColor. It is a good option to consider when you want to do more than just sit on the beach and are looking for something to build into your WaterColor plans.

## What You'll Find

- An activity, attraction, rental, class, or experience depending on the business
- A location connected to WaterColor Town Center
- A way to add structure to a beach day
- A good option for families, couples, groups, or visitors looking for something local

## What People Like

People tend to like activity-based stops like WaterColor Bike Barn because they make a 30A day feel more memorable. These are the kinds of places that help turn a simple beach trip into a fuller itinerary.

## What to Know

Book ahead if the activity depends on reservations, weather, equipment, or staffing. Availability can shift quickly during spring break, summer, and long weekends, so confirm details before you go.

## Why You'd Go Here

- You want something active to do in WaterColor
- You are planning a family or group outing
- You need a break from a full beach day
- You are building a more complete 30A itinerary

## Bottom Line

WaterColor Bike Barn is a useful activity listing for WaterColor. It is worth checking when you want your day to include something more planned or interactive."
Our Little Beach Café,our-little-beach-cafe,Carillon Beach,Downtown Carillon / Market Street,coffee shops,"Find Our Little Beach Café in Carillon Beach: category, contact info, website, location, and quick notes for WhereTo30A.","Our Little Beach Café, Carillon Beach, Downtown Carillon / Market Street, coffee shops, 30A","Family-owned café serving breakfast, lunch, ice cream, desserts, and specialty coffees.",,,https://carillonbeach.com/downtown-carillon/,"If you're spending time in Downtown Carillon / Market Street, Carillon Beach, Our Little Beach Café is a coffee shop worth knowing about. Family-owned café serving breakfast, lunch, ice cream, desserts, and specialty coffees. It fits naturally into a 30A day when you want something close by, easy to plan around, and tied to the feel of Carillon Beach.

## What It Is

Our Little Beach Café is a coffee shop located in Downtown Carillon / Market Street in Carillon Beach. It is a good one to know when you want a morning stop, an afternoon pick-me-up, or a place to anchor a walk through Carillon Beach.

## What You'll Find

- Coffee, tea, or casual drinks depending on the shop
- A convenient stop near Downtown Carillon / Market Street
- A place to begin the morning before the beach or shopping
- A low-key break during a longer 30A day

## What People Like

People tend to like coffee stops like Our Little Beach Café because they make a day in Carillon Beach feel easier. It gives you a natural starting point, especially if you are walking, biking, or meeting someone nearby.

## What to Know

Morning hours are usually the safest bet for coffee shops, but always confirm the current schedule before making a special trip. Lines can build during spring break, summer, and holiday weekends, so earlier is usually better.

## Why You'd Go Here

- You want coffee before heading to the beach
- You are meeting someone in Carillon Beach
- You need an easy stop while exploring Downtown Carillon / Market Street
- You are creating a morning itinerary along 30A

## Bottom Line

Our Little Beach Café is a helpful coffee shop to keep on your Carillon Beach list. It works best as a simple morning stop or an easy pause while exploring nearby."
Paradise Fitness,paradise-fitness,Carillon Beach,Downtown Carillon / Market Street,activity,"Find Paradise Fitness in Carillon Beach: category, contact info, website, location, and quick notes for WhereTo30A.","Paradise Fitness, Carillon Beach, Downtown Carillon / Market Street, activity, 30A",Fitness gym in downtown Carillon Beach.,850-588-7300,https://paradisefitnessgymincarillonbeach.com,https://carillonbeach.com/downtown-carillon/,"If you're spending time in Downtown Carillon / Market Street, Carillon Beach, Paradise Fitness is a activity or experience worth knowing about. Fitness gym in downtown Carillon Beach. It fits naturally into a 30A day when you want something close by, easy to plan around, and tied to the feel of Carillon Beach.

## What It Is

Paradise Fitness is an activity or experience located in Downtown Carillon / Market Street in Carillon Beach. It is a good option to consider when you want to do more than just sit on the beach and are looking for something to build into your Carillon Beach plans.

## What You'll Find

- An activity, attraction, rental, class, or experience depending on the business
- A location connected to Downtown Carillon / Market Street
- A way to add structure to a beach day
- A good option for families, couples, groups, or visitors looking for something local

## What People Like

People tend to like activity-based stops like Paradise Fitness because they make a 30A day feel more memorable. These are the kinds of places that help turn a simple beach trip into a fuller itinerary.

## What to Know

Book ahead if the activity depends on reservations, weather, equipment, or staffing. Availability can shift quickly during spring break, summer, and long weekends, so confirm details before you go.

## Why You'd Go Here

- You want something active to do in Carillon Beach
- You are planning a family or group outing
- You need a break from a full beach day
- You are building a more complete 30A itinerary

## Bottom Line

Paradise Fitness is a useful activity listing for Carillon Beach. It is worth checking when you want your day to include something more planned or interactive."
Salon Baliage & Spa,salon-baliage-and-spa,Carillon Beach,Downtown Carillon / Market Street,services,"Find Salon Baliage & Spa in Carillon Beach: category, contact info, website, location, and quick notes for WhereTo30A.","Salon Baliage & Spa, Carillon Beach, Downtown Carillon / Market Street, services, 30A",Salon and spa in downtown Carillon Beach.,850-235-1985,https://salonbaliage.com,https://carillonbeach.com/downtown-carillon/,"If you're spending time in Downtown Carillon / Market Street, Carillon Beach, Salon Baliage & Spa is a local service worth knowing about. Salon and spa in downtown Carillon Beach. It fits naturally into a 30A day when you want something close by, easy to plan around, and tied to the feel of Carillon Beach.

## What It Is

Salon Baliage & Spa is a local service business located in Downtown Carillon / Market Street in Carillon Beach. It is useful to know about when you need something practical while living in, staying in, or planning around Carillon Beach.

## What You'll Find

- A service-based business serving locals, visitors, or nearby property owners
- A location connected to Downtown Carillon / Market Street
- A practical resource for errands, appointments, planning, or support
- A business to contact directly for current availability and details

## What People Like

People usually look for service businesses like Salon Baliage & Spa when they need something specific and nearby. The value is in convenience, local access, and being able to solve a practical need without leaving the 30A area.

## What to Know

For service businesses, it is best to contact them directly before going. Hours, appointment requirements, pricing, and availability can vary, especially during busy visitor seasons.

## Why You'd Go Here

- You need a local service in or near Carillon Beach
- You are staying nearby and want something convenient
- You are comparing practical resources along 30A
- You want a business located close to Downtown Carillon / Market Street

## Bottom Line

Salon Baliage & Spa is a practical listing to keep in your Carillon Beach directory. It is most useful when you need local access and clear contact information."
The Carillon Beach General Store by Shipwreck Ltd.,the-carillon-beach-general-store-by-shipwreck-ltd,Carillon Beach,Downtown Carillon / Market Street,shopping,"Find The Carillon Beach General Store by Shipwreck Ltd. in Carillon Beach: category, contact info, website, location, and quick notes for WhereTo30A.","The Carillon Beach General Store by Shipwreck Ltd., Carillon Beach, Downtown Carillon / Market Street, shopping, 30A","Beach goods, sun essentials, bike, paddle board, and kayak rentals.",850-233-6750,https://www.shipwreckltd.com,https://carillonbeach.com/downtown-carillon/,"If you're spending time in Downtown Carillon / Market Street, Carillon Beach, The Carillon Beach General Store by Shipwreck Ltd. is a shop worth knowing about. Beach goods, sun essentials, bike, paddle board, and kayak rentals. It fits naturally into a 30A day when you want something close by, easy to plan around, and tied to the feel of Carillon Beach.

## What It Is

The Carillon Beach General Store by Shipwreck Ltd. is a shopping stop located in Downtown Carillon / Market Street in Carillon Beach. It is a good listing to know if you like browsing local boutiques, beach-town retail, home goods, apparel, gifts, or specialty finds while exploring Carillon Beach.

## What You'll Find

- Retail items that may include apparel, gifts, home goods, accessories, or specialty products
- A storefront in or near Downtown Carillon / Market Street
- A browse-worthy stop between meals or beach plans
- A local shopping option to add to a 30A itinerary

## What People Like

People tend to like shops like The Carillon Beach General Store by Shipwreck Ltd. because they add character to a beach day. Instead of only planning around restaurants, this gives you somewhere to wander, browse, and find something that feels tied to the area.

## What to Know

Inventory, hours, and seasonal collections can change, so check the shop directly before making a special trip. Parking is easiest when you visit outside peak lunch and dinner windows, especially in busier town centers.

## Why You'd Go Here

- You want to browse local shops in Carillon Beach
- You are looking for gifts or vacation finds
- You need a break from the beach
- You are exploring Downtown Carillon / Market Street on foot

## Bottom Line

The Carillon Beach General Store by Shipwreck Ltd. is a good shopping listing for anyone exploring Carillon Beach. It works well as part of a slower 30A day with time to wander."
Salty Bottle & Brew,salty-bottle-and-brew,Carillon Beach,Downtown Carillon / Market Street,coffee shops,"Find Salty Bottle & Brew in Carillon Beach: category, contact info, website, location, and quick notes for WhereTo30A.","Salty Bottle & Brew, Carillon Beach, Downtown Carillon / Market Street, coffee shops, 30A","Coffee, breakfast, wine, and tasting events by Lake Powell.",850-230-9500,https://thesaltybottle.com,https://carillonbeach.com/downtown-carillon/,"If you're spending time in Downtown Carillon / Market Street, Carillon Beach, Salty Bottle & Brew is a coffee shop worth knowing about. Coffee, breakfast, wine, and tasting events by Lake Powell. It fits naturally into a 30A day when you want something close by, easy to plan around, and tied to the feel of Carillon Beach.

## What It Is

Salty Bottle & Brew is a coffee shop located in Downtown Carillon / Market Street in Carillon Beach. It is a good one to know when you want a morning stop, an afternoon pick-me-up, or a place to anchor a walk through Carillon Beach.

## What You'll Find

- Coffee, tea, or casual drinks depending on the shop
- A convenient stop near Downtown Carillon / Market Street
- A place to begin the morning before the beach or shopping
- A low-key break during a longer 30A day

## What People Like

People tend to like coffee stops like Salty Bottle & Brew because they make a day in Carillon Beach feel easier. It gives you a natural starting point, especially if you are walking, biking, or meeting someone nearby.

## What to Know

Morning hours are usually the safest bet for coffee shops, but always confirm the current schedule before making a special trip. Lines can build during spring break, summer, and holiday weekends, so earlier is usually better.

## Why You'd Go Here

- You want coffee before heading to the beach
- You are meeting someone in Carillon Beach
- You need an easy stop while exploring Downtown Carillon / Market Street
- You are creating a morning itinerary along 30A

## Bottom Line

Salty Bottle & Brew is a helpful coffee shop to keep on your Carillon Beach list. It works best as a simple morning stop or an easy pause while exploring nearby."
Disco Pizza Bar,disco-pizza-bar,Carillon Beach,Downtown Carillon / Market Street,restaurants,"Find Disco Pizza Bar in Carillon Beach: category, contact info, website, location, and quick notes for WhereTo30A.","Disco Pizza Bar, Carillon Beach, Downtown Carillon / Market Street, restaurants, 30A",Pizza bar listed as coming soon in Downtown Carillon.,,,https://carillonbeach.com/downtown-carillon/,"If you're spending time in Downtown Carillon / Market Street, Carillon Beach, Disco Pizza Bar is a restaurant worth knowing about. Pizza bar listed as coming soon in Downtown Carillon. It fits naturally into a 30A day when you want something close by, easy to plan around, and tied to the feel of Carillon Beach.

## What It Is

Disco Pizza Bar is a restaurant located in Downtown Carillon / Market Street in Carillon Beach. It is the kind of place to keep on your list when you are planning where to eat around Carillon Beach, whether you are coming from the beach, walking through the shopping area, or looking for an easy stop near where you are staying.

## What You'll Find

- Food and drink options for a casual 30A meal
- A convenient location in or near Downtown Carillon / Market Street
- A good option to compare with other restaurants in Carillon Beach
- A stop that works well before or after beach time, shopping, or exploring nearby

## What People Like

People usually look for places like Disco Pizza Bar because they want an easy meal option that feels connected to the area instead of feeling random or out of the way. The biggest draw is the location, especially if you are already spending time around Downtown Carillon / Market Street.

## What to Know

Check the current hours before you go, especially during slower seasons or on holiday weekends. Parking and crowds can vary a lot around Carillon Beach, so give yourself extra time if you are visiting during lunch, dinner, or peak vacation weeks.

## Why You'd Go Here

- You are looking for a meal near Downtown Carillon / Market Street
- You want something convenient while exploring Carillon Beach
- You are building out a dining list for a beach trip
- You need a practical stop that does not require driving far

## Bottom Line

Disco Pizza Bar is a useful restaurant listing for anyone planning time in Carillon Beach. Add it to your WhereTo30A shortlist when convenience, location, and a clear sense of place matter."
Basmati’s Asian Cuisine Santa Rosa Beach,basmatis-asian-cuisine-santa-rosa-beach,Santa Rosa Beach,Santa Rosa Beach / Greater 30A,restaurants,"Find Basmati’s Asian Cuisine Santa Rosa Beach in Santa Rosa Beach: category, contact info, website, location, and quick notes for WhereTo30A.","Basmati’s Asian Cuisine Santa Rosa Beach, Santa Rosa Beach, Santa Rosa Beach / Greater 30A, restaurants, 30A",Asian fusion dining on 30A.,850-267-3028,,https://www.visitsouthwalton.com/,"If you're spending time in Santa Rosa Beach / Greater 30A, Santa Rosa Beach, Basmati’s Asian Cuisine Santa Rosa Beach is a restaurant worth knowing about. Asian fusion dining on 30A. It fits naturally into a 30A day when you want something close by, easy to plan around, and tied to the feel of Santa Rosa Beach.

## What It Is

Basmati’s Asian Cuisine Santa Rosa Beach is a restaurant located in Santa Rosa Beach / Greater 30A in Santa Rosa Beach. It is the kind of place to keep on your list when you are planning where to eat around Santa Rosa Beach, whether you are coming from the beach, walking through the shopping area, or looking for an easy stop near where you are staying.

## What You'll Find

- Food and drink options for a casual 30A meal
- A convenient location in or near Santa Rosa Beach / Greater 30A
- A good option to compare with other restaurants in Santa Rosa Beach
- A stop that works well before or after beach time, shopping, or exploring nearby

## What People Like

People usually look for places like Basmati’s Asian Cuisine Santa Rosa Beach because they want an easy meal option that feels connected to the area instead of feeling random or out of the way. The biggest draw is the location, especially if you are already spending time around Santa Rosa Beach / Greater 30A.

## What to Know

Check the current hours before you go, especially during slower seasons or on holiday weekends. Parking and crowds can vary a lot around Santa Rosa Beach, so give yourself extra time if you are visiting during lunch, dinner, or peak vacation weeks.

## Why You'd Go Here

- You are looking for a meal near Santa Rosa Beach / Greater 30A
- You want something convenient while exploring Santa Rosa Beach
- You are building out a dining list for a beach trip
- You need a practical stop that does not require driving far

## Bottom Line

Basmati’s Asian Cuisine Santa Rosa Beach is a useful restaurant listing for anyone planning time in Santa Rosa Beach. Add it to your WhereTo30A shortlist when convenience, location, and a clear sense of place matter."
Papa Surf Burger Bar,papa-surf-burger-bar,Santa Rosa Beach,Santa Rosa Beach / Greater 30A,restaurants,"Find Papa Surf Burger Bar in Santa Rosa Beach: category, contact info, website, location, and quick notes for WhereTo30A.","Papa Surf Burger Bar, Santa Rosa Beach, Santa Rosa Beach / Greater 30A, restaurants, 30A",Burger restaurant in Santa Rosa Beach.,,,https://www.visitsouthwalton.com/,"If you're spending time in Santa Rosa Beach / Greater 30A, Santa Rosa Beach, Papa Surf Burger Bar is a restaurant worth knowing about. Burger restaurant in Santa Rosa Beach. It fits naturally into a 30A day when you want something close by, easy to plan around, and tied to the feel of Santa Rosa Beach.

## What It Is

Papa Surf Burger Bar is a restaurant located in Santa Rosa Beach / Greater 30A in Santa Rosa Beach. It is the kind of place to keep on your list when you are planning where to eat around Santa Rosa Beach, whether you are coming from the beach, walking through the shopping area, or looking for an easy stop near where you are staying.

## What You'll Find

- Food and drink options for a casual 30A meal
- A convenient location in or near Santa Rosa Beach / Greater 30A
- A good option to compare with other restaurants in Santa Rosa Beach
- A stop that works well before or after beach time, shopping, or exploring nearby

## What People Like

People usually look for places like Papa Surf Burger Bar because they want an easy meal option that feels connected to the area instead of feeling random or out of the way. The biggest draw is the location, especially if you are already spending time around Santa Rosa Beach / Greater 30A.

## What to Know

Check the current hours before you go, especially during slower seasons or on holiday weekends. Parking and crowds can vary a lot around Santa Rosa Beach, so give yourself extra time if you are visiting during lunch, dinner, or peak vacation weeks.

## Why You'd Go Here

- You are looking for a meal near Santa Rosa Beach / Greater 30A
- You want something convenient while exploring Santa Rosa Beach
- You are building out a dining list for a beach trip
- You need a practical stop that does not require driving far

## Bottom Line

Papa Surf Burger Bar is a useful restaurant listing for anyone planning time in Santa Rosa Beach. Add it to your WhereTo30A shortlist when convenience, location, and a clear sense of place matter."
Roux 30A,roux-30a,Santa Rosa Beach,Santa Rosa Beach / Greater 30A,restaurants,"Find Roux 30A in Santa Rosa Beach: category, contact info, website, location, and quick notes for WhereTo30A.","Roux 30A, Santa Rosa Beach, Santa Rosa Beach / Greater 30A, restaurants, 30A",Private dining and chef-driven restaurant in Santa Rosa Beach.,,,https://www.visitsouthwalton.com/,"If you're spending time in Santa Rosa Beach / Greater 30A, Santa Rosa Beach, Roux 30A is a restaurant worth knowing about. Private dining and chef-driven restaurant in Santa Rosa Beach. It fits naturally into a 30A day when you want something close by, easy to plan around, and tied to the feel of Santa Rosa Beach.

## What It Is

Roux 30A is a restaurant located in Santa Rosa Beach / Greater 30A in Santa Rosa Beach. It is the kind of place to keep on your list when you are planning where to eat around Santa Rosa Beach, whether you are coming from the beach, walking through the shopping area, or looking for an easy stop near where you are staying.

## What You'll Find

- Food and drink options for a casual 30A meal
- A convenient location in or near Santa Rosa Beach / Greater 30A
- A good option to compare with other restaurants in Santa Rosa Beach
- A stop that works well before or after beach time, shopping, or exploring nearby

## What People Like

People usually look for places like Roux 30A because they want an easy meal option that feels connected to the area instead of feeling random or out of the way. The biggest draw is the location, especially if you are already spending time around Santa Rosa Beach / Greater 30A.

## What to Know

Check the current hours before you go, especially during slower seasons or on holiday weekends. Parking and crowds can vary a lot around Santa Rosa Beach, so give yourself extra time if you are visiting during lunch, dinner, or peak vacation weeks.

## Why You'd Go Here

- You are looking for a meal near Santa Rosa Beach / Greater 30A
- You want something convenient while exploring Santa Rosa Beach
- You are building out a dining list for a beach trip
- You need a practical stop that does not require driving far

## Bottom Line

Roux 30A is a useful restaurant listing for anyone planning time in Santa Rosa Beach. Add it to your WhereTo30A shortlist when convenience, location, and a clear sense of place matter."
North Beach Social,north-beach-social,Santa Rosa Beach,Santa Rosa Beach / Greater 30A,restaurants,"Find North Beach Social in Santa Rosa Beach: category, contact info, website, location, and quick notes for WhereTo30A.","North Beach Social, Santa Rosa Beach, Santa Rosa Beach / Greater 30A, restaurants, 30A",Bayfront casual dining in Santa Rosa Beach.,,,https://www.visitsouthwalton.com/,"If you're spending time in Santa Rosa Beach / Greater 30A, Santa Rosa Beach, North Beach Social is a restaurant worth knowing about. Bayfront casual dining in Santa Rosa Beach. It fits naturally into a 30A day when you want something close by, easy to plan around, and tied to the feel of Santa Rosa Beach.

## What It Is

North Beach Social is a restaurant located in Santa Rosa Beach / Greater 30A in Santa Rosa Beach. It is the kind of place to keep on your list when you are planning where to eat around Santa Rosa Beach, whether you are coming from the beach, walking through the shopping area, or looking for an easy stop near where you are staying.

## What You'll Find

- Food and drink options for a casual 30A meal
- A convenient location in or near Santa Rosa Beach / Greater 30A
- A good option to compare with other restaurants in Santa Rosa Beach
- A stop that works well before or after beach time, shopping, or exploring nearby

## What People Like

People usually look for places like North Beach Social because they want an easy meal option that feels connected to the area instead of feeling random or out of the way. The biggest draw is the location, especially if you are already spending time around Santa Rosa Beach / Greater 30A.

## What to Know

Check the current hours before you go, especially during slower seasons or on holiday weekends. Parking and crowds can vary a lot around Santa Rosa Beach, so give yourself extra time if you are visiting during lunch, dinner, or peak vacation weeks.

## Why You'd Go Here

- You are looking for a meal near Santa Rosa Beach / Greater 30A
- You want something convenient while exploring Santa Rosa Beach
- You are building out a dining list for a beach trip
- You need a practical stop that does not require driving far

## Bottom Line

North Beach Social is a useful restaurant listing for anyone planning time in Santa Rosa Beach. Add it to your WhereTo30A shortlist when convenience, location, and a clear sense of place matter."
Farm & Fire Southern Pizzeria,farm-and-fire-southern-pizzeria,Santa Rosa Beach,Santa Rosa Beach / Greater 30A,restaurants,"Find Farm & Fire Southern Pizzeria in Santa Rosa Beach: category, contact info, website, location, and quick notes for WhereTo30A.","Farm & Fire Southern Pizzeria, Santa Rosa Beach, Santa Rosa Beach / Greater 30A, restaurants, 30A",Pizzeria and restaurant at North Beach Social complex.,,,https://www.visitsouthwalton.com/,"If you're spending time in Santa Rosa Beach / Greater 30A, Santa Rosa Beach, Farm & Fire Southern Pizzeria is a restaurant worth knowing about. Pizzeria and restaurant at North Beach Social complex. It fits naturally into a 30A day when you want something close by, easy to plan around, and tied to the feel of Santa Rosa Beach.

## What It Is

Farm & Fire Southern Pizzeria is a restaurant located in Santa Rosa Beach / Greater 30A in Santa Rosa Beach. It is the kind of place to keep on your list when you are planning where to eat around Santa Rosa Beach, whether you are coming from the beach, walking through the shopping area, or looking for an easy stop near where you are staying.

## What You'll Find

- Food and drink options for a casual 30A meal
- A convenient location in or near Santa Rosa Beach / Greater 30A
- A good option to compare with other restaurants in Santa Rosa Beach
- A stop that works well before or after beach time, shopping, or exploring nearby

## What People Like

People usually look for places like Farm & Fire Southern Pizzeria because they want an easy meal option that feels connected to the area instead of feeling random or out of the way. The biggest draw is the location, especially if you are already spending time around Santa Rosa Beach / Greater 30A.

## What to Know

Check the current hours before you go, especially during slower seasons or on holiday weekends. Parking and crowds can vary a lot around Santa Rosa Beach, so give yourself extra time if you are visiting during lunch, dinner, or peak vacation weeks.

## Why You'd Go Here

- You are looking for a meal near Santa Rosa Beach / Greater 30A
- You want something convenient while exploring Santa Rosa Beach
- You are building out a dining list for a beach trip
- You need a practical stop that does not require driving far

## Bottom Line

Farm & Fire Southern Pizzeria is a useful restaurant listing for anyone planning time in Santa Rosa Beach. Add it to your WhereTo30A shortlist when convenience, location, and a clear sense of place matter."
Black Bear Bread Co. Grand Boulevard,black-bear-bread-co-grand-boulevard,Santa Rosa Beach,Santa Rosa Beach / Greater 30A,coffee shops,"Find Black Bear Bread Co. Grand Boulevard in Santa Rosa Beach: category, contact info, website, location, and quick notes for WhereTo30A.","Black Bear Bread Co. Grand Boulevard, Santa Rosa Beach, Santa Rosa Beach / Greater 30A, coffee shops, 30A","Bakery, coffee, and cafe at Grand Boulevard area.",,https://blackbearbreadco.com,https://www.visitsouthwalton.com/,"If you're spending time in Santa Rosa Beach / Greater 30A, Santa Rosa Beach, Black Bear Bread Co. Grand Boulevard is a coffee shop worth knowing about. Bakery, coffee, and cafe at Grand Boulevard area. It fits naturally into a 30A day when you want something close by, easy to plan around, and tied to the feel of Santa Rosa Beach.

## What It Is

Black Bear Bread Co. Grand Boulevard is a coffee shop located in Santa Rosa Beach / Greater 30A in Santa Rosa Beach. It is a good one to know when you want a morning stop, an afternoon pick-me-up, or a place to anchor a walk through Santa Rosa Beach.

## What You'll Find

- Coffee, tea, or casual drinks depending on the shop
- A convenient stop near Santa Rosa Beach / Greater 30A
- A place to begin the morning before the beach or shopping
- A low-key break during a longer 30A day

## What People Like

People tend to like coffee stops like Black Bear Bread Co. Grand Boulevard because they make a day in Santa Rosa Beach feel easier. It gives you a natural starting point, especially if you are walking, biking, or meeting someone nearby.

## What to Know

Morning hours are usually the safest bet for coffee shops, but always confirm the current schedule before making a special trip. Lines can build during spring break, summer, and holiday weekends, so earlier is usually better.

## Why You'd Go Here

- You want coffee before heading to the beach
- You are meeting someone in Santa Rosa Beach
- You need an easy stop while exploring Santa Rosa Beach / Greater 30A
- You are creating a morning itinerary along 30A

## Bottom Line

Black Bear Bread Co. Grand Boulevard is a helpful coffee shop to keep on your Santa Rosa Beach list. It works best as a simple morning stop or an easy pause while exploring nearby."
Point Washington Preserve / Eden Gardens area services,point-washington-preserve-eden-gardens-area-services,Santa Rosa Beach,Santa Rosa Beach / Greater 30A,activity,"Find Point Washington Preserve / Eden Gardens area services in Santa Rosa Beach: category, contact info, website, location, and quick notes for WhereTo30A.","Point Washington Preserve / Eden Gardens area services, Santa Rosa Beach, Santa Rosa Beach / Greater 30A, activity, 30A",Outdoor activity and nearby local services anchor for Santa Rosa Beach.,,,https://www.visitsouthwalton.com/,"If you're spending time in Santa Rosa Beach / Greater 30A, Santa Rosa Beach, Point Washington Preserve / Eden Gardens area services is a activity or experience worth knowing about. Outdoor activity and nearby local services anchor for Santa Rosa Beach. It fits naturally into a 30A day when you want something close by, easy to plan around, and tied to the feel of Santa Rosa Beach.

## What It Is

Point Washington Preserve / Eden Gardens area services is an activity or experience located in Santa Rosa Beach / Greater 30A in Santa Rosa Beach. It is a good option to consider when you want to do more than just sit on the beach and are looking for something to build into your Santa Rosa Beach plans.

## What You'll Find

- An activity, attraction, rental, class, or experience depending on the business
- A location connected to Santa Rosa Beach / Greater 30A
- A way to add structure to a beach day
- A good option for families, couples, groups, or visitors looking for something local

## What People Like

People tend to like activity-based stops like Point Washington Preserve / Eden Gardens area services because they make a 30A day feel more memorable. These are the kinds of places that help turn a simple beach trip into a fuller itinerary.

## What to Know

Book ahead if the activity depends on reservations, weather, equipment, or staffing. Availability can shift quickly during spring break, summer, and long weekends, so confirm details before you go.

## Why You'd Go Here

- You want something active to do in Santa Rosa Beach
- You are planning a family or group outing
- You need a break from a full beach day
- You are building a more complete 30A itinerary

## Bottom Line

Point Washington Preserve / Eden Gardens area services is a useful activity listing for Santa Rosa Beach. It is worth checking when you want your day to include something more planned or interactive."
